Workbook

Sheet PJ_Casino
A1: Lieu : | B1: PERS-JUSSY_Giratoire de Casino | M1: Date : | N1: mardi 6 juin 2023
A2: Nom des personnes participant au comptage : | G2: Françoise SAGE
A3: Météo : | C3: Excellente (grand soleil)
A5: Remarques : | C5: 2 vélos venant de Pers-Jussy sont allés direction le chemin du Château de Magny Egalement compté 2 piétons | P5: Méthodologie : | R5: Pour chaque intervalle de temps, marquer une seule croix par personne comptée. Si c'est enfant, remplacer la croix par E, une trottinette T, un piéton P, etc.
C7: Depuis 'La Roche' | P7: Depuis 'Pers-Jussy'
C8: vers 'Reignier' | G8: vers 'Casino' | K8: vers 'Pers-Jussy' | P8: vers 'La Roche' | T8: vers 'Reignier' | X8: vers 'Casino'
C9: H | E9: F | G9: H | I9: F | K9: H | M9: F | P9: H | R9: F | T9: H | V9: F | X9: H | Z9: F
A10: Heure | B10: Minute | C10: VAE | D10: vélo | E10: VAE | F10: vélo | G10: VAE | H10: vélo | I10: VAE | J10: vélo | K10: VAE | L10: vélo | M10: VAE | N10: vélo | P10: VAE | Q10: vélo | R10: VAE | S10: vélo | T10: VAE | U10: vélo | V10: VAE | W10: vélo | X10: VAE | Y10: vélo | Z10: VAE | AA10: vélo
A11: 6 | B11: 30 – 44'59
B12: 45 – 59'59
A13: 7 | B13: 00 – 14'59 | D13: 2
B14: 15 – 29'59 | C14: 1 | D14: 1 | E14: 2 | T14: 1 | V14: 1
B15: 30 – 44'59 | C15: 1 | D15: 1 | V15: 1
B16: 45 – 59'59 | D16: 1 | E16: 1 | F16: 2 | W16: 1 | AA16: 1
A17: 8 | B17: 00 – 14'59 | D17: 1 | E17: 1
B18: 15 – 29'59 | U18: 1
B19: 30 – 44'59 | E19: 1 | W19: 1
B20: 45 – 59'59 | U20: 1
A21: 9 | B21: 00 – 14'59
B22: 15 – 29'59
A24: Remarques : | C24: 1 vélo allant à Casino est venu du chemin du Château de Magny Egalement compté 2 piétons
C26: Depuis 'Reignier' | P26: Depuis 'Casino'
C27: vers 'Casino' | G27: vers 'Pers-Jussy' | K27: vers 'La Roche' | P27: vers 'Pers-Jussy' | T27: vers 'La Roche' | X27: vers 'Reignier'
C28: H | E28: F | G28: H | I28: F | K28: H | M28: F | P28: H | R28: F | T28: H | V28: F | X28: H | Z28: F
A29: Heure | B29: Minute | C29: VAE | D29: vélo | E29: VAE | F29: vélo | G29: VAE | H29: vélo | I29: VAE | J29: vélo | K29: VAE | L29: vélo | M29: VAE | N29: vélo | P29: VAE | Q29: vélo | R29: VAE | S29: vélo | T29: VAE | U29: vélo | V29: VAE | W29: vélo | X29: VAE | Y29: vélo | Z29: VAE | AA29: vélo
A30: 6 | B30: 30 – 44'59
B31: 45 – 59'59
A32: 7 | B32: 00 – 14'59
B33: 15 – 29'59
B34: 30 – 44'59
B35: 45 – 59'59
A36: 8 | B36: 00 – 14'59
B37: 15 – 29'59 | G37: 1 | I37: 1
B38: 30 – 44'59
B39: 45 – 59'59 | D39: 1 | L39: 1
A40: 9 | B40: 00 – 14'59
B41: 15 – 29'59
C44: =C7 -> Depuis 'La Roche' | P44: =P7 -> Depuis 'Pers-Jussy' | AD44: TOTAL | AE44: Part des VAE dans le total | AF44: Part des femmes dans le total | AG44: Part des VAE chez les femmes | AH44: Part en direction de Reignier | AI44: Part en provenance de Reignier | AJ44: Part en provenance d'Esery | AK44: Remarques
C45: =C8 -> vers 'Reignier' | G45: =G8 -> vers 'Casino' | K45: =K8 -> vers 'Pers-Jussy' | P45: =P8 -> vers 'La Roche' | T45: =T8 -> vers 'Reignier' | X45: =X8 -> vers 'Casino'
C46: H | E46: F | G46: H | I46: F | K46: H | M46: F | P46: H | R46: F | T46: H | V46: F | X46: H | Z46: F
A47: Période | C47: VAE | D47: vélo | E47: VAE | F47: vélo | G47: VAE | H47: vélo | I47: VAE | J47: vélo | K47: VAE | L47: vélo | M47: VAE | N47: vélo | P47: VAE | Q47: vélo | R47: VAE | S47: vélo | T47: VAE | U47: vélo | V47: VAE | W47: vélo | X47: VAE | Y47: vélo | Z47: VAE | AA47: vélo | AB47: Période
A48: de 6:30 à 7:30 | C48: =SUM(C11:C14) -> 1 | D48: =SUM(D11:D14) -> 3 | E48: =SUM(E11:E14) -> 2 | F48: =SUM(F11:F14) -> 0 | G48: =SUM(G11:G14) -> 0 | H48: =SUM(H11:H14) -> 0 | I48: =SUM(I11:I14) -> 0 | J48: =SUM(J11:J14) -> 0 | ... N48: =SUM(N11:N14) -> 0 | P48: =SUM(P11:P14) -> 0 | Q48: =SUM(Q11:Q14) -> 0 | R48: =SUM(R11:R14) -> 0 | S48: =SUM(S11:S14) -> 0 | T48: =SUM(T11:T14) -> 1 | U48: =SUM(U11:U14) -> 0 | V48: =SUM(V11:V14) -> 1 | W48: =SUM(W11:W14) -> 0 | ... AA48: =SUM(AA11:AA14) -> 0 | AB48: de 6:30 à 7:30 | AD48: =SUM(C48:AA48)+SUM(C60:AA60) -> 8 | AE48: =IF(AD48=0,0,AE60/AD48) -> 0.625 | AF48: =IF(AD48=0,0,AF60/AD48) -> 0.375 | AG48: =IF(AF60=0,0,AG60/AF60) -> 1 | AH48: =IF(AD48=0,0,AH60/AD48) -> 1 | AI48: =IF(AD48=0,0,AI60/AD48) -> 0.25 | AJ48: =IF(AD48=0,0,AJ60/AD48) -> 0.75
A49: de 7:00 à 8:00 | C49: =SUM(C13:C16) -> 2 | D49: =SUM(D13:D16) -> 5 | E49: =SUM(E13:E16) -> 3 | F49: =SUM(F13:F16) -> 2 | G49: =SUM(G13:G16) -> 0 | H49: =SUM(H13:H16) -> 0 | I49: =SUM(I13:I16) -> 0 | J49: =SUM(J13:J16) -> 0 | ... N49: =SUM(N13:N16) -> 0 | P49: =SUM(P13:P16) -> 0 | Q49: =SUM(Q13:Q16) -> 0 | R49: =SUM(R13:R16) -> 0 | S49: =SUM(S13:S16) -> 0 | T49: =SUM(T13:T16) -> 1 | U49: =SUM(U13:U16) -> 0 | V49: =SUM(V13:V16) -> 2 | W49: =SUM(W13:W16) -> 1 | ... AA49: =SUM(AA13:AA16) -> 1 | AB49: de 7:00 à 8:00 | AD49: =SUM(C49:AA49)+SUM(C61:AA61) -> 17 | AE49: =IF(AD49=0,0,AE61/AD49) -> 0.47058824 | AF49: =IF(AD49=0,0,AF61/AD49) -> 0.52941176 | AG49: =IF(AF61=0,0,AG61/AF61) -> 0.55555556 | AH49: =IF(AD49=0,0,AH61/AD49) -> 0.94117647 | AI49: =IF(AD49=0,0,AI61/AD49) -> 0.29411765 | AJ49: =IF(AD49=0,0,AJ61/AD49) -> 0.70588235
A50: de 7:30 à 8:30 | C50: =SUM(C15:C18) -> 1 | D50: =SUM(D15:D18) -> 3 | E50: =SUM(E15:E18) -> 2 | F50: =SUM(F15:F18) -> 2 | G50: =SUM(G15:G18) -> 0 | H50: =SUM(H15:H18) -> 0 | I50: =SUM(I15:I18) -> 0 | J50: =SUM(J15:J18) -> 0 | ... N50: =SUM(N15:N18) -> 0 | P50: =SUM(P15:P18) -> 0 | Q50: =SUM(Q15:Q18) -> 0 | R50: =SUM(R15:R18) -> 0 | S50: =SUM(S15:S18) -> 0 | T50: =SUM(T15:T18) -> 0 | U50: =SUM(U15:U18) -> 1 | V50: =SUM(V15:V18) -> 1 | W50: =SUM(W15:W18) -> 1 | ... AA50: =SUM(AA15:AA18) -> 1 | AB50: de 7:30 à 8:30 | AD50: =SUM(C50:AA50)+SUM(C62:AA62) -> 14 | AE50: =IF(AD50=0,0,AE62/AD50) -> 0.42857143 | AF50: =IF(AD50=0,0,AF62/AD50) -> 0.57142857 | AG50: =IF(AF62=0,0,AG62/AF62) -> 0.5 | AH50: =IF(AD50=0,0,AH62/AD50) -> 0.78571429 | AI50: =IF(AD50=0,0,AI62/AD50) -> 0.28571429 | AJ50: =IF(AD50=0,0,AJ62/AD50) -> 0.57142857
A51: de 8:00 à 9:00 | C51: =SUM(C17:C20) -> 0 | D51: =SUM(D17:D20) -> 1 | E51: =SUM(E17:E20) -> 2 | F51: =SUM(F17:F20) -> 0 | G51: =SUM(G17:G20) -> 0 | H51: =SUM(H17:H20) -> 0 | I51: =SUM(I17:I20) -> 0 | J51: =SUM(J17:J20) -> 0 | ... N51: =SUM(N17:N20) -> 0 | P51: =SUM(P17:P20) -> 0 | Q51: =SUM(Q17:Q20) -> 0 | R51: =SUM(R17:R20) -> 0 | S51: =SUM(S17:S20) -> 0 | T51: =SUM(T17:T20) -> 0 | U51: =SUM(U17:U20) -> 2 | V51: =SUM(V17:V20) -> 0 | W51: =SUM(W17:W20) -> 1 | ... AA51: =SUM(AA17:AA20) -> 0 | AB51: de 8:00 à 9:00 | AD51: =SUM(C51:AA51)+SUM(C63:AA63) -> 10 | AE51: =IF(AD51=0,0,AE63/AD51) -> 0.4 | AF51: =IF(AD51=0,0,AF63/AD51) -> 0.4 | AG51: =IF(AF63=0,0,AG63/AF63) -> 0.75 | AH51: =IF(AD51=0,0,AH63/AD51) -> 0.6 | AI51: =IF(AD51=0,0,AI63/AD51) -> 0.3 | AJ51: =IF(AD51=0,0,AJ63/AD51) -> 0.3
A52: de 8:30 à 9:30 | C52: =SUM(C19:C22) -> 0 | D52: =SUM(D19:D22) -> 0 | E52: =SUM(E19:E22) -> 1 | F52: =SUM(F19:F22) -> 0 | G52: =SUM(G19:G22) -> 0 | H52: =SUM(H19:H22) -> 0 | I52: =SUM(I19:I22) -> 0 | J52: =SUM(J19:J22) -> 0 | ... N52: =SUM(N19:N22) -> 0 | P52: =SUM(P19:P22) -> 0 | Q52: =SUM(Q19:Q22) -> 0 | R52: =SUM(R19:R22) -> 0 | S52: =SUM(S19:S22) -> 0 | T52: =SUM(T19:T22) -> 0 | U52: =SUM(U19:U22) -> 1 | V52: =SUM(V19:V22) -> 0 | W52: =SUM(W19:W22) -> 1 | ... AA52: =SUM(AA19:AA22) -> 0 | AB52: de 8:30 à 9:30 | AD52: =SUM(C52:AA52)+SUM(C64:AA64) -> 5 | AE52: =IF(AD52=0,0,AE64/AD52) -> 0.2 | AF52: =IF(AD52=0,0,AF64/AD52) -> 0.4 | AG52: =IF(AF64=0,0,AG64/AF64) -> 0.5 | AH52: =IF(AD52=0,0,AH64/AD52) -> 0.6 | AI52: =IF(AD52=0,0,AI64/AD52) -> 0.4 | AJ52: =IF(AD52=0,0,AJ64/AD52) -> 0.2
A53: TOTAL | C53: =SUM(C11:C22) -> 2 | D53: =SUM(D11:D22) -> 6 | E53: =SUM(E11:E22) -> 5 | F53: =SUM(F11:F22) -> 2 | G53: =SUM(G11:G22) -> 0 | H53: =SUM(H11:H22) -> 0 | I53: =SUM(I11:I22) -> 0 | J53: =SUM(J11:J22) -> 0 | ... N53: =SUM(N11:N22) -> 0 | P53: =SUM(P11:P22) -> 0 | Q53: =SUM(Q11:Q22) -> 0 | R53: =SUM(R11:R22) -> 0 | S53: =SUM(S11:S22) -> 0 | T53: =SUM(T11:T22) -> 1 | U53: =SUM(U11:U22) -> 2 | V53: =SUM(V11:V22) -> 2 | W53: =SUM(W11:W22) -> 2 | ... AA53: =SUM(AA11:AA22) -> 1 | AB53: TOTAL | AD53: =SUM(C53:AA53)+SUM(C65:AA65) -> 27 | AE53: =IF(AD53=0,0,AE65/AD53) -> 0.44444444 | AF53: =IF(AD53=0,0,AF65/AD53) -> 0.48148148 | AG53: =IF(AF65=0,0,AG65/AF65) -> 0.61538462 | AH53: =IF(AD53=0,0,AH65/AD53) -> 0.81481481 | AI53: =IF(AD53=0,0,AI65/AD53) -> 0.2962963 | AJ53: =IF(AD53=0,0,AJ65/AD53) -> 0.55555556
A54: =IF($AD$48=MAX($AD$48:$AD$52),A48,IF($AD$49=MAX($AD$48:$AD$52),A49,IF($AD$50=MAX($AD$48:$AD$52),A50,IF($AD$51=MAX($AD$48:$AD$52),A51,A52)))) -> de 7:00 à 8:00 | C54: =IF($AD$48=MAX($AD$48:$AD$52),C48,IF($AD$49=MAX($AD$48:$AD$52),C49,IF($AD$50=MAX($AD$48:$AD$52),C50,IF($AD$51=MAX($AD$48:$AD$52),(C51),C52)))) -> 2 | D54: =IF($AD$48=MAX($AD$48:$AD$52),D48,IF($AD$49=MAX($AD$48:$AD$52),D49,IF($AD$50=MAX($AD$48:$AD$52),D50,IF($AD$51=MAX($AD$48:$AD$52),(D51),D52)))) -> 5 | E54: =IF($AD$48=MAX($AD$48:$AD$52),E48,IF($AD$49=MAX($AD$48:$AD$52),E49,IF($AD$50=MAX($AD$48:$AD$52),E50,IF($AD$51=MAX($AD$48:$AD$52),(E51),E52)))) -> 3 | F54: =IF($AD$48=MAX($AD$48:$AD$52),F48,IF($AD$49=MAX($AD$48:$AD$52),F49,IF($AD$50=MAX($AD$48:$AD$52),F50,IF($AD$51=MAX($AD$48:$AD$52),(F51),F52)))) -> 2 | G54: =IF($AD$48=MAX($AD$48:$AD$52),G48,IF($AD$49=MAX($AD$48:$AD$52),G49,IF($AD$50=MAX($AD$48:$AD$52),G50,IF($AD$51=MAX($AD$48:$AD$52),(G51),G52)))) -> 0 | H54: =IF($AD$48=MAX($AD$48:$AD$52),H48,IF($AD$49=MAX($AD$48:$AD$52),H49,IF($AD$50=MAX($AD$48:$AD$52),H50,IF($AD$51=MAX($AD$48:$AD$52),(H51),H52)))) -> 0 | I54: =IF($AD$48=MAX($AD$48:$AD$52),I48,IF($AD$49=MAX($AD$48:$AD$52),I49,IF($AD$50=MAX($AD$48:$AD$52),I50,IF($AD$51=MAX($AD$48:$AD$52),(I51),I52)))) -> 0 | J54: =IF($AD$48=MAX($AD$48:$AD$52),J48,IF($AD$49=MAX($AD$48:$AD$52),J49,IF($AD$50=MAX($AD$48:$AD$52),J50,IF($AD$51=MAX($AD$48:$AD$52),(J51),J52)))) -> 0 | ... N54: =IF($AD$48=MAX($AD$48:$AD$52),N48,IF($AD$49=MAX($AD$48:$AD$52),N49,IF($AD$50=MAX($AD$48:$AD$52),N50,IF($AD$51=MAX($AD$48:$AD$52),(N51),N52)))) -> 0 | P54: =IF($AD$48=MAX($AD$48:$AD$52),P48,IF($AD$49=MAX($AD$48:$AD$52),P49,IF($AD$50=MAX($AD$48:$AD$52),P50,IF($AD$51=MAX($AD$48:$AD$52),(P51),P52)))) -> 0 | Q54: =IF($AD$48=MAX($AD$48:$AD$52),Q48,IF($AD$49=MAX($AD$48:$AD$52),Q49,IF($AD$50=MAX($AD$48:$AD$52),Q50,IF($AD$51=MAX($AD$48:$AD$52),(Q51),Q52)))) -> 0 | R54: =IF($AD$48=MAX($AD$48:$AD$52),R48,IF($AD$49=MAX($AD$48:$AD$52),R49,IF($AD$50=MAX($AD$48:$AD$52),R50,IF($AD$51=MAX($AD$48:$AD$52),(R51),R52)))) -> 0 | S54: =IF($AD$48=MAX($AD$48:$AD$52),S48,IF($AD$49=MAX($AD$48:$AD$52),S49,IF($AD$50=MAX($AD$48:$AD$52),S50,IF($AD$51=MAX($AD$48:$AD$52),(S51),S52)))) -> 0 | T54: =IF($AD$48=MAX($AD$48:$AD$52),T48,IF($AD$49=MAX($AD$48:$AD$52),T49,IF($AD$50=MAX($AD$48:$AD$52),T50,IF($AD$51=MAX($AD$48:$AD$52),(T51),T52)))) -> 1 | U54: =IF($AD$48=MAX($AD$48:$AD$52),U48,IF($AD$49=MAX($AD$48:$AD$52),U49,IF($AD$50=MAX($AD$48:$AD$52),U50,IF($AD$51=MAX($AD$48:$AD$52),(U51),U52)))) -> 0 | V54: =IF($AD$48=MAX($AD$48:$AD$52),V48,IF($AD$49=MAX($AD$48:$AD$52),V49,IF($AD$50=MAX($AD$48:$AD$52),V50,IF($AD$51=MAX($AD$48:$AD$52),(V51),V52)))) -> 2 | W54: =IF($AD$48=MAX($AD$48:$AD$52),W48,IF($AD$49=MAX($AD$48:$AD$52),W49,IF($AD$50=MAX($AD$48:$AD$52),W50,IF($AD$51=MAX($AD$48:$AD$52),(W51),W52)))) -> 1 | ... AA54: =IF($AD$48=MAX($AD$48:$AD$52),AA48,IF($AD$49=MAX($AD$48:$AD$52),AA49,IF($AD$50=MAX($AD$48:$AD$52),AA50,IF($AD$51=MAX($AD$48:$AD$52),(AA51),AA52)))) -> 1 | AB54: =IF($AD$48=MAX($AD$48:$AD$52),A48,IF($AD$49=MAX($AD$48:$AD$52),A49,IF($AD$50=MAX($AD$48:$AD$52),A50,IF($AD$51=MAX($AD$48:$AD$52),A51,A52)))) -> de 7:00 à 8:00 | AD54: =IF($AD$48=MAX($AD$48:$AD$52),AD48,IF($AD$49=MAX($AD$48:$AD$52),AD49,IF($AD$50=MAX($AD$48:$AD$52),AD50,IF($AD$51=MAX($AD$48:$AD$52),(AD51),AD52)))) -> 17 | AE54: =IF(AD54=0,0,AE66/AD54) -> 0.47058824 | AF54: =IF(AD54=0,0,AF66/AD54) -> 0.52941176 | AG54: =IF(AF66=0,0,AG66/AF66) -> 0.55555556 | AH54: =IF(AD54=0,0,AH66/AD54) -> 0.94117647 | AI54: =IF(AD54=0,0,AI66/AD54) -> 0.29411765 | AJ54: =IF(AD54=0,0,AJ66/AD54) -> 0.70588235
C56: =C26 -> Depuis 'Reignier' | P56: =P26 -> Depuis 'Casino' | AE56: Nombre de VAE dans le total | AF56: Nombre de femmes dans le total | AG56: Nombre de VAE chez les femmes | AH56: Cycles en direction de Reignier | AI56: Cycles en provenance de Pers-Jussy | AJ56: Cycles en provenance de La Roche
C57: =C27 -> vers 'Casino' | G57: =G27 -> vers 'Pers-Jussy' | K57: =K27 -> vers 'La Roche' | P57: =P27 -> vers 'Pers-Jussy' | T57: =T27 -> vers 'La Roche' | X57: =X27 -> vers 'Reignier'
C58: H | E58: F | G58: H | I58: F | K58: H | M58: F | P58: H | R58: F | T58: H | V58: F | X58: H | Z58: F
A59: Période | C59: VAE | D59: vélo | E59: VAE | F59: vélo | G59: VAE | H59: vélo | I59: VAE | J59: vélo | K59: VAE | L59: vélo | M59: VAE | N59: vélo | P59: VAE | Q59: vélo | R59: VAE | S59: vélo | T59: VAE | U59: vélo | V59: VAE | W59: vélo | X59: VAE | Y59: vélo | Z59: VAE | AA59: vélo
A60: de 6:30 à 7:30 | C60: =SUM(C30:C33) -> 0 | D60: =SUM(D30:D33) -> 0 | E60: =SUM(E30:E33) -> 0 | F60: =SUM(F30:F33) -> 0 | G60: =SUM(G30:G33) -> 0 | H60: =SUM(H30:H33) -> 0 | I60: =SUM(I30:I33) -> 0 | J60: =SUM(J30:J33) -> 0 | ... N60: =SUM(N30:N33) -> 0 | P60: =SUM(P30:P33) -> 0 | Q60: =SUM(Q30:Q33) -> 0 | R60: =SUM(R30:R33) -> 0 | S60: =SUM(S30:S33) -> 0 | T60: =SUM(T30:T33) -> 0 | U60: =SUM(U30:U33) -> 0 | V60: =SUM(V30:V33) -> 0 | W60: =SUM(W30:W33) -> 0 | ... AA60: =SUM(AA30:AA33) -> 0 | AE60: =(C48+E48+G48+I48+K48+M48+P48+R48+T48+V48+X48+Z48+C60+E60+G60+I60+K60+M60+P60+R60+T60+V60+X60+Z60) -> 5 | AF60: =(E48+F48+I48+J48+M48+N48+R48+S48+V48+W48+Z48+AA48+E60+F60+I60+J60+M60+N60+R60+S60+V60+W60+Z60+AA60) -> 3 | AG60: =(E48+I48+M48+R48+V48+Z48+E60+I60+M60+R60+V60+Z60) -> 3 | AH60: =SUM(C48:F48,T48:W48,X60:AA60) -> 8 | AI60: =SUM(P48:AA48) -> 2 | AJ60: =SUM(C48:N48) -> 6
A61: de 7:00 à 8:00 | C61: =SUM(C32:C35) -> 0 | D61: =SUM(D32:D35) -> 0 | E61: =SUM(E32:E35) -> 0 | F61: =SUM(F32:F35) -> 0 | G61: =SUM(G32:G35) -> 0 | H61: =SUM(H32:H35) -> 0 | I61: =SUM(I32:I35) -> 0 | J61: =SUM(J32:J35) -> 0 | ... N61: =SUM(N32:N35) -> 0 | P61: =SUM(P32:P35) -> 0 | Q61: =SUM(Q32:Q35) -> 0 | R61: =SUM(R32:R35) -> 0 | S61: =SUM(S32:S35) -> 0 | T61: =SUM(T32:T35) -> 0 | U61: =SUM(U32:U35) -> 0 | V61: =SUM(V32:V35) -> 0 | W61: =SUM(W32:W35) -> 0 | ... AA61: =SUM(AA32:AA35) -> 0 | AE61: =(C49+E49+G49+I49+K49+M49+P49+R49+T49+V49+X49+Z49+C61+E61+G61+I61+K61+M61+P61+R61+T61+V61+X61+Z61) -> 8 | AF61: =(E49+F49+I49+J49+M49+N49+R49+S49+V49+W49+Z49+AA49+E61+F61+I61+J61+M61+N61+R61+S61+V61+W61+Z61+AA61) -> 9 | AG61: =(E49+I49+M49+R49+V49+Z49+E61+I61+M61+R61+V61+Z61) -> 5 | AH61: =SUM(C49:F49,T49:W49,X61:AA61) -> 16 | AI61: =SUM(P49:AA49) -> 5 | AJ61: =SUM(C49:N49) -> 12
A62: de 7:30 à 8:30 | C62: =SUM(C34:C37) -> 0 | D62: =SUM(D34:D37) -> 0 | E62: =SUM(E34:E37) -> 0 | F62: =SUM(F34:F37) -> 0 | G62: =SUM(G34:G37) -> 1 | H62: =SUM(H34:H37) -> 0 | I62: =SUM(I34:I37) -> 1 | J62: =SUM(J34:J37) -> 0 | ... N62: =SUM(N34:N37) -> 0 | P62: =SUM(P34:P37) -> 0 | Q62: =SUM(Q34:Q37) -> 0 | R62: =SUM(R34:R37) -> 0 | S62: =SUM(S34:S37) -> 0 | T62: =SUM(T34:T37) -> 0 | U62: =SUM(U34:U37) -> 0 | V62: =SUM(V34:V37) -> 0 | W62: =SUM(W34:W37) -> 0 | ... AA62: =SUM(AA34:AA37) -> 0 | AE62: =(C50+E50+G50+I50+K50+M50+P50+R50+T50+V50+X50+Z50+C62+E62+G62+I62+K62+M62+P62+R62+T62+V62+X62+Z62) -> 6 | AF62: =(E50+F50+I50+J50+M50+N50+R50+S50+V50+W50+Z50+AA50+E62+F62+I62+J62+M62+N62+R62+S62+V62+W62+Z62+AA62) -> 8 | AG62: =(E50+I50+M50+R50+V50+Z50+E62+I62+M62+R62+V62+Z62) -> 4 | AH62: =SUM(C50:F50,T50:W50,X62:AA62) -> 11 | AI62: =SUM(P50:AA50) -> 4 | AJ62: =SUM(C50:N50) -> 8
A63: de 8:00 à 9:00 | C63: =SUM(C36:C39) -> 0 | D63: =SUM(D36:D39) -> 1 | E63: =SUM(E36:E39) -> 0 | F63: =SUM(F36:F39) -> 0 | G63: =SUM(G36:G39) -> 1 | H63: =SUM(H36:H39) -> 0 | I63: =SUM(I36:I39) -> 1 | J63: =SUM(J36:J39) -> 0 | ... N63: =SUM(N36:N39) -> 0 | P63: =SUM(P36:P39) -> 0 | Q63: =SUM(Q36:Q39) -> 0 | R63: =SUM(R36:R39) -> 0 | S63: =SUM(S36:S39) -> 0 | T63: =SUM(T36:T39) -> 0 | U63: =SUM(U36:U39) -> 0 | V63: =SUM(V36:V39) -> 0 | W63: =SUM(W36:W39) -> 0 | ... AA63: =SUM(AA36:AA39) -> 0 | AE63: =(C51+E51+G51+I51+K51+M51+P51+R51+T51+V51+X51+Z51+C63+E63+G63+I63+K63+M63+P63+R63+T63+V63+X63+Z63) -> 4 | AF63: =(E51+F51+I51+J51+M51+N51+R51+S51+V51+W51+Z51+AA51+E63+F63+I63+J63+M63+N63+R63+S63+V63+W63+Z63+AA63) -> 4 | AG63: =(E51+I51+M51+R51+V51+Z51+E63+I63+M63+R63+V63+Z63) -> 3 | AH63: =SUM(C51:F51,T51:W51,X63:AA63) -> 6 | AI63: =SUM(P51:AA51) -> 3 | AJ63: =SUM(C51:N51) -> 3
A64: de 8:30 à 9:30 | C64: =SUM(C38:C41) -> 0 | D64: =SUM(D38:D41) -> 1 | E64: =SUM(E38:E41) -> 0 | F64: =SUM(F38:F41) -> 0 | G64: =SUM(G38:G41) -> 0 | H64: =SUM(H38:H41) -> 0 | I64: =SUM(I38:I41) -> 0 | J64: =SUM(J38:J41) -> 0 | ... N64: =SUM(N38:N41) -> 0 | P64: =SUM(P38:P41) -> 0 | Q64: =SUM(Q38:Q41) -> 0 | R64: =SUM(R38:R41) -> 0 | S64: =SUM(S38:S41) -> 0 | T64: =SUM(T38:T41) -> 0 | U64: =SUM(U38:U41) -> 0 | V64: =SUM(V38:V41) -> 0 | W64: =SUM(W38:W41) -> 0 | ... AA64: =SUM(AA38:AA41) -> 0 | AE64: =(C52+E52+G52+I52+K52+M52+P52+R52+T52+V52+X52+Z52+C64+E64+G64+I64+K64+M64+P64+R64+T64+V64+X64+Z64) -> 1 | AF64: =(E52+F52+I52+J52+M52+N52+R52+S52+V52+W52+Z52+AA52+E64+F64+I64+J64+M64+N64+R64+S64+V64+W64+Z64+AA64) -> 2 | AG64: =(E52+I52+M52+R52+V52+Z52+E64+I64+M64+R64+V64+Z64) -> 1 | AH64: =SUM(C52:F52,T52:W52,X64:AA64) -> 3 | AI64: =SUM(P52:AA52) -> 2 | AJ64: =SUM(C52:N52) -> 1
A65: TOTAL | C65: =SUM(C30:C41) -> 0 | D65: =SUM(D30:D41) -> 1 | E65: =SUM(E30:E41) -> 0 | F65: =SUM(F30:F41) -> 0 | G65: =SUM(G30:G41) -> 1 | H65: =SUM(H30:H41) -> 0 | I65: =SUM(I30:I41) -> 1 | J65: =SUM(J30:J41) -> 0 | ... N65: =SUM(N30:N41) -> 0 | P65: =SUM(P30:P41) -> 0 | Q65: =SUM(Q30:Q41) -> 0 | R65: =SUM(R30:R41) -> 0 | S65: =SUM(S30:S41) -> 0 | T65: =SUM(T30:T41) -> 0 | U65: =SUM(U30:U41) -> 0 | V65: =SUM(V30:V41) -> 0 | W65: =SUM(W30:W41) -> 0 | ... AA65: =SUM(AA30:AA41) -> 0 | AE65: =(C53+E53+G53+I53+K53+M53+P53+R53+T53+V53+X53+Z53+C65+E65+G65+I65+K65+M65+P65+R65+T65+V65+X65+Z65) -> 12 | AF65: =(E53+F53+I53+J53+M53+N53+R53+S53+V53+W53+Z53+AA53+E65+F65+I65+J65+M65+N65+R65+S65+V65+W65+Z65+AA65) -> 13 | AG65: =(E53+I53+M53+R53+V53+Z53+E65+I65+M65+R65+V65+Z65) -> 8 | AH65: =SUM(C53:F53,T53:W53,X65:AA65) -> 22 | AI65: =SUM(P53:AA53) -> 8 | AJ65: =SUM(C53:N53) -> 15
A66: =IF($AD$48=MAX($AD$48:$AD$52),A60,IF($AD$49=MAX($AD$48:$AD$52),A61,IF($AD$50=MAX($AD$48:$AD$52),A62,IF($AD$51=MAX($AD$48:$AD$52),A63,A64)))) -> de 7:00 à 8:00 | C66: =IF($AD$48=MAX($AD$48:$AD$52),C60,IF($AD$49=MAX($AD$48:$AD$52),C61,IF($AD$50=MAX($AD$48:$AD$52),C62,IF($AD$51=MAX($AD$48:$AD$52),C63,C64)))) -> 0 | D66: =IF($AD$48=MAX($AD$48:$AD$52),D60,IF($AD$49=MAX($AD$48:$AD$52),D61,IF($AD$50=MAX($AD$48:$AD$52),D62,IF($AD$51=MAX($AD$48:$AD$52),D63,D64)))) -> 0 | E66: =IF($AD$48=MAX($AD$48:$AD$52),E60,IF($AD$49=MAX($AD$48:$AD$52),E61,IF($AD$50=MAX($AD$48:$AD$52),E62,IF($AD$51=MAX($AD$48:$AD$52),E63,E64)))) -> 0 | F66: =IF($AD$48=MAX($AD$48:$AD$52),F60,IF($AD$49=MAX($AD$48:$AD$52),F61,IF($AD$50=MAX($AD$48:$AD$52),F62,IF($AD$51=MAX($AD$48:$AD$52),F63,F64)))) -> 0 | G66: =IF($AD$48=MAX($AD$48:$AD$52),G60,IF($AD$49=MAX($AD$48:$AD$52),G61,IF($AD$50=MAX($AD$48:$AD$52),G62,IF($AD$51=MAX($AD$48:$AD$52),G63,G64)))) -> 0 | H66: =IF($AD$48=MAX($AD$48:$AD$52),H60,IF($AD$49=MAX($AD$48:$AD$52),H61,IF($AD$50=MAX($AD$48:$AD$52),H62,IF($AD$51=MAX($AD$48:$AD$52),H63,H64)))) -> 0 | I66: =IF($AD$48=MAX($AD$48:$AD$52),I60,IF($AD$49=MAX($AD$48:$AD$52),I61,IF($AD$50=MAX($AD$48:$AD$52),I62,IF($AD$51=MAX($AD$48:$AD$52),I63,I64)))) -> 0 | J66: =IF($AD$48=MAX($AD$48:$AD$52),J60,IF($AD$49=MAX($AD$48:$AD$52),J61,IF($AD$50=MAX($AD$48:$AD$52),J62,IF($AD$51=MAX($AD$48:$AD$52),J63,J64)))) -> 0 | ... N66: =IF($AD$48=MAX($AD$48:$AD$52),N60,IF($AD$49=MAX($AD$48:$AD$52),N61,IF($AD$50=MAX($AD$48:$AD$52),N62,IF($AD$51=MAX($AD$48:$AD$52),N63,N64)))) -> 0 | P66: =IF($AD$48=MAX($AD$48:$AD$52),P60,IF($AD$49=MAX($AD$48:$AD$52),P61,IF($AD$50=MAX($AD$48:$AD$52),P62,IF($AD$51=MAX($AD$48:$AD$52),P63,P64)))) -> 0 | Q66: =IF($AD$48=MAX($AD$48:$AD$52),Q60,IF($AD$49=MAX($AD$48:$AD$52),Q61,IF($AD$50=MAX($AD$48:$AD$52),Q62,IF($AD$51=MAX($AD$48:$AD$52),Q63,Q64)))) -> 0 | R66: =IF($AD$48=MAX($AD$48:$AD$52),R60,IF($AD$49=MAX($AD$48:$AD$52),R61,IF($AD$50=MAX($AD$48:$AD$52),R62,IF($AD$51=MAX($AD$48:$AD$52),R63,R64)))) -> 0 | S66: =IF($AD$48=MAX($AD$48:$AD$52),S60,IF($AD$49=MAX($AD$48:$AD$52),S61,IF($AD$50=MAX($AD$48:$AD$52),S62,IF($AD$51=MAX($AD$48:$AD$52),S63,S64)))) -> 0 | T66: =IF($AD$48=MAX($AD$48:$AD$52),T60,IF($AD$49=MAX($AD$48:$AD$52),T61,IF($AD$50=MAX($AD$48:$AD$52),T62,IF($AD$51=MAX($AD$48:$AD$52),T63,T64)))) -> 0 | U66: =IF($AD$48=MAX($AD$48:$AD$52),U60,IF($AD$49=MAX($AD$48:$AD$52),U61,IF($AD$50=MAX($AD$48:$AD$52),U62,IF($AD$51=MAX($AD$48:$AD$52),U63,U64)))) -> 0 | V66: =IF($AD$48=MAX($AD$48:$AD$52),V60,IF($AD$49=MAX($AD$48:$AD$52),V61,IF($AD$50=MAX($AD$48:$AD$52),V62,IF($AD$51=MAX($AD$48:$AD$52),V63,V64)))) -> 0 | W66: =IF($AD$48=MAX($AD$48:$AD$52),W60,IF($AD$49=MAX($AD$48:$AD$52),W61,IF($AD$50=MAX($AD$48:$AD$52),W62,IF($AD$51=MAX($AD$48:$AD$52),W63,W64)))) -> 0 | ... AA66: =IF($AD$48=MAX($AD$48:$AD$52),AA60,IF($AD$49=MAX($AD$48:$AD$52),AA61,IF($AD$50=MAX($AD$48:$AD$52),AA62,IF($AD$51=MAX($AD$48:$AD$52),AA63,AA64)))) -> 0 | AE66: =(C54+E54+G54+I54+K54+M54+P54+R54+T54+V54+X54+Z54+C66+E66+G66+I66+K66+M66+P66+R66+T66+V66+X66+Z66) -> 8 | AF66: =(E54+F54+I54+J54+M54+N54+R54+S54+V54+W54+Z54+AA54+E66+F66+I66+J66+M66+N66+R66+S66+V66+W66+Z66+AA66) -> 9 | AG66: =(E54+I54+M54+R54+V54+Z54+E66+I66+M66+R66+V66+Z66) -> 5 | AH66: =SUM(C54:F54,T54:W54,X66:AA66) -> 16 | AI66: =SUM(P54:AA54) -> 5 | AJ66: =SUM(C54:N54) -> 12

Sheet RE_Gare
A1: Lieu : | B1: REIGNIER_Carrefour Rue de la Gare / Rte de Bellecombe (vers Tour d'Ivoire) | N1: Date : | O1: mardi 6 juin 2023
A2: Nom des personnes participant au comptage : | G2: Jacques LACHEZE
A3: Météo : | C3: Excellente (grand soleil)
A5: Remarques : | C5: Carrefour non sécurisé // 5 trottinettes, dont 4 en dir. de la gare Sur 37 vélos+trott comptés, 17 vont vers la gare et 17 autres vont vers Reignier-Centre | P5: Méthodologie : | R5: Pour chaque intervalle de temps, marquer une seule croix par personne comptée. Si c'est enfant, remplacer la croix par E, une trottinette T, un piéton P, etc.
C7: Depuis 'Pers-Jussy' | L7: Depuis 'Reignier-centre' | U7: Depuis 'Gare'
C8: vers 'Reignier' | G8: vers 'Gare' | L8: vers 'Pers-Jussy' | P8: vers 'Gare' | U8: vers 'Reignier-centre' | Y8: vers 'Pers-Jussy'
C9: H | E9: F | G9: H | I9: F | L9: H | N9: F | P9: H | R9: F | U9: H | W9: F | Y9: H | AA9: F
A10: Heure | B10: Minute | C10: VAE | D10: vélo | E10: VAE | F10: vélo | G10: VAE | H10: vélo | I10: VAE | J10: vélo | L10: VAE | M10: vélo | N10: VAE | O10: vélo | P10: VAE | Q10: vélo | R10: VAE | S10: vélo | U10: VAE | V10: vélo | W10: VAE | X10: vélo | Y10: VAE | Z10: vélo | AA10: VAE | AB10: vélo
A11: 6 | B11: 30 – 44'59
B12: 45 – 59'59
A13: 7 | B13: 00 – 14'59 | C13: 4 | P13: 1 | R13: 1
B14: 15 – 29'59 | C14: 2 | E14: 1 | Q14: 2 | R14: 1
B15: 30 – 44'59 | C15: 1 | D15: 1 | G15: 1 | I15: 1 | R15: 1
B16: 45 – 59'59 | D16: 1 | G16: 1 | S16: 1
A17: 8 | B17: 00 – 14'59 | D17: 1 | E17: 1 | N17: 1 | Q17: 1 | X17: 1
B18: 15 – 29'59 | M18: 1 | R18: 1
B19: 30 – 44'59 | D19: 1 | F19: 1 | V19: 1
B20: 45 – 59'59
A21: 9 | B21: 00 – 14'59
B22: 15 – 29'59
C25: =C7 -> Depuis 'Pers-Jussy' | L25: =L7 -> Depuis 'Reignier-centre' | U25: =U7 -> Depuis 'Gare' | AE25: TOTAL | AF25: Part des VAE dans le total | AG25: Part des femmes dans le total | AH25: Part des VAE chez les femmes | AI25: Part en direction d'Annemasse-Genève | AJ25: Part en provenance de Reignier | AK25: Part en provenance d'Esery | AL25: Remarques
C26: =C8 -> vers 'Reignier' | G26: =G8 -> vers 'Gare' | L26: =L8 -> vers 'Pers-Jussy' | P26: =P8 -> vers 'Gare' | U26: =U8 -> vers 'Reignier-centre' | Y26: =Y8 -> vers 'Pers-Jussy'
C27: H | E27: F | G27: H | I27: F | L27: H | N27: F | P27: H | R27: F | U27: H | W27: F | Y27: H | AA27: F
A28: Période | C28: VAE | D28: vélo | E28: VAE | F28: vélo | G28: VAE | H28: vélo | I28: VAE | J28: vélo | L28: VAE | M28: vélo | N28: VAE | O28: vélo | P28: VAE | Q28: vélo | R28: VAE | S28: vélo | U28: VAE | V28: vélo | W28: VAE | X28: vélo | Y28: VAE | Z28: vélo | AA28: VAE | AB28: vélo | AC28: Période
A29: de 6:30 à 7:30 | C29: =SUM(C11:C14) -> 6 | D29: =SUM(D11:D14) -> 0 | E29: =SUM(E11:E14) -> 1 | F29: =SUM(F11:F14) -> 0 | G29: =SUM(G11:G14) -> 0 | H29: =SUM(H11:H14) -> 0 | I29: =SUM(I11:I14) -> 0 | J29: =SUM(J11:J14) -> 0 | L29: =SUM(L11:L14) -> 0 | M29: =SUM(M11:M14) -> 0 | N29: =SUM(N11:N14) -> 0 | O29: =SUM(O11:O14) -> 0 | P29: =SUM(P11:P14) -> 1 | Q29: =SUM(Q11:Q14) -> 2 | R29: =SUM(R11:R14) -> 2 | S29: =SUM(S11:S14) -> 0 | U29: =SUM(U11:U14) -> 0 | V29: =SUM(V11:V14) -> 0 | W29: =SUM(W11:W14) -> 0 | X29: =SUM(X11:X14) -> 0 | Y29: =SUM(Y11:Y14) -> 0 | Z29: =SUM(Z11:Z14) -> 0 | AA29: =SUM(AA11:AA14) -> 0 | AB29: =SUM(AB11:AB14) -> 0 | AC29: de 6:30 à 7:30 | AE29: =SUM(C29:AB29) -> 12 | AF29: =IF(AE29=0,0,AF41/AE29) -> 0.83333333 | AG29: =IF(AE29=0,0,AG41/AE29) -> 0.25 | AH29: =IF(AG41=0,0,AH41/AG41) -> 1 | AI29: =IF(AE29=0,0,AI41/AE29) -> 0.41666667 | AJ29: =IF(AE29=0,0,AJ41/AE29) -> 0.41666667 | AK29: =IF(AE29=0,0,AK41/AE29) -> 0.58333333
A30: de 7:00 à 8:00 | C30: =SUM(C13:C16) -> 7 | D30: =SUM(D13:D16) -> 2 | E30: =SUM(E13:E16) -> 1 | F30: =SUM(F13:F16) -> 0 | G30: =SUM(G13:G16) -> 2 | H30: =SUM(H13:H16) -> 0 | I30: =SUM(I13:I16) -> 1 | J30: =SUM(J13:J16) -> 0 | L30: =SUM(L13:L16) -> 0 | M30: =SUM(M13:M16) -> 0 | N30: =SUM(N13:N16) -> 0 | O30: =SUM(O13:O16) -> 0 | P30: =SUM(P13:P16) -> 1 | Q30: =SUM(Q13:Q16) -> 2 | R30: =SUM(R13:R16) -> 3 | S30: =SUM(S13:S16) -> 1 | U30: =SUM(U13:U16) -> 0 | V30: =SUM(V13:V16) -> 0 | W30: =SUM(W13:W16) -> 0 | X30: =SUM(X13:X16) -> 0 | Y30: =SUM(Y13:Y16) -> 0 | Z30: =SUM(Z13:Z16) -> 0 | AA30: =SUM(AA13:AA16) -> 0 | AB30: =SUM(AB13:AB16) -> 0 | AC30: de 7:00 à 8:00 | AE30: =SUM(C30:AB30) -> 20 | AF30: =IF(AE30=0,0,AF42/AE30) -> 0.75 | AG30: =IF(AE30=0,0,AG42/AE30) -> 0.3 | AH30: =IF(AG42=0,0,AH42/AG42) -> 0.83333333 | AI30: =IF(AE30=0,0,AI42/AE30) -> 0.5 | AJ30: =IF(AE30=0,0,AJ42/AE30) -> 0.35 | AK30: =IF(AE30=0,0,AK42/AE30) -> 0.65
A31: de 7:30 à 8:30 | C31: =SUM(C15:C18) -> 1 | D31: =SUM(D15:D18) -> 3 | E31: =SUM(E15:E18) -> 1 | F31: =SUM(F15:F18) -> 0 | G31: =SUM(G15:G18) -> 2 | H31: =SUM(H15:H18) -> 0 | I31: =SUM(I15:I18) -> 1 | J31: =SUM(J15:J18) -> 0 | L31: =SUM(L15:L18) -> 0 | M31: =SUM(M15:M18) -> 1 | N31: =SUM(N15:N18) -> 1 | O31: =SUM(O15:O18) -> 0 | P31: =SUM(P15:P18) -> 0 | Q31: =SUM(Q15:Q18) -> 1 | R31: =SUM(R15:R18) -> 2 | S31: =SUM(S15:S18) -> 1 | U31: =SUM(U15:U18) -> 0 | V31: =SUM(V15:V18) -> 0 | W31: =SUM(W15:W18) -> 0 | X31: =SUM(X15:X18) -> 1 | Y31: =SUM(Y15:Y18) -> 0 | Z31: =SUM(Z15:Z18) -> 0 | AA31: =SUM(AA15:AA18) -> 0 | AB31: =SUM(AB15:AB18) -> 0 | AC31: de 7:30 à 8:30 | AE31: =SUM(C31:AB31) -> 15 | AF31: =IF(AE31=0,0,AF43/AE31) -> 0.53333333 | AG31: =IF(AE31=0,0,AG43/AE31) -> 0.46666667 | AH31: =IF(AG43=0,0,AH43/AG43) -> 0.71428571 | AI31: =IF(AE31=0,0,AI43/AE31) -> 0.46666667 | AJ31: =IF(AE31=0,0,AJ43/AE31) -> 0.4 | AK31: =IF(AE31=0,0,AK43/AE31) -> 0.53333333
A32: de 8:00 à 9:00 | C32: =SUM(C17:C20) -> 0 | D32: =SUM(D17:D20) -> 2 | E32: =SUM(E17:E20) -> 1 | F32: =SUM(F17:F20) -> 1 | G32: =SUM(G17:G20) -> 0 | H32: =SUM(H17:H20) -> 0 | I32: =SUM(I17:I20) -> 0 | J32: =SUM(J17:J20) -> 0 | L32: =SUM(L17:L20) -> 0 | M32: =SUM(M17:M20) -> 1 | N32: =SUM(N17:N20) -> 1 | O32: =SUM(O17:O20) -> 0 | P32: =SUM(P17:P20) -> 0 | Q32: =SUM(Q17:Q20) -> 1 | R32: =SUM(R17:R20) -> 1 | S32: =SUM(S17:S20) -> 0 | U32: =SUM(U17:U20) -> 0 | V32: =SUM(V17:V20) -> 1 | W32: =SUM(W17:W20) -> 0 | X32: =SUM(X17:X20) -> 1 | Y32: =SUM(Y17:Y20) -> 0 | Z32: =SUM(Z17:Z20) -> 0 | AA32: =SUM(AA17:AA20) -> 0 | AB32: =SUM(AB17:AB20) -> 0 | AC32: de 8:00 à 9:00 | AE32: =SUM(C32:AB32) -> 10 | AF32: =IF(AE32=0,0,AF44/AE32) -> 0.3 | AG32: =IF(AE32=0,0,AG44/AE32) -> 0.5 | AH32: =IF(AG44=0,0,AH44/AG44) -> 0.6 | AI32: =IF(AE32=0,0,AI44/AE32) -> 0.2 | AJ32: =IF(AE32=0,0,AJ44/AE32) -> 0.4 | AK32: =IF(AE32=0,0,AK44/AE32) -> 0.4
A33: de 8:30 à 9:30 | C33: =SUM(C19:C22) -> 0 | D33: =SUM(D19:D22) -> 1 | E33: =SUM(E19:E22) -> 0 | F33: =SUM(F19:F22) -> 1 | G33: =SUM(G19:G22) -> 0 | H33: =SUM(H19:H22) -> 0 | I33: =SUM(I19:I22) -> 0 | J33: =SUM(J19:J22) -> 0 | L33: =SUM(L19:L22) -> 0 | M33: =SUM(M19:M22) -> 0 | N33: =SUM(N19:N22) -> 0 | O33: =SUM(O19:O22) -> 0 | P33: =SUM(P19:P22) -> 0 | Q33: =SUM(Q19:Q22) -> 0 | R33: =SUM(R19:R22) -> 0 | S33: =SUM(S19:S22) -> 0 | U33: =SUM(U19:U22) -> 0 | V33: =SUM(V19:V22) -> 1 | W33: =SUM(W19:W22) -> 0 | X33: =SUM(X19:X22) -> 0 | Y33: =SUM(Y19:Y22) -> 0 | Z33: =SUM(Z19:Z22) -> 0 | AA33: =SUM(AA19:AA22) -> 0 | AB33: =SUM(AB19:AB22) -> 0 | AC33: de 8:30 à 9:30 | AE33: =SUM(C33:AB33) -> 3 | AF33: =IF(AE33=0,0,AF45/AE33) -> 0 | AG33: =IF(AE33=0,0,AG45/AE33) -> 0.33333333 | AH33: =IF(AG45=0,0,AH45/AG45) -> 0 | AI33: =IF(AE33=0,0,AI45/AE33) -> 0 | AJ33: =IF(AE33=0,0,AJ45/AE33) -> 0 | AK33: =IF(AE33=0,0,AK45/AE33) -> 0.66666667
A34: TOTAL | C34: =SUM(C11:C22) -> 7 | D34: =SUM(D11:D22) -> 4 | E34: =SUM(E11:E22) -> 2 | F34: =SUM(F11:F22) -> 1 | G34: =SUM(G11:G22) -> 2 | H34: =SUM(H11:H22) -> 0 | I34: =SUM(I11:I22) -> 1 | J34: =SUM(J11:J22) -> 0 | L34: =SUM(L11:L22) -> 0 | M34: =SUM(M11:M22) -> 1 | N34: =SUM(N11:N22) -> 1 | O34: =SUM(O11:O22) -> 0 | P34: =SUM(P11:P22) -> 1 | Q34: =SUM(Q11:Q22) -> 3 | R34: =SUM(R11:R22) -> 4 | S34: =SUM(S11:S22) -> 1 | U34: =SUM(U11:U22) -> 0 | V34: =SUM(V11:V22) -> 1 | W34: =SUM(W11:W22) -> 0 | X34: =SUM(X11:X22) -> 1 | Y34: =SUM(Y11:Y22) -> 0 | Z34: =SUM(Z11:Z22) -> 0 | AA34: =SUM(AA11:AA22) -> 0 | AB34: =SUM(AB11:AB22) -> 0 | AC34: TOTAL | AE34: =SUM(C34:AB34) -> 30 | AF34: =IF(AE34=0,0,AF46/AE34) -> 0.6 | AG34: =IF(AE34=0,0,AG46/AE34) -> 0.36666667 | AH34: =IF(AG46=0,0,AH46/AG46) -> 0.72727273 | AI34: =IF(AE34=0,0,AI46/AE34) -> 0.4 | AJ34: =IF(AE34=0,0,AJ46/AE34) -> 0.36666667 | AK34: =IF(AE34=0,0,AK46/AE34) -> 0.56666667
A35: =IF($AE$29=MAX($AE$29:$AE$33),A29,IF($AE$30=MAX($AE$29:$AE$33),A30,IF($AE$31=MAX($AE$29:$AE$33),A31,IF($AE$32=MAX($AE$29:$AE$33),A32,A33)))) -> de 7:00 à 8:00 | C35: =IF($AE$29=MAX($AE$29:$AE$33),C29,IF($AE$30=MAX($AE$29:$AE$33),C30,IF($AE$31=MAX($AE$29:$AE$33),C31,IF($AE$32=MAX($AE$29:$AE$33),C32,C33)))) -> 7 | D35: =IF($AE$29=MAX($AE$29:$AE$33),D29,IF($AE$30=MAX($AE$29:$AE$33),D30,IF($AE$31=MAX($AE$29:$AE$33),D31,IF($AE$32=MAX($AE$29:$AE$33),D32,D33)))) -> 2 | E35: =IF($AE$29=MAX($AE$29:$AE$33),E29,IF($AE$30=MAX($AE$29:$AE$33),E30,IF($AE$31=MAX($AE$29:$AE$33),E31,IF($AE$32=MAX($AE$29:$AE$33),E32,E33)))) -> 1 | F35: =IF($AE$29=MAX($AE$29:$AE$33),F29,IF($AE$30=MAX($AE$29:$AE$33),F30,IF($AE$31=MAX($AE$29:$AE$33),F31,IF($AE$32=MAX($AE$29:$AE$33),F32,F33)))) -> 0 | G35: =IF($AE$29=MAX($AE$29:$AE$33),G29,IF($AE$30=MAX($AE$29:$AE$33),G30,IF($AE$31=MAX($AE$29:$AE$33),G31,IF($AE$32=MAX($AE$29:$AE$33),G32,G33)))) -> 2 | H35: =IF($AE$29=MAX($AE$29:$AE$33),H29,IF($AE$30=MAX($AE$29:$AE$33),H30,IF($AE$31=MAX($AE$29:$AE$33),H31,IF($AE$32=MAX($AE$29:$AE$33),H32,H33)))) -> 0 | I35: =IF($AE$29=MAX($AE$29:$AE$33),I29,IF($AE$30=MAX($AE$29:$AE$33),I30,IF($AE$31=MAX($AE$29:$AE$33),I31,IF($AE$32=MAX($AE$29:$AE$33),I32,I33)))) -> 1 | J35: =IF($AE$29=MAX($AE$29:$AE$33),J29,IF($AE$30=MAX($AE$29:$AE$33),J30,IF($AE$31=MAX($AE$29:$AE$33),J31,IF($AE$32=MAX($AE$29:$AE$33),J32,J33)))) -> 0 | L35: =IF($AE$29=MAX($AE$29:$AE$33),L29,IF($AE$30=MAX($AE$29:$AE$33),L30,IF($AE$31=MAX($AE$29:$AE$33),L31,IF($AE$32=MAX($AE$29:$AE$33),L32,L33)))) -> 0 | M35: =IF($AE$29=MAX($AE$29:$AE$33),M29,IF($AE$30=MAX($AE$29:$AE$33),M30,IF($AE$31=MAX($AE$29:$AE$33),M31,IF($AE$32=MAX($AE$29:$AE$33),M32,M33)))) -> 0 | N35: =IF($AE$29=MAX($AE$29:$AE$33),N29,IF($AE$30=MAX($AE$29:$AE$33),N30,IF($AE$31=MAX($AE$29:$AE$33),N31,IF($AE$32=MAX($AE$29:$AE$33),N32,N33)))) -> 0 | O35: =IF($AE$29=MAX($AE$29:$AE$33),O29,IF($AE$30=MAX($AE$29:$AE$33),O30,IF($AE$31=MAX($AE$29:$AE$33),O31,IF($AE$32=MAX($AE$29:$AE$33),O32,O33)))) -> 0 | P35: =IF($AE$29=MAX($AE$29:$AE$33),P29,IF($AE$30=MAX($AE$29:$AE$33),P30,IF($AE$31=MAX($AE$29:$AE$33),P31,IF($AE$32=MAX($AE$29:$AE$33),P32,P33)))) -> 1 | Q35: =IF($AE$29=MAX($AE$29:$AE$33),Q29,IF($AE$30=MAX($AE$29:$AE$33),Q30,IF($AE$31=MAX($AE$29:$AE$33),Q31,IF($AE$32=MAX($AE$29:$AE$33),Q32,Q33)))) -> 2 | R35: =IF($AE$29=MAX($AE$29:$AE$33),R29,IF($AE$30=MAX($AE$29:$AE$33),R30,IF($AE$31=MAX($AE$29:$AE$33),R31,IF($AE$32=MAX($AE$29:$AE$33),R32,R33)))) -> 3 | S35: =IF($AE$29=MAX($AE$29:$AE$33),S29,IF($AE$30=MAX($AE$29:$AE$33),S30,IF($AE$31=MAX($AE$29:$AE$33),S31,IF($AE$32=MAX($AE$29:$AE$33),S32,S33)))) -> 1 | U35: =IF($AE$29=MAX($AE$29:$AE$33),U29,IF($AE$30=MAX($AE$29:$AE$33),U30,IF($AE$31=MAX($AE$29:$AE$33),U31,IF($AE$32=MAX($AE$29:$AE$33),U32,U33)))) -> 0 | V35: =IF($AE$29=MAX($AE$29:$AE$33),V29,IF($AE$30=MAX($AE$29:$AE$33),V30,IF($AE$31=MAX($AE$29:$AE$33),V31,IF($AE$32=MAX($AE$29:$AE$33),V32,V33)))) -> 0 | W35: =IF($AE$29=MAX($AE$29:$AE$33),W29,IF($AE$30=MAX($AE$29:$AE$33),W30,IF($AE$31=MAX($AE$29:$AE$33),W31,IF($AE$32=MAX($AE$29:$AE$33),W32,W33)))) -> 0 | X35: =IF($AE$29=MAX($AE$29:$AE$33),X29,IF($AE$30=MAX($AE$29:$AE$33),X30,IF($AE$31=MAX($AE$29:$AE$33),X31,IF($AE$32=MAX($AE$29:$AE$33),X32,X33)))) -> 0 | Y35: =IF($AE$29=MAX($AE$29:$AE$33),Y29,IF($AE$30=MAX($AE$29:$AE$33),Y30,IF($AE$31=MAX($AE$29:$AE$33),Y31,IF($AE$32=MAX($AE$29:$AE$33),Y32,Y33)))) -> 0 | Z35: =IF($AE$29=MAX($AE$29:$AE$33),Z29,IF($AE$30=MAX($AE$29:$AE$33),Z30,IF($AE$31=MAX($AE$29:$AE$33),Z31,IF($AE$32=MAX($AE$29:$AE$33),Z32,Z33)))) -> 0 | AA35: =IF($AE$29=MAX($AE$29:$AE$33),AA29,IF($AE$30=MAX($AE$29:$AE$33),AA30,IF($AE$31=MAX($AE$29:$AE$33),AA31,IF($AE$32=MAX($AE$29:$AE$33),AA32,AA33)))) -> 0 | AB35: =IF($AE$29=MAX($AE$29:$AE$33),AB29,IF($AE$30=MAX($AE$29:$AE$33),AB30,IF($AE$31=MAX($AE$29:$AE$33),AB31,IF($AE$32=MAX($AE$29:$AE$33),AB32,AB33)))) -> 0 | AC35: =A35 -> de 7:00 à 8:00 | AE35: =SUM(C35:AB35) -> 20 | AF35: =IF(AE35=0,0,AF47/AE35) -> 0.75 | AG35: =IF(AE35=0,0,AG47/AE35) -> 0.3 | AH35: =IF(AG47=0,0,AH47/AG47) -> 0.83333333 | AI35: =IF(AE35=0,0,AI47/AE35) -> 0.5 | AJ35: =IF(AE35=0,0,AJ47/AE35) -> 0.35 | AK35: =IF(AE35=0,0,AK47/AE35) -> 0.65
AF37: Nombre de VAE dans le total | AG37: Nombre de femmes dans le total | AH37: Nombre de VAE chez les femmes | AI37: Cycles en direction d'Annemasse-Genève | AJ37: Cycles en provenance de Reignier | AK37: Cycles en provenance d'Esery
AF41: =(C29+E29+G29+I29+L29+N29+P29+R29+U29+W29+Y29+AA29) -> 10 | AG41: =(E29+F29+I29+J29+N29+O29+R29+S29+W29+X29+AA29+AB29) -> 3 | AH41: =(E29+I29+N29+R29+W29+AA29) -> 3 | AI41: =SUM(G29:J29,P29:S29) -> 5 | AJ41: =SUM(L29:S29) -> 5 | AK41: =SUM(C29:J29) -> 7
AF42: =(C30+E30+G30+I30+L30+N30+P30+R30+U30+W30+Y30+AA30) -> 15 | AG42: =(E30+F30+I30+J30+N30+O30+R30+S30+W30+X30+AA30+AB30) -> 6 | AH42: =(E30+I30+N30+R30+W30+AA30) -> 5 | AI42: =SUM(G30:J30,P30:S30) -> 10 | AJ42: =SUM(L30:S30) -> 7 | AK42: =SUM(C30:J30) -> 13
AF43: =(C31+E31+G31+I31+L31+N31+P31+R31+U31+W31+Y31+AA31) -> 8 | AG43: =(E31+F31+I31+J31+N31+O31+R31+S31+W31+X31+AA31+AB31) -> 7 | AH43: =(E31+I31+N31+R31+W31+AA31) -> 5 | AI43: =SUM(G31:J31,P31:S31) -> 7 | AJ43: =SUM(L31:S31) -> 6 | AK43: =SUM(C31:J31) -> 8
AF44: =(C32+E32+G32+I32+L32+N32+P32+R32+U32+W32+Y32+AA32) -> 3 | AG44: =(E32+F32+I32+J32+N32+O32+R32+S32+W32+X32+AA32+AB32) -> 5 | AH44: =(E32+I32+N32+R32+W32+AA32) -> 3 | AI44: =SUM(G32:J32,P32:S32) -> 2 | AJ44: =SUM(L32:S32) -> 4 | AK44: =SUM(C32:J32) -> 4
AF45: =(C33+E33+G33+I33+L33+N33+P33+R33+U33+W33+Y33+AA33) -> 0 | AG45: =(E33+F33+I33+J33+N33+O33+R33+S33+W33+X33+AA33+AB33) -> 1 | AH45: =(E33+I33+N33+R33+W33+AA33) -> 0 | AI45: =SUM(G33:J33,P33:S33) -> 0 | AJ45: =SUM(L33:S33) -> 0 | AK45: =SUM(C33:J33) -> 2
AF46: =(C34+E34+G34+I34+L34+N34+P34+R34+U34+W34+Y34+AA34) -> 18 | AG46: =(E34+F34+I34+J34+N34+O34+R34+S34+W34+X34+AA34+AB34) -> 11 | AH46: =(E34+I34+N34+R34+W34+AA34) -> 8 | AI46: =SUM(G34:J34,P34:S34) -> 12 | AJ46: =SUM(L34:S34) -> 11 | AK46: =SUM(C34:J34) -> 17
AF47: =(C35+E35+G35+I35+L35+N35+P35+R35+U35+W35+Y35+AA35) -> 15 | AG47: =(E35+F35+I35+J35+N35+O35+R35+S35+W35+X35+AA35+AB35) -> 6 | AH47: =(E35+I35+N35+R35+W35+AA35) -> 5 | AI47: =SUM(G35:J35,P35:S35) -> 10 | AJ47: =SUM(L35:S35) -> 7 | AK47: =SUM(C35:J35) -> 13

Sheet RE_ex-gendarmerie
A1: Lieu : | B1: REIGNIER_Giratoire de l'ancienne gendarmerie | M1: Date : | N1: mardi 6 juin 2023
A2: Nom des personnes participant au comptage : | G2: Philippe LEMOINE
A3: Météo : | C3: Excellente (grand soleil)
A5: Remarques : | C5: 3 cyclistes sur le trottoir >> symptomatiques du manque d’infrastructures 6 trottinettes, dont 5 en dir. de Pers-Jussy (sans doute vers la gare) | P5: Méthodologie : | R5: Pour chaque intervalle de temps, marquer une seule croix par personne comptée. Si c'est enfant, remplacer la croix par E, une trottinette T, un piéton P, etc.
C7: Depuis 'Annemasse - Genève' | P7: Depuis 'Carrefour - Bersat'
C8: vers 'Carrefour - Bersat' | G8: vers 'Pers-Jussy' | K8: vers 'Esery - Méran' | P8: vers 'Pers-Jussy' | T8: vers 'Esery - Méran' | X8: vers 'Annemasse - Genève'
C9: H | E9: F | G9: H | I9: F | K9: H | M9: F | P9: H | R9: F | T9: H | V9: F | X9: H | Z9: F
A10: Heure | B10: Minute | C10: VAE | D10: vélo | E10: VAE | F10: vélo | G10: VAE | H10: vélo | I10: VAE | J10: vélo | K10: VAE | L10: vélo | M10: VAE | N10: vélo | P10: VAE | Q10: vélo | R10: VAE | S10: vélo | T10: VAE | U10: vélo | V10: VAE | W10: vélo | X10: VAE | Y10: vélo | Z10: VAE | AA10: vélo
A11: 6 | B11: 30 – 44'59
B12: 45 – 59'59 | H12: 1 | I12: 2 | K12: 1 | M12: 1 | P12: 2 | R12: 1
A13: 7 | B13: 00 – 14'59 | I13: 1
B14: 15 – 29'59 | J14: 1 | U14: 1 | W14: 1 | Y14: 1
B15: 30 – 44'59 | I15: 1 | AA15: 1
B16: 45 – 59'59 | X16: 1
A17: 8 | B17: 00 – 14'59 | M17: 1 | Q17: 1 | U17: 1
B18: 15 – 29'59 | R18: 1 | U18: 1
B19: 30 – 44'59 | Z19: 1
B20: 45 – 59'59
A21: 9 | B21: 00 – 14'59
B22: 15 – 29'59
A24: Remarques : | C24: 3 cyclistes sur le trottoir >> symptomatiques du manque d’infrastructures 1 trottinette en dir. de Pers-Jussy (sans doute vers la gare)
C26: Depuis 'Pers-Jussy' | P26: Depuis 'Esery - Méran'
C27: vers 'Esery - Méran' | G27: vers 'Annemasse - Genève' | K27: vers 'Carrefour - Bersat' | P27: vers 'Annemasse - Genève' | T27: vers 'Carrefour - Bersat' | X27: vers 'Pers-Jussy'
C28: H | E28: F | G28: H | I28: F | K28: H | M28: F | P28: H | R28: F | T28: H | V28: F | X28: H | Z28: F
A29: Heure | B29: Minute | C29: VAE | D29: vélo | E29: VAE | F29: vélo | G29: VAE | H29: vélo | I29: VAE | J29: vélo | K29: VAE | L29: vélo | M29: VAE | N29: vélo | P29: VAE | Q29: vélo | R29: VAE | S29: vélo | T29: VAE | U29: vélo | V29: VAE | W29: vélo | X29: VAE | Y29: vélo | Z29: VAE | AA29: vélo
A30: 6 | B30: 30 – 44'59
B31: 45 – 59'59 | D31: 1
A32: 7 | B32: 00 – 14'59 | C32: 1 | D32: 1 | I32: 1 | U32: 1
B33: 15 – 29'59 | C33: 2 | E33: 1 | Y33: 3 | Z33: 1
B34: 30 – 44'59 | C34: 1 | F34: 1 | G34: 1
B35: 45 – 59'59 | D35: 1 | F35: 1 | H35: 1 | I35: 1 | R35: 1
A36: 8 | B36: 00 – 14'59 | G36: 1 | H36: 1 | Q36: 1 | U36: 2 | Y36: 1
B37: 15 – 29'59 | U37: 2 | X37: 1 | Z37: 1
B38: 30 – 44'59 | D38: 1 | I38: 1 | N38: 1
B39: 45 – 59'59 | G39: 1 | I39: 1 | U39: 1
A40: 9 | B40: 00 – 14'59
B41: 15 – 29'59
C44: =C7 -> Depuis 'Annemasse - Genève' | P44: =P7 -> Depuis 'Carrefour - Bersat' | AD44: TOTAL | AE44: Part des VAE dans le total | AF44: Part des femmes dans le total | AG44: Part des VAE chez les femmes | AH44: Part en direction d'Annemasse-Genève | AI44: Remarques
C45: =C8 -> vers 'Carrefour - Bersat' | G45: =G8 -> vers 'Pers-Jussy' | K45: =K8 -> vers 'Esery - Méran' | P45: =P8 -> vers 'Pers-Jussy' | T45: =T8 -> vers 'Esery - Méran' | X45: =X8 -> vers 'Annemasse - Genève'
C46: H | E46: F | G46: H | I46: F | K46: H | M46: F | P46: H | R46: F | T46: H | V46: F | X46: H | Z46: F
A47: Période | C47: VAE | D47: vélo | E47: VAE | F47: vélo | G47: VAE | H47: vélo | I47: VAE | J47: vélo | K47: VAE | L47: vélo | M47: VAE | N47: vélo | P47: VAE | Q47: vélo | R47: VAE | S47: vélo | T47: VAE | U47: vélo | V47: VAE | W47: vélo | X47: VAE | Y47: vélo | Z47: VAE | AA47: vélo | AB47: Période
A48: de 6:30 à 7:30 | C48: =SUM(C11:C14) -> 0 | D48: =SUM(D11:D14) -> 0 | E48: =SUM(E11:E14) -> 0 | F48: =SUM(F11:F14) -> 0 | G48: =SUM(G11:G14) -> 0 | H48: =SUM(H11:H14) -> 1 | I48: =SUM(I11:I14) -> 3 | J48: =SUM(J11:J14) -> 1 | ... N48: =SUM(N11:N14) -> 0 | P48: =SUM(P11:P14) -> 2 | Q48: =SUM(Q11:Q14) -> 0 | R48: =SUM(R11:R14) -> 1 | S48: =SUM(S11:S14) -> 0 | T48: =SUM(T11:T14) -> 0 | U48: =SUM(U11:U14) -> 1 | V48: =SUM(V11:V14) -> 0 | W48: =SUM(W11:W14) -> 1 | ... AA48: =SUM(AA11:AA14) -> 0 | AB48: de 6:30 à 7:30 | AD48: =SUM(C48:AA48)+SUM(C60:AA60) -> 25 | AE48: =IF(AD48=0,0,AE60/AD48) -> 0.56 | AF48: =IF(AD48=0,0,AF60/AD48) -> 0.4 | AG48: =IF(AF60=0,0,AG60/AF60) -> 0.8 | AH48: =IF(AD48=0,0,AH60/AD48) -> 0.44
A49: de 7:00 à 8:00 | C49: =SUM(C13:C16) -> 0 | D49: =SUM(D13:D16) -> 0 | E49: =SUM(E13:E16) -> 0 | F49: =SUM(F13:F16) -> 0 | G49: =SUM(G13:G16) -> 0 | H49: =SUM(H13:H16) -> 0 | I49: =SUM(I13:I16) -> 2 | J49: =SUM(J13:J16) -> 1 | ... N49: =SUM(N13:N16) -> 0 | P49: =SUM(P13:P16) -> 0 | Q49: =SUM(Q13:Q16) -> 0 | R49: =SUM(R13:R16) -> 0 | S49: =SUM(S13:S16) -> 0 | T49: =SUM(T13:T16) -> 0 | U49: =SUM(U13:U16) -> 1 | V49: =SUM(V13:V16) -> 0 | W49: =SUM(W13:W16) -> 1 | ... AA49: =SUM(AA13:AA16) -> 1 | AB49: de 7:00 à 8:00 | AD49: =SUM(C49:AA49)+SUM(C61:AA61) -> 27 | AE49: =IF(AD49=0,0,AE61/AD49) -> 0.48148148 | AF49: =IF(AD49=0,0,AF61/AD49) -> 0.44444444 | AG49: =IF(AF61=0,0,AG61/AF61) -> 0.58333333 | AH49: =IF(AD49=0,0,AH61/AD49) -> 0.59259259
A50: de 7:30 à 8:30 | C50: =SUM(C15:C18) -> 0 | D50: =SUM(D15:D18) -> 0 | E50: =SUM(E15:E18) -> 0 | F50: =SUM(F15:F18) -> 0 | G50: =SUM(G15:G18) -> 0 | H50: =SUM(H15:H18) -> 0 | I50: =SUM(I15:I18) -> 1 | J50: =SUM(J15:J18) -> 0 | ... N50: =SUM(N15:N18) -> 0 | P50: =SUM(P15:P18) -> 0 | Q50: =SUM(Q15:Q18) -> 1 | R50: =SUM(R15:R18) -> 1 | S50: =SUM(S15:S18) -> 0 | T50: =SUM(T15:T18) -> 0 | U50: =SUM(U15:U18) -> 2 | V50: =SUM(V15:V18) -> 0 | W50: =SUM(W15:W18) -> 0 | ... AA50: =SUM(AA15:AA18) -> 1 | AB50: de 7:30 à 8:30 | AD50: =SUM(C50:AA50)+SUM(C62:AA62) -> 26 | AE50: =IF(AD50=0,0,AE62/AD50) -> 0.42307692 | AF50: =IF(AD50=0,0,AF62/AD50) -> 0.34615385 | AG50: =IF(AF62=0,0,AG62/AF62) -> 0.66666667 | AH50: =IF(AD50=0,0,AH62/AD50) -> 0.34615385
A51: de 8:00 à 9:00 | C51: =SUM(C17:C20) -> 0 | D51: =SUM(D17:D20) -> 0 | E51: =SUM(E17:E20) -> 0 | F51: =SUM(F17:F20) -> 0 | G51: =SUM(G17:G20) -> 0 | H51: =SUM(H17:H20) -> 0 | I51: =SUM(I17:I20) -> 0 | J51: =SUM(J17:J20) -> 0 | ... N51: =SUM(N17:N20) -> 0 | P51: =SUM(P17:P20) -> 0 | Q51: =SUM(Q17:Q20) -> 1 | R51: =SUM(R17:R20) -> 1 | S51: =SUM(S17:S20) -> 0 | T51: =SUM(T17:T20) -> 0 | U51: =SUM(U17:U20) -> 2 | V51: =SUM(V17:V20) -> 0 | W51: =SUM(W17:W20) -> 0 | ... AA51: =SUM(AA17:AA20) -> 0 | AB51: de 8:00 à 9:00 | AD51: =SUM(C51:AA51)+SUM(C63:AA63) -> 22 | AE51: =IF(AD51=0,0,AE63/AD51) -> 0.40909091 | AF51: =IF(AD51=0,0,AF63/AD51) -> 0.31818182 | AG51: =IF(AF63=0,0,AG63/AF63) -> 0.85714286 | AH51: =IF(AD51=0,0,AH63/AD51) -> 0.22727273
A52: de 8:30 à 9:30 | C52: =SUM(C19:C22) -> 0 | D52: =SUM(D19:D22) -> 0 | E52: =SUM(E19:E22) -> 0 | F52: =SUM(F19:F22) -> 0 | G52: =SUM(G19:G22) -> 0 | H52: =SUM(H19:H22) -> 0 | I52: =SUM(I19:I22) -> 0 | J52: =SUM(J19:J22) -> 0 | ... N52: =SUM(N19:N22) -> 0 | P52: =SUM(P19:P22) -> 0 | Q52: =SUM(Q19:Q22) -> 0 | R52: =SUM(R19:R22) -> 0 | S52: =SUM(S19:S22) -> 0 | T52: =SUM(T19:T22) -> 0 | U52: =SUM(U19:U22) -> 0 | V52: =SUM(V19:V22) -> 0 | W52: =SUM(W19:W22) -> 0 | ... AA52: =SUM(AA19:AA22) -> 0 | AB52: de 8:30 à 9:30 | AD52: =SUM(C52:AA52)+SUM(C64:AA64) -> 7 | AE52: =IF(AD52=0,0,AE64/AD52) -> 0.57142857 | AF52: =IF(AD52=0,0,AF64/AD52) -> 0.57142857 | AG52: =IF(AF64=0,0,AG64/AF64) -> 0.75 | AH52: =IF(AD52=0,0,AH64/AD52) -> 0.28571429
A53: TOTAL | C53: =SUM(C11:C22) -> 0 | D53: =SUM(D11:D22) -> 0 | E53: =SUM(E11:E22) -> 0 | F53: =SUM(F11:F22) -> 0 | G53: =SUM(G11:G22) -> 0 | H53: =SUM(H11:H22) -> 1 | I53: =SUM(I11:I22) -> 4 | J53: =SUM(J11:J22) -> 1 | ... N53: =SUM(N11:N22) -> 0 | P53: =SUM(P11:P22) -> 2 | Q53: =SUM(Q11:Q22) -> 1 | R53: =SUM(R11:R22) -> 2 | S53: =SUM(S11:S22) -> 0 | T53: =SUM(T11:T22) -> 0 | U53: =SUM(U11:U22) -> 3 | V53: =SUM(V11:V22) -> 0 | W53: =SUM(W11:W22) -> 1 | ... AA53: =SUM(AA11:AA22) -> 1 | AB53: TOTAL | AD53: =SUM(C53:AA53)+SUM(C65:AA65) -> 58 | AE53: =IF(AD53=0,0,AE65/AD53) -> 0.5 | AF53: =IF(AD53=0,0,AF65/AD53) -> 0.39655172 | AG53: =IF(AF65=0,0,AG65/AF65) -> 0.73913043 | AH53: =IF(AD53=0,0,AH65/AD53) -> 0.37931034
A54: =IF($AD$48=MAX($AD$48:$AD$52),A48,IF($AD$49=MAX($AD$48:$AD$52),A49,IF($AD$50=MAX($AD$48:$AD$52),A50,IF($AD$51=MAX($AD$48:$AD$52),A51,A52)))) -> de 7:00 à 8:00 | C54: =IF($AD$48=MAX($AD$48:$AD$52),C48,IF($AD$49=MAX($AD$48:$AD$52),C49,IF($AD$50=MAX($AD$48:$AD$52),C50,IF($AD$51=MAX($AD$48:$AD$52),(C51),C52)))) -> 0 | D54: =IF($AD$48=MAX($AD$48:$AD$52),D48,IF($AD$49=MAX($AD$48:$AD$52),D49,IF($AD$50=MAX($AD$48:$AD$52),D50,IF($AD$51=MAX($AD$48:$AD$52),(D51),D52)))) -> 0 | E54: =IF($AD$48=MAX($AD$48:$AD$52),E48,IF($AD$49=MAX($AD$48:$AD$52),E49,IF($AD$50=MAX($AD$48:$AD$52),E50,IF($AD$51=MAX($AD$48:$AD$52),(E51),E52)))) -> 0 | F54: =IF($AD$48=MAX($AD$48:$AD$52),F48,IF($AD$49=MAX($AD$48:$AD$52),F49,IF($AD$50=MAX($AD$48:$AD$52),F50,IF($AD$51=MAX($AD$48:$AD$52),(F51),F52)))) -> 0 | G54: =IF($AD$48=MAX($AD$48:$AD$52),G48,IF($AD$49=MAX($AD$48:$AD$52),G49,IF($AD$50=MAX($AD$48:$AD$52),G50,IF($AD$51=MAX($AD$48:$AD$52),(G51),G52)))) -> 0 | H54: =IF($AD$48=MAX($AD$48:$AD$52),H48,IF($AD$49=MAX($AD$48:$AD$52),H49,IF($AD$50=MAX($AD$48:$AD$52),H50,IF($AD$51=MAX($AD$48:$AD$52),(H51),H52)))) -> 0 | I54: =IF($AD$48=MAX($AD$48:$AD$52),I48,IF($AD$49=MAX($AD$48:$AD$52),I49,IF($AD$50=MAX($AD$48:$AD$52),I50,IF($AD$51=MAX($AD$48:$AD$52),(I51),I52)))) -> 2 | J54: =IF($AD$48=MAX($AD$48:$AD$52),J48,IF($AD$49=MAX($AD$48:$AD$52),J49,IF($AD$50=MAX($AD$48:$AD$52),J50,IF($AD$51=MAX($AD$48:$AD$52),(J51),J52)))) -> 1 | ... N54: =IF($AD$48=MAX($AD$48:$AD$52),N48,IF($AD$49=MAX($AD$48:$AD$52),N49,IF($AD$50=MAX($AD$48:$AD$52),N50,IF($AD$51=MAX($AD$48:$AD$52),(N51),N52)))) -> 0 | P54: =IF($AD$48=MAX($AD$48:$AD$52),P48,IF($AD$49=MAX($AD$48:$AD$52),P49,IF($AD$50=MAX($AD$48:$AD$52),P50,IF($AD$51=MAX($AD$48:$AD$52),(P51),P52)))) -> 0 | Q54: =IF($AD$48=MAX($AD$48:$AD$52),Q48,IF($AD$49=MAX($AD$48:$AD$52),Q49,IF($AD$50=MAX($AD$48:$AD$52),Q50,IF($AD$51=MAX($AD$48:$AD$52),(Q51),Q52)))) -> 0 | R54: =IF($AD$48=MAX($AD$48:$AD$52),R48,IF($AD$49=MAX($AD$48:$AD$52),R49,IF($AD$50=MAX($AD$48:$AD$52),R50,IF($AD$51=MAX($AD$48:$AD$52),(R51),R52)))) -> 0 | S54: =IF($AD$48=MAX($AD$48:$AD$52),S48,IF($AD$49=MAX($AD$48:$AD$52),S49,IF($AD$50=MAX($AD$48:$AD$52),S50,IF($AD$51=MAX($AD$48:$AD$52),(S51),S52)))) -> 0 | T54: =IF($AD$48=MAX($AD$48:$AD$52),T48,IF($AD$49=MAX($AD$48:$AD$52),T49,IF($AD$50=MAX($AD$48:$AD$52),T50,IF($AD$51=MAX($AD$48:$AD$52),(T51),T52)))) -> 0 | U54: =IF($AD$48=MAX($AD$48:$AD$52),U48,IF($AD$49=MAX($AD$48:$AD$52),U49,IF($AD$50=MAX($AD$48:$AD$52),U50,IF($AD$51=MAX($AD$48:$AD$52),(U51),U52)))) -> 1 | V54: =IF($AD$48=MAX($AD$48:$AD$52),V48,IF($AD$49=MAX($AD$48:$AD$52),V49,IF($AD$50=MAX($AD$48:$AD$52),V50,IF($AD$51=MAX($AD$48:$AD$52),(V51),V52)))) -> 0 | W54: =IF($AD$48=MAX($AD$48:$AD$52),W48,IF($AD$49=MAX($AD$48:$AD$52),W49,IF($AD$50=MAX($AD$48:$AD$52),W50,IF($AD$51=MAX($AD$48:$AD$52),(W51),W52)))) -> 1 | ... AA54: =IF($AD$48=MAX($AD$48:$AD$52),AA48,IF($AD$49=MAX($AD$48:$AD$52),AA49,IF($AD$50=MAX($AD$48:$AD$52),AA50,IF($AD$51=MAX($AD$48:$AD$52),(AA51),AA52)))) -> 1 | AB54: =IF($AD$48=MAX($AD$48:$AD$52),A48,IF($AD$49=MAX($AD$48:$AD$52),A49,IF($AD$50=MAX($AD$48:$AD$52),A50,IF($AD$51=MAX($AD$48:$AD$52),A51,A52)))) -> de 7:00 à 8:00 | AD54: =IF($AD$48=MAX($AD$48:$AD$52),AD48,IF($AD$49=MAX($AD$48:$AD$52),AD49,IF($AD$50=MAX($AD$48:$AD$52),AD50,IF($AD$51=MAX($AD$48:$AD$52),(AD51),AD52)))) -> 27 | AE54: =IF(AD54=0,0,AE66/AD54) -> 0.48148148 | AF54: =IF(AD54=0,0,AF66/AD54) -> 0.44444444 | AG54: =IF(AF66=0,0,AG66/AF66) -> 0.58333333 | AH54: =IF(AD54=0,0,AH66/AD54) -> 0.59259259
C56: =C26 -> Depuis 'Pers-Jussy' | P56: =P26 -> Depuis 'Esery - Méran' | AE56: Nombre de VAE dans le total | AF56: Nombre de femmes dans le total | AG56: Nombre de VAE chez les femmes | AH56: Cycles en direction d'Annemasse-Genève
C57: =C27 -> vers 'Esery - Méran' | G57: =G27 -> vers 'Annemasse - Genève' | K57: =K27 -> vers 'Carrefour - Bersat' | P57: =P27 -> vers 'Annemasse - Genève' | T57: =T27 -> vers 'Carrefour - Bersat' | X57: =X27 -> vers 'Pers-Jussy'
C58: H | E58: F | G58: H | I58: F | K58: H | M58: F | P58: H | R58: F | T58: H | V58: F | X58: H | Z58: F
A59: Période | C59: VAE | D59: vélo | E59: VAE | F59: vélo | G59: VAE | H59: vélo | I59: VAE | J59: vélo | K59: VAE | L59: vélo | M59: VAE | N59: vélo | P59: VAE | Q59: vélo | R59: VAE | S59: vélo | T59: VAE | U59: vélo | V59: VAE | W59: vélo | X59: VAE | Y59: vélo | Z59: VAE | AA59: vélo
A60: de 6:30 à 7:30 | C60: =SUM(C30:C33) -> 3 | D60: =SUM(D30:D33) -> 2 | E60: =SUM(E30:E33) -> 1 | F60: =SUM(F30:F33) -> 0 | G60: =SUM(G30:G33) -> 0 | H60: =SUM(H30:H33) -> 0 | I60: =SUM(I30:I33) -> 1 | J60: =SUM(J30:J33) -> 0 | ... N60: =SUM(N30:N33) -> 0 | P60: =SUM(P30:P33) -> 0 | Q60: =SUM(Q30:Q33) -> 0 | R60: =SUM(R30:R33) -> 0 | S60: =SUM(S30:S33) -> 0 | T60: =SUM(T30:T33) -> 0 | U60: =SUM(U30:U33) -> 1 | V60: =SUM(V30:V33) -> 0 | W60: =SUM(W30:W33) -> 0 | ... AA60: =SUM(AA30:AA33) -> 0 | AE60: =(C48+E48+G48+I48+K48+M48+P48+R48+T48+V48+X48+Z48+C60+E60+G60+I60+K60+M60+P60+R60+T60+V60+X60+Z60) -> 14 | AF60: =(E48+F48+I48+J48+M48+N48+R48+S48+V48+W48+Z48+AA48+E60+F60+I60+J60+M60+N60+R60+S60+V60+W60+Z60+AA60) -> 10 | AG60: =(E48+I48+M48+R48+V48+Z48+E60+I60+M60+R60+V60+Z60) -> 8 | AH60: =SUM(X48:AA48,C60:F60,X60:AA60) -> 11
A61: de 7:00 à 8:00 | C61: =SUM(C32:C35) -> 4 | D61: =SUM(D32:D35) -> 2 | E61: =SUM(E32:E35) -> 1 | F61: =SUM(F32:F35) -> 2 | G61: =SUM(G32:G35) -> 1 | H61: =SUM(H32:H35) -> 1 | I61: =SUM(I32:I35) -> 2 | J61: =SUM(J32:J35) -> 0 | ... N61: =SUM(N32:N35) -> 0 | P61: =SUM(P32:P35) -> 0 | Q61: =SUM(Q32:Q35) -> 0 | R61: =SUM(R32:R35) -> 1 | S61: =SUM(S32:S35) -> 0 | T61: =SUM(T32:T35) -> 0 | U61: =SUM(U32:U35) -> 1 | V61: =SUM(V32:V35) -> 0 | W61: =SUM(W32:W35) -> 0 | ... AA61: =SUM(AA32:AA35) -> 0 | AE61: =(C49+E49+G49+I49+K49+M49+P49+R49+T49+V49+X49+Z49+C61+E61+G61+I61+K61+M61+P61+R61+T61+V61+X61+Z61) -> 13 | AF61: =(E49+F49+I49+J49+M49+N49+R49+S49+V49+W49+Z49+AA49+E61+F61+I61+J61+M61+N61+R61+S61+V61+W61+Z61+AA61) -> 12 | AG61: =(E49+I49+M49+R49+V49+Z49+E61+I61+M61+R61+V61+Z61) -> 7 | AH61: =SUM(X49:AA49,C61:F61,X61:AA61) -> 16
A62: de 7:30 à 8:30 | C62: =SUM(C34:C37) -> 1 | D62: =SUM(D34:D37) -> 1 | E62: =SUM(E34:E37) -> 0 | F62: =SUM(F34:F37) -> 2 | G62: =SUM(G34:G37) -> 2 | H62: =SUM(H34:H37) -> 2 | I62: =SUM(I34:I37) -> 1 | J62: =SUM(J34:J37) -> 0 | ... N62: =SUM(N34:N37) -> 0 | P62: =SUM(P34:P37) -> 0 | Q62: =SUM(Q34:Q37) -> 1 | R62: =SUM(R34:R37) -> 1 | S62: =SUM(S34:S37) -> 0 | T62: =SUM(T34:T37) -> 0 | U62: =SUM(U34:U37) -> 4 | V62: =SUM(V34:V37) -> 0 | W62: =SUM(W34:W37) -> 0 | ... AA62: =SUM(AA34:AA37) -> 0 | AE62: =(C50+E50+G50+I50+K50+M50+P50+R50+T50+V50+X50+Z50+C62+E62+G62+I62+K62+M62+P62+R62+T62+V62+X62+Z62) -> 11 | AF62: =(E50+F50+I50+J50+M50+N50+R50+S50+V50+W50+Z50+AA50+E62+F62+I62+J62+M62+N62+R62+S62+V62+W62+Z62+AA62) -> 9 | AG62: =(E50+I50+M50+R50+V50+Z50+E62+I62+M62+R62+V62+Z62) -> 6 | AH62: =SUM(X50:AA50,C62:F62,X62:AA62) -> 9
A63: de 8:00 à 9:00 | C63: =SUM(C36:C39) -> 0 | D63: =SUM(D36:D39) -> 1 | E63: =SUM(E36:E39) -> 0 | F63: =SUM(F36:F39) -> 0 | G63: =SUM(G36:G39) -> 2 | H63: =SUM(H36:H39) -> 1 | I63: =SUM(I36:I39) -> 2 | J63: =SUM(J36:J39) -> 0 | ... N63: =SUM(N36:N39) -> 1 | P63: =SUM(P36:P39) -> 0 | Q63: =SUM(Q36:Q39) -> 1 | R63: =SUM(R36:R39) -> 0 | S63: =SUM(S36:S39) -> 0 | T63: =SUM(T36:T39) -> 0 | U63: =SUM(U36:U39) -> 5 | V63: =SUM(V36:V39) -> 0 | W63: =SUM(W36:W39) -> 0 | ... AA63: =SUM(AA36:AA39) -> 0 | AE63: =(C51+E51+G51+I51+K51+M51+P51+R51+T51+V51+X51+Z51+C63+E63+G63+I63+K63+M63+P63+R63+T63+V63+X63+Z63) -> 9 | AF63: =(E51+F51+I51+J51+M51+N51+R51+S51+V51+W51+Z51+AA51+E63+F63+I63+J63+M63+N63+R63+S63+V63+W63+Z63+AA63) -> 7 | AG63: =(E51+I51+M51+R51+V51+Z51+E63+I63+M63+R63+V63+Z63) -> 6 | AH63: =SUM(X51:AA51,C63:F63,X63:AA63) -> 5
A64: de 8:30 à 9:30 | C64: =SUM(C38:C41) -> 0 | D64: =SUM(D38:D41) -> 1 | E64: =SUM(E38:E41) -> 0 | F64: =SUM(F38:F41) -> 0 | G64: =SUM(G38:G41) -> 1 | H64: =SUM(H38:H41) -> 0 | I64: =SUM(I38:I41) -> 2 | J64: =SUM(J38:J41) -> 0 | ... N64: =SUM(N38:N41) -> 1 | P64: =SUM(P38:P41) -> 0 | Q64: =SUM(Q38:Q41) -> 0 | R64: =SUM(R38:R41) -> 0 | S64: =SUM(S38:S41) -> 0 | T64: =SUM(T38:T41) -> 0 | U64: =SUM(U38:U41) -> 1 | V64: =SUM(V38:V41) -> 0 | W64: =SUM(W38:W41) -> 0 | ... AA64: =SUM(AA38:AA41) -> 0 | AE64: =(C52+E52+G52+I52+K52+M52+P52+R52+T52+V52+X52+Z52+C64+E64+G64+I64+K64+M64+P64+R64+T64+V64+X64+Z64) -> 4 | AF64: =(E52+F52+I52+J52+M52+N52+R52+S52+V52+W52+Z52+AA52+E64+F64+I64+J64+M64+N64+R64+S64+V64+W64+Z64+AA64) -> 4 | AG64: =(E52+I52+M52+R52+V52+Z52+E64+I64+M64+R64+V64+Z64) -> 3 | AH64: =SUM(X52:AA52,C64:F64,X64:AA64) -> 2
A65: TOTAL | C65: =SUM(C30:C41) -> 4 | D65: =SUM(D30:D41) -> 4 | E65: =SUM(E30:E41) -> 1 | F65: =SUM(F30:F41) -> 2 | G65: =SUM(G30:G41) -> 3 | H65: =SUM(H30:H41) -> 2 | I65: =SUM(I30:I41) -> 4 | J65: =SUM(J30:J41) -> 0 | ... N65: =SUM(N30:N41) -> 1 | P65: =SUM(P30:P41) -> 0 | Q65: =SUM(Q30:Q41) -> 1 | R65: =SUM(R30:R41) -> 1 | S65: =SUM(S30:S41) -> 0 | T65: =SUM(T30:T41) -> 0 | U65: =SUM(U30:U41) -> 6 | V65: =SUM(V30:V41) -> 0 | W65: =SUM(W30:W41) -> 0 | ... AA65: =SUM(AA30:AA41) -> 0 | AE65: =(C53+E53+G53+I53+K53+M53+P53+R53+T53+V53+X53+Z53+C65+E65+G65+I65+K65+M65+P65+R65+T65+V65+X65+Z65) -> 29 | AF65: =(E53+F53+I53+J53+M53+N53+R53+S53+V53+W53+Z53+AA53+E65+F65+I65+J65+M65+N65+R65+S65+V65+W65+Z65+AA65) -> 23 | AG65: =(E53+I53+M53+R53+V53+Z53+E65+I65+M65+R65+V65+Z65) -> 17 | AH65: =SUM(X53:AA53,C65:F65,X65:AA65) -> 22
A66: =IF($AD$48=MAX($AD$48:$AD$52),A60,IF($AD$49=MAX($AD$48:$AD$52),A61,IF($AD$50=MAX($AD$48:$AD$52),A62,IF($AD$51=MAX($AD$48:$AD$52),A63,A64)))) -> de 7:00 à 8:00 | C66: =IF($AD$48=MAX($AD$48:$AD$52),C60,IF($AD$49=MAX($AD$48:$AD$52),C61,IF($AD$50=MAX($AD$48:$AD$52),C62,IF($AD$51=MAX($AD$48:$AD$52),C63,C64)))) -> 4 | D66: =IF($AD$48=MAX($AD$48:$AD$52),D60,IF($AD$49=MAX($AD$48:$AD$52),D61,IF($AD$50=MAX($AD$48:$AD$52),D62,IF($AD$51=MAX($AD$48:$AD$52),D63,D64)))) -> 2 | E66: =IF($AD$48=MAX($AD$48:$AD$52),E60,IF($AD$49=MAX($AD$48:$AD$52),E61,IF($AD$50=MAX($AD$48:$AD$52),E62,IF($AD$51=MAX($AD$48:$AD$52),E63,E64)))) -> 1 | F66: =IF($AD$48=MAX($AD$48:$AD$52),F60,IF($AD$49=MAX($AD$48:$AD$52),F61,IF($AD$50=MAX($AD$48:$AD$52),F62,IF($AD$51=MAX($AD$48:$AD$52),F63,F64)))) -> 2 | G66: =IF($AD$48=MAX($AD$48:$AD$52),G60,IF($AD$49=MAX($AD$48:$AD$52),G61,IF($AD$50=MAX($AD$48:$AD$52),G62,IF($AD$51=MAX($AD$48:$AD$52),G63,G64)))) -> 1 | H66: =IF($AD$48=MAX($AD$48:$AD$52),H60,IF($AD$49=MAX($AD$48:$AD$52),H61,IF($AD$50=MAX($AD$48:$AD$52),H62,IF($AD$51=MAX($AD$48:$AD$52),H63,H64)))) -> 1 | I66: =IF($AD$48=MAX($AD$48:$AD$52),I60,IF($AD$49=MAX($AD$48:$AD$52),I61,IF($AD$50=MAX($AD$48:$AD$52),I62,IF($AD$51=MAX($AD$48:$AD$52),I63,I64)))) -> 2 | J66: =IF($AD$48=MAX($AD$48:$AD$52),J60,IF($AD$49=MAX($AD$48:$AD$52),J61,IF($AD$50=MAX($AD$48:$AD$52),J62,IF($AD$51=MAX($AD$48:$AD$52),J63,J64)))) -> 0 | ... N66: =IF($AD$48=MAX($AD$48:$AD$52),N60,IF($AD$49=MAX($AD$48:$AD$52),N61,IF($AD$50=MAX($AD$48:$AD$52),N62,IF($AD$51=MAX($AD$48:$AD$52),N63,N64)))) -> 0 | P66: =IF($AD$48=MAX($AD$48:$AD$52),P60,IF($AD$49=MAX($AD$48:$AD$52),P61,IF($AD$50=MAX($AD$48:$AD$52),P62,IF($AD$51=MAX($AD$48:$AD$52),P63,P64)))) -> 0 | Q66: =IF($AD$48=MAX($AD$48:$AD$52),Q60,IF($AD$49=MAX($AD$48:$AD$52),Q61,IF($AD$50=MAX($AD$48:$AD$52),Q62,IF($AD$51=MAX($AD$48:$AD$52),Q63,Q64)))) -> 0 | R66: =IF($AD$48=MAX($AD$48:$AD$52),R60,IF($AD$49=MAX($AD$48:$AD$52),R61,IF($AD$50=MAX($AD$48:$AD$52),R62,IF($AD$51=MAX($AD$48:$AD$52),R63,R64)))) -> 1 | S66: =IF($AD$48=MAX($AD$48:$AD$52),S60,IF($AD$49=MAX($AD$48:$AD$52),S61,IF($AD$50=MAX($AD$48:$AD$52),S62,IF($AD$51=MAX($AD$48:$AD$52),S63,S64)))) -> 0 | T66: =IF($AD$48=MAX($AD$48:$AD$52),T60,IF($AD$49=MAX($AD$48:$AD$52),T61,IF($AD$50=MAX($AD$48:$AD$52),T62,IF($AD$51=MAX($AD$48:$AD$52),T63,T64)))) -> 0 | U66: =IF($AD$48=MAX($AD$48:$AD$52),U60,IF($AD$49=MAX($AD$48:$AD$52),U61,IF($AD$50=MAX($AD$48:$AD$52),U62,IF($AD$51=MAX($AD$48:$AD$52),U63,U64)))) -> 1 | V66: =IF($AD$48=MAX($AD$48:$AD$52),V60,IF($AD$49=MAX($AD$48:$AD$52),V61,IF($AD$50=MAX($AD$48:$AD$52),V62,IF($AD$51=MAX($AD$48:$AD$52),V63,V64)))) -> 0 | W66: =IF($AD$48=MAX($AD$48:$AD$52),W60,IF($AD$49=MAX($AD$48:$AD$52),W61,IF($AD$50=MAX($AD$48:$AD$52),W62,IF($AD$51=MAX($AD$48:$AD$52),W63,W64)))) -> 0 | ... AA66: =IF($AD$48=MAX($AD$48:$AD$52),AA60,IF($AD$49=MAX($AD$48:$AD$52),AA61,IF($AD$50=MAX($AD$48:$AD$52),AA62,IF($AD$51=MAX($AD$48:$AD$52),AA63,AA64)))) -> 0 | AE66: =(C54+E54+G54+I54+K54+M54+P54+R54+T54+V54+X54+Z54+C66+E66+G66+I66+K66+M66+P66+R66+T66+V66+X66+Z66) -> 13 | AF66: =(E54+F54+I54+J54+M54+N54+R54+S54+V54+W54+Z54+AA54+E66+F66+I66+J66+M66+N66+R66+S66+V66+W66+Z66+AA66) -> 12 | AG66: =(E54+I54+M54+R54+V54+Z54+E66+I66+M66+R66+V66+Z66) -> 7 | AH66: =SUM(X54:AA54,C66:F66,X66:AA66) -> 16

Sheet RE_Eglise
A1: Lieu : | B1: REIGNIER_Giratoire des Jonquilles (devant l'église) | M1: Date : | N1: jeudi 8 juin 2023
A2: Nom des personnes participant au comptage : | G2: Sylvain BEAUD
A3: Météo : | C3: Excellente (grand soleil)
A5: Remarques : | C5: Compté que de 7h00 à 8h00 >> extrapolé entre 8h00 et 9h00 sur la base des comptages 2022 4 trottinettes entre 8h et 9h | P5: Méthodologie : | R5: Pour chaque intervalle de temps, marquer une seule croix par personne comptée. Si c'est enfant, remplacer la croix par E, une trottinette T, un piéton P, etc.
C7: Depuis 'Annemasse - Genève' | P7: Depuis 'L'Eculaz'
C8: vers 'Reignier-centre' | G8: vers 'Rue des Ecoles' | K8: vers 'L'Eculaz' | P8: vers 'Reignier-centre' | T8: vers 'Rue des Ecoles' | X8: vers 'Annemasse - Genève'
C9: H | E9: F | G9: H | I9: F | K9: H | M9: F | P9: H | R9: F | T9: H | V9: F | X9: H | Z9: F
A10: Heure | B10: Minute | C10: VAE | D10: vélo | E10: VAE | F10: vélo | G10: VAE | H10: vélo | I10: VAE | J10: vélo | K10: VAE | L10: vélo | M10: VAE | N10: vélo | P10: VAE | Q10: vélo | R10: VAE | S10: vélo | T10: VAE | U10: vélo | V10: VAE | W10: vélo | X10: VAE | Y10: vélo | Z10: VAE | AA10: vélo
A11: 6 | B11: 30 – 44'59
B12: 45 – 59'59
A13: 7 | B13: 00 – 14'59 | AB13: =SUM(C13:AA13) -> 0 | AC13: =SUM(AB13:AB16) -> 8
B14: 15 – 29'59 | D14: 1 | AB14: =SUM(C14:AA14) -> 1
B15: 30 – 44'59 | X15: 1 | AB15: =SUM(C15:AA15) -> 1
B16: 45 – 59'59 | F16: 1 | Q16: 2 | R16: 1 | W16: 2 | AB16: =SUM(C16:AA16) -> 6
A17: 8 | B17: 00 – 14'59 | AB17: =SUM(C17:AA17) -> 0 | AC17: =SUM(AB17:AB20) -> 8
B18: 15 – 29'59 | Q18: 2 | U18: 2 | AB18: =SUM(C18:AA18) -> 4
B19: 30 – 44'59 | V19: 2 | W19: 2 | AB19: =SUM(C19:AA19) -> 4
B20: 45 – 59'59 | AB20: =SUM(C20:AA20) -> 0
A21: 9 | B21: 00 – 14'59
B22: 15 – 29'59
A24: Remarques : | C24: Compté que de 7h00 à 8h00 >> extrapolé entre 8h00 et 9h00 sur la base des comptages 2022 1 trottinette entre 8h et 9h
C26: Depuis 'Reignier-centre' | P26: Depuis 'Reignier - Rue des Ecoles'
C27: vers 'Annemasse - Genève' | G27: vers 'Rue des Ecoles' | K27: vers 'L'Eculaz' | P27: vers 'Reignier-centre' | T27: vers 'L'Eculaz' | X27: vers 'Annemasse - Genève'
C28: H | E28: F | G28: H | I28: F | K28: H | M28: F | P28: H | R28: F | T28: H | V28: F | X28: H | Z28: F
A29: Heure | B29: Minute | C29: VAE | D29: vélo | E29: VAE | F29: vélo | G29: VAE | H29: vélo | I29: VAE | J29: vélo | K29: VAE | L29: vélo | M29: VAE | N29: vélo | P29: VAE | Q29: vélo | R29: VAE | S29: vélo | T29: VAE | U29: vélo | V29: VAE | W29: vélo | X29: VAE | Y29: vélo | Z29: VAE | AA29: vélo
A30: 6 | B30: 30 – 44'59
B31: 45 – 59'59
A32: 7 | B32: 00 – 14'59 | D32: 2 | H32: 1 | AB32: =SUM(C32:AA32) -> 3 | AC32: =SUM(AB32:AB35) -> 15
B33: 15 – 29'59 | C33: 1 | L33: 1 | Y33: 1 | AB33: =SUM(C33:AA33) -> 3
B34: 30 – 44'59 | AB34: =SUM(C34:AA34) -> 0
B35: 45 – 59'59 | D35: 5 | E35: 1 | J35: 2 | M35: 1 | AB35: =SUM(C35:AA35) -> 9
A36: 8 | B36: 00 – 14'59 | H36: 2 | AB36: =SUM(C36:AA36) -> 2 | AC36: =SUM(AB36:AB39) -> 18
B37: 15 – 29'59 | E37: 2 | H37: 1 | L37: 2 | T37: 2 | U37: 2 | V37: 1 | AB37: =SUM(C37:AA37) -> 10
B38: 30 – 44'59 | K38: 2 | M38: 1 | AB38: =SUM(C38:AA38) -> 3
B39: 45 – 59'59 | C39: 1 | E39: 1 | U39: 1 | AB39: =SUM(C39:AA39) -> 3
A40: 9 | B40: 00 – 14'59
B41: 15 – 29'59
C44: =C7 -> Depuis 'Annemasse - Genève' | P44: =P7 -> Depuis 'L'Eculaz' | AD44: TOTAL | AE44: Part des VAE dans le total | AF44: Part des femmes dans le total | AG44: Part des VAE chez les femmes | AH44: Part en direction d'Annemasse-Genève | AI44: Remarques
C45: =C8 -> vers 'Reignier-centre' | G45: =G8 -> vers 'Rue des Ecoles' | K45: =K8 -> vers 'L'Eculaz' | P45: =P8 -> vers 'Reignier-centre' | T45: =T8 -> vers 'Rue des Ecoles' | X45: =X8 -> vers 'Annemasse - Genève'
C46: H | E46: F | G46: H | I46: F | K46: H | M46: F | P46: H | R46: F | T46: H | V46: F | X46: H | Z46: F
A47: Période | C47: VAE | D47: vélo | E47: VAE | F47: vélo | G47: VAE | H47: vélo | I47: VAE | J47: vélo | K47: VAE | L47: vélo | M47: VAE | N47: vélo | P47: VAE | Q47: vélo | R47: VAE | S47: vélo | T47: VAE | U47: vélo | V47: VAE | W47: vélo | X47: VAE | Y47: vélo | Z47: VAE | AA47: vélo | AB47: Période
A48: de 6:30 à 7:30 | C48: =SUM(C11:C14) -> 0 | D48: =SUM(D11:D14) -> 1 | E48: =SUM(E11:E14) -> 0 | F48: =SUM(F11:F14) -> 0 | G48: =SUM(G11:G14) -> 0 | H48: =SUM(H11:H14) -> 0 | I48: =SUM(I11:I14) -> 0 | J48: =SUM(J11:J14) -> 0 | ... N48: =SUM(N11:N14) -> 0 | P48: =SUM(P11:P14) -> 0 | Q48: =SUM(Q11:Q14) -> 0 | R48: =SUM(R11:R14) -> 0 | S48: =SUM(S11:S14) -> 0 | T48: =SUM(T11:T14) -> 0 | U48: =SUM(U11:U14) -> 0 | V48: =SUM(V11:V14) -> 0 | W48: =SUM(W11:W14) -> 0 | ... AA48: =SUM(AA11:AA14) -> 0 | AB48: de 6:30 à 7:30 | AD48: =SUM(C48:AA48)+SUM(C60:AA60) -> 7 | AE48: =IF(AD48=0,0,AE60/AD48) -> 0.14285714 | AF48: =IF(AD48=0,0,AF60/AD48) -> 0 | AG48: =IF(AF60=0,0,AG60/AF60) -> 0 | AH48: =IF(AD48=0,0,AH60/AD48) -> 0.57142857
A49: de 7:00 à 8:00 | C49: =SUM(C13:C16) -> 0 | D49: =SUM(D13:D16) -> 1 | E49: =SUM(E13:E16) -> 0 | F49: =SUM(F13:F16) -> 1 | G49: =SUM(G13:G16) -> 0 | H49: =SUM(H13:H16) -> 0 | I49: =SUM(I13:I16) -> 0 | J49: =SUM(J13:J16) -> 0 | ... N49: =SUM(N13:N16) -> 0 | P49: =SUM(P13:P16) -> 0 | Q49: =SUM(Q13:Q16) -> 2 | R49: =SUM(R13:R16) -> 1 | S49: =SUM(S13:S16) -> 0 | T49: =SUM(T13:T16) -> 0 | U49: =SUM(U13:U16) -> 0 | V49: =SUM(V13:V16) -> 0 | W49: =SUM(W13:W16) -> 2 | ... AA49: =SUM(AA13:AA16) -> 0 | AB49: de 7:00 à 8:00 | AD49: =SUM(C49:AA49)+SUM(C61:AA61) -> 23 | AE49: =IF(AD49=0,0,AE61/AD49) -> 0.2173913 | AF49: =IF(AD49=0,0,AF61/AD49) -> 0.34782609 | AG49: =IF(AF61=0,0,AG61/AF61) -> 0.375 | AH49: =IF(AD49=0,0,AH61/AD49) -> 0.47826087
A50: de 7:30 à 8:30 | C50: =SUM(C15:C18) -> 0 | D50: =SUM(D15:D18) -> 0 | E50: =SUM(E15:E18) -> 0 | F50: =SUM(F15:F18) -> 1 | G50: =SUM(G15:G18) -> 0 | H50: =SUM(H15:H18) -> 0 | I50: =SUM(I15:I18) -> 0 | J50: =SUM(J15:J18) -> 0 | ... N50: =SUM(N15:N18) -> 0 | P50: =SUM(P15:P18) -> 0 | Q50: =SUM(Q15:Q18) -> 4 | R50: =SUM(R15:R18) -> 1 | S50: =SUM(S15:S18) -> 0 | T50: =SUM(T15:T18) -> 0 | U50: =SUM(U15:U18) -> 2 | V50: =SUM(V15:V18) -> 0 | W50: =SUM(W15:W18) -> 2 | ... AA50: =SUM(AA15:AA18) -> 0 | AB50: de 7:30 à 8:30 | AD50: =SUM(C50:AA50)+SUM(C62:AA62) -> 32 | AE50: =IF(AD50=0,0,AE62/AD50) -> 0.28125 | AF50: =IF(AD50=0,0,AF62/AD50) -> 0.34375 | AG50: =IF(AF62=0,0,AG62/AF62) -> 0.54545455 | AH50: =IF(AD50=0,0,AH62/AD50) -> 0.28125
A51: de 8:00 à 9:00 | C51: =SUM(C17:C20) -> 0 | D51: =SUM(D17:D20) -> 0 | E51: =SUM(E17:E20) -> 0 | F51: =SUM(F17:F20) -> 0 | G51: =SUM(G17:G20) -> 0 | H51: =SUM(H17:H20) -> 0 | I51: =SUM(I17:I20) -> 0 | J51: =SUM(J17:J20) -> 0 | ... N51: =SUM(N17:N20) -> 0 | P51: =SUM(P17:P20) -> 0 | Q51: =SUM(Q17:Q20) -> 2 | R51: =SUM(R17:R20) -> 0 | S51: =SUM(S17:S20) -> 0 | T51: =SUM(T17:T20) -> 0 | U51: =SUM(U17:U20) -> 2 | V51: =SUM(V17:V20) -> 2 | W51: =SUM(W17:W20) -> 2 | ... AA51: =SUM(AA17:AA20) -> 0 | AB51: de 8:00 à 9:00 | AD51: =SUM(C51:AA51)+SUM(C63:AA63) -> 26 | AE51: =IF(AD51=0,0,AE63/AD51) -> 0.46153846 | AF51: =IF(AD51=0,0,AF63/AD51) -> 0.34615385 | AG51: =IF(AF63=0,0,AG63/AF63) -> 0.77777778 | AH51: =IF(AD51=0,0,AH63/AD51) -> 0.15384615
A52: de 8:30 à 9:30 | C52: =SUM(C19:C22) -> 0 | D52: =SUM(D19:D22) -> 0 | E52: =SUM(E19:E22) -> 0 | F52: =SUM(F19:F22) -> 0 | G52: =SUM(G19:G22) -> 0 | H52: =SUM(H19:H22) -> 0 | I52: =SUM(I19:I22) -> 0 | J52: =SUM(J19:J22) -> 0 | ... N52: =SUM(N19:N22) -> 0 | P52: =SUM(P19:P22) -> 0 | Q52: =SUM(Q19:Q22) -> 0 | R52: =SUM(R19:R22) -> 0 | S52: =SUM(S19:S22) -> 0 | T52: =SUM(T19:T22) -> 0 | U52: =SUM(U19:U22) -> 0 | V52: =SUM(V19:V22) -> 2 | W52: =SUM(W19:W22) -> 2 | ... AA52: =SUM(AA19:AA22) -> 0 | AB52: de 8:30 à 9:30 | AD52: =SUM(C52:AA52)+SUM(C64:AA64) -> 10 | AE52: =IF(AD52=0,0,AE64/AD52) -> 0.7 | AF52: =IF(AD52=0,0,AF64/AD52) -> 0.6 | AG52: =IF(AF64=0,0,AG64/AF64) -> 0.66666667 | AH52: =IF(AD52=0,0,AH64/AD52) -> 0.2
A53: TOTAL | C53: =SUM(C11:C22) -> 0 | D53: =SUM(D11:D22) -> 1 | E53: =SUM(E11:E22) -> 0 | F53: =SUM(F11:F22) -> 1 | G53: =SUM(G11:G22) -> 0 | H53: =SUM(H11:H22) -> 0 | I53: =SUM(I11:I22) -> 0 | J53: =SUM(J11:J22) -> 0 | ... N53: =SUM(N11:N22) -> 0 | P53: =SUM(P11:P22) -> 0 | Q53: =SUM(Q11:Q22) -> 4 | R53: =SUM(R11:R22) -> 1 | S53: =SUM(S11:S22) -> 0 | T53: =SUM(T11:T22) -> 0 | U53: =SUM(U11:U22) -> 2 | V53: =SUM(V11:V22) -> 2 | W53: =SUM(W11:W22) -> 4 | ... AA53: =SUM(AA11:AA22) -> 0 | AB53: TOTAL | AD53: =SUM(C53:AA53)+SUM(C65:AA65) -> 49 | AE53: =IF(AD53=0,0,AE65/AD53) -> 0.34693878 | AF53: =IF(AD53=0,0,AF65/AD53) -> 0.34693878 | AG53: =IF(AF65=0,0,AG65/AF65) -> 0.58823529 | AH53: =IF(AD53=0,0,AH65/AD53) -> 0.30612245
A54: =IF($AD$48=MAX($AD$48:$AD$52),A48,IF($AD$49=MAX($AD$48:$AD$52),A49,IF($AD$50=MAX($AD$48:$AD$52),A50,IF($AD$51=MAX($AD$48:$AD$52),A51,A52)))) -> de 7:30 à 8:30 | C54: =IF($AD$48=MAX($AD$48:$AD$52),C48,IF($AD$49=MAX($AD$48:$AD$52),C49,IF($AD$50=MAX($AD$48:$AD$52),C50,IF($AD$51=MAX($AD$48:$AD$52),(C51),C52)))) -> 0 | D54: =IF($AD$48=MAX($AD$48:$AD$52),D48,IF($AD$49=MAX($AD$48:$AD$52),D49,IF($AD$50=MAX($AD$48:$AD$52),D50,IF($AD$51=MAX($AD$48:$AD$52),(D51),D52)))) -> 0 | E54: =IF($AD$48=MAX($AD$48:$AD$52),E48,IF($AD$49=MAX($AD$48:$AD$52),E49,IF($AD$50=MAX($AD$48:$AD$52),E50,IF($AD$51=MAX($AD$48:$AD$52),(E51),E52)))) -> 0 | F54: =IF($AD$48=MAX($AD$48:$AD$52),F48,IF($AD$49=MAX($AD$48:$AD$52),F49,IF($AD$50=MAX($AD$48:$AD$52),F50,IF($AD$51=MAX($AD$48:$AD$52),(F51),F52)))) -> 1 | G54: =IF($AD$48=MAX($AD$48:$AD$52),G48,IF($AD$49=MAX($AD$48:$AD$52),G49,IF($AD$50=MAX($AD$48:$AD$52),G50,IF($AD$51=MAX($AD$48:$AD$52),(G51),G52)))) -> 0 | H54: =IF($AD$48=MAX($AD$48:$AD$52),H48,IF($AD$49=MAX($AD$48:$AD$52),H49,IF($AD$50=MAX($AD$48:$AD$52),H50,IF($AD$51=MAX($AD$48:$AD$52),(H51),H52)))) -> 0 | I54: =IF($AD$48=MAX($AD$48:$AD$52),I48,IF($AD$49=MAX($AD$48:$AD$52),I49,IF($AD$50=MAX($AD$48:$AD$52),I50,IF($AD$51=MAX($AD$48:$AD$52),(I51),I52)))) -> 0 | J54: =IF($AD$48=MAX($AD$48:$AD$52),J48,IF($AD$49=MAX($AD$48:$AD$52),J49,IF($AD$50=MAX($AD$48:$AD$52),J50,IF($AD$51=MAX($AD$48:$AD$52),(J51),J52)))) -> 0 | ... N54: =IF($AD$48=MAX($AD$48:$AD$52),N48,IF($AD$49=MAX($AD$48:$AD$52),N49,IF($AD$50=MAX($AD$48:$AD$52),N50,IF($AD$51=MAX($AD$48:$AD$52),(N51),N52)))) -> 0 | P54: =IF($AD$48=MAX($AD$48:$AD$52),P48,IF($AD$49=MAX($AD$48:$AD$52),P49,IF($AD$50=MAX($AD$48:$AD$52),P50,IF($AD$51=MAX($AD$48:$AD$52),(P51),P52)))) -> 0 | Q54: =IF($AD$48=MAX($AD$48:$AD$52),Q48,IF($AD$49=MAX($AD$48:$AD$52),Q49,IF($AD$50=MAX($AD$48:$AD$52),Q50,IF($AD$51=MAX($AD$48:$AD$52),(Q51),Q52)))) -> 4 | R54: =IF($AD$48=MAX($AD$48:$AD$52),R48,IF($AD$49=MAX($AD$48:$AD$52),R49,IF($AD$50=MAX($AD$48:$AD$52),R50,IF($AD$51=MAX($AD$48:$AD$52),(R51),R52)))) -> 1 | S54: =IF($AD$48=MAX($AD$48:$AD$52),S48,IF($AD$49=MAX($AD$48:$AD$52),S49,IF($AD$50=MAX($AD$48:$AD$52),S50,IF($AD$51=MAX($AD$48:$AD$52),(S51),S52)))) -> 0 | T54: =IF($AD$48=MAX($AD$48:$AD$52),T48,IF($AD$49=MAX($AD$48:$AD$52),T49,IF($AD$50=MAX($AD$48:$AD$52),T50,IF($AD$51=MAX($AD$48:$AD$52),(T51),T52)))) -> 0 | U54: =IF($AD$48=MAX($AD$48:$AD$52),U48,IF($AD$49=MAX($AD$48:$AD$52),U49,IF($AD$50=MAX($AD$48:$AD$52),U50,IF($AD$51=MAX($AD$48:$AD$52),(U51),U52)))) -> 2 | V54: =IF($AD$48=MAX($AD$48:$AD$52),V48,IF($AD$49=MAX($AD$48:$AD$52),V49,IF($AD$50=MAX($AD$48:$AD$52),V50,IF($AD$51=MAX($AD$48:$AD$52),(V51),V52)))) -> 0 | W54: =IF($AD$48=MAX($AD$48:$AD$52),W48,IF($AD$49=MAX($AD$48:$AD$52),W49,IF($AD$50=MAX($AD$48:$AD$52),W50,IF($AD$51=MAX($AD$48:$AD$52),(W51),W52)))) -> 2 | ... AA54: =IF($AD$48=MAX($AD$48:$AD$52),AA48,IF($AD$49=MAX($AD$48:$AD$52),AA49,IF($AD$50=MAX($AD$48:$AD$52),AA50,IF($AD$51=MAX($AD$48:$AD$52),(AA51),AA52)))) -> 0 | AB54: =IF($AD$48=MAX($AD$48:$AD$52),A48,IF($AD$49=MAX($AD$48:$AD$52),A49,IF($AD$50=MAX($AD$48:$AD$52),A50,IF($AD$51=MAX($AD$48:$AD$52),A51,A52)))) -> de 7:30 à 8:30 | AD54: =IF($AD$48=MAX($AD$48:$AD$52),AD48,IF($AD$49=MAX($AD$48:$AD$52),AD49,IF($AD$50=MAX($AD$48:$AD$52),AD50,IF($AD$51=MAX($AD$48:$AD$52),(AD51),AD52)))) -> 32 | AE54: =IF(AD54=0,0,AE66/AD54) -> 0.28125 | AF54: =IF(AD54=0,0,AF66/AD54) -> 0.34375 | AG54: =IF(AF66=0,0,AG66/AF66) -> 0.54545455 | AH54: =IF(AD54=0,0,AH66/AD54) -> 0.28125
C56: =C26 -> Depuis 'Reignier-centre' | P56: =P26 -> Depuis 'Reignier - Rue des Ecoles' | AE56: Nombre de VAE dans le total | AF56: Nombre de femmes dans le total | AG56: Nombre de VAE chez les femmes | AH56: Cycles en direction d'Annemasse-Genève
C57: =C27 -> vers 'Annemasse - Genève' | G57: =G27 -> vers 'Rue des Ecoles' | K57: =K27 -> vers 'L'Eculaz' | P57: =P27 -> vers 'Reignier-centre' | T57: =T27 -> vers 'L'Eculaz' | X57: =X27 -> vers 'Annemasse - Genève'
C58: H | E58: F | G58: H | I58: F | K58: H | M58: F | P58: H | R58: F | T58: H | V58: F | X58: H | Z58: F
A59: Période | C59: VAE | D59: vélo | E59: VAE | F59: vélo | G59: VAE | H59: vélo | I59: VAE | J59: vélo | K59: VAE | L59: vélo | M59: VAE | N59: vélo | P59: VAE | Q59: vélo | R59: VAE | S59: vélo | T59: VAE | U59: vélo | V59: VAE | W59: vélo | X59: VAE | Y59: vélo | Z59: VAE | AA59: vélo
A60: de 6:30 à 7:30 | C60: =SUM(C30:C33) -> 1 | D60: =SUM(D30:D33) -> 2 | E60: =SUM(E30:E33) -> 0 | F60: =SUM(F30:F33) -> 0 | G60: =SUM(G30:G33) -> 0 | H60: =SUM(H30:H33) -> 1 | I60: =SUM(I30:I33) -> 0 | J60: =SUM(J30:J33) -> 0 | ... N60: =SUM(N30:N33) -> 0 | P60: =SUM(P30:P33) -> 0 | Q60: =SUM(Q30:Q33) -> 0 | R60: =SUM(R30:R33) -> 0 | S60: =SUM(S30:S33) -> 0 | T60: =SUM(T30:T33) -> 0 | U60: =SUM(U30:U33) -> 0 | V60: =SUM(V30:V33) -> 0 | W60: =SUM(W30:W33) -> 0 | ... AA60: =SUM(AA30:AA33) -> 0 | AE60: =(C48+E48+G48+I48+K48+M48+P48+R48+T48+V48+X48+Z48+C60+E60+G60+I60+K60+M60+P60+R60+T60+V60+X60+Z60) -> 1 | AF60: =(E48+F48+I48+J48+M48+N48+R48+S48+V48+W48+Z48+AA48+E60+F60+I60+J60+M60+N60+R60+S60+V60+W60+Z60+AA60) -> 0 | AG60: =(E48+I48+M48+R48+V48+Z48+E60+I60+M60+R60+V60+Z60) -> 0 | AH60: =SUM(X48:AA48,C60:F60,X60:AA60) -> 4
A61: de 7:00 à 8:00 | C61: =SUM(C32:C35) -> 1 | D61: =SUM(D32:D35) -> 7 | E61: =SUM(E32:E35) -> 1 | F61: =SUM(F32:F35) -> 0 | G61: =SUM(G32:G35) -> 0 | H61: =SUM(H32:H35) -> 1 | I61: =SUM(I32:I35) -> 0 | J61: =SUM(J32:J35) -> 2 | ... N61: =SUM(N32:N35) -> 0 | P61: =SUM(P32:P35) -> 0 | Q61: =SUM(Q32:Q35) -> 0 | R61: =SUM(R32:R35) -> 0 | S61: =SUM(S32:S35) -> 0 | T61: =SUM(T32:T35) -> 0 | U61: =SUM(U32:U35) -> 0 | V61: =SUM(V32:V35) -> 0 | W61: =SUM(W32:W35) -> 0 | ... AA61: =SUM(AA32:AA35) -> 0 | AE61: =(C49+E49+G49+I49+K49+M49+P49+R49+T49+V49+X49+Z49+C61+E61+G61+I61+K61+M61+P61+R61+T61+V61+X61+Z61) -> 5 | AF61: =(E49+F49+I49+J49+M49+N49+R49+S49+V49+W49+Z49+AA49+E61+F61+I61+J61+M61+N61+R61+S61+V61+W61+Z61+AA61) -> 8 | AG61: =(E49+I49+M49+R49+V49+Z49+E61+I61+M61+R61+V61+Z61) -> 3 | AH61: =SUM(X49:AA49,C61:F61,X61:AA61) -> 11
A62: de 7:30 à 8:30 | C62: =SUM(C34:C37) -> 0 | D62: =SUM(D34:D37) -> 5 | E62: =SUM(E34:E37) -> 3 | F62: =SUM(F34:F37) -> 0 | G62: =SUM(G34:G37) -> 0 | H62: =SUM(H34:H37) -> 3 | I62: =SUM(I34:I37) -> 0 | J62: =SUM(J34:J37) -> 2 | ... N62: =SUM(N34:N37) -> 0 | P62: =SUM(P34:P37) -> 0 | Q62: =SUM(Q34:Q37) -> 0 | R62: =SUM(R34:R37) -> 0 | S62: =SUM(S34:S37) -> 0 | T62: =SUM(T34:T37) -> 2 | U62: =SUM(U34:U37) -> 2 | V62: =SUM(V34:V37) -> 1 | W62: =SUM(W34:W37) -> 0 | ... AA62: =SUM(AA34:AA37) -> 0 | AE62: =(C50+E50+G50+I50+K50+M50+P50+R50+T50+V50+X50+Z50+C62+E62+G62+I62+K62+M62+P62+R62+T62+V62+X62+Z62) -> 9 | AF62: =(E50+F50+I50+J50+M50+N50+R50+S50+V50+W50+Z50+AA50+E62+F62+I62+J62+M62+N62+R62+S62+V62+W62+Z62+AA62) -> 11 | AG62: =(E50+I50+M50+R50+V50+Z50+E62+I62+M62+R62+V62+Z62) -> 6 | AH62: =SUM(X50:AA50,C62:F62,X62:AA62) -> 9
A63: de 8:00 à 9:00 | C63: =SUM(C36:C39) -> 1 | D63: =SUM(D36:D39) -> 0 | E63: =SUM(E36:E39) -> 3 | F63: =SUM(F36:F39) -> 0 | G63: =SUM(G36:G39) -> 0 | H63: =SUM(H36:H39) -> 3 | I63: =SUM(I36:I39) -> 0 | J63: =SUM(J36:J39) -> 0 | ... N63: =SUM(N36:N39) -> 0 | P63: =SUM(P36:P39) -> 0 | Q63: =SUM(Q36:Q39) -> 0 | R63: =SUM(R36:R39) -> 0 | S63: =SUM(S36:S39) -> 0 | T63: =SUM(T36:T39) -> 2 | U63: =SUM(U36:U39) -> 3 | V63: =SUM(V36:V39) -> 1 | W63: =SUM(W36:W39) -> 0 | ... AA63: =SUM(AA36:AA39) -> 0 | AE63: =(C51+E51+G51+I51+K51+M51+P51+R51+T51+V51+X51+Z51+C63+E63+G63+I63+K63+M63+P63+R63+T63+V63+X63+Z63) -> 12 | AF63: =(E51+F51+I51+J51+M51+N51+R51+S51+V51+W51+Z51+AA51+E63+F63+I63+J63+M63+N63+R63+S63+V63+W63+Z63+AA63) -> 9 | AG63: =(E51+I51+M51+R51+V51+Z51+E63+I63+M63+R63+V63+Z63) -> 7 | AH63: =SUM(X51:AA51,C63:F63,X63:AA63) -> 4
A64: de 8:30 à 9:30 | C64: =SUM(C38:C41) -> 1 | D64: =SUM(D38:D41) -> 0 | E64: =SUM(E38:E41) -> 1 | F64: =SUM(F38:F41) -> 0 | G64: =SUM(G38:G41) -> 0 | H64: =SUM(H38:H41) -> 0 | I64: =SUM(I38:I41) -> 0 | J64: =SUM(J38:J41) -> 0 | ... N64: =SUM(N38:N41) -> 0 | P64: =SUM(P38:P41) -> 0 | Q64: =SUM(Q38:Q41) -> 0 | R64: =SUM(R38:R41) -> 0 | S64: =SUM(S38:S41) -> 0 | T64: =SUM(T38:T41) -> 0 | U64: =SUM(U38:U41) -> 1 | V64: =SUM(V38:V41) -> 0 | W64: =SUM(W38:W41) -> 0 | ... AA64: =SUM(AA38:AA41) -> 0 | AE64: =(C52+E52+G52+I52+K52+M52+P52+R52+T52+V52+X52+Z52+C64+E64+G64+I64+K64+M64+P64+R64+T64+V64+X64+Z64) -> 7 | AF64: =(E52+F52+I52+J52+M52+N52+R52+S52+V52+W52+Z52+AA52+E64+F64+I64+J64+M64+N64+R64+S64+V64+W64+Z64+AA64) -> 6 | AG64: =(E52+I52+M52+R52+V52+Z52+E64+I64+M64+R64+V64+Z64) -> 4 | AH64: =SUM(X52:AA52,C64:F64,X64:AA64) -> 2
A65: TOTAL | C65: =SUM(C30:C41) -> 2 | D65: =SUM(D30:D41) -> 7 | E65: =SUM(E30:E41) -> 4 | F65: =SUM(F30:F41) -> 0 | G65: =SUM(G30:G41) -> 0 | H65: =SUM(H30:H41) -> 4 | I65: =SUM(I30:I41) -> 0 | J65: =SUM(J30:J41) -> 2 | ... N65: =SUM(N30:N41) -> 0 | P65: =SUM(P30:P41) -> 0 | Q65: =SUM(Q30:Q41) -> 0 | R65: =SUM(R30:R41) -> 0 | S65: =SUM(S30:S41) -> 0 | T65: =SUM(T30:T41) -> 2 | U65: =SUM(U30:U41) -> 3 | V65: =SUM(V30:V41) -> 1 | W65: =SUM(W30:W41) -> 0 | ... AA65: =SUM(AA30:AA41) -> 0 | AE65: =(C53+E53+G53+I53+K53+M53+P53+R53+T53+V53+X53+Z53+C65+E65+G65+I65+K65+M65+P65+R65+T65+V65+X65+Z65) -> 17 | AF65: =(E53+F53+I53+J53+M53+N53+R53+S53+V53+W53+Z53+AA53+E65+F65+I65+J65+M65+N65+R65+S65+V65+W65+Z65+AA65) -> 17 | AG65: =(E53+I53+M53+R53+V53+Z53+E65+I65+M65+R65+V65+Z65) -> 10 | AH65: =SUM(X53:AA53,C65:F65,X65:AA65) -> 15
A66: =IF($AD$48=MAX($AD$48:$AD$52),A60,IF($AD$49=MAX($AD$48:$AD$52),A61,IF($AD$50=MAX($AD$48:$AD$52),A62,IF($AD$51=MAX($AD$48:$AD$52),A63,A64)))) -> de 7:30 à 8:30 | C66: =IF($AD$48=MAX($AD$48:$AD$52),C60,IF($AD$49=MAX($AD$48:$AD$52),C61,IF($AD$50=MAX($AD$48:$AD$52),C62,IF($AD$51=MAX($AD$48:$AD$52),C63,C64)))) -> 0 | D66: =IF($AD$48=MAX($AD$48:$AD$52),D60,IF($AD$49=MAX($AD$48:$AD$52),D61,IF($AD$50=MAX($AD$48:$AD$52),D62,IF($AD$51=MAX($AD$48:$AD$52),D63,D64)))) -> 5 | E66: =IF($AD$48=MAX($AD$48:$AD$52),E60,IF($AD$49=MAX($AD$48:$AD$52),E61,IF($AD$50=MAX($AD$48:$AD$52),E62,IF($AD$51=MAX($AD$48:$AD$52),E63,E64)))) -> 3 | F66: =IF($AD$48=MAX($AD$48:$AD$52),F60,IF($AD$49=MAX($AD$48:$AD$52),F61,IF($AD$50=MAX($AD$48:$AD$52),F62,IF($AD$51=MAX($AD$48:$AD$52),F63,F64)))) -> 0 | G66: =IF($AD$48=MAX($AD$48:$AD$52),G60,IF($AD$49=MAX($AD$48:$AD$52),G61,IF($AD$50=MAX($AD$48:$AD$52),G62,IF($AD$51=MAX($AD$48:$AD$52),G63,G64)))) -> 0 | H66: =IF($AD$48=MAX($AD$48:$AD$52),H60,IF($AD$49=MAX($AD$48:$AD$52),H61,IF($AD$50=MAX($AD$48:$AD$52),H62,IF($AD$51=MAX($AD$48:$AD$52),H63,H64)))) -> 3 | I66: =IF($AD$48=MAX($AD$48:$AD$52),I60,IF($AD$49=MAX($AD$48:$AD$52),I61,IF($AD$50=MAX($AD$48:$AD$52),I62,IF($AD$51=MAX($AD$48:$AD$52),I63,I64)))) -> 0 | J66: =IF($AD$48=MAX($AD$48:$AD$52),J60,IF($AD$49=MAX($AD$48:$AD$52),J61,IF($AD$50=MAX($AD$48:$AD$52),J62,IF($AD$51=MAX($AD$48:$AD$52),J63,J64)))) -> 2 | ... N66: =IF($AD$48=MAX($AD$48:$AD$52),N60,IF($AD$49=MAX($AD$48:$AD$52),N61,IF($AD$50=MAX($AD$48:$AD$52),N62,IF($AD$51=MAX($AD$48:$AD$52),N63,N64)))) -> 0 | P66: =IF($AD$48=MAX($AD$48:$AD$52),P60,IF($AD$49=MAX($AD$48:$AD$52),P61,IF($AD$50=MAX($AD$48:$AD$52),P62,IF($AD$51=MAX($AD$48:$AD$52),P63,P64)))) -> 0 | Q66: =IF($AD$48=MAX($AD$48:$AD$52),Q60,IF($AD$49=MAX($AD$48:$AD$52),Q61,IF($AD$50=MAX($AD$48:$AD$52),Q62,IF($AD$51=MAX($AD$48:$AD$52),Q63,Q64)))) -> 0 | R66: =IF($AD$48=MAX($AD$48:$AD$52),R60,IF($AD$49=MAX($AD$48:$AD$52),R61,IF($AD$50=MAX($AD$48:$AD$52),R62,IF($AD$51=MAX($AD$48:$AD$52),R63,R64)))) -> 0 | S66: =IF($AD$48=MAX($AD$48:$AD$52),S60,IF($AD$49=MAX($AD$48:$AD$52),S61,IF($AD$50=MAX($AD$48:$AD$52),S62,IF($AD$51=MAX($AD$48:$AD$52),S63,S64)))) -> 0 | T66: =IF($AD$48=MAX($AD$48:$AD$52),T60,IF($AD$49=MAX($AD$48:$AD$52),T61,IF($AD$50=MAX($AD$48:$AD$52),T62,IF($AD$51=MAX($AD$48:$AD$52),T63,T64)))) -> 2 | U66: =IF($AD$48=MAX($AD$48:$AD$52),U60,IF($AD$49=MAX($AD$48:$AD$52),U61,IF($AD$50=MAX($AD$48:$AD$52),U62,IF($AD$51=MAX($AD$48:$AD$52),U63,U64)))) -> 2 | V66: =IF($AD$48=MAX($AD$48:$AD$52),V60,IF($AD$49=MAX($AD$48:$AD$52),V61,IF($AD$50=MAX($AD$48:$AD$52),V62,IF($AD$51=MAX($AD$48:$AD$52),V63,V64)))) -> 1 | W66: =IF($AD$48=MAX($AD$48:$AD$52),W60,IF($AD$49=MAX($AD$48:$AD$52),W61,IF($AD$50=MAX($AD$48:$AD$52),W62,IF($AD$51=MAX($AD$48:$AD$52),W63,W64)))) -> 0 | ... AA66: =IF($AD$48=MAX($AD$48:$AD$52),AA60,IF($AD$49=MAX($AD$48:$AD$52),AA61,IF($AD$50=MAX($AD$48:$AD$52),AA62,IF($AD$51=MAX($AD$48:$AD$52),AA63,AA64)))) -> 0 | AE66: =(C54+E54+G54+I54+K54+M54+P54+R54+T54+V54+X54+Z54+C66+E66+G66+I66+K66+M66+P66+R66+T66+V66+X66+Z66) -> 9 | AF66: =(E54+F54+I54+J54+M54+N54+R54+S54+V54+W54+Z54+AA54+E66+F66+I66+J66+M66+N66+R66+S66+V66+W66+Z66+AA66) -> 11 | AG66: =(E54+I54+M54+R54+V54+Z54+E66+I66+M66+R66+V66+Z66) -> 6 | AH66: =SUM(X54:AA54,C66:F66,X66:AA66) -> 9

Sheet RE_Foron
A1: Lieu : | B1: REIGNIER BAS_Giratoire D2 / D202 (vers le Foron) | N1: Date : | O1: mardi 6 juin 2023
A2: Nom des personnes participant au comptage :
A3: Météo : | C3: Excellente (grand soleil)
A5: Remarques : | C5: Un groupe de 6 cyclistes vers 8h45, sinon RAS Sur 26 cyclistes comptés, 15 vont en dir. d'Annemasse, 3 en dir. de Reignier et 8 en dir. d'Arthaz | P5: Méthodologie : | R5: Pour chaque intervalle de temps, marquer une seule croix par personne comptée. Si c'est enfant, remplacer la croix par E, une trottinette T, un piéton P, etc.
C7: Depuis 'Arthaz' | L7: Depuis 'Annemasse' | U7: Depuis 'Reignier'
C8: vers 'Reignier' | G8: vers 'Annemasse' | L8: vers 'Reignier' | P8: vers 'Arthaz' | U8: vers 'Arthaz' | Y8: vers 'Annemasse'
C9: H | E9: F | G9: H | I9: F | L9: H | N9: F | P9: H | R9: F | U9: H | W9: F | Y9: H | AA9: F
A10: Heure | B10: Minute | C10: VAE | D10: vélo | E10: VAE | F10: vélo | G10: VAE | H10: vélo | I10: VAE | J10: vélo | L10: VAE | M10: vélo | N10: VAE | O10: vélo | P10: VAE | Q10: vélo | R10: VAE | S10: vélo | U10: VAE | V10: vélo | W10: VAE | X10: vélo | Y10: VAE | Z10: vélo | AA10: VAE | AB10: vélo
A11: 6 | B11: 30 – 44'59
B12: 45 – 59'59
A13: 7 | B13: 00 – 14'59 | N13: 1 | V13: 2
B14: 15 – 29'59 | C14: 1 | E14: 1 | W14: 1 | Y14: 1 | Z14: 3 | AA14: 1
B15: 30 – 44'59
B16: 45 – 59'59 | V16: 1 | Y16: 1
A17: 8 | B17: 00 – 14'59 | U17: 1 | V17: 1 | Y17: 1
B18: 15 – 29'59 | U18: 1 | Z18: 1
B19: 30 – 44'59
B20: 45 – 59'59 | G20: 6 | H20: 1 | V20: 1
A21: 9 | B21: 00 – 14'59
B22: 15 – 29'59
C25: =C7 -> Depuis 'Arthaz' | L25: =L7 -> Depuis 'Annemasse' | U25: =U7 -> Depuis 'Reignier' | AE25: TOTAL | AF25: Part des VAE dans le total | AG25: Part des femmes dans le total | AH25: Part des VAE chez les femmes | AI25: Part en direction d'Annemasse-Genève | AJ25: Cycles en provenance de Reignier | AK25: Cycles venant du giratoire des Jonquilles | AL25: Différence de cycles entre ces deux carrefour : >> descendus au chemin raide sous le cimetière, >> parti en vélo depuis le parking du cimetière ?
C26: =C8 -> vers 'Reignier' | G26: =G8 -> vers 'Annemasse' | L26: =L8 -> vers 'Reignier' | P26: =P8 -> vers 'Arthaz' | U26: =U8 -> vers 'Arthaz' | Y26: =Y8 -> vers 'Annemasse'
C27: H | E27: F | G27: H | I27: F | L27: H | N27: F | P27: H | R27: F | U27: H | W27: F | Y27: H | AA27: F
A28: Période | C28: VAE | D28: vélo | E28: VAE | F28: vélo | G28: VAE | H28: vélo | I28: VAE | J28: vélo | L28: VAE | M28: vélo | N28: VAE | O28: vélo | P28: VAE | Q28: vélo | R28: VAE | S28: vélo | U28: VAE | V28: vélo | W28: VAE | X28: vélo | Y28: VAE | Z28: vélo | AA28: VAE | AB28: vélo | AC28: Période
A29: de 6:30 à 7:30 | C29: =SUM(C11:C14) -> 1 | D29: =SUM(D11:D14) -> 0 | E29: =SUM(E11:E14) -> 1 | F29: =SUM(F11:F14) -> 0 | G29: =SUM(G11:G14) -> 0 | H29: =SUM(H11:H14) -> 0 | I29: =SUM(I11:I14) -> 0 | J29: =SUM(J11:J14) -> 0 | L29: =SUM(L11:L14) -> 0 | M29: =SUM(M11:M14) -> 0 | N29: =SUM(N11:N14) -> 1 | O29: =SUM(O11:O14) -> 0 | P29: =SUM(P11:P14) -> 0 | Q29: =SUM(Q11:Q14) -> 0 | R29: =SUM(R11:R14) -> 0 | S29: =SUM(S11:S14) -> 0 | U29: =SUM(U11:U14) -> 0 | V29: =SUM(V11:V14) -> 2 | W29: =SUM(W11:W14) -> 1 | X29: =SUM(X11:X14) -> 0 | Y29: =SUM(Y11:Y14) -> 1 | Z29: =SUM(Z11:Z14) -> 3 | AA29: =SUM(AA11:AA14) -> 1 | AB29: =SUM(AB11:AB14) -> 0 | AC29: de 6:30 à 7:30 | AE29: =SUM(C29:AB29) -> 11 | AF29: =IF(AE29=0,0,AF41/AE29) -> 0.54545455 | AG29: =IF(AE29=0,0,AG41/AE29) -> 0.36363636 | AH29: =IF(AG41=0,0,AH41/AG41) -> 1 | AI29: =IF(AE29=0,0,AI41/AE29) -> 0.45454545 | AJ29: =SUM(U29:AB29) -> 8 | AK29: =RE_Eglise!AH60 -> 4 | AL29: =AK29-AJ29 -> -4
A30: de 7:00 à 8:00 | C30: =SUM(C13:C16) -> 1 | D30: =SUM(D13:D16) -> 0 | E30: =SUM(E13:E16) -> 1 | F30: =SUM(F13:F16) -> 0 | G30: =SUM(G13:G16) -> 0 | H30: =SUM(H13:H16) -> 0 | I30: =SUM(I13:I16) -> 0 | J30: =SUM(J13:J16) -> 0 | L30: =SUM(L13:L16) -> 0 | M30: =SUM(M13:M16) -> 0 | N30: =SUM(N13:N16) -> 1 | O30: =SUM(O13:O16) -> 0 | P30: =SUM(P13:P16) -> 0 | Q30: =SUM(Q13:Q16) -> 0 | R30: =SUM(R13:R16) -> 0 | S30: =SUM(S13:S16) -> 0 | U30: =SUM(U13:U16) -> 0 | V30: =SUM(V13:V16) -> 3 | W30: =SUM(W13:W16) -> 1 | X30: =SUM(X13:X16) -> 0 | Y30: =SUM(Y13:Y16) -> 2 | Z30: =SUM(Z13:Z16) -> 3 | AA30: =SUM(AA13:AA16) -> 1 | AB30: =SUM(AB13:AB16) -> 0 | AC30: de 7:00 à 8:00 | AE30: =SUM(C30:AB30) -> 13 | AF30: =IF(AE30=0,0,AF42/AE30) -> 0.53846154 | AG30: =IF(AE30=0,0,AG42/AE30) -> 0.30769231 | AH30: =IF(AG42=0,0,AH42/AG42) -> 1 | AI30: =IF(AE30=0,0,AI42/AE30) -> 0.46153846 | AJ30: =SUM(U30:AB30) -> 10 | AK30: =RE_Eglise!AH61 -> 11 | AL30: =AK30-AJ30 -> 1
A31: de 7:30 à 8:30 | C31: =SUM(C15:C18) -> 0 | D31: =SUM(D15:D18) -> 0 | E31: =SUM(E15:E18) -> 0 | F31: =SUM(F15:F18) -> 0 | G31: =SUM(G15:G18) -> 0 | H31: =SUM(H15:H18) -> 0 | I31: =SUM(I15:I18) -> 0 | J31: =SUM(J15:J18) -> 0 | L31: =SUM(L15:L18) -> 0 | M31: =SUM(M15:M18) -> 0 | N31: =SUM(N15:N18) -> 0 | O31: =SUM(O15:O18) -> 0 | P31: =SUM(P15:P18) -> 0 | Q31: =SUM(Q15:Q18) -> 0 | R31: =SUM(R15:R18) -> 0 | S31: =SUM(S15:S18) -> 0 | U31: =SUM(U15:U18) -> 2 | V31: =SUM(V15:V18) -> 2 | W31: =SUM(W15:W18) -> 0 | X31: =SUM(X15:X18) -> 0 | Y31: =SUM(Y15:Y18) -> 2 | Z31: =SUM(Z15:Z18) -> 1 | AA31: =SUM(AA15:AA18) -> 0 | AB31: =SUM(AB15:AB18) -> 0 | AC31: de 7:30 à 8:30 | AE31: =SUM(C31:AB31) -> 7 | AF31: =IF(AE31=0,0,AF43/AE31) -> 0.57142857 | AG31: =IF(AE31=0,0,AG43/AE31) -> 0 | AH31: =IF(AG43=0,0,AH43/AG43) -> 0 | AI31: =IF(AE31=0,0,AI43/AE31) -> 0.42857143 | AJ31: =SUM(U31:AB31) -> 7 | AK31: =RE_Eglise!AH62 -> 9 | AL31: =AK31-AJ31 -> 2
A32: de 8:00 à 9:00 | C32: =SUM(C17:C20) -> 0 | D32: =SUM(D17:D20) -> 0 | E32: =SUM(E17:E20) -> 0 | F32: =SUM(F17:F20) -> 0 | G32: =SUM(G17:G20) -> 6 | H32: =SUM(H17:H20) -> 1 | I32: =SUM(I17:I20) -> 0 | J32: =SUM(J17:J20) -> 0 | L32: =SUM(L17:L20) -> 0 | M32: =SUM(M17:M20) -> 0 | N32: =SUM(N17:N20) -> 0 | O32: =SUM(O17:O20) -> 0 | P32: =SUM(P17:P20) -> 0 | Q32: =SUM(Q17:Q20) -> 0 | R32: =SUM(R17:R20) -> 0 | S32: =SUM(S17:S20) -> 0 | U32: =SUM(U17:U20) -> 2 | V32: =SUM(V17:V20) -> 2 | W32: =SUM(W17:W20) -> 0 | X32: =SUM(X17:X20) -> 0 | Y32: =SUM(Y17:Y20) -> 1 | Z32: =SUM(Z17:Z20) -> 1 | AA32: =SUM(AA17:AA20) -> 0 | AB32: =SUM(AB17:AB20) -> 0 | AC32: de 8:00 à 9:00 | AE32: =SUM(C32:AB32) -> 13 | AF32: =IF(AE32=0,0,AF44/AE32) -> 0.69230769 | AG32: =IF(AE32=0,0,AG44/AE32) -> 0 | AH32: =IF(AG44=0,0,AH44/AG44) -> 0 | AI32: =IF(AE32=0,0,AI44/AE32) -> 0.69230769 | AJ32: =SUM(U32:AB32) -> 6 | AK32: =RE_Eglise!AH63 -> 4 | AL32: =AK32-AJ32 -> -2
A33: de 8:30 à 9:30 | C33: =SUM(C19:C22) -> 0 | D33: =SUM(D19:D22) -> 0 | E33: =SUM(E19:E22) -> 0 | F33: =SUM(F19:F22) -> 0 | G33: =SUM(G19:G22) -> 6 | H33: =SUM(H19:H22) -> 1 | I33: =SUM(I19:I22) -> 0 | J33: =SUM(J19:J22) -> 0 | L33: =SUM(L19:L22) -> 0 | M33: =SUM(M19:M22) -> 0 | N33: =SUM(N19:N22) -> 0 | O33: =SUM(O19:O22) -> 0 | P33: =SUM(P19:P22) -> 0 | Q33: =SUM(Q19:Q22) -> 0 | R33: =SUM(R19:R22) -> 0 | S33: =SUM(S19:S22) -> 0 | U33: =SUM(U19:U22) -> 0 | V33: =SUM(V19:V22) -> 1 | W33: =SUM(W19:W22) -> 0 | X33: =SUM(X19:X22) -> 0 | Y33: =SUM(Y19:Y22) -> 0 | Z33: =SUM(Z19:Z22) -> 0 | AA33: =SUM(AA19:AA22) -> 0 | AB33: =SUM(AB19:AB22) -> 0 | AC33: de 8:30 à 9:30 | AE33: =SUM(C33:AB33) -> 8 | AF33: =IF(AE33=0,0,AF45/AE33) -> 0.75 | AG33: =IF(AE33=0,0,AG45/AE33) -> 0 | AH33: =IF(AG45=0,0,AH45/AG45) -> 0 | AI33: =IF(AE33=0,0,AI45/AE33) -> 0.875 | AJ33: =SUM(U33:AB33) -> 1 | AK33: =RE_Eglise!AH64 -> 2 | AL33: =AK33-AJ33 -> 1
A34: TOTAL | C34: =SUM(C11:C22) -> 1 | D34: =SUM(D11:D22) -> 0 | E34: =SUM(E11:E22) -> 1 | F34: =SUM(F11:F22) -> 0 | G34: =SUM(G11:G22) -> 6 | H34: =SUM(H11:H22) -> 1 | I34: =SUM(I11:I22) -> 0 | J34: =SUM(J11:J22) -> 0 | L34: =SUM(L11:L22) -> 0 | M34: =SUM(M11:M22) -> 0 | N34: =SUM(N11:N22) -> 1 | O34: =SUM(O11:O22) -> 0 | P34: =SUM(P11:P22) -> 0 | Q34: =SUM(Q11:Q22) -> 0 | R34: =SUM(R11:R22) -> 0 | S34: =SUM(S11:S22) -> 0 | U34: =SUM(U11:U22) -> 2 | V34: =SUM(V11:V22) -> 5 | W34: =SUM(W11:W22) -> 1 | X34: =SUM(X11:X22) -> 0 | Y34: =SUM(Y11:Y22) -> 3 | Z34: =SUM(Z11:Z22) -> 4 | AA34: =SUM(AA11:AA22) -> 1 | AB34: =SUM(AB11:AB22) -> 0 | AC34: TOTAL | AE34: =SUM(C34:AB34) -> 26 | AF34: =IF(AE34=0,0,AF46/AE34) -> 0.61538462 | AG34: =IF(AE34=0,0,AG46/AE34) -> 0.15384615 | AH34: =IF(AG46=0,0,AH46/AG46) -> 1 | AI34: =IF(AE34=0,0,AI46/AE34) -> 0.57692308 | AJ34: =SUM(U34:AB34) -> 16 | AK34: =RE_Eglise!AH65 -> 15 | AL34: =AK34-AJ34 -> -1
A35: =IF($AE$29=MAX($AE$29:$AE$33),A29,IF($AE$30=MAX($AE$29:$AE$33),A30,IF($AE$31=MAX($AE$29:$AE$33),A31,IF($AE$32=MAX($AE$29:$AE$33),A32,A33)))) -> de 7:00 à 8:00 | C35: =IF($AE$29=MAX($AE$29:$AE$33),C29,IF($AE$30=MAX($AE$29:$AE$33),C30,IF($AE$31=MAX($AE$29:$AE$33),C31,IF($AE$32=MAX($AE$29:$AE$33),C32,C33)))) -> 1 | D35: =IF($AE$29=MAX($AE$29:$AE$33),D29,IF($AE$30=MAX($AE$29:$AE$33),D30,IF($AE$31=MAX($AE$29:$AE$33),D31,IF($AE$32=MAX($AE$29:$AE$33),D32,D33)))) -> 0 | E35: =IF($AE$29=MAX($AE$29:$AE$33),E29,IF($AE$30=MAX($AE$29:$AE$33),E30,IF($AE$31=MAX($AE$29:$AE$33),E31,IF($AE$32=MAX($AE$29:$AE$33),E32,E33)))) -> 1 | F35: =IF($AE$29=MAX($AE$29:$AE$33),F29,IF($AE$30=MAX($AE$29:$AE$33),F30,IF($AE$31=MAX($AE$29:$AE$33),F31,IF($AE$32=MAX($AE$29:$AE$33),F32,F33)))) -> 0 | G35: =IF($AE$29=MAX($AE$29:$AE$33),G29,IF($AE$30=MAX($AE$29:$AE$33),G30,IF($AE$31=MAX($AE$29:$AE$33),G31,IF($AE$32=MAX($AE$29:$AE$33),G32,G33)))) -> 0 | H35: =IF($AE$29=MAX($AE$29:$AE$33),H29,IF($AE$30=MAX($AE$29:$AE$33),H30,IF($AE$31=MAX($AE$29:$AE$33),H31,IF($AE$32=MAX($AE$29:$AE$33),H32,H33)))) -> 0 | I35: =IF($AE$29=MAX($AE$29:$AE$33),I29,IF($AE$30=MAX($AE$29:$AE$33),I30,IF($AE$31=MAX($AE$29:$AE$33),I31,IF($AE$32=MAX($AE$29:$AE$33),I32,I33)))) -> 0 | J35: =IF($AE$29=MAX($AE$29:$AE$33),J29,IF($AE$30=MAX($AE$29:$AE$33),J30,IF($AE$31=MAX($AE$29:$AE$33),J31,IF($AE$32=MAX($AE$29:$AE$33),J32,J33)))) -> 0 | L35: =IF($AE$29=MAX($AE$29:$AE$33),L29,IF($AE$30=MAX($AE$29:$AE$33),L30,IF($AE$31=MAX($AE$29:$AE$33),L31,IF($AE$32=MAX($AE$29:$AE$33),L32,L33)))) -> 0 | M35: =IF($AE$29=MAX($AE$29:$AE$33),M29,IF($AE$30=MAX($AE$29:$AE$33),M30,IF($AE$31=MAX($AE$29:$AE$33),M31,IF($AE$32=MAX($AE$29:$AE$33),M32,M33)))) -> 0 | N35: =IF($AE$29=MAX($AE$29:$AE$33),N29,IF($AE$30=MAX($AE$29:$AE$33),N30,IF($AE$31=MAX($AE$29:$AE$33),N31,IF($AE$32=MAX($AE$29:$AE$33),N32,N33)))) -> 1 | O35: =IF($AE$29=MAX($AE$29:$AE$33),O29,IF($AE$30=MAX($AE$29:$AE$33),O30,IF($AE$31=MAX($AE$29:$AE$33),O31,IF($AE$32=MAX($AE$29:$AE$33),O32,O33)))) -> 0 | P35: =IF($AE$29=MAX($AE$29:$AE$33),P29,IF($AE$30=MAX($AE$29:$AE$33),P30,IF($AE$31=MAX($AE$29:$AE$33),P31,IF($AE$32=MAX($AE$29:$AE$33),P32,P33)))) -> 0 | Q35: =IF($AE$29=MAX($AE$29:$AE$33),Q29,IF($AE$30=MAX($AE$29:$AE$33),Q30,IF($AE$31=MAX($AE$29:$AE$33),Q31,IF($AE$32=MAX($AE$29:$AE$33),Q32,Q33)))) -> 0 | R35: =IF($AE$29=MAX($AE$29:$AE$33),R29,IF($AE$30=MAX($AE$29:$AE$33),R30,IF($AE$31=MAX($AE$29:$AE$33),R31,IF($AE$32=MAX($AE$29:$AE$33),R32,R33)))) -> 0 | S35: =IF($AE$29=MAX($AE$29:$AE$33),S29,IF($AE$30=MAX($AE$29:$AE$33),S30,IF($AE$31=MAX($AE$29:$AE$33),S31,IF($AE$32=MAX($AE$29:$AE$33),S32,S33)))) -> 0 | U35: =IF($AE$29=MAX($AE$29:$AE$33),U29,IF($AE$30=MAX($AE$29:$AE$33),U30,IF($AE$31=MAX($AE$29:$AE$33),U31,IF($AE$32=MAX($AE$29:$AE$33),U32,U33)))) -> 0 | V35: =IF($AE$29=MAX($AE$29:$AE$33),V29,IF($AE$30=MAX($AE$29:$AE$33),V30,IF($AE$31=MAX($AE$29:$AE$33),V31,IF($AE$32=MAX($AE$29:$AE$33),V32,V33)))) -> 3 | W35: =IF($AE$29=MAX($AE$29:$AE$33),W29,IF($AE$30=MAX($AE$29:$AE$33),W30,IF($AE$31=MAX($AE$29:$AE$33),W31,IF($AE$32=MAX($AE$29:$AE$33),W32,W33)))) -> 1 | X35: =IF($AE$29=MAX($AE$29:$AE$33),X29,IF($AE$30=MAX($AE$29:$AE$33),X30,IF($AE$31=MAX($AE$29:$AE$33),X31,IF($AE$32=MAX($AE$29:$AE$33),X32,X33)))) -> 0 | Y35: =IF($AE$29=MAX($AE$29:$AE$33),Y29,IF($AE$30=MAX($AE$29:$AE$33),Y30,IF($AE$31=MAX($AE$29:$AE$33),Y31,IF($AE$32=MAX($AE$29:$AE$33),Y32,Y33)))) -> 2 | Z35: =IF($AE$29=MAX($AE$29:$AE$33),Z29,IF($AE$30=MAX($AE$29:$AE$33),Z30,IF($AE$31=MAX($AE$29:$AE$33),Z31,IF($AE$32=MAX($AE$29:$AE$33),Z32,Z33)))) -> 3 | AA35: =IF($AE$29=MAX($AE$29:$AE$33),AA29,IF($AE$30=MAX($AE$29:$AE$33),AA30,IF($AE$31=MAX($AE$29:$AE$33),AA31,IF($AE$32=MAX($AE$29:$AE$33),AA32,AA33)))) -> 1 | AB35: =IF($AE$29=MAX($AE$29:$AE$33),AB29,IF($AE$30=MAX($AE$29:$AE$33),AB30,IF($AE$31=MAX($AE$29:$AE$33),AB31,IF($AE$32=MAX($AE$29:$AE$33),AB32,AB33)))) -> 0 | AC35: =A35 -> de 7:00 à 8:00 | AE35: =SUM(C35:AB35) -> 13 | AF35: =IF(AE35=0,0,AF47/AE35) -> 0.53846154 | AG35: =IF(AE35=0,0,AG47/AE35) -> 0.30769231 | AH35: =IF(AG47=0,0,AH47/AG47) -> 1 | AI35: =IF(AE35=0,0,AI47/AE35) -> 0.46153846 | AJ35: =SUM(U35:AB35) -> 10 | AK35: =RE_Eglise!AH66 -> 9 | AL35: =AK35-AJ35 -> -1
AF37: Nombre de VAE dans le total | AG37: Nombre de femmes dans le total | AH37: Nombre de VAE chez les femmes | AI37: Cycles en direction d'Annemasse-Genève
AF41: =(C29+E29+G29+I29+L29+N29+P29+R29+U29+W29+Y29+AA29) -> 6 | AG41: =(E29+F29+I29+J29+N29+O29+R29+S29+W29+X29+AA29+AB29) -> 4 | AH41: =(E29+I29+N29+R29+W29+AA29) -> 4 | AI41: =SUM(G29:J29,Y29:AB29) -> 5
AF42: =(C30+E30+G30+I30+L30+N30+P30+R30+U30+W30+Y30+AA30) -> 7 | AG42: =(E30+F30+I30+J30+N30+O30+R30+S30+W30+X30+AA30+AB30) -> 4 | AH42: =(E30+I30+N30+R30+W30+AA30) -> 4 | AI42: =SUM(G30:J30,Y30:AB30) -> 6
AF43: =(C31+E31+G31+I31+L31+N31+P31+R31+U31+W31+Y31+AA31) -> 4 | AG43: =(E31+F31+I31+J31+N31+O31+R31+S31+W31+X31+AA31+AB31) -> 0 | AH43: =(E31+I31+N31+R31+W31+AA31) -> 0 | AI43: =SUM(G31:J31,Y31:AB31) -> 3
AF44: =(C32+E32+G32+I32+L32+N32+P32+R32+U32+W32+Y32+AA32) -> 9 | AG44: =(E32+F32+I32+J32+N32+O32+R32+S32+W32+X32+AA32+AB32) -> 0 | AH44: =(E32+I32+N32+R32+W32+AA32) -> 0 | AI44: =SUM(G32:J32,Y32:AB32) -> 9
AF45: =(C33+E33+G33+I33+L33+N33+P33+R33+U33+W33+Y33+AA33) -> 6 | AG45: =(E33+F33+I33+J33+N33+O33+R33+S33+W33+X33+AA33+AB33) -> 0 | AH45: =(E33+I33+N33+R33+W33+AA33) -> 0 | AI45: =SUM(G33:J33,Y33:AB33) -> 7
AF46: =(C34+E34+G34+I34+L34+N34+P34+R34+U34+W34+Y34+AA34) -> 16 | AG46: =(E34+F34+I34+J34+N34+O34+R34+S34+W34+X34+AA34+AB34) -> 4 | AH46: =(E34+I34+N34+R34+W34+AA34) -> 4 | AI46: =SUM(G34:J34,Y34:AB34) -> 15
AF47: =(C35+E35+G35+I35+L35+N35+P35+R35+U35+W35+Y35+AA35) -> 7 | AG47: =(E35+F35+I35+J35+N35+O35+R35+S35+W35+X35+AA35+AB35) -> 4 | AH47: =(E35+I35+N35+R35+W35+AA35) -> 4 | AI47: =SUM(G35:J35,Y35:AB35) -> 6

Sheet RE_La Forge (gir.)
A1: Lieu : | B1: REIGNIER_Giratoire de la Forge (en-dessous du Fil des Saisons) | M1: Date : | N1: mardi 6 juin 2023
A2: Nom des personnes participant au comptage :
A3: Météo :
A4: Remarques :
A5: Méthodologie : | C5: Pour chaque intervalle de temps, marquer une seule croix par personne comptée
C6: Si c'est enfant, remplacer la croix par E, une trottinette T, un piéton P, etc.
C8: Depuis 'Esery' | K8: Depuis 'Reignier' | S8: Depuis 'Annemasse'
C9: vers 'Reignier' | G9: vers 'Annemasse' | K9: vers 'Esery' | O9: vers 'Annemasse' | S9: vers 'Reignier' | W9: vers 'Esery'
C10: H | E10: F | G10: H | I10: F | K10: H | M10: F | O10: H | Q10: F | S10: H | U10: F | W10: H | Y10: F
A11: Heure | B11: Minute | C11: VAE | D11: vélo | E11: VAE | F11: vélo | G11: VAE | H11: vélo | I11: VAE | J11: vélo | K11: VAE | L11: vélo | M11: VAE | N11: vélo | O11: VAE | P11: vélo | Q11: VAE | R11: vélo | S11: VAE | T11: vélo | U11: VAE | V11: vélo | W11: VAE | X11: vélo | Y11: VAE | Z11: vélo
A12: 6 | B12: 30 – 44'59
B13: 45 – 59'59
A14: 7 | B14: 00 – 14'59
B15: 15 – 29'59
B16: 30 – 44'59
B17: 45 – 59'59
A18: 8 | B18: 00 – 14'59
B19: 15 – 29'59
B20: 30 – 44'59
B21: 45 – 59'59
A22: 9 | B22: 00 – 14'59
B23: 15 – 29'59
A25: Lieu : | B25: =B1 -> REIGNIER_Giratoire de la Forge (en-dessous du Fil des Saisons) | M25: Date : | N25: =N1 -> mardi 6 juin 2023 | AA25: Lieu : | AB25: =B25 -> REIGNIER_Giratoire de la Forge (en-dessous du Fil des Saisons) | AH25: Date : | AI25: =N25 -> mardi 6 juin 2023
A26: Nom des personnes participant au comptage : | G26: =G2 -> 0 | AA26: Nom des personnes participant au comptage : | AE26: =G26 -> 0
A27: Météo : | C27: =C3 -> 0 | AA27: Météo : | AC27: =C27 -> 0
A28: Remarques : | C28: =C4 -> 0 | AA28: Remarques : | AC28: =C28 -> 0
C32: =C8 -> Depuis 'Esery' | K32: =K8 -> Depuis 'Reignier' | S32: =S8 -> Depuis 'Annemasse' | AC32: TOTAL | AD32: Part des VAE dans le total | AE32: Part des femmes dans le total | AF32: Part des VAE chez les femmes | AG32: Part en direction d'Annemasse-Genève | AH32: Part en provenance de Reignier | AI32: Part en provenance d'Esery | AJ32: Remarques
C33: =C9 -> vers 'Reignier' | G33: =G9 -> vers 'Annemasse' | K33: =K9 -> vers 'Esery' | O33: =O9 -> vers 'Annemasse' | S33: =S9 -> vers 'Reignier' | W33: =W9 -> vers 'Esery'
C34: H | E34: F | G34: H | I34: F | K34: H | M34: F | O34: H | Q34: F | S34: H | U34: F | W34: H | Y34: F
A35: Période | C35: VAE | D35: vélo | E35: VAE | F35: vélo | G35: VAE | H35: vélo | I35: VAE | J35: vélo | K35: VAE | L35: vélo | M35: VAE | N35: vélo | O35: VAE | P35: vélo | Q35: VAE | R35: vélo | S35: VAE | T35: vélo | U35: VAE | V35: vélo | W35: VAE | X35: vélo | Y35: VAE | Z35: vélo | AA35: Période
A36: de 6:30 à 7:30 | C36: =SUM(C12:C15) -> 0 | D36: =SUM(D12:D15) -> 0 | E36: =SUM(E12:E15) -> 0 | F36: =SUM(F12:F15) -> 0 | G36: =SUM(G12:G15) -> 0 | H36: =SUM(H12:H15) -> 0 | I36: =SUM(I12:I15) -> 0 | J36: =SUM(J12:J15) -> 0 | ... Z36: =SUM(Z12:Z15) -> 0 | AA36: de 6:30 à 7:30 | AC36: =SUM(C36:Z36) -> 0 | AD36: =IF(AC36=0,0,AD48/AC36) -> 0 | AE36: =IF(AC36=0,0,AE48/AC36) -> 0 | AF36: =IF(AE48=0,0,AF48/AE48) -> 0 | AG36: =IF(AC36=0,0,AG48/AC36) -> 0 | AH36: =IF(AC36=0,0,AH48/AC36) -> 0 | AI36: =IF(AC36=0,0,AI48/AC36) -> 0
A37: de 7:00 à 8:00 | C37: =SUM(C14:C17) -> 0 | D37: =SUM(D14:D17) -> 0 | E37: =SUM(E14:E17) -> 0 | F37: =SUM(F14:F17) -> 0 | G37: =SUM(G14:G17) -> 0 | H37: =SUM(H14:H17) -> 0 | I37: =SUM(I14:I17) -> 0 | J37: =SUM(J14:J17) -> 0 | ... Z37: =SUM(Z14:Z17) -> 0 | AA37: de 7:00 à 8:00 | AC37: =SUM(C37:Z37) -> 0 | AD37: =IF(AC37=0,0,AD49/AC37) -> 0 | AE37: =IF(AC37=0,0,AE49/AC37) -> 0 | AF37: =IF(AE49=0,0,AF49/AE49) -> 0 | AG37: =IF(AC37=0,0,AG49/AC37) -> 0 | AH37: =IF(AC37=0,0,AH49/AC37) -> 0 | AI37: =IF(AC37=0,0,AI49/AC37) -> 0
A38: de 7:30 à 8:30 | C38: =SUM(C16:C19) -> 0 | D38: =SUM(D16:D19) -> 0 | E38: =SUM(E16:E19) -> 0 | F38: =SUM(F16:F19) -> 0 | G38: =SUM(G16:G19) -> 0 | H38: =SUM(H16:H19) -> 0 | I38: =SUM(I16:I19) -> 0 | J38: =SUM(J16:J19) -> 0 | ... Z38: =SUM(Z16:Z19) -> 0 | AA38: de 7:30 à 8:30 | AC38: =SUM(C38:Z38) -> 0 | AD38: =IF(AC38=0,0,AD50/AC38) -> 0 | AE38: =IF(AC38=0,0,AE50/AC38) -> 0 | AF38: =IF(AE50=0,0,AF50/AE50) -> 0 | AG38: =IF(AC38=0,0,AG50/AC38) -> 0 | AH38: =IF(AC38=0,0,AH50/AC38) -> 0 | AI38: =IF(AC38=0,0,AI50/AC38) -> 0
A39: de 8:00 à 9:00 | C39: =SUM(C18:C21) -> 0 | D39: =SUM(D18:D21) -> 0 | E39: =SUM(E18:E21) -> 0 | F39: =SUM(F18:F21) -> 0 | G39: =SUM(G18:G21) -> 0 | H39: =SUM(H18:H21) -> 0 | I39: =SUM(I18:I21) -> 0 | J39: =SUM(J18:J21) -> 0 | ... Z39: =SUM(Z18:Z21) -> 0 | AA39: de 8:00 à 9:00 | AC39: =SUM(C39:Z39) -> 0 | AD39: =IF(AC39=0,0,AD51/AC39) -> 0 | AE39: =IF(AC39=0,0,AE51/AC39) -> 0 | AF39: =IF(AE51=0,0,AF51/AE51) -> 0 | AG39: =IF(AC39=0,0,AG51/AC39) -> 0 | AH39: =IF(AC39=0,0,AH51/AC39) -> 0 | AI39: =IF(AC39=0,0,AI51/AC39) -> 0
A40: de 8:30 à 9:30 | C40: =SUM(C20:C23) -> 0 | D40: =SUM(D20:D23) -> 0 | E40: =SUM(E20:E23) -> 0 | F40: =SUM(F20:F23) -> 0 | G40: =SUM(G20:G23) -> 0 | H40: =SUM(H20:H23) -> 0 | I40: =SUM(I20:I23) -> 0 | J40: =SUM(J20:J23) -> 0 | ... Z40: =SUM(Z20:Z23) -> 0 | AA40: de 8:30 à 9:30 | AC40: =SUM(C40:Z40) -> 0 | AD40: =IF(AC40=0,0,AD52/AC40) -> 0 | AE40: =IF(AC40=0,0,AE52/AC40) -> 0 | AF40: =IF(AE52=0,0,AF52/AE52) -> 0 | AG40: =IF(AC40=0,0,AG52/AC40) -> 0 | AH40: =IF(AC40=0,0,AH52/AC40) -> 0 | AI40: =IF(AC40=0,0,AI52/AC40) -> 0
A41: TOTAL | C41: =SUM(C12:C23) -> 0 | D41: =SUM(D12:D23) -> 0 | E41: =SUM(E12:E23) -> 0 | F41: =SUM(F12:F23) -> 0 | G41: =SUM(G12:G23) -> 0 | H41: =SUM(H12:H23) -> 0 | I41: =SUM(I12:I23) -> 0 | J41: =SUM(J12:J23) -> 0 | ... Z41: =SUM(Z12:Z23) -> 0 | AA41: TOTAL | AC41: =SUM(C41:Z41) -> 0 | AD41: =IF(AC41=0,0,AD53/AC41) -> 0 | AE41: =IF(AC41=0,0,AE53/AC41) -> 0 | AF41: =IF(AE53=0,0,AF53/AE53) -> 0 | AG41: =IF(AC41=0,0,AG53/AC41) -> 0 | AH41: =IF(AC41=0,0,AH53/AC41) -> 0 | AI41: =IF(AC41=0,0,AI53/AC41) -> 0
A42: =IF($AC$36=MAX($AC$36:$AC$40),A36,IF($AC$37=MAX($AC$36:$AC$40),A37,IF($AC$38=MAX($AC$36:$AC$40),A38,IF($AC$39=MAX($AC$36:$AC$40),A39,A40)))) -> de 6:30 à 7:30 | C42: =IF($AC$36=MAX($AC$36:$AC$40),C36,IF($AC$37=MAX($AC$36:$AC$40),C37,IF($AC$38=MAX($AC$36:$AC$40),C38,IF($AC$39=MAX($AC$36:$AC$40),C39,C40)))) -> 0 | D42: =IF($AC$36=MAX($AC$36:$AC$40),D36,IF($AC$37=MAX($AC$36:$AC$40),D37,IF($AC$38=MAX($AC$36:$AC$40),D38,IF($AC$39=MAX($AC$36:$AC$40),D39,D40)))) -> 0 | E42: =IF($AC$36=MAX($AC$36:$AC$40),E36,IF($AC$37=MAX($AC$36:$AC$40),E37,IF($AC$38=MAX($AC$36:$AC$40),E38,IF($AC$39=MAX($AC$36:$AC$40),E39,E40)))) -> 0 | F42: =IF($AC$36=MAX($AC$36:$AC$40),F36,IF($AC$37=MAX($AC$36:$AC$40),F37,IF($AC$38=MAX($AC$36:$AC$40),F38,IF($AC$39=MAX($AC$36:$AC$40),F39,F40)))) -> 0 | G42: =IF($AC$36=MAX($AC$36:$AC$40),G36,IF($AC$37=MAX($AC$36:$AC$40),G37,IF($AC$38=MAX($AC$36:$AC$40),G38,IF($AC$39=MAX($AC$36:$AC$40),G39,G40)))) -> 0 | H42: =IF($AC$36=MAX($AC$36:$AC$40),H36,IF($AC$37=MAX($AC$36:$AC$40),H37,IF($AC$38=MAX($AC$36:$AC$40),H38,IF($AC$39=MAX($AC$36:$AC$40),H39,H40)))) -> 0 | I42: =IF($AC$36=MAX($AC$36:$AC$40),I36,IF($AC$37=MAX($AC$36:$AC$40),I37,IF($AC$38=MAX($AC$36:$AC$40),I38,IF($AC$39=MAX($AC$36:$AC$40),I39,I40)))) -> 0 | J42: =IF($AC$36=MAX($AC$36:$AC$40),J36,IF($AC$37=MAX($AC$36:$AC$40),J37,IF($AC$38=MAX($AC$36:$AC$40),J38,IF($AC$39=MAX($AC$36:$AC$40),J39,J40)))) -> 0 | ... Z42: =IF($AC$36=MAX($AC$36:$AC$40),Z36,IF($AC$37=MAX($AC$36:$AC$40),Z37,IF($AC$38=MAX($AC$36:$AC$40),Z38,IF($AC$39=MAX($AC$36:$AC$40),Z39,Z40)))) -> 0 | AA42: =A42 -> de 6:30 à 7:30 | AC42: =SUM(C42:Z42) -> 0 | AD42: =IF(AC42=0,0,AD54/AC42) -> 0 | AE42: =IF(AC42=0,0,AE54/AC42) -> 0 | AF42: =IF(AE54=0,0,AF54/AE54) -> 0 | AG42: =IF(AC42=0,0,AG54/AC42) -> 0 | AH42: =IF(AC42=0,0,AH54/AC42) -> 0 | AI42: =IF(AC42=0,0,AI54/AC42) -> 0
AD44: Nombre de VAE dans le total | AE44: Nombre de femmes dans le total | AF44: Nombre de VAE chez les femmes | AG44: Cycles en direction d'Annemasse-Genève | AH44: Cycles en provenance de Reignier | AI44: Cycles en provenance d'Esery
AD48: =(C36+E36+G36+I36+K36+M36+O36+Q36+S36+U36+W36+Y36) -> 0 | AE48: =(E36+F36+I36+J36+M36+N36+Q36+R36+U36+V36+Y36+Z36) -> 0 | AF48: =(E36+I36+M36+Q36+U36+Y36) -> 0 | AG48: =SUM(G36:J36,O36:R36) -> 0 | AH48: =SUM(K36:R36) -> 0 | AI48: =SUM(C36:J36) -> 0
AD49: =(C37+E37+G37+I37+K37+M37+O37+Q37+S37+U37+W37+Y37) -> 0 | AE49: =(E37+F37+I37+J37+M37+N37+Q37+R37+U37+V37+Y37+Z37) -> 0 | AF49: =(E37+I37+M37+Q37+U37+Y37) -> 0 | AG49: =SUM(G37:J37,O37:R37) -> 0 | AH49: =SUM(K37:R37) -> 0 | AI49: =SUM(C37:J37) -> 0
AD50: =(C38+E38+G38+I38+K38+M38+O38+Q38+S38+U38+W38+Y38) -> 0 | AE50: =(E38+F38+I38+J38+M38+N38+Q38+R38+U38+V38+Y38+Z38) -> 0 | AF50: =(E38+I38+M38+Q38+U38+Y38) -> 0 | AG50: =SUM(G38:J38,O38:R38) -> 0 | AH50: =SUM(K38:R38) -> 0 | AI50: =SUM(C38:J38) -> 0
AD51: =(C39+E39+G39+I39+K39+M39+O39+Q39+S39+U39+W39+Y39) -> 0 | AE51: =(E39+F39+I39+J39+M39+N39+Q39+R39+U39+V39+Y39+Z39) -> 0 | AF51: =(E39+I39+M39+Q39+U39+Y39) -> 0 | AG51: =SUM(G39:J39,O39:R39) -> 0 | AH51: =SUM(K39:R39) -> 0 | AI51: =SUM(C39:J39) -> 0
AD52: =(C40+E40+G40+I40+K40+M40+O40+Q40+S40+U40+W40+Y40) -> 0 | AE52: =(E40+F40+I40+J40+M40+N40+Q40+R40+U40+V40+Y40+Z40) -> 0 | AF52: =(E40+I40+M40+Q40+U40+Y40) -> 0 | AG52: =SUM(G40:J40,O40:R40) -> 0 | AH52: =SUM(K40:R40) -> 0 | AI52: =SUM(C40:J40) -> 0
AD53: =(C41+E41+G41+I41+K41+M41+O41+Q41+S41+U41+W41+Y41) -> 0 | AE53: =(E41+F41+I41+J41+M41+N41+Q41+R41+U41+V41+Y41+Z41) -> 0 | AF53: =(E41+I41+M41+Q41+U41+Y41) -> 0 | AG53: =SUM(G41:J41,O41:R41) -> 0 | AH53: =SUM(K41:R41) -> 0 | AI53: =SUM(C41:J41) -> 0
AD54: =(C42+E42+G42+I42+K42+M42+O42+Q42+S42+U42+W42+Y42) -> 0 | AE54: =(E42+F42+I42+J42+M42+N42+Q42+R42+U42+V42+Y42+Z42) -> 0 | AF54: =(E42+I42+M42+Q42+U42+Y42) -> 0 | AG54: =SUM(G42:J42,O42:R42) -> 0 | AH54: =SUM(K42:R42) -> 0 | AI54: =SUM(C42:J42) -> 0

Sheet RE_Fil Saisons
A1: Lieu : | B1: REIGNIER_Carrefour Marsinge / Viaison (au-dessus du Fil des Saisons) | N1: Date : | O1: mardi 6 juin 2023
A2: Nom des personnes participant au comptage : | G2: Jean-Claude BRUN
A3: Météo : | C3: Excellente (grand soleil)
A5: Remarques : | C5: RAS | P5: Méthodologie : | R5: Pour chaque intervalle de temps, marquer une seule croix par personne comptée. Si c'est enfant, remplacer la croix par E, une trottinette T, un piéton P, etc.
C7: Depuis 'Esery' | L7: Depuis 'Reignier' | U7: Depuis 'Annemasse'
C8: vers 'Reignier' | G8: vers 'Annemasse' | L8: vers 'Esery' | P8: vers 'Annemasse' | U8: vers 'Reignier' | Y8: vers 'Esery'
C9: H | E9: F | G9: H | I9: F | L9: H | N9: F | P9: H | R9: F | U9: H | W9: F | Y9: H | AA9: F
A10: Heure | B10: Minute | C10: VAE | D10: vélo | E10: VAE | F10: vélo | G10: VAE | H10: vélo | I10: VAE | J10: vélo | L10: VAE | M10: vélo | N10: VAE | O10: vélo | P10: VAE | Q10: vélo | R10: VAE | S10: vélo | U10: VAE | V10: vélo | W10: VAE | X10: vélo | Y10: VAE | Z10: vélo | AA10: VAE | AB10: vélo
A11: 6 | B11: 30 – 44'59
B12: 45 – 59'59
A13: 7 | B13: 00 – 14'59 | G13: 1 | H13: 1 | Q13: 4 | R13: 1
B14: 15 – 29'59 | I14: 1 | P14: 2 | R14: 1
B15: 30 – 44'59 | G15: 1 | P15: 2 | R15: 1
B16: 45 – 59'59 | G16: 1 | P16: 1 | Q16: 1 | R16: 1 | V16: 1
A17: 8 | B17: 00 – 14'59 | Q17: 1 | R17: 1 | V17: 1
B18: 15 – 29'59 | Q18: 2
B19: 30 – 44'59 | H19: 1
B20: 45 – 59'59 | G20: 1 | H20: 1
A21: 9 | B21: 00 – 14'59
B22: 15 – 29'59
C25: =C7 -> Depuis 'Esery' | L25: =L7 -> Depuis 'Reignier' | U25: =U7 -> Depuis 'Annemasse' | AE25: TOTAL | AF25: Part des VAE dans le total | AG25: Part des femmes dans le total | AH25: Part des VAE chez les femmes | AI25: Part en direction d'Annemasse-Genève | AJ25: Part en provenance de Reignier | AK25: Part en provenance d'Esery | AL25: Remarques
C26: =C8 -> vers 'Reignier' | G26: =G8 -> vers 'Annemasse' | L26: =L8 -> vers 'Esery' | P26: =P8 -> vers 'Annemasse' | U26: =U8 -> vers 'Reignier' | Y26: =Y8 -> vers 'Esery'
C27: H | E27: F | G27: H | I27: F | L27: H | N27: F | P27: H | R27: F | U27: H | W27: F | Y27: H | AA27: F
A28: Période | C28: VAE | D28: vélo | E28: VAE | F28: vélo | G28: VAE | H28: vélo | I28: VAE | J28: vélo | L28: VAE | M28: vélo | N28: VAE | O28: vélo | P28: VAE | Q28: vélo | R28: VAE | S28: vélo | U28: VAE | V28: vélo | W28: VAE | X28: vélo | Y28: VAE | Z28: vélo | AA28: VAE | AB28: vélo | AC28: Période
A29: de 6:30 à 7:30 | C29: =SUM(C11:C14) -> 0 | D29: =SUM(D11:D14) -> 0 | E29: =SUM(E11:E14) -> 0 | F29: =SUM(F11:F14) -> 0 | G29: =SUM(G11:G14) -> 1 | H29: =SUM(H11:H14) -> 1 | I29: =SUM(I11:I14) -> 1 | J29: =SUM(J11:J14) -> 0 | L29: =SUM(L11:L14) -> 0 | M29: =SUM(M11:M14) -> 0 | N29: =SUM(N11:N14) -> 0 | O29: =SUM(O11:O14) -> 0 | P29: =SUM(P11:P14) -> 2 | Q29: =SUM(Q11:Q14) -> 4 | R29: =SUM(R11:R14) -> 2 | S29: =SUM(S11:S14) -> 0 | U29: =SUM(U11:U14) -> 0 | V29: =SUM(V11:V14) -> 0 | W29: =SUM(W11:W14) -> 0 | X29: =SUM(X11:X14) -> 0 | Y29: =SUM(Y11:Y14) -> 0 | Z29: =SUM(Z11:Z14) -> 0 | AA29: =SUM(AA11:AA14) -> 0 | AB29: =SUM(AB11:AB14) -> 0 | AC29: de 6:30 à 7:30 | AE29: =SUM(C29:AB29) -> 11 | AF29: =IF(AE29=0,0,AF41/AE29) -> 0.54545455 | AG29: =IF(AE29=0,0,AG41/AE29) -> 0.27272727 | AH29: =IF(AG41=0,0,AH41/AG41) -> 1 | AI29: =IF(AE29=0,0,AI41/AE29) -> 1 | AJ29: =IF(AE29=0,0,AJ41/AE29) -> 0.72727273 | AK29: =IF(AE29=0,0,AK41/AE29) -> 0.27272727
A30: de 7:00 à 8:00 | C30: =SUM(C13:C16) -> 0 | D30: =SUM(D13:D16) -> 0 | E30: =SUM(E13:E16) -> 0 | F30: =SUM(F13:F16) -> 0 | G30: =SUM(G13:G16) -> 3 | H30: =SUM(H13:H16) -> 1 | I30: =SUM(I13:I16) -> 1 | J30: =SUM(J13:J16) -> 0 | L30: =SUM(L13:L16) -> 0 | M30: =SUM(M13:M16) -> 0 | N30: =SUM(N13:N16) -> 0 | O30: =SUM(O13:O16) -> 0 | P30: =SUM(P13:P16) -> 5 | Q30: =SUM(Q13:Q16) -> 5 | R30: =SUM(R13:R16) -> 4 | S30: =SUM(S13:S16) -> 0 | U30: =SUM(U13:U16) -> 0 | V30: =SUM(V13:V16) -> 1 | W30: =SUM(W13:W16) -> 0 | X30: =SUM(X13:X16) -> 0 | Y30: =SUM(Y13:Y16) -> 0 | Z30: =SUM(Z13:Z16) -> 0 | AA30: =SUM(AA13:AA16) -> 0 | AB30: =SUM(AB13:AB16) -> 0 | AC30: de 7:00 à 8:00 | AE30: =SUM(C30:AB30) -> 20 | AF30: =IF(AE30=0,0,AF42/AE30) -> 0.65 | AG30: =IF(AE30=0,0,AG42/AE30) -> 0.25 | AH30: =IF(AG42=0,0,AH42/AG42) -> 1 | AI30: =IF(AE30=0,0,AI42/AE30) -> 0.95 | AJ30: =IF(AE30=0,0,AJ42/AE30) -> 0.7 | AK30: =IF(AE30=0,0,AK42/AE30) -> 0.25
A31: de 7:30 à 8:30 | C31: =SUM(C15:C18) -> 0 | D31: =SUM(D15:D18) -> 0 | E31: =SUM(E15:E18) -> 0 | F31: =SUM(F15:F18) -> 0 | G31: =SUM(G15:G18) -> 2 | H31: =SUM(H15:H18) -> 0 | I31: =SUM(I15:I18) -> 0 | J31: =SUM(J15:J18) -> 0 | L31: =SUM(L15:L18) -> 0 | M31: =SUM(M15:M18) -> 0 | N31: =SUM(N15:N18) -> 0 | O31: =SUM(O15:O18) -> 0 | P31: =SUM(P15:P18) -> 3 | Q31: =SUM(Q15:Q18) -> 4 | R31: =SUM(R15:R18) -> 3 | S31: =SUM(S15:S18) -> 0 | U31: =SUM(U15:U18) -> 0 | V31: =SUM(V15:V18) -> 2 | W31: =SUM(W15:W18) -> 0 | X31: =SUM(X15:X18) -> 0 | Y31: =SUM(Y15:Y18) -> 0 | Z31: =SUM(Z15:Z18) -> 0 | AA31: =SUM(AA15:AA18) -> 0 | AB31: =SUM(AB15:AB18) -> 0 | AC31: de 7:30 à 8:30 | AE31: =SUM(C31:AB31) -> 14 | AF31: =IF(AE31=0,0,AF43/AE31) -> 0.57142857 | AG31: =IF(AE31=0,0,AG43/AE31) -> 0.21428571 | AH31: =IF(AG43=0,0,AH43/AG43) -> 1 | AI31: =IF(AE31=0,0,AI43/AE31) -> 0.85714286 | AJ31: =IF(AE31=0,0,AJ43/AE31) -> 0.71428571 | AK31: =IF(AE31=0,0,AK43/AE31) -> 0.14285714
A32: de 8:00 à 9:00 | C32: =SUM(C17:C20) -> 0 | D32: =SUM(D17:D20) -> 0 | E32: =SUM(E17:E20) -> 0 | F32: =SUM(F17:F20) -> 0 | G32: =SUM(G17:G20) -> 1 | H32: =SUM(H17:H20) -> 2 | I32: =SUM(I17:I20) -> 0 | J32: =SUM(J17:J20) -> 0 | L32: =SUM(L17:L20) -> 0 | M32: =SUM(M17:M20) -> 0 | N32: =SUM(N17:N20) -> 0 | O32: =SUM(O17:O20) -> 0 | P32: =SUM(P17:P20) -> 0 | Q32: =SUM(Q17:Q20) -> 3 | R32: =SUM(R17:R20) -> 1 | S32: =SUM(S17:S20) -> 0 | U32: =SUM(U17:U20) -> 0 | V32: =SUM(V17:V20) -> 1 | W32: =SUM(W17:W20) -> 0 | X32: =SUM(X17:X20) -> 0 | Y32: =SUM(Y17:Y20) -> 0 | Z32: =SUM(Z17:Z20) -> 0 | AA32: =SUM(AA17:AA20) -> 0 | AB32: =SUM(AB17:AB20) -> 0 | AC32: de 8:00 à 9:00 | AE32: =SUM(C32:AB32) -> 8 | AF32: =IF(AE32=0,0,AF44/AE32) -> 0.25 | AG32: =IF(AE32=0,0,AG44/AE32) -> 0.125 | AH32: =IF(AG44=0,0,AH44/AG44) -> 1 | AI32: =IF(AE32=0,0,AI44/AE32) -> 0.875 | AJ32: =IF(AE32=0,0,AJ44/AE32) -> 0.5 | AK32: =IF(AE32=0,0,AK44/AE32) -> 0.375
A33: de 8:30 à 9:30 | C33: =SUM(C19:C22) -> 0 | D33: =SUM(D19:D22) -> 0 | E33: =SUM(E19:E22) -> 0 | F33: =SUM(F19:F22) -> 0 | G33: =SUM(G19:G22) -> 1 | H33: =SUM(H19:H22) -> 2 | I33: =SUM(I19:I22) -> 0 | J33: =SUM(J19:J22) -> 0 | L33: =SUM(L19:L22) -> 0 | M33: =SUM(M19:M22) -> 0 | N33: =SUM(N19:N22) -> 0 | O33: =SUM(O19:O22) -> 0 | P33: =SUM(P19:P22) -> 0 | Q33: =SUM(Q19:Q22) -> 0 | R33: =SUM(R19:R22) -> 0 | S33: =SUM(S19:S22) -> 0 | U33: =SUM(U19:U22) -> 0 | V33: =SUM(V19:V22) -> 0 | W33: =SUM(W19:W22) -> 0 | X33: =SUM(X19:X22) -> 0 | Y33: =SUM(Y19:Y22) -> 0 | Z33: =SUM(Z19:Z22) -> 0 | AA33: =SUM(AA19:AA22) -> 0 | AB33: =SUM(AB19:AB22) -> 0 | AC33: de 8:30 à 9:30 | AE33: =SUM(C33:AB33) -> 3 | AF33: =IF(AE33=0,0,AF45/AE33) -> 0.33333333 | AG33: =IF(AE33=0,0,AG45/AE33) -> 0 | AH33: =IF(AG45=0,0,AH45/AG45) -> 0 | AI33: =IF(AE33=0,0,AI45/AE33) -> 1 | AJ33: =IF(AE33=0,0,AJ45/AE33) -> 0 | AK33: =IF(AE33=0,0,AK45/AE33) -> 1
A34: TOTAL | C34: =SUM(C11:C22) -> 0 | D34: =SUM(D11:D22) -> 0 | E34: =SUM(E11:E22) -> 0 | F34: =SUM(F11:F22) -> 0 | G34: =SUM(G11:G22) -> 4 | H34: =SUM(H11:H22) -> 3 | I34: =SUM(I11:I22) -> 1 | J34: =SUM(J11:J22) -> 0 | L34: =SUM(L11:L22) -> 0 | M34: =SUM(M11:M22) -> 0 | N34: =SUM(N11:N22) -> 0 | O34: =SUM(O11:O22) -> 0 | P34: =SUM(P11:P22) -> 5 | Q34: =SUM(Q11:Q22) -> 8 | R34: =SUM(R11:R22) -> 5 | S34: =SUM(S11:S22) -> 0 | U34: =SUM(U11:U22) -> 0 | V34: =SUM(V11:V22) -> 2 | W34: =SUM(W11:W22) -> 0 | X34: =SUM(X11:X22) -> 0 | Y34: =SUM(Y11:Y22) -> 0 | Z34: =SUM(Z11:Z22) -> 0 | AA34: =SUM(AA11:AA22) -> 0 | AB34: =SUM(AB11:AB22) -> 0 | AC34: TOTAL | AE34: =SUM(C34:AB34) -> 28 | AF34: =IF(AE34=0,0,AF46/AE34) -> 0.53571429 | AG34: =IF(AE34=0,0,AG46/AE34) -> 0.21428571 | AH34: =IF(AG46=0,0,AH46/AG46) -> 1 | AI34: =IF(AE34=0,0,AI46/AE34) -> 0.92857143 | AJ34: =IF(AE34=0,0,AJ46/AE34) -> 0.64285714 | AK34: =IF(AE34=0,0,AK46/AE34) -> 0.28571429
A35: =IF($AE$29=MAX($AE$29:$AE$33),A29,IF($AE$30=MAX($AE$29:$AE$33),A30,IF($AE$31=MAX($AE$29:$AE$33),A31,IF($AE$32=MAX($AE$29:$AE$33),A32,A33)))) -> de 7:00 à 8:00 | C35: =IF($AE$29=MAX($AE$29:$AE$33),C29,IF($AE$30=MAX($AE$29:$AE$33),C30,IF($AE$31=MAX($AE$29:$AE$33),C31,IF($AE$32=MAX($AE$29:$AE$33),C32,C33)))) -> 0 | D35: =IF($AE$29=MAX($AE$29:$AE$33),D29,IF($AE$30=MAX($AE$29:$AE$33),D30,IF($AE$31=MAX($AE$29:$AE$33),D31,IF($AE$32=MAX($AE$29:$AE$33),D32,D33)))) -> 0 | E35: =IF($AE$29=MAX($AE$29:$AE$33),E29,IF($AE$30=MAX($AE$29:$AE$33),E30,IF($AE$31=MAX($AE$29:$AE$33),E31,IF($AE$32=MAX($AE$29:$AE$33),E32,E33)))) -> 0 | F35: =IF($AE$29=MAX($AE$29:$AE$33),F29,IF($AE$30=MAX($AE$29:$AE$33),F30,IF($AE$31=MAX($AE$29:$AE$33),F31,IF($AE$32=MAX($AE$29:$AE$33),F32,F33)))) -> 0 | G35: =IF($AE$29=MAX($AE$29:$AE$33),G29,IF($AE$30=MAX($AE$29:$AE$33),G30,IF($AE$31=MAX($AE$29:$AE$33),G31,IF($AE$32=MAX($AE$29:$AE$33),G32,G33)))) -> 3 | H35: =IF($AE$29=MAX($AE$29:$AE$33),H29,IF($AE$30=MAX($AE$29:$AE$33),H30,IF($AE$31=MAX($AE$29:$AE$33),H31,IF($AE$32=MAX($AE$29:$AE$33),H32,H33)))) -> 1 | I35: =IF($AE$29=MAX($AE$29:$AE$33),I29,IF($AE$30=MAX($AE$29:$AE$33),I30,IF($AE$31=MAX($AE$29:$AE$33),I31,IF($AE$32=MAX($AE$29:$AE$33),I32,I33)))) -> 1 | J35: =IF($AE$29=MAX($AE$29:$AE$33),J29,IF($AE$30=MAX($AE$29:$AE$33),J30,IF($AE$31=MAX($AE$29:$AE$33),J31,IF($AE$32=MAX($AE$29:$AE$33),J32,J33)))) -> 0 | L35: =IF($AE$29=MAX($AE$29:$AE$33),L29,IF($AE$30=MAX($AE$29:$AE$33),L30,IF($AE$31=MAX($AE$29:$AE$33),L31,IF($AE$32=MAX($AE$29:$AE$33),L32,L33)))) -> 0 | M35: =IF($AE$29=MAX($AE$29:$AE$33),M29,IF($AE$30=MAX($AE$29:$AE$33),M30,IF($AE$31=MAX($AE$29:$AE$33),M31,IF($AE$32=MAX($AE$29:$AE$33),M32,M33)))) -> 0 | N35: =IF($AE$29=MAX($AE$29:$AE$33),N29,IF($AE$30=MAX($AE$29:$AE$33),N30,IF($AE$31=MAX($AE$29:$AE$33),N31,IF($AE$32=MAX($AE$29:$AE$33),N32,N33)))) -> 0 | O35: =IF($AE$29=MAX($AE$29:$AE$33),O29,IF($AE$30=MAX($AE$29:$AE$33),O30,IF($AE$31=MAX($AE$29:$AE$33),O31,IF($AE$32=MAX($AE$29:$AE$33),O32,O33)))) -> 0 | P35: =IF($AE$29=MAX($AE$29:$AE$33),P29,IF($AE$30=MAX($AE$29:$AE$33),P30,IF($AE$31=MAX($AE$29:$AE$33),P31,IF($AE$32=MAX($AE$29:$AE$33),P32,P33)))) -> 5 | Q35: =IF($AE$29=MAX($AE$29:$AE$33),Q29,IF($AE$30=MAX($AE$29:$AE$33),Q30,IF($AE$31=MAX($AE$29:$AE$33),Q31,IF($AE$32=MAX($AE$29:$AE$33),Q32,Q33)))) -> 5 | R35: =IF($AE$29=MAX($AE$29:$AE$33),R29,IF($AE$30=MAX($AE$29:$AE$33),R30,IF($AE$31=MAX($AE$29:$AE$33),R31,IF($AE$32=MAX($AE$29:$AE$33),R32,R33)))) -> 4 | S35: =IF($AE$29=MAX($AE$29:$AE$33),S29,IF($AE$30=MAX($AE$29:$AE$33),S30,IF($AE$31=MAX($AE$29:$AE$33),S31,IF($AE$32=MAX($AE$29:$AE$33),S32,S33)))) -> 0 | U35: =IF($AE$29=MAX($AE$29:$AE$33),U29,IF($AE$30=MAX($AE$29:$AE$33),U30,IF($AE$31=MAX($AE$29:$AE$33),U31,IF($AE$32=MAX($AE$29:$AE$33),U32,U33)))) -> 0 | V35: =IF($AE$29=MAX($AE$29:$AE$33),V29,IF($AE$30=MAX($AE$29:$AE$33),V30,IF($AE$31=MAX($AE$29:$AE$33),V31,IF($AE$32=MAX($AE$29:$AE$33),V32,V33)))) -> 1 | W35: =IF($AE$29=MAX($AE$29:$AE$33),W29,IF($AE$30=MAX($AE$29:$AE$33),W30,IF($AE$31=MAX($AE$29:$AE$33),W31,IF($AE$32=MAX($AE$29:$AE$33),W32,W33)))) -> 0 | X35: =IF($AE$29=MAX($AE$29:$AE$33),X29,IF($AE$30=MAX($AE$29:$AE$33),X30,IF($AE$31=MAX($AE$29:$AE$33),X31,IF($AE$32=MAX($AE$29:$AE$33),X32,X33)))) -> 0 | Y35: =IF($AE$29=MAX($AE$29:$AE$33),Y29,IF($AE$30=MAX($AE$29:$AE$33),Y30,IF($AE$31=MAX($AE$29:$AE$33),Y31,IF($AE$32=MAX($AE$29:$AE$33),Y32,Y33)))) -> 0 | Z35: =IF($AE$29=MAX($AE$29:$AE$33),Z29,IF($AE$30=MAX($AE$29:$AE$33),Z30,IF($AE$31=MAX($AE$29:$AE$33),Z31,IF($AE$32=MAX($AE$29:$AE$33),Z32,Z33)))) -> 0 | AA35: =IF($AE$29=MAX($AE$29:$AE$33),AA29,IF($AE$30=MAX($AE$29:$AE$33),AA30,IF($AE$31=MAX($AE$29:$AE$33),AA31,IF($AE$32=MAX($AE$29:$AE$33),AA32,AA33)))) -> 0 | AB35: =IF($AE$29=MAX($AE$29:$AE$33),AB29,IF($AE$30=MAX($AE$29:$AE$33),AB30,IF($AE$31=MAX($AE$29:$AE$33),AB31,IF($AE$32=MAX($AE$29:$AE$33),AB32,AB33)))) -> 0 | AC35: =A35 -> de 7:00 à 8:00 | AE35: =SUM(C35:AB35) -> 20 | AF35: =IF(AE35=0,0,AF47/AE35) -> 0.65 | AG35: =IF(AE35=0,0,AG47/AE35) -> 0.25 | AH35: =IF(AG47=0,0,AH47/AG47) -> 1 | AI35: =IF(AE35=0,0,AI47/AE35) -> 0.95 | AJ35: =IF(AE35=0,0,AJ47/AE35) -> 0.7 | AK35: =IF(AE35=0,0,AK47/AE35) -> 0.25
AF37: Nombre de VAE dans le total | AG37: Nombre de femmes dans le total | AH37: Nombre de VAE chez les femmes | AI37: Cycles en direction d'Annemasse-Genève | AJ37: Cycles en provenance de Reignier | AK37: Cycles en provenance d'Esery
AF41: =(C29+E29+G29+I29+L29+N29+P29+R29+U29+W29+Y29+AA29) -> 6 | AG41: =(E29+F29+I29+J29+N29+O29+R29+S29+W29+X29+AA29+AB29) -> 3 | AH41: =(E29+I29+N29+R29+W29+AA29) -> 3 | AI41: =SUM(G29:J29,P29:S29) -> 11 | AJ41: =SUM(L29:S29) -> 8 | AK41: =SUM(C29:J29) -> 3
AF42: =(C30+E30+G30+I30+L30+N30+P30+R30+U30+W30+Y30+AA30) -> 13 | AG42: =(E30+F30+I30+J30+N30+O30+R30+S30+W30+X30+AA30+AB30) -> 5 | AH42: =(E30+I30+N30+R30+W30+AA30) -> 5 | AI42: =SUM(G30:J30,P30:S30) -> 19 | AJ42: =SUM(L30:S30) -> 14 | AK42: =SUM(C30:J30) -> 5
AF43: =(C31+E31+G31+I31+L31+N31+P31+R31+U31+W31+Y31+AA31) -> 8 | AG43: =(E31+F31+I31+J31+N31+O31+R31+S31+W31+X31+AA31+AB31) -> 3 | AH43: =(E31+I31+N31+R31+W31+AA31) -> 3 | AI43: =SUM(G31:J31,P31:S31) -> 12 | AJ43: =SUM(L31:S31) -> 10 | AK43: =SUM(C31:J31) -> 2
AF44: =(C32+E32+G32+I32+L32+N32+P32+R32+U32+W32+Y32+AA32) -> 2 | AG44: =(E32+F32+I32+J32+N32+O32+R32+S32+W32+X32+AA32+AB32) -> 1 | AH44: =(E32+I32+N32+R32+W32+AA32) -> 1 | AI44: =SUM(G32:J32,P32:S32) -> 7 | AJ44: =SUM(L32:S32) -> 4 | AK44: =SUM(C32:J32) -> 3
AF45: =(C33+E33+G33+I33+L33+N33+P33+R33+U33+W33+Y33+AA33) -> 1 | AG45: =(E33+F33+I33+J33+N33+O33+R33+S33+W33+X33+AA33+AB33) -> 0 | AH45: =(E33+I33+N33+R33+W33+AA33) -> 0 | AI45: =SUM(G33:J33,P33:S33) -> 3 | AJ45: =SUM(L33:S33) -> 0 | AK45: =SUM(C33:J33) -> 3
AF46: =(C34+E34+G34+I34+L34+N34+P34+R34+U34+W34+Y34+AA34) -> 15 | AG46: =(E34+F34+I34+J34+N34+O34+R34+S34+W34+X34+AA34+AB34) -> 6 | AH46: =(E34+I34+N34+R34+W34+AA34) -> 6 | AI46: =SUM(G34:J34,P34:S34) -> 26 | AJ46: =SUM(L34:S34) -> 18 | AK46: =SUM(C34:J34) -> 8
AF47: =(C35+E35+G35+I35+L35+N35+P35+R35+U35+W35+Y35+AA35) -> 13 | AG47: =(E35+F35+I35+J35+N35+O35+R35+S35+W35+X35+AA35+AB35) -> 5 | AH47: =(E35+I35+N35+R35+W35+AA35) -> 5 | AI47: =SUM(G35:J35,P35:S35) -> 19 | AJ47: =SUM(L35:S35) -> 14 | AK47: =SUM(C35:J35) -> 5

Sheet ART_Lavage auto
A1: Lieu : | B1: ARTHAZ_Route de Reignier D202 / Route Nationale D1205 | M1: Date : | N1: mardi 6 juin 2023
A2: Nom des personnes participant au comptage : | G2: Joël NIGNON
A3: Météo : | C3: Excellente (grand soleil)
A5: Remarques : | C5: Carrefour dangereux >> il faut être téméraire pour l'emprunter en vélo Une quinzaine de piétons vers 7h30 en dir. de l'arrêt de bus | P5: Méthodologie : | R5: Pour chaque intervalle de temps, marquer une seule croix par personne comptée. Si c'est enfant, remplacer la croix par E, une trottinette T, un piéton P, etc.
C7: Depuis 'Annemasse' | P7: Depuis 'Nangy'
C8: vers 'Reignier' | G8: vers 'Nangy' | K8: vers 'Rossat' | P8: vers 'Reignier' | T8: vers 'Annemasse' | X8: vers 'Rossat'
C9: H | E9: F | G9: H | I9: F | K9: H | M9: F | P9: H | R9: F | T9: H | V9: F | X9: H | Z9: F
A10: Heure | B10: Minute | C10: VAE | D10: vélo | E10: VAE | F10: vélo | G10: VAE | H10: vélo | I10: VAE | J10: vélo | K10: VAE | L10: vélo | M10: VAE | N10: vélo | P10: VAE | Q10: vélo | R10: VAE | S10: vélo | T10: VAE | U10: vélo | V10: VAE | W10: vélo | X10: VAE | Y10: vélo | Z10: VAE | AA10: vélo
A11: 6 | B11: 30 – 44'59
B12: 45 – 59'59
A13: 7 | B13: 00 – 14'59 | T13: 1 | U13: 2
B14: 15 – 29'59 | T14: 2 | U14: 1 | W14: 1
B15: 30 – 44'59 | H15: 1 | T15: 1 | U15: 1 | W15: 1
B16: 45 – 59'59 | H16: 1 | T16: 2 | U16: 1 | V16: 1
A17: 8 | B17: 00 – 14'59 | S17: 1 | T17: 2
B18: 15 – 29'59 | G18: 1 | H18: 1
B19: 30 – 44'59 | U19: 2
B20: 45 – 59'59
A21: 9 | B21: 00 – 14'59
B22: 15 – 29'59
A24: Remarques : | C24: 5 trottinettes, sans doute en dir. de l'école d'Arthaz (enfants)
C26: Depuis 'Reignier' | P26: Depuis 'Rossat'
C27: vers 'Nangy' | G27: vers 'Rossat' | K27: vers 'Annemasse' | P27: vers 'Reignier' | T27: vers 'Nangy' | X27: vers 'Annemasse'
C28: H | E28: F | G28: H | I28: F | K28: H | M28: F | P28: H | R28: F | T28: H | V28: F | X28: H | Z28: F
A29: Heure | B29: Minute | C29: VAE | D29: vélo | E29: VAE | F29: vélo | G29: VAE | H29: vélo | I29: VAE | J29: vélo | K29: VAE | L29: vélo | M29: VAE | N29: vélo | P29: VAE | Q29: vélo | R29: VAE | S29: vélo | T29: VAE | U29: vélo | V29: VAE | W29: vélo | X29: VAE | Y29: vélo | Z29: VAE | AA29: vélo
A30: 6 | B30: 30 – 44'59
B31: 45 – 59'59
A32: 7 | B32: 00 – 14'59 | J32: 1 | S32: 1
B33: 15 – 29'59 | L33: 1 | M33: 2
B34: 30 – 44'59 | X34: 1
B35: 45 – 59'59 | K35: 1
A36: 8 | B36: 00 – 14'59 | K36: 1 | S36: 2
B37: 15 – 29'59 | H37: 1 | J37: 1 | L37: 1
B38: 30 – 44'59
B39: 45 – 59'59 | N39: 1
A40: 9 | B40: 00 – 14'59
B41: 15 – 29'59
C44: =C7 -> Depuis 'Annemasse' | P44: =P7 -> Depuis 'Nangy' | AD44: TOTAL | AE44: Part des VAE dans le total | AF44: Part des femmes dans le total | AG44: Part des VAE chez les femmes | AH44: Part en direction d'Annemasse-Genève | AI44: Cycles en direction d'Annemasse-Genève | AJ44: Remarques
C45: =C8 -> vers 'Reignier' | G45: =G8 -> vers 'Nangy' | K45: =K8 -> vers 'Rossat' | P45: =P8 -> vers 'Reignier' | T45: =T8 -> vers 'Annemasse' | X45: =X8 -> vers 'Rossat'
C46: H | E46: F | G46: H | I46: F | K46: H | M46: F | P46: H | R46: F | T46: H | V46: F | X46: H | Z46: F
A47: Période | C47: VAE | D47: vélo | E47: VAE | F47: vélo | G47: VAE | H47: vélo | I47: VAE | J47: vélo | K47: VAE | L47: vélo | M47: VAE | N47: vélo | P47: VAE | Q47: vélo | R47: VAE | S47: vélo | T47: VAE | U47: vélo | V47: VAE | W47: vélo | X47: VAE | Y47: vélo | Z47: VAE | AA47: vélo | AB47: Période
A48: de 6:30 à 7:30 | C48: =SUM(C11:C14) -> 0 | D48: =SUM(D11:D14) -> 0 | E48: =SUM(E11:E14) -> 0 | F48: =SUM(F11:F14) -> 0 | G48: =SUM(G11:G14) -> 0 | H48: =SUM(H11:H14) -> 0 | I48: =SUM(I11:I14) -> 0 | J48: =SUM(J11:J14) -> 0 | ... N48: =SUM(N11:N14) -> 0 | P48: =SUM(P11:P14) -> 0 | Q48: =SUM(Q11:Q14) -> 0 | R48: =SUM(R11:R14) -> 0 | S48: =SUM(S11:S14) -> 0 | T48: =SUM(T11:T14) -> 3 | U48: =SUM(U11:U14) -> 3 | V48: =SUM(V11:V14) -> 0 | W48: =SUM(W11:W14) -> 1 | ... AA48: =SUM(AA11:AA14) -> 0 | AB48: de 6:30 à 7:30 | AD48: =SUM(C48:AA48)+SUM(C60:AA60) -> 12 | AE48: =(C48+E48+G48+I48+K48+M48+P48+R48+T48+V48+X48+Z48+C60+E60+G60+I60+K60+M60+P60+R60+T60+V60+X60+Z60)/AD48 -> 0.41666667 | AF48: =(E48+F48+I48+J48+M48+N48+R48+S48+V48+W48+Z48+AA48+E60+F60+I60+J60+M60+N60+R60+S60+V60+W60+Z60+AA60)/AD48 -> 0.41666667 | AG48: =(E48+I48+M48+R48+V48+Z48+E60+I60+M60+R60+V60+Z60)/(E48+F48+I48+J48+M48+N48+R48+S48+V48+W48+Z48+AA48+E60+F60+I60+J60+M60+N60+R60+S60+V60+W60+Z60+AA60) -> 0.4 | AH48: =AI48/AD48 -> 0.83333333 | AI48: =SUM(T48:W48,K60:N60,X60:AA60) -> 10
A49: de 7:00 à 8:00 | C49: =SUM(C13:C16) -> 0 | D49: =SUM(D13:D16) -> 0 | E49: =SUM(E13:E16) -> 0 | F49: =SUM(F13:F16) -> 0 | G49: =SUM(G13:G16) -> 0 | H49: =SUM(H13:H16) -> 2 | I49: =SUM(I13:I16) -> 0 | J49: =SUM(J13:J16) -> 0 | ... N49: =SUM(N13:N16) -> 0 | P49: =SUM(P13:P16) -> 0 | Q49: =SUM(Q13:Q16) -> 0 | R49: =SUM(R13:R16) -> 0 | S49: =SUM(S13:S16) -> 0 | T49: =SUM(T13:T16) -> 6 | U49: =SUM(U13:U16) -> 5 | V49: =SUM(V13:V16) -> 1 | W49: =SUM(W13:W16) -> 2 | ... AA49: =SUM(AA13:AA16) -> 0 | AB49: de 7:00 à 8:00 | AD49: =SUM(C49:AA49)+SUM(C61:AA61) -> 23 | AE49: =(C49+E49+G49+I49+K49+M49+P49+R49+T49+V49+X49+Z49+C61+E61+G61+I61+K61+M61+P61+R61+T61+V61+X61+Z61)/AD49 -> 0.47826087 | AF49: =(E49+F49+I49+J49+M49+N49+R49+S49+V49+W49+Z49+AA49+E61+F61+I61+J61+M61+N61+R61+S61+V61+W61+Z61+AA61)/AD49 -> 0.30434783 | AG49: =(E49+I49+M49+R49+V49+Z49+E61+I61+M61+R61+V61+Z61)/(E49+F49+I49+J49+M49+N49+R49+S49+V49+W49+Z49+AA49+E61+F61+I61+J61+M61+N61+R61+S61+V61+W61+Z61+AA61) -> 0.42857143 | AH49: =AI49/AD49 -> 0.82608696 | AI49: =SUM(T49:W49,K61:N61,X61:AA61) -> 19
A50: de 7:30 à 8:30 | C50: =SUM(C15:C18) -> 0 | D50: =SUM(D15:D18) -> 0 | E50: =SUM(E15:E18) -> 0 | F50: =SUM(F15:F18) -> 0 | G50: =SUM(G15:G18) -> 1 | H50: =SUM(H15:H18) -> 3 | I50: =SUM(I15:I18) -> 0 | J50: =SUM(J15:J18) -> 0 | ... N50: =SUM(N15:N18) -> 0 | P50: =SUM(P15:P18) -> 0 | Q50: =SUM(Q15:Q18) -> 0 | R50: =SUM(R15:R18) -> 0 | S50: =SUM(S15:S18) -> 1 | T50: =SUM(T15:T18) -> 5 | U50: =SUM(U15:U18) -> 2 | V50: =SUM(V15:V18) -> 1 | W50: =SUM(W15:W18) -> 1 | ... AA50: =SUM(AA15:AA18) -> 0 | AB50: de 7:30 à 8:30 | AD50: =SUM(C50:AA50)+SUM(C62:AA62) -> 22 | AE50: =(C50+E50+G50+I50+K50+M50+P50+R50+T50+V50+X50+Z50+C62+E62+G62+I62+K62+M62+P62+R62+T62+V62+X62+Z62)/AD50 -> 0.45454545 | AF50: =(E50+F50+I50+J50+M50+N50+R50+S50+V50+W50+Z50+AA50+E62+F62+I62+J62+M62+N62+R62+S62+V62+W62+Z62+AA62)/AD50 -> 0.27272727 | AG50: =(E50+I50+M50+R50+V50+Z50+E62+I62+M62+R62+V62+Z62)/(E50+F50+I50+J50+M50+N50+R50+S50+V50+W50+Z50+AA50+E62+F62+I62+J62+M62+N62+R62+S62+V62+W62+Z62+AA62) -> 0.16666667 | AH50: =AI50/AD50 -> 0.59090909 | AI50: =SUM(T50:W50,K62:N62,X62:AA62) -> 13
A51: de 8:00 à 9:00 | C51: =SUM(C17:C20) -> 0 | D51: =SUM(D17:D20) -> 0 | E51: =SUM(E17:E20) -> 0 | F51: =SUM(F17:F20) -> 0 | G51: =SUM(G17:G20) -> 1 | H51: =SUM(H17:H20) -> 1 | I51: =SUM(I17:I20) -> 0 | J51: =SUM(J17:J20) -> 0 | ... N51: =SUM(N17:N20) -> 0 | P51: =SUM(P17:P20) -> 0 | Q51: =SUM(Q17:Q20) -> 0 | R51: =SUM(R17:R20) -> 0 | S51: =SUM(S17:S20) -> 1 | T51: =SUM(T17:T20) -> 2 | U51: =SUM(U17:U20) -> 2 | V51: =SUM(V17:V20) -> 0 | W51: =SUM(W17:W20) -> 0 | ... AA51: =SUM(AA17:AA20) -> 0 | AB51: de 8:00 à 9:00 | AD51: =SUM(C51:AA51)+SUM(C63:AA63) -> 14 | AE51: =(C51+E51+G51+I51+K51+M51+P51+R51+T51+V51+X51+Z51+C63+E63+G63+I63+K63+M63+P63+R63+T63+V63+X63+Z63)/AD51 -> 0.28571429 | AF51: =(E51+F51+I51+J51+M51+N51+R51+S51+V51+W51+Z51+AA51+E63+F63+I63+J63+M63+N63+R63+S63+V63+W63+Z63+AA63)/AD51 -> 0.35714286 | AG51: =(E51+I51+M51+R51+V51+Z51+E63+I63+M63+R63+V63+Z63)/(E51+F51+I51+J51+M51+N51+R51+S51+V51+W51+Z51+AA51+E63+F63+I63+J63+M63+N63+R63+S63+V63+W63+Z63+AA63) -> 0 | AH51: =AI51/AD51 -> 0.5 | AI51: =SUM(T51:W51,K63:N63,X63:AA63) -> 7
A52: de 8:30 à 9:30 | C52: =SUM(C19:C22) -> 0 | D52: =SUM(D19:D22) -> 0 | E52: =SUM(E19:E22) -> 0 | F52: =SUM(F19:F22) -> 0 | G52: =SUM(G19:G22) -> 0 | H52: =SUM(H19:H22) -> 0 | I52: =SUM(I19:I22) -> 0 | J52: =SUM(J19:J22) -> 0 | ... N52: =SUM(N19:N22) -> 0 | P52: =SUM(P19:P22) -> 0 | Q52: =SUM(Q19:Q22) -> 0 | R52: =SUM(R19:R22) -> 0 | S52: =SUM(S19:S22) -> 0 | T52: =SUM(T19:T22) -> 0 | U52: =SUM(U19:U22) -> 2 | V52: =SUM(V19:V22) -> 0 | W52: =SUM(W19:W22) -> 0 | ... AA52: =SUM(AA19:AA22) -> 0 | AB52: de 8:30 à 9:30 | AD52: =SUM(C52:AA52)+SUM(C64:AA64) -> 3 | AE52: =(C52+E52+G52+I52+K52+M52+P52+R52+T52+V52+X52+Z52+C64+E64+G64+I64+K64+M64+P64+R64+T64+V64+X64+Z64)/AD52 -> 0 | AF52: =(E52+F52+I52+J52+M52+N52+R52+S52+V52+W52+Z52+AA52+E64+F64+I64+J64+M64+N64+R64+S64+V64+W64+Z64+AA64)/AD52 -> 0.33333333 | AG52: =(E52+I52+M52+R52+V52+Z52+E64+I64+M64+R64+V64+Z64)/(E52+F52+I52+J52+M52+N52+R52+S52+V52+W52+Z52+AA52+E64+F64+I64+J64+M64+N64+R64+S64+V64+W64+Z64+AA64) -> 0 | AH52: =AI52/AD52 -> 1 | AI52: =SUM(T52:W52,K64:N64,X64:AA64) -> 3
A53: TOTAL | C53: =SUM(C11:C22) -> 0 | D53: =SUM(D11:D22) -> 0 | E53: =SUM(E11:E22) -> 0 | F53: =SUM(F11:F22) -> 0 | G53: =SUM(G11:G22) -> 1 | H53: =SUM(H11:H22) -> 3 | I53: =SUM(I11:I22) -> 0 | J53: =SUM(J11:J22) -> 0 | ... N53: =SUM(N11:N22) -> 0 | P53: =SUM(P11:P22) -> 0 | Q53: =SUM(Q11:Q22) -> 0 | R53: =SUM(R11:R22) -> 0 | S53: =SUM(S11:S22) -> 1 | T53: =SUM(T11:T22) -> 8 | U53: =SUM(U11:U22) -> 7 | V53: =SUM(V11:V22) -> 1 | W53: =SUM(W11:W22) -> 2 | ... AA53: =SUM(AA11:AA22) -> 0 | AB53: TOTAL | AD53: =SUM(C53:AA53)+SUM(C65:AA65) -> 37 | AE53: =IF(AD53=0,0,(C53+E53+G53+I53+K53+M53+P53+R53+T53+V53+X53+Z53+C65+E65+G65+I65+K65+M65+P65+R65+T65+V65+X65+Z65)/AD53) -> 0.40540541 | AF53: =IF(AD53=0,0,(E53+F53+I53+J53+M53+N53+R53+S53+V53+W53+Z53+AA53+E65+F65+I65+J65+M65+N65+R65+S65+V65+W65+Z65+AA65)/AD53) -> 0.32432432 | AG53: =IF((E53+I53+M53+R53+V53+Z53+E65+I65+M65+R65+V65+Z65)=0,0,(E53+I53+M53+R53+V53+Z53+E65+I65+M65+R65+V65+Z65)/(E53+F53+I53+J53+M53+N53+R53+S53+V53+W53+Z53+AA53+E65+F65+I65+J65+M65+N65+R65+S65+V65+W65+Z65+AA65)) -> 0.25 | AH53: =IF(AD53=0,0,AI53/AD53) -> 0.7027027 | AI53: =SUM(T53:W53,K65:N65,X65:AA65) -> 26
A54: =IF($AD$48=MAX($AD$48:$AD$52),A48,IF($AD$49=MAX($AD$48:$AD$52),A49,IF($AD$50=MAX($AD$48:$AD$52),A50,IF($AD$51=MAX($AD$48:$AD$52),A51,A52)))) -> de 7:00 à 8:00 | C54: =IF($AD$48=MAX($AD$48:$AD$52),C48,IF($AD$49=MAX($AD$48:$AD$52),C49,IF($AD$50=MAX($AD$48:$AD$52),C50,IF($AD$51=MAX($AD$48:$AD$52),(C51),C52)))) -> 0 | D54: =IF($AD$48=MAX($AD$48:$AD$52),D48,IF($AD$49=MAX($AD$48:$AD$52),D49,IF($AD$50=MAX($AD$48:$AD$52),D50,IF($AD$51=MAX($AD$48:$AD$52),(D51),D52)))) -> 0 | E54: =IF($AD$48=MAX($AD$48:$AD$52),E48,IF($AD$49=MAX($AD$48:$AD$52),E49,IF($AD$50=MAX($AD$48:$AD$52),E50,IF($AD$51=MAX($AD$48:$AD$52),(E51),E52)))) -> 0 | F54: =IF($AD$48=MAX($AD$48:$AD$52),F48,IF($AD$49=MAX($AD$48:$AD$52),F49,IF($AD$50=MAX($AD$48:$AD$52),F50,IF($AD$51=MAX($AD$48:$AD$52),(F51),F52)))) -> 0 | G54: =IF($AD$48=MAX($AD$48:$AD$52),G48,IF($AD$49=MAX($AD$48:$AD$52),G49,IF($AD$50=MAX($AD$48:$AD$52),G50,IF($AD$51=MAX($AD$48:$AD$52),(G51),G52)))) -> 0 | H54: =IF($AD$48=MAX($AD$48:$AD$52),H48,IF($AD$49=MAX($AD$48:$AD$52),H49,IF($AD$50=MAX($AD$48:$AD$52),H50,IF($AD$51=MAX($AD$48:$AD$52),(H51),H52)))) -> 2 | I54: =IF($AD$48=MAX($AD$48:$AD$52),I48,IF($AD$49=MAX($AD$48:$AD$52),I49,IF($AD$50=MAX($AD$48:$AD$52),I50,IF($AD$51=MAX($AD$48:$AD$52),(I51),I52)))) -> 0 | J54: =IF($AD$48=MAX($AD$48:$AD$52),J48,IF($AD$49=MAX($AD$48:$AD$52),J49,IF($AD$50=MAX($AD$48:$AD$52),J50,IF($AD$51=MAX($AD$48:$AD$52),(J51),J52)))) -> 0 | ... N54: =IF($AD$48=MAX($AD$48:$AD$52),N48,IF($AD$49=MAX($AD$48:$AD$52),N49,IF($AD$50=MAX($AD$48:$AD$52),N50,IF($AD$51=MAX($AD$48:$AD$52),(N51),N52)))) -> 0 | P54: =IF($AD$48=MAX($AD$48:$AD$52),P48,IF($AD$49=MAX($AD$48:$AD$52),P49,IF($AD$50=MAX($AD$48:$AD$52),P50,IF($AD$51=MAX($AD$48:$AD$52),(P51),P52)))) -> 0 | Q54: =IF($AD$48=MAX($AD$48:$AD$52),Q48,IF($AD$49=MAX($AD$48:$AD$52),Q49,IF($AD$50=MAX($AD$48:$AD$52),Q50,IF($AD$51=MAX($AD$48:$AD$52),(Q51),Q52)))) -> 0 | R54: =IF($AD$48=MAX($AD$48:$AD$52),R48,IF($AD$49=MAX($AD$48:$AD$52),R49,IF($AD$50=MAX($AD$48:$AD$52),R50,IF($AD$51=MAX($AD$48:$AD$52),(R51),R52)))) -> 0 | S54: =IF($AD$48=MAX($AD$48:$AD$52),S48,IF($AD$49=MAX($AD$48:$AD$52),S49,IF($AD$50=MAX($AD$48:$AD$52),S50,IF($AD$51=MAX($AD$48:$AD$52),(S51),S52)))) -> 0 | T54: =IF($AD$48=MAX($AD$48:$AD$52),T48,IF($AD$49=MAX($AD$48:$AD$52),T49,IF($AD$50=MAX($AD$48:$AD$52),T50,IF($AD$51=MAX($AD$48:$AD$52),(T51),T52)))) -> 6 | U54: =IF($AD$48=MAX($AD$48:$AD$52),U48,IF($AD$49=MAX($AD$48:$AD$52),U49,IF($AD$50=MAX($AD$48:$AD$52),U50,IF($AD$51=MAX($AD$48:$AD$52),(U51),U52)))) -> 5 | V54: =IF($AD$48=MAX($AD$48:$AD$52),V48,IF($AD$49=MAX($AD$48:$AD$52),V49,IF($AD$50=MAX($AD$48:$AD$52),V50,IF($AD$51=MAX($AD$48:$AD$52),(V51),V52)))) -> 1 | W54: =IF($AD$48=MAX($AD$48:$AD$52),W48,IF($AD$49=MAX($AD$48:$AD$52),W49,IF($AD$50=MAX($AD$48:$AD$52),W50,IF($AD$51=MAX($AD$48:$AD$52),(W51),W52)))) -> 2 | ... AA54: =IF($AD$48=MAX($AD$48:$AD$52),AA48,IF($AD$49=MAX($AD$48:$AD$52),AA49,IF($AD$50=MAX($AD$48:$AD$52),AA50,IF($AD$51=MAX($AD$48:$AD$52),(AA51),AA52)))) -> 0 | AB54: =IF($AD$48=MAX($AD$48:$AD$52),A48,IF($AD$49=MAX($AD$48:$AD$52),A49,IF($AD$50=MAX($AD$48:$AD$52),A50,IF($AD$51=MAX($AD$48:$AD$52),A51,A52)))) -> de 7:00 à 8:00 | AD54: =IF($AD$48=MAX($AD$48:$AD$52),AD48,IF($AD$49=MAX($AD$48:$AD$52),AD49,IF($AD$50=MAX($AD$48:$AD$52),AD50,IF($AD$51=MAX($AD$48:$AD$52),(AD51),AD52)))) -> 23 | AE54: =(C54+E54+G54+I54+K54+M54+P54+R54+T54+V54+X54+Z54+C66+E66+G66+I66+K66+M66+P66+R66+T66+V66+X66+Z66)/AD54 -> 0.47826087 | AF54: =(E54+F54+I54+J54+M54+N54+R54+S54+V54+W54+Z54+AA54+E66+F66+I66+J66+M66+N66+R66+S66+V66+W66+Z66+AA66)/AD54 -> 0.30434783 | AG54: =(E54+I54+M54+R54+V54+Z54+E66+I66+M66+R66+V66+Z66)/(E54+F54+I54+J54+M54+N54+R54+S54+V54+W54+Z54+AA54+E66+F66+I66+J66+M66+N66+R66+S66+V66+W66+Z66+AA66) -> 0.42857143 | AH54: =AI54/AD54 -> 0.82608696 | AI54: =SUM(T54:W54,K66:N66,X66:AA66) -> 19
C56: =C26 -> Depuis 'Reignier' | P56: =P26 -> Depuis 'Rossat' | AG56: =IF((E53+I53+M53+R53+V53+Z53+E65+I65+M65+R65+V65+Z65)=0,0,(E53+I53+M53+R53+V53+Z53+E65+I65+M65+R65+V65+Z65)/(E53+F53+I53+J53+M53+N53+R53+S53+V53+W53+Z53+AA53+E65+F65+I65+J65+M65+N65+R65+S65+V65+W65+Z65+AA65)) -> 0.25
C57: =C27 -> vers 'Nangy' | G57: =G27 -> vers 'Rossat' | K57: =K27 -> vers 'Annemasse' | P57: =P27 -> vers 'Reignier' | T57: =T27 -> vers 'Nangy' | X57: =X27 -> vers 'Annemasse'
C58: H | E58: F | G58: H | I58: F | K58: H | M58: F | P58: H | R58: F | T58: H | V58: F | X58: H | Z58: F
A59: Période | C59: VAE | D59: vélo | E59: VAE | F59: vélo | G59: VAE | H59: vélo | I59: VAE | J59: vélo | K59: VAE | L59: vélo | M59: VAE | N59: vélo | P59: VAE | Q59: vélo | R59: VAE | S59: vélo | T59: VAE | U59: vélo | V59: VAE | W59: vélo | X59: VAE | Y59: vélo | Z59: VAE | AA59: vélo
A60: de 6:30 à 7:30 | C60: =SUM(C30:C33) -> 0 | D60: =SUM(D30:D33) -> 0 | E60: =SUM(E30:E33) -> 0 | F60: =SUM(F30:F33) -> 0 | G60: =SUM(G30:G33) -> 0 | H60: =SUM(H30:H33) -> 0 | I60: =SUM(I30:I33) -> 0 | J60: =SUM(J30:J33) -> 1 | ... N60: =SUM(N30:N33) -> 0 | P60: =SUM(P30:P33) -> 0 | Q60: =SUM(Q30:Q33) -> 0 | R60: =SUM(R30:R33) -> 0 | S60: =SUM(S30:S33) -> 1 | T60: =SUM(T30:T33) -> 0 | U60: =SUM(U30:U33) -> 0 | V60: =SUM(V30:V33) -> 0 | W60: =SUM(W30:W33) -> 0 | ... AA60: =SUM(AA30:AA33) -> 0
A61: de 7:00 à 8:00 | C61: =SUM(C32:C35) -> 0 | D61: =SUM(D32:D35) -> 0 | E61: =SUM(E32:E35) -> 0 | F61: =SUM(F32:F35) -> 0 | G61: =SUM(G32:G35) -> 0 | H61: =SUM(H32:H35) -> 0 | I61: =SUM(I32:I35) -> 0 | J61: =SUM(J32:J35) -> 1 | ... N61: =SUM(N32:N35) -> 0 | P61: =SUM(P32:P35) -> 0 | Q61: =SUM(Q32:Q35) -> 0 | R61: =SUM(R32:R35) -> 0 | S61: =SUM(S32:S35) -> 1 | T61: =SUM(T32:T35) -> 0 | U61: =SUM(U32:U35) -> 0 | V61: =SUM(V32:V35) -> 0 | W61: =SUM(W32:W35) -> 0 | ... AA61: =SUM(AA32:AA35) -> 0
A62: de 7:30 à 8:30 | C62: =SUM(C34:C37) -> 0 | D62: =SUM(D34:D37) -> 0 | E62: =SUM(E34:E37) -> 0 | F62: =SUM(F34:F37) -> 0 | G62: =SUM(G34:G37) -> 0 | H62: =SUM(H34:H37) -> 1 | I62: =SUM(I34:I37) -> 0 | J62: =SUM(J34:J37) -> 1 | ... N62: =SUM(N34:N37) -> 0 | P62: =SUM(P34:P37) -> 0 | Q62: =SUM(Q34:Q37) -> 0 | R62: =SUM(R34:R37) -> 0 | S62: =SUM(S34:S37) -> 2 | T62: =SUM(T34:T37) -> 0 | U62: =SUM(U34:U37) -> 0 | V62: =SUM(V34:V37) -> 0 | W62: =SUM(W34:W37) -> 0 | ... AA62: =SUM(AA34:AA37) -> 0
A63: de 8:00 à 9:00 | C63: =SUM(C36:C39) -> 0 | D63: =SUM(D36:D39) -> 0 | E63: =SUM(E36:E39) -> 0 | F63: =SUM(F36:F39) -> 0 | G63: =SUM(G36:G39) -> 0 | H63: =SUM(H36:H39) -> 1 | I63: =SUM(I36:I39) -> 0 | J63: =SUM(J36:J39) -> 1 | ... N63: =SUM(N36:N39) -> 1 | P63: =SUM(P36:P39) -> 0 | Q63: =SUM(Q36:Q39) -> 0 | R63: =SUM(R36:R39) -> 0 | S63: =SUM(S36:S39) -> 2 | T63: =SUM(T36:T39) -> 0 | U63: =SUM(U36:U39) -> 0 | V63: =SUM(V36:V39) -> 0 | W63: =SUM(W36:W39) -> 0 | ... AA63: =SUM(AA36:AA39) -> 0
A64: de 8:30 à 9:30 | C64: =SUM(C38:C41) -> 0 | D64: =SUM(D38:D41) -> 0 | E64: =SUM(E38:E41) -> 0 | F64: =SUM(F38:F41) -> 0 | G64: =SUM(G38:G41) -> 0 | H64: =SUM(H38:H41) -> 0 | I64: =SUM(I38:I41) -> 0 | J64: =SUM(J38:J41) -> 0 | ... N64: =SUM(N38:N41) -> 1 | P64: =SUM(P38:P41) -> 0 | Q64: =SUM(Q38:Q41) -> 0 | R64: =SUM(R38:R41) -> 0 | S64: =SUM(S38:S41) -> 0 | T64: =SUM(T38:T41) -> 0 | U64: =SUM(U38:U41) -> 0 | V64: =SUM(V38:V41) -> 0 | W64: =SUM(W38:W41) -> 0 | ... AA64: =SUM(AA38:AA41) -> 0
A65: TOTAL | C65: =SUM(C30:C41) -> 0 | D65: =SUM(D30:D41) -> 0 | E65: =SUM(E30:E41) -> 0 | F65: =SUM(F30:F41) -> 0 | G65: =SUM(G30:G41) -> 0 | H65: =SUM(H30:H41) -> 1 | I65: =SUM(I30:I41) -> 0 | J65: =SUM(J30:J41) -> 2 | ... N65: =SUM(N30:N41) -> 1 | P65: =SUM(P30:P41) -> 0 | Q65: =SUM(Q30:Q41) -> 0 | R65: =SUM(R30:R41) -> 0 | S65: =SUM(S30:S41) -> 3 | T65: =SUM(T30:T41) -> 0 | U65: =SUM(U30:U41) -> 0 | V65: =SUM(V30:V41) -> 0 | W65: =SUM(W30:W41) -> 0 | ... AA65: =SUM(AA30:AA41) -> 0
A66: =IF($AD$48=MAX($AD$48:$AD$52),A60,IF($AD$49=MAX($AD$48:$AD$52),A61,IF($AD$50=MAX($AD$48:$AD$52),A62,IF($AD$51=MAX($AD$48:$AD$52),A63,A64)))) -> de 7:00 à 8:00 | C66: =IF($AD$48=MAX($AD$48:$AD$52),C60,IF($AD$49=MAX($AD$48:$AD$52),C61,IF($AD$50=MAX($AD$48:$AD$52),C62,IF($AD$51=MAX($AD$48:$AD$52),C63,C64)))) -> 0 | D66: =IF($AD$48=MAX($AD$48:$AD$52),D60,IF($AD$49=MAX($AD$48:$AD$52),D61,IF($AD$50=MAX($AD$48:$AD$52),D62,IF($AD$51=MAX($AD$48:$AD$52),D63,D64)))) -> 0 | E66: =IF($AD$48=MAX($AD$48:$AD$52),E60,IF($AD$49=MAX($AD$48:$AD$52),E61,IF($AD$50=MAX($AD$48:$AD$52),E62,IF($AD$51=MAX($AD$48:$AD$52),E63,E64)))) -> 0 | F66: =IF($AD$48=MAX($AD$48:$AD$52),F60,IF($AD$49=MAX($AD$48:$AD$52),F61,IF($AD$50=MAX($AD$48:$AD$52),F62,IF($AD$51=MAX($AD$48:$AD$52),F63,F64)))) -> 0 | G66: =IF($AD$48=MAX($AD$48:$AD$52),G60,IF($AD$49=MAX($AD$48:$AD$52),G61,IF($AD$50=MAX($AD$48:$AD$52),G62,IF($AD$51=MAX($AD$48:$AD$52),G63,G64)))) -> 0 | H66: =IF($AD$48=MAX($AD$48:$AD$52),H60,IF($AD$49=MAX($AD$48:$AD$52),H61,IF($AD$50=MAX($AD$48:$AD$52),H62,IF($AD$51=MAX($AD$48:$AD$52),H63,H64)))) -> 0 | I66: =IF($AD$48=MAX($AD$48:$AD$52),I60,IF($AD$49=MAX($AD$48:$AD$52),I61,IF($AD$50=MAX($AD$48:$AD$52),I62,IF($AD$51=MAX($AD$48:$AD$52),I63,I64)))) -> 0 | J66: =IF($AD$48=MAX($AD$48:$AD$52),J60,IF($AD$49=MAX($AD$48:$AD$52),J61,IF($AD$50=MAX($AD$48:$AD$52),J62,IF($AD$51=MAX($AD$48:$AD$52),J63,J64)))) -> 1 | ... N66: =IF($AD$48=MAX($AD$48:$AD$52),N60,IF($AD$49=MAX($AD$48:$AD$52),N61,IF($AD$50=MAX($AD$48:$AD$52),N62,IF($AD$51=MAX($AD$48:$AD$52),N63,N64)))) -> 0 | P66: =IF($AD$48=MAX($AD$48:$AD$52),P60,IF($AD$49=MAX($AD$48:$AD$52),P61,IF($AD$50=MAX($AD$48:$AD$52),P62,IF($AD$51=MAX($AD$48:$AD$52),P63,P64)))) -> 0 | Q66: =IF($AD$48=MAX($AD$48:$AD$52),Q60,IF($AD$49=MAX($AD$48:$AD$52),Q61,IF($AD$50=MAX($AD$48:$AD$52),Q62,IF($AD$51=MAX($AD$48:$AD$52),Q63,Q64)))) -> 0 | R66: =IF($AD$48=MAX($AD$48:$AD$52),R60,IF($AD$49=MAX($AD$48:$AD$52),R61,IF($AD$50=MAX($AD$48:$AD$52),R62,IF($AD$51=MAX($AD$48:$AD$52),R63,R64)))) -> 0 | S66: =IF($AD$48=MAX($AD$48:$AD$52),S60,IF($AD$49=MAX($AD$48:$AD$52),S61,IF($AD$50=MAX($AD$48:$AD$52),S62,IF($AD$51=MAX($AD$48:$AD$52),S63,S64)))) -> 1 | T66: =IF($AD$48=MAX($AD$48:$AD$52),T60,IF($AD$49=MAX($AD$48:$AD$52),T61,IF($AD$50=MAX($AD$48:$AD$52),T62,IF($AD$51=MAX($AD$48:$AD$52),T63,T64)))) -> 0 | U66: =IF($AD$48=MAX($AD$48:$AD$52),U60,IF($AD$49=MAX($AD$48:$AD$52),U61,IF($AD$50=MAX($AD$48:$AD$52),U62,IF($AD$51=MAX($AD$48:$AD$52),U63,U64)))) -> 0 | V66: =IF($AD$48=MAX($AD$48:$AD$52),V60,IF($AD$49=MAX($AD$48:$AD$52),V61,IF($AD$50=MAX($AD$48:$AD$52),V62,IF($AD$51=MAX($AD$48:$AD$52),V63,V64)))) -> 0 | W66: =IF($AD$48=MAX($AD$48:$AD$52),W60,IF($AD$49=MAX($AD$48:$AD$52),W61,IF($AD$50=MAX($AD$48:$AD$52),W62,IF($AD$51=MAX($AD$48:$AD$52),W63,W64)))) -> 0 | ... AA66: =IF($AD$48=MAX($AD$48:$AD$52),AA60,IF($AD$49=MAX($AD$48:$AD$52),AA61,IF($AD$50=MAX($AD$48:$AD$52),AA62,IF($AD$51=MAX($AD$48:$AD$52),AA63,AA64)))) -> 0

Sheet ETR_D2 (ex-PN93)
A1: Lieu : | B1: ETREMBIERES_D2 route de la Libération / D906a (ex-PN93) | M1: Date : | N1: mardi 6 juin 2023
A2: Nom des personnes participant au comptage : | F2: Yannick ROGUET
A3: Météo : | C3: Excellente (grand soleil)
A5: Remarques : | C5: Bouchon (de voitures) vers 8h45 >> sans doute suite au dépôt des enfants aux écoles | P5: Méthodologie : | R5: Pour chaque intervalle de temps, marquer une seule croix par personne comptée. Si c'est enfant, remplacer la croix par E, une trottinette T, un piéton P, etc.
C7: Depuis 'Château d'Etrembières' | P7: Depuis 'Etrembières - Autoroute'
C8: vers 'Reignier' | G8: vers 'Monnetier - La Muraz' | K8: vers 'Etrembères - Autoroute' | P8: vers 'Reignier' | T8: vers 'Monnetier - La Muraz' | X8: vers 'Château d'Etrembières'
C9: H | E9: F | G9: H | I9: F | K9: H | M9: F | P9: H | R9: F | T9: H | V9: F | X9: H | Z9: F
A10: Heure | B10: Minute | C10: VAE | D10: vélo | E10: VAE | F10: vélo | G10: VAE | H10: vélo | I10: VAE | J10: vélo | K10: VAE | L10: vélo | M10: VAE | N10: vélo | P10: VAE | Q10: vélo | R10: VAE | S10: vélo | T10: VAE | U10: vélo | V10: VAE | W10: vélo | X10: VAE | Y10: vélo | Z10: VAE | AA10: vélo
A11: 6 | B11: 30 – 44'59
B12: 45 – 59'59
A13: 7 | B13: 00 – 14'59
B14: 15 – 29'59 | U14: 1
B15: 30 – 44'59 | P15: 1
B16: 45 – 59'59 | H16: 1
A17: 8 | B17: 00 – 14'59 | D17: 1 | H17: 1
B18: 15 – 29'59 | H18: 2
B19: 30 – 44'59 | V19: 1
B20: 45 – 59'59 | H20: 1
A21: 9 | B21: 00 – 14'59
B22: 15 – 29'59
A24: Remarques : | C24: Egalement 3 piétons Parmis les 81 cyclistes comptés, 28 allaient en dir. du Château d'Etrembières et 44 en dir. de d'Annemasse et de l'autoroute
C26: Depuis 'Reignier' | P26: Depuis 'Monnetier - La Muraz'
C27: vers 'Château d'Etrembières' | G27: vers 'Etrembières - Autoroute' | K27: vers 'Monnetier - La Muraz' | P27: vers 'Château d'Etrembières' | T27: vers 'Etrembières - Autoroute' | X27: vers 'Reignier'
C28: H | E28: F | G28: H | I28: F | K28: H | M28: F | P28: H | R28: F | T28: H | V28: F | X28: H | Z28: F
A29: Heure | B29: Minute | C29: VAE | D29: vélo | E29: VAE | F29: vélo | G29: VAE | H29: vélo | I29: VAE | J29: vélo | K29: VAE | L29: vélo | M29: VAE | N29: vélo | P29: VAE | Q29: vélo | R29: VAE | S29: vélo | T29: VAE | U29: vélo | V29: VAE | W29: vélo | X29: VAE | Y29: vélo | Z29: VAE | AA29: vélo
A30: 6 | B30: 30 – 44'59
B31: 45 – 59'59
A32: 7 | B32: 00 – 14'59 | C32: 1 | D32: 2 | G32: 2 | J32: 2 | Q32: 1 | R32: 1 | T32: 2 | U32: 1
B33: 15 – 29'59 | C33: 1 | D33: 2 | E33: 2 | G33: 2 | H33: 1 | P33: 1 | R33: 1 | T33: 1 | U33: 3 | V33: 1
B34: 30 – 44'59 | C34: 2 | D34: 1 | E34: 2 | G34: 2 | H34: 1 | I34: 1 | R34: 1 | S34: 1 | T34: 1 | U34: 1 | V34: 1 | W34: 1
B35: 45 – 59'59 | C35: 1 | G35: 1 | I35: 1 | Q35: 1 | T35: 3 | U35: 1 | V35: 1
A36: 8 | B36: 00 – 14'59 | E36: 1 | G36: 2 | I36: 2 | R36: 1 | S36: 1 | T36: 1
B37: 15 – 29'59 | E37: 1 | H37: 1 | T37: 3 | U37: 1 | V37: 1
B38: 30 – 44'59 | D38: 1 | H38: 1 | V38: 1
B39: 45 – 59'59 | D39: 1 | P39: 1 | U39: 1
A40: 9 | B40: 00 – 14'59
B41: 15 – 29'59
C44: =C7 -> Depuis 'Château d'Etrembières' | P44: =P7 -> Depuis 'Etrembières - Autoroute' | AD44: TOTAL | AE44: Part des VAE dans le total | AF44: Part des femmes dans le total | AG44: Part des VAE chez les femmes | AH44: Part en direction d'Annemasse-Genève | AI44: Remarques
C45: =C8 -> vers 'Reignier' | G45: =G8 -> vers 'Monnetier - La Muraz' | K45: =K8 -> vers 'Etrembères - Autoroute' | P45: =P8 -> vers 'Reignier' | T45: =T8 -> vers 'Monnetier - La Muraz' | X45: =X8 -> vers 'Château d'Etrembières'
C46: H | E46: F | G46: H | I46: F | K46: H | M46: F | P46: H | R46: F | T46: H | V46: F | X46: H | Z46: F
A47: Période | C47: VAE | D47: vélo | E47: VAE | F47: vélo | G47: VAE | H47: vélo | I47: VAE | J47: vélo | K47: VAE | L47: vélo | M47: VAE | N47: vélo | P47: VAE | Q47: vélo | R47: VAE | S47: vélo | T47: VAE | U47: vélo | V47: VAE | W47: vélo | X47: VAE | Y47: vélo | Z47: VAE | AA47: vélo | AB47: Période
A48: de 6:30 à 7:30 | C48: =SUM(C11:C14) -> 0 | D48: =SUM(D11:D14) -> 0 | E48: =SUM(E11:E14) -> 0 | F48: =SUM(F11:F14) -> 0 | G48: =SUM(G11:G14) -> 0 | H48: =SUM(H11:H14) -> 0 | I48: =SUM(I11:I14) -> 0 | J48: =SUM(J11:J14) -> 0 | ... N48: =SUM(N11:N14) -> 0 | P48: =SUM(P11:P14) -> 0 | Q48: =SUM(Q11:Q14) -> 0 | R48: =SUM(R11:R14) -> 0 | S48: =SUM(S11:S14) -> 0 | T48: =SUM(T11:T14) -> 0 | U48: =SUM(U11:U14) -> 1 | V48: =SUM(V11:V14) -> 0 | W48: =SUM(W11:W14) -> 0 | ... AA48: =SUM(AA11:AA14) -> 0 | AB48: de 6:30 à 7:30 | AD48: =SUM(C48:AA48)+SUM(C60:AA60) -> 28 | AE48: =IF(AD48=0,0,AE60/AD48) -> 0.53571429 | AF48: =IF(AD48=0,0,AF60/AD48) -> 0.25 | AG48: =IF(AF60=0,0,AG60/AF60) -> 0.71428571 | AH48: =IF(AD48=0,0,AH60/AD48) -> 0.39285714
A49: de 7:00 à 8:00 | C49: =SUM(C13:C16) -> 0 | D49: =SUM(D13:D16) -> 0 | E49: =SUM(E13:E16) -> 0 | F49: =SUM(F13:F16) -> 0 | G49: =SUM(G13:G16) -> 0 | H49: =SUM(H13:H16) -> 1 | I49: =SUM(I13:I16) -> 0 | J49: =SUM(J13:J16) -> 0 | ... N49: =SUM(N13:N16) -> 0 | P49: =SUM(P13:P16) -> 1 | Q49: =SUM(Q13:Q16) -> 0 | R49: =SUM(R13:R16) -> 0 | S49: =SUM(S13:S16) -> 0 | T49: =SUM(T13:T16) -> 0 | U49: =SUM(U13:U16) -> 1 | V49: =SUM(V13:V16) -> 0 | W49: =SUM(W13:W16) -> 0 | ... AA49: =SUM(AA13:AA16) -> 0 | AB49: de 7:00 à 8:00 | AD49: =SUM(C49:AA49)+SUM(C61:AA61) -> 54 | AE49: =IF(AD49=0,0,AE61/AD49) -> 0.61111111 | AF49: =IF(AD49=0,0,AF61/AD49) -> 0.2962963 | AG49: =IF(AF61=0,0,AG61/AF61) -> 0.75 | AH49: =IF(AD49=0,0,AH61/AD49) -> 0.37037037
A50: de 7:30 à 8:30 | C50: =SUM(C15:C18) -> 0 | D50: =SUM(D15:D18) -> 1 | E50: =SUM(E15:E18) -> 0 | F50: =SUM(F15:F18) -> 0 | G50: =SUM(G15:G18) -> 0 | H50: =SUM(H15:H18) -> 4 | I50: =SUM(I15:I18) -> 0 | J50: =SUM(J15:J18) -> 0 | ... N50: =SUM(N15:N18) -> 0 | P50: =SUM(P15:P18) -> 1 | Q50: =SUM(Q15:Q18) -> 0 | R50: =SUM(R15:R18) -> 0 | S50: =SUM(S15:S18) -> 0 | T50: =SUM(T15:T18) -> 0 | U50: =SUM(U15:U18) -> 0 | V50: =SUM(V15:V18) -> 0 | W50: =SUM(W15:W18) -> 0 | ... AA50: =SUM(AA15:AA18) -> 0 | AB50: de 7:30 à 8:30 | AD50: =SUM(C50:AA50)+SUM(C62:AA62) -> 45 | AE50: =IF(AD50=0,0,AE62/AD50) -> 0.66666667 | AF50: =IF(AD50=0,0,AF62/AD50) -> 0.35555556 | AG50: =IF(AF62=0,0,AG62/AF62) -> 0.8125 | AH50: =IF(AD50=0,0,AH62/AD50) -> 0.35555556
A51: de 8:00 à 9:00 | C51: =SUM(C17:C20) -> 0 | D51: =SUM(D17:D20) -> 1 | E51: =SUM(E17:E20) -> 0 | F51: =SUM(F17:F20) -> 0 | G51: =SUM(G17:G20) -> 0 | H51: =SUM(H17:H20) -> 4 | I51: =SUM(I17:I20) -> 0 | J51: =SUM(J17:J20) -> 0 | ... N51: =SUM(N17:N20) -> 0 | P51: =SUM(P17:P20) -> 0 | Q51: =SUM(Q17:Q20) -> 0 | R51: =SUM(R17:R20) -> 0 | S51: =SUM(S17:S20) -> 0 | T51: =SUM(T17:T20) -> 0 | U51: =SUM(U17:U20) -> 0 | V51: =SUM(V17:V20) -> 1 | W51: =SUM(W17:W20) -> 0 | ... AA51: =SUM(AA17:AA20) -> 0 | AB51: de 8:00 à 9:00 | AD51: =SUM(C51:AA51)+SUM(C63:AA63) -> 27 | AE51: =IF(AD51=0,0,AE63/AD51) -> 0.55555556 | AF51: =IF(AD51=0,0,AF63/AD51) -> 0.33333333 | AG51: =IF(AF63=0,0,AG63/AF63) -> 0.88888889 | AH51: =IF(AD51=0,0,AH63/AD51) -> 0.33333333
A52: de 8:30 à 9:30 | C52: =SUM(C19:C22) -> 0 | D52: =SUM(D19:D22) -> 0 | E52: =SUM(E19:E22) -> 0 | F52: =SUM(F19:F22) -> 0 | G52: =SUM(G19:G22) -> 0 | H52: =SUM(H19:H22) -> 1 | I52: =SUM(I19:I22) -> 0 | J52: =SUM(J19:J22) -> 0 | ... N52: =SUM(N19:N22) -> 0 | P52: =SUM(P19:P22) -> 0 | Q52: =SUM(Q19:Q22) -> 0 | R52: =SUM(R19:R22) -> 0 | S52: =SUM(S19:S22) -> 0 | T52: =SUM(T19:T22) -> 0 | U52: =SUM(U19:U22) -> 0 | V52: =SUM(V19:V22) -> 1 | W52: =SUM(W19:W22) -> 0 | ... AA52: =SUM(AA19:AA22) -> 0 | AB52: de 8:30 à 9:30 | AD52: =SUM(C52:AA52)+SUM(C64:AA64) -> 8 | AE52: =IF(AD52=0,0,AE64/AD52) -> 0.375 | AF52: =IF(AD52=0,0,AF64/AD52) -> 0.25 | AG52: =IF(AF64=0,0,AG64/AF64) -> 1 | AH52: =IF(AD52=0,0,AH64/AD52) -> 0.25
A53: TOTAL | C53: =SUM(C11:C22) -> 0 | D53: =SUM(D11:D22) -> 1 | E53: =SUM(E11:E22) -> 0 | F53: =SUM(F11:F22) -> 0 | G53: =SUM(G11:G22) -> 0 | H53: =SUM(H11:H22) -> 5 | I53: =SUM(I11:I22) -> 0 | J53: =SUM(J11:J22) -> 0 | ... N53: =SUM(N11:N22) -> 0 | P53: =SUM(P11:P22) -> 1 | Q53: =SUM(Q11:Q22) -> 0 | R53: =SUM(R11:R22) -> 0 | S53: =SUM(S11:S22) -> 0 | T53: =SUM(T11:T22) -> 0 | U53: =SUM(U11:U22) -> 1 | V53: =SUM(V11:V22) -> 1 | W53: =SUM(W11:W22) -> 0 | ... AA53: =SUM(AA11:AA22) -> 0 | AB53: TOTAL | AD53: =SUM(C53:AA53)+SUM(C65:AA65) -> 81 | AE53: =IF(AD53=0,0,AE65/AD53) -> 0.59259259 | AF53: =IF(AD53=0,0,AF65/AD53) -> 0.30864198 | AG53: =IF(AF65=0,0,AG65/AF65) -> 0.8 | AH53: =IF(AD53=0,0,AH65/AD53) -> 0.35802469
A54: =IF($AD$48=MAX($AD$48:$AD$52),A48,IF($AD$49=MAX($AD$48:$AD$52),A49,IF($AD$50=MAX($AD$48:$AD$52),A50,IF($AD$51=MAX($AD$48:$AD$52),A51,A52)))) -> de 7:00 à 8:00 | C54: =IF($AD$48=MAX($AD$48:$AD$52),C48,IF($AD$49=MAX($AD$48:$AD$52),C49,IF($AD$50=MAX($AD$48:$AD$52),C50,IF($AD$51=MAX($AD$48:$AD$52),(C51),C52)))) -> 0 | D54: =IF($AD$48=MAX($AD$48:$AD$52),D48,IF($AD$49=MAX($AD$48:$AD$52),D49,IF($AD$50=MAX($AD$48:$AD$52),D50,IF($AD$51=MAX($AD$48:$AD$52),(D51),D52)))) -> 0 | E54: =IF($AD$48=MAX($AD$48:$AD$52),E48,IF($AD$49=MAX($AD$48:$AD$52),E49,IF($AD$50=MAX($AD$48:$AD$52),E50,IF($AD$51=MAX($AD$48:$AD$52),(E51),E52)))) -> 0 | F54: =IF($AD$48=MAX($AD$48:$AD$52),F48,IF($AD$49=MAX($AD$48:$AD$52),F49,IF($AD$50=MAX($AD$48:$AD$52),F50,IF($AD$51=MAX($AD$48:$AD$52),(F51),F52)))) -> 0 | G54: =IF($AD$48=MAX($AD$48:$AD$52),G48,IF($AD$49=MAX($AD$48:$AD$52),G49,IF($AD$50=MAX($AD$48:$AD$52),G50,IF($AD$51=MAX($AD$48:$AD$52),(G51),G52)))) -> 0 | H54: =IF($AD$48=MAX($AD$48:$AD$52),H48,IF($AD$49=MAX($AD$48:$AD$52),H49,IF($AD$50=MAX($AD$48:$AD$52),H50,IF($AD$51=MAX($AD$48:$AD$52),(H51),H52)))) -> 1 | I54: =IF($AD$48=MAX($AD$48:$AD$52),I48,IF($AD$49=MAX($AD$48:$AD$52),I49,IF($AD$50=MAX($AD$48:$AD$52),I50,IF($AD$51=MAX($AD$48:$AD$52),(I51),I52)))) -> 0 | J54: =IF($AD$48=MAX($AD$48:$AD$52),J48,IF($AD$49=MAX($AD$48:$AD$52),J49,IF($AD$50=MAX($AD$48:$AD$52),J50,IF($AD$51=MAX($AD$48:$AD$52),(J51),J52)))) -> 0 | ... N54: =IF($AD$48=MAX($AD$48:$AD$52),N48,IF($AD$49=MAX($AD$48:$AD$52),N49,IF($AD$50=MAX($AD$48:$AD$52),N50,IF($AD$51=MAX($AD$48:$AD$52),(N51),N52)))) -> 0 | P54: =IF($AD$48=MAX($AD$48:$AD$52),P48,IF($AD$49=MAX($AD$48:$AD$52),P49,IF($AD$50=MAX($AD$48:$AD$52),P50,IF($AD$51=MAX($AD$48:$AD$52),(P51),P52)))) -> 1 | Q54: =IF($AD$48=MAX($AD$48:$AD$52),Q48,IF($AD$49=MAX($AD$48:$AD$52),Q49,IF($AD$50=MAX($AD$48:$AD$52),Q50,IF($AD$51=MAX($AD$48:$AD$52),(Q51),Q52)))) -> 0 | R54: =IF($AD$48=MAX($AD$48:$AD$52),R48,IF($AD$49=MAX($AD$48:$AD$52),R49,IF($AD$50=MAX($AD$48:$AD$52),R50,IF($AD$51=MAX($AD$48:$AD$52),(R51),R52)))) -> 0 | S54: =IF($AD$48=MAX($AD$48:$AD$52),S48,IF($AD$49=MAX($AD$48:$AD$52),S49,IF($AD$50=MAX($AD$48:$AD$52),S50,IF($AD$51=MAX($AD$48:$AD$52),(S51),S52)))) -> 0 | T54: =IF($AD$48=MAX($AD$48:$AD$52),T48,IF($AD$49=MAX($AD$48:$AD$52),T49,IF($AD$50=MAX($AD$48:$AD$52),T50,IF($AD$51=MAX($AD$48:$AD$52),(T51),T52)))) -> 0 | U54: =IF($AD$48=MAX($AD$48:$AD$52),U48,IF($AD$49=MAX($AD$48:$AD$52),U49,IF($AD$50=MAX($AD$48:$AD$52),U50,IF($AD$51=MAX($AD$48:$AD$52),(U51),U52)))) -> 1 | V54: =IF($AD$48=MAX($AD$48:$AD$52),V48,IF($AD$49=MAX($AD$48:$AD$52),V49,IF($AD$50=MAX($AD$48:$AD$52),V50,IF($AD$51=MAX($AD$48:$AD$52),(V51),V52)))) -> 0 | W54: =IF($AD$48=MAX($AD$48:$AD$52),W48,IF($AD$49=MAX($AD$48:$AD$52),W49,IF($AD$50=MAX($AD$48:$AD$52),W50,IF($AD$51=MAX($AD$48:$AD$52),(W51),W52)))) -> 0 | ... AA54: =IF($AD$48=MAX($AD$48:$AD$52),AA48,IF($AD$49=MAX($AD$48:$AD$52),AA49,IF($AD$50=MAX($AD$48:$AD$52),AA50,IF($AD$51=MAX($AD$48:$AD$52),(AA51),AA52)))) -> 0 | AB54: =IF($AD$48=MAX($AD$48:$AD$52),A48,IF($AD$49=MAX($AD$48:$AD$52),A49,IF($AD$50=MAX($AD$48:$AD$52),A50,IF($AD$51=MAX($AD$48:$AD$52),A51,A52)))) -> de 7:00 à 8:00 | AD54: =IF($AD$48=MAX($AD$48:$AD$52),AD48,IF($AD$49=MAX($AD$48:$AD$52),AD49,IF($AD$50=MAX($AD$48:$AD$52),AD50,IF($AD$51=MAX($AD$48:$AD$52),(AD51),AD52)))) -> 54 | AE54: =IF(AD54=0,0,AE66/AD54) -> 0.61111111 | AF54: =IF(AD54=0,0,AF66/AD54) -> 0.2962963 | AG54: =IF(AF66=0,0,AG66/AF66) -> 0.75 | AH54: =IF(AD54=0,0,AH66/AD54) -> 0.37037037
C56: =C26 -> Depuis 'Reignier' | P56: =P26 -> Depuis 'Monnetier - La Muraz' | AE56: Nombre de VAE dans le total | AF56: Nombre de femmes dans le total | AG56: Nombre de VAE chez les femmes | AH56: Cycles en direction d'Annemasse-Genève
C57: =C27 -> vers 'Château d'Etrembières' | G57: =G27 -> vers 'Etrembières - Autoroute' | K57: =K27 -> vers 'Monnetier - La Muraz' | P57: =P27 -> vers 'Château d'Etrembières' | T57: =T27 -> vers 'Etrembières - Autoroute' | X57: =X27 -> vers 'Reignier'
C58: H | E58: F | G58: H | I58: F | K58: H | M58: F | P58: H | R58: F | T58: H | V58: F | X58: H | Z58: F
A59: Période | C59: VAE | D59: vélo | E59: VAE | F59: vélo | G59: VAE | H59: vélo | I59: VAE | J59: vélo | K59: VAE | L59: vélo | M59: VAE | N59: vélo | P59: VAE | Q59: vélo | R59: VAE | S59: vélo | T59: VAE | U59: vélo | V59: VAE | W59: vélo | X59: VAE | Y59: vélo | Z59: VAE | AA59: vélo
A60: de 6:30 à 7:30 | C60: =SUM(C30:C33) -> 2 | D60: =SUM(D30:D33) -> 4 | E60: =SUM(E30:E33) -> 2 | F60: =SUM(F30:F33) -> 0 | G60: =SUM(G30:G33) -> 4 | H60: =SUM(H30:H33) -> 1 | I60: =SUM(I30:I33) -> 0 | J60: =SUM(J30:J33) -> 2 | ... N60: =SUM(N30:N33) -> 0 | P60: =SUM(P30:P33) -> 1 | Q60: =SUM(Q30:Q33) -> 1 | R60: =SUM(R30:R33) -> 2 | S60: =SUM(S30:S33) -> 0 | T60: =SUM(T30:T33) -> 3 | U60: =SUM(U30:U33) -> 4 | V60: =SUM(V30:V33) -> 1 | W60: =SUM(W30:W33) -> 0 | ... AA60: =SUM(AA30:AA33) -> 0 | AE60: =(C48+E48+G48+I48+K48+M48+P48+R48+T48+V48+X48+Z48+C60+E60+G60+I60+K60+M60+P60+R60+T60+V60+X60+Z60) -> 15 | AF60: =(E48+F48+I48+J48+M48+N48+R48+S48+V48+W48+Z48+AA48+E60+F60+I60+J60+M60+N60+R60+S60+V60+W60+Z60+AA60) -> 7 | AG60: =(E48+I48+M48+R48+V48+Z48+E60+I60+M60+R60+V60+Z60) -> 5 | AH60: =SUM(K48:N48,X48:AA48,P60:S60,G60:J60) -> 11
A61: de 7:00 à 8:00 | C61: =SUM(C32:C35) -> 5 | D61: =SUM(D32:D35) -> 5 | E61: =SUM(E32:E35) -> 4 | F61: =SUM(F32:F35) -> 0 | G61: =SUM(G32:G35) -> 7 | H61: =SUM(H32:H35) -> 2 | I61: =SUM(I32:I35) -> 2 | J61: =SUM(J32:J35) -> 2 | ... N61: =SUM(N32:N35) -> 0 | P61: =SUM(P32:P35) -> 1 | Q61: =SUM(Q32:Q35) -> 2 | R61: =SUM(R32:R35) -> 3 | S61: =SUM(S32:S35) -> 1 | T61: =SUM(T32:T35) -> 7 | U61: =SUM(U32:U35) -> 6 | V61: =SUM(V32:V35) -> 3 | W61: =SUM(W32:W35) -> 1 | ... AA61: =SUM(AA32:AA35) -> 0 | AE61: =(C49+E49+G49+I49+K49+M49+P49+R49+T49+V49+X49+Z49+C61+E61+G61+I61+K61+M61+P61+R61+T61+V61+X61+Z61) -> 33 | AF61: =(E49+F49+I49+J49+M49+N49+R49+S49+V49+W49+Z49+AA49+E61+F61+I61+J61+M61+N61+R61+S61+V61+W61+Z61+AA61) -> 16 | AG61: =(E49+I49+M49+R49+V49+Z49+E61+I61+M61+R61+V61+Z61) -> 12 | AH61: =SUM(K49:N49,X49:AA49,P61:S61,G61:J61) -> 20
A62: de 7:30 à 8:30 | C62: =SUM(C34:C37) -> 3 | D62: =SUM(D34:D37) -> 1 | E62: =SUM(E34:E37) -> 4 | F62: =SUM(F34:F37) -> 0 | G62: =SUM(G34:G37) -> 5 | H62: =SUM(H34:H37) -> 2 | I62: =SUM(I34:I37) -> 4 | J62: =SUM(J34:J37) -> 0 | ... N62: =SUM(N34:N37) -> 0 | P62: =SUM(P34:P37) -> 0 | Q62: =SUM(Q34:Q37) -> 1 | R62: =SUM(R34:R37) -> 2 | S62: =SUM(S34:S37) -> 2 | T62: =SUM(T34:T37) -> 8 | U62: =SUM(U34:U37) -> 3 | V62: =SUM(V34:V37) -> 3 | W62: =SUM(W34:W37) -> 1 | ... AA62: =SUM(AA34:AA37) -> 0 | AE62: =(C50+E50+G50+I50+K50+M50+P50+R50+T50+V50+X50+Z50+C62+E62+G62+I62+K62+M62+P62+R62+T62+V62+X62+Z62) -> 30 | AF62: =(E50+F50+I50+J50+M50+N50+R50+S50+V50+W50+Z50+AA50+E62+F62+I62+J62+M62+N62+R62+S62+V62+W62+Z62+AA62) -> 16 | AG62: =(E50+I50+M50+R50+V50+Z50+E62+I62+M62+R62+V62+Z62) -> 13 | AH62: =SUM(K50:N50,X50:AA50,P62:S62,G62:J62) -> 16
A63: de 8:00 à 9:00 | C63: =SUM(C36:C39) -> 0 | D63: =SUM(D36:D39) -> 2 | E63: =SUM(E36:E39) -> 2 | F63: =SUM(F36:F39) -> 0 | G63: =SUM(G36:G39) -> 2 | H63: =SUM(H36:H39) -> 2 | I63: =SUM(I36:I39) -> 2 | J63: =SUM(J36:J39) -> 0 | ... N63: =SUM(N36:N39) -> 0 | P63: =SUM(P36:P39) -> 1 | Q63: =SUM(Q36:Q39) -> 0 | R63: =SUM(R36:R39) -> 1 | S63: =SUM(S36:S39) -> 1 | T63: =SUM(T36:T39) -> 4 | U63: =SUM(U36:U39) -> 2 | V63: =SUM(V36:V39) -> 2 | W63: =SUM(W36:W39) -> 0 | ... AA63: =SUM(AA36:AA39) -> 0 | AE63: =(C51+E51+G51+I51+K51+M51+P51+R51+T51+V51+X51+Z51+C63+E63+G63+I63+K63+M63+P63+R63+T63+V63+X63+Z63) -> 15 | AF63: =(E51+F51+I51+J51+M51+N51+R51+S51+V51+W51+Z51+AA51+E63+F63+I63+J63+M63+N63+R63+S63+V63+W63+Z63+AA63) -> 9 | AG63: =(E51+I51+M51+R51+V51+Z51+E63+I63+M63+R63+V63+Z63) -> 8 | AH63: =SUM(K51:N51,X51:AA51,P63:S63,G63:J63) -> 9
A64: de 8:30 à 9:30 | C64: =SUM(C38:C41) -> 0 | D64: =SUM(D38:D41) -> 2 | E64: =SUM(E38:E41) -> 0 | F64: =SUM(F38:F41) -> 0 | G64: =SUM(G38:G41) -> 0 | H64: =SUM(H38:H41) -> 1 | I64: =SUM(I38:I41) -> 0 | J64: =SUM(J38:J41) -> 0 | ... N64: =SUM(N38:N41) -> 0 | P64: =SUM(P38:P41) -> 1 | Q64: =SUM(Q38:Q41) -> 0 | R64: =SUM(R38:R41) -> 0 | S64: =SUM(S38:S41) -> 0 | T64: =SUM(T38:T41) -> 0 | U64: =SUM(U38:U41) -> 1 | V64: =SUM(V38:V41) -> 1 | W64: =SUM(W38:W41) -> 0 | ... AA64: =SUM(AA38:AA41) -> 0 | AE64: =(C52+E52+G52+I52+K52+M52+P52+R52+T52+V52+X52+Z52+C64+E64+G64+I64+K64+M64+P64+R64+T64+V64+X64+Z64) -> 3 | AF64: =(E52+F52+I52+J52+M52+N52+R52+S52+V52+W52+Z52+AA52+E64+F64+I64+J64+M64+N64+R64+S64+V64+W64+Z64+AA64) -> 2 | AG64: =(E52+I52+M52+R52+V52+Z52+E64+I64+M64+R64+V64+Z64) -> 2 | AH64: =SUM(K52:N52,X52:AA52,P64:S64,G64:J64) -> 2
A65: TOTAL | C65: =SUM(C30:C41) -> 5 | D65: =SUM(D30:D41) -> 7 | E65: =SUM(E30:E41) -> 6 | F65: =SUM(F30:F41) -> 0 | G65: =SUM(G30:G41) -> 9 | H65: =SUM(H30:H41) -> 4 | I65: =SUM(I30:I41) -> 4 | J65: =SUM(J30:J41) -> 2 | ... N65: =SUM(N30:N41) -> 0 | P65: =SUM(P30:P41) -> 2 | Q65: =SUM(Q30:Q41) -> 2 | R65: =SUM(R30:R41) -> 4 | S65: =SUM(S30:S41) -> 2 | T65: =SUM(T30:T41) -> 11 | U65: =SUM(U30:U41) -> 8 | V65: =SUM(V30:V41) -> 5 | W65: =SUM(W30:W41) -> 1 | ... AA65: =SUM(AA30:AA41) -> 0 | AE65: =(C53+E53+G53+I53+K53+M53+P53+R53+T53+V53+X53+Z53+C65+E65+G65+I65+K65+M65+P65+R65+T65+V65+X65+Z65) -> 48 | AF65: =(E53+F53+I53+J53+M53+N53+R53+S53+V53+W53+Z53+AA53+E65+F65+I65+J65+M65+N65+R65+S65+V65+W65+Z65+AA65) -> 25 | AG65: =(E53+I53+M53+R53+V53+Z53+E65+I65+M65+R65+V65+Z65) -> 20 | AH65: =SUM(K53:N53,X53:AA53,P65:S65,G65:J65) -> 29
A66: =IF($AD$48=MAX($AD$48:$AD$52),A60,IF($AD$49=MAX($AD$48:$AD$52),A61,IF($AD$50=MAX($AD$48:$AD$52),A62,IF($AD$51=MAX($AD$48:$AD$52),A63,A64)))) -> de 7:00 à 8:00 | C66: =IF($AD$48=MAX($AD$48:$AD$52),C60,IF($AD$49=MAX($AD$48:$AD$52),C61,IF($AD$50=MAX($AD$48:$AD$52),C62,IF($AD$51=MAX($AD$48:$AD$52),C63,C64)))) -> 5 | D66: =IF($AD$48=MAX($AD$48:$AD$52),D60,IF($AD$49=MAX($AD$48:$AD$52),D61,IF($AD$50=MAX($AD$48:$AD$52),D62,IF($AD$51=MAX($AD$48:$AD$52),D63,D64)))) -> 5 | E66: =IF($AD$48=MAX($AD$48:$AD$52),E60,IF($AD$49=MAX($AD$48:$AD$52),E61,IF($AD$50=MAX($AD$48:$AD$52),E62,IF($AD$51=MAX($AD$48:$AD$52),E63,E64)))) -> 4 | F66: =IF($AD$48=MAX($AD$48:$AD$52),F60,IF($AD$49=MAX($AD$48:$AD$52),F61,IF($AD$50=MAX($AD$48:$AD$52),F62,IF($AD$51=MAX($AD$48:$AD$52),F63,F64)))) -> 0 | G66: =IF($AD$48=MAX($AD$48:$AD$52),G60,IF($AD$49=MAX($AD$48:$AD$52),G61,IF($AD$50=MAX($AD$48:$AD$52),G62,IF($AD$51=MAX($AD$48:$AD$52),G63,G64)))) -> 7 | H66: =IF($AD$48=MAX($AD$48:$AD$52),H60,IF($AD$49=MAX($AD$48:$AD$52),H61,IF($AD$50=MAX($AD$48:$AD$52),H62,IF($AD$51=MAX($AD$48:$AD$52),H63,H64)))) -> 2 | I66: =IF($AD$48=MAX($AD$48:$AD$52),I60,IF($AD$49=MAX($AD$48:$AD$52),I61,IF($AD$50=MAX($AD$48:$AD$52),I62,IF($AD$51=MAX($AD$48:$AD$52),I63,I64)))) -> 2 | J66: =IF($AD$48=MAX($AD$48:$AD$52),J60,IF($AD$49=MAX($AD$48:$AD$52),J61,IF($AD$50=MAX($AD$48:$AD$52),J62,IF($AD$51=MAX($AD$48:$AD$52),J63,J64)))) -> 2 | ... N66: =IF($AD$48=MAX($AD$48:$AD$52),N60,IF($AD$49=MAX($AD$48:$AD$52),N61,IF($AD$50=MAX($AD$48:$AD$52),N62,IF($AD$51=MAX($AD$48:$AD$52),N63,N64)))) -> 0 | P66: =IF($AD$48=MAX($AD$48:$AD$52),P60,IF($AD$49=MAX($AD$48:$AD$52),P61,IF($AD$50=MAX($AD$48:$AD$52),P62,IF($AD$51=MAX($AD$48:$AD$52),P63,P64)))) -> 1 | Q66: =IF($AD$48=MAX($AD$48:$AD$52),Q60,IF($AD$49=MAX($AD$48:$AD$52),Q61,IF($AD$50=MAX($AD$48:$AD$52),Q62,IF($AD$51=MAX($AD$48:$AD$52),Q63,Q64)))) -> 2 | R66: =IF($AD$48=MAX($AD$48:$AD$52),R60,IF($AD$49=MAX($AD$48:$AD$52),R61,IF($AD$50=MAX($AD$48:$AD$52),R62,IF($AD$51=MAX($AD$48:$AD$52),R63,R64)))) -> 3 | S66: =IF($AD$48=MAX($AD$48:$AD$52),S60,IF($AD$49=MAX($AD$48:$AD$52),S61,IF($AD$50=MAX($AD$48:$AD$52),S62,IF($AD$51=MAX($AD$48:$AD$52),S63,S64)))) -> 1 | T66: =IF($AD$48=MAX($AD$48:$AD$52),T60,IF($AD$49=MAX($AD$48:$AD$52),T61,IF($AD$50=MAX($AD$48:$AD$52),T62,IF($AD$51=MAX($AD$48:$AD$52),T63,T64)))) -> 7 | U66: =IF($AD$48=MAX($AD$48:$AD$52),U60,IF($AD$49=MAX($AD$48:$AD$52),U61,IF($AD$50=MAX($AD$48:$AD$52),U62,IF($AD$51=MAX($AD$48:$AD$52),U63,U64)))) -> 6 | V66: =IF($AD$48=MAX($AD$48:$AD$52),V60,IF($AD$49=MAX($AD$48:$AD$52),V61,IF($AD$50=MAX($AD$48:$AD$52),V62,IF($AD$51=MAX($AD$48:$AD$52),V63,V64)))) -> 3 | W66: =IF($AD$48=MAX($AD$48:$AD$52),W60,IF($AD$49=MAX($AD$48:$AD$52),W61,IF($AD$50=MAX($AD$48:$AD$52),W62,IF($AD$51=MAX($AD$48:$AD$52),W63,W64)))) -> 1 | ... AA66: =IF($AD$48=MAX($AD$48:$AD$52),AA60,IF($AD$49=MAX($AD$48:$AD$52),AA61,IF($AD$50=MAX($AD$48:$AD$52),AA62,IF($AD$51=MAX($AD$48:$AD$52),AA63,AA64)))) -> 0 | AE66: =(C54+E54+G54+I54+K54+M54+P54+R54+T54+V54+X54+Z54+C66+E66+G66+I66+K66+M66+P66+R66+T66+V66+X66+Z66) -> 33 | AF66: =(E54+F54+I54+J54+M54+N54+R54+S54+V54+W54+Z54+AA54+E66+F66+I66+J66+M66+N66+R66+S66+V66+W66+Z66+AA66) -> 16 | AG66: =(E54+I54+M54+R54+V54+Z54+E66+I66+M66+R66+V66+Z66) -> 12 | AH66: =SUM(K54:N54,X54:AA54,P66:S66,G66:J66) -> 20

Sheet ETR_Château
A1: Lieu : | B1: ETREMBIERES_Rte de St-Julien / Rte du Salève (sous château) | N1: Date : | O1: mardi 6 juin 2023
A2: Nom des personnes participant au comptage : | G2: Sylvie PASCAL
A3: Météo : | C3: Excellente (grand soleil)
A5: Remarques : | C5: De nombreux cyclistes rejoignent le petit chemin du piémont du Salève aménagé l'an dernier (dir. Veyrier : 12 / dir. Reignier : 2) | P5: Méthodologie : | R5: Pour chaque intervalle de temps, marquer une seule croix par personne comptée. Si c'est enfant, remplacer la croix par E, une trottinette T, un piéton P, etc.
C7: Depuis 'Pas-de-l'Echelle' | L7: Depuis 'Annemasse' | U7: Depuis 'Reignier'
C8: vers 'Reignier' | G8: vers 'Annemasse' | L8: vers 'Reignier' | P8: vers 'Pas-de-l'Echelle' | U8: vers 'Pas-de-l'Echelle' | Y8: vers 'Annemasse'
C9: H | E9: F | G9: H | I9: F | L9: H | N9: F | P9: H | R9: F | U9: H | W9: F | Y9: H | AA9: F
A10: Heure | B10: Minute | C10: VAE | D10: vélo | E10: VAE | F10: vélo | G10: VAE | H10: vélo | I10: VAE | J10: vélo | L10: VAE | M10: vélo | N10: VAE | O10: vélo | P10: VAE | Q10: vélo | R10: VAE | S10: vélo | U10: VAE | V10: vélo | W10: VAE | X10: vélo | Y10: VAE | Z10: vélo | AA10: VAE | AB10: vélo
A11: 6 | B11: 30 – 44'59
B12: 45 – 59'59
A13: 7 | B13: 00 – 14'59 | P13: 1 | Q13: 1 | V13: 5 | W13: 2 | X13: 1
B14: 15 – 29'59 | U14: 1 | V14: 1 | W14: 2
B15: 30 – 44'59 | Q15: 1 | U15: 1 | V15: 3 | W15: 2
B16: 45 – 59'59 | D16: 2 | P16: 2 | U16: 2 | V16: 1 | X16: 1
A17: 8 | B17: 00 – 14'59 | D17: 1 | Q17: 2 | R17: 2 | U17: 1 | W17: 1
B18: 15 – 29'59 | D18: 2 | P18: 3 | W18: 2
B19: 30 – 44'59 | C19: 1 | H19: 1 | V19: 1 | W19: 1
B20: 45 – 59'59 | D20: 1 | U20: 1 | V20: 1
A21: 9 | B21: 00 – 14'59
B22: 15 – 29'59
C25: =C7 -> Depuis 'Pas-de-l'Echelle' | L25: =L7 -> Depuis 'Annemasse' | U25: =U7 -> Depuis 'Reignier' | AE25: TOTAL | AF25: Part des VAE dans le total | AG25: Part des femmes dans le total | AH25: Part des VAE chez les femmes | AI25: Part en direction d'Annemasse-Genève | AJ25: Cycles en provenance de Reignier | AK25: Cycles comptés au carrefour amont (PN93) | AL25: Différence de cycles entre ces deux carrefour : >> descendus au chemin raide sous le cimetière, >> parti en vélo depuis le parking du cimetière ?
C26: =C8 -> vers 'Reignier' | G26: =G8 -> vers 'Annemasse' | L26: =L8 -> vers 'Reignier' | P26: =P8 -> vers 'Pas-de-l'Echelle' | U26: =U8 -> vers 'Pas-de-l'Echelle' | Y26: =Y8 -> vers 'Annemasse'
C27: H | E27: F | G27: H | I27: F | L27: H | N27: F | P27: H | R27: F | U27: H | W27: F | Y27: H | AA27: F
A28: Période | C28: VAE | D28: vélo | E28: VAE | F28: vélo | G28: VAE | H28: vélo | I28: VAE | J28: vélo | L28: VAE | M28: vélo | N28: VAE | O28: vélo | P28: VAE | Q28: vélo | R28: VAE | S28: vélo | U28: VAE | V28: vélo | W28: VAE | X28: vélo | Y28: VAE | Z28: vélo | AA28: VAE | AB28: vélo | AC28: Période
A29: de 6:30 à 7:30 | C29: =SUM(C11:C14) -> 0 | D29: =SUM(D11:D14) -> 0 | E29: =SUM(E11:E14) -> 0 | F29: =SUM(F11:F14) -> 0 | G29: =SUM(G11:G14) -> 0 | H29: =SUM(H11:H14) -> 0 | I29: =SUM(I11:I14) -> 0 | J29: =SUM(J11:J14) -> 0 | L29: =SUM(L11:L14) -> 0 | M29: =SUM(M11:M14) -> 0 | N29: =SUM(N11:N14) -> 0 | O29: =SUM(O11:O14) -> 0 | P29: =SUM(P11:P14) -> 1 | Q29: =SUM(Q11:Q14) -> 1 | R29: =SUM(R11:R14) -> 0 | S29: =SUM(S11:S14) -> 0 | U29: =SUM(U11:U14) -> 1 | V29: =SUM(V11:V14) -> 6 | W29: =SUM(W11:W14) -> 4 | X29: =SUM(X11:X14) -> 1 | Y29: =SUM(Y11:Y14) -> 0 | Z29: =SUM(Z11:Z14) -> 0 | AA29: =SUM(AA11:AA14) -> 0 | AB29: =SUM(AB11:AB14) -> 0 | AC29: de 6:30 à 7:30 | AE29: =SUM(C29:AB29) -> 14 | AF29: =IF(AE29=0,0,AF41/AE29) -> 0.42857143 | AG29: =IF(AE29=0,0,AG41/AE29) -> 0.35714286 | AH29: =IF(AG41=0,0,AH41/AG41) -> 0.8 | AI29: =IF(AE29=0,0,AI41/AE29) -> 1 | AJ29: =SUM(U29:AB29) -> 12 | AK29: =#REF! -> #REF! | AL29: =AK29-AJ29 -> #REF!
A30: de 7:00 à 8:00 | C30: =SUM(C13:C16) -> 0 | D30: =SUM(D13:D16) -> 2 | E30: =SUM(E13:E16) -> 0 | F30: =SUM(F13:F16) -> 0 | G30: =SUM(G13:G16) -> 0 | H30: =SUM(H13:H16) -> 0 | I30: =SUM(I13:I16) -> 0 | J30: =SUM(J13:J16) -> 0 | L30: =SUM(L13:L16) -> 0 | M30: =SUM(M13:M16) -> 0 | N30: =SUM(N13:N16) -> 0 | O30: =SUM(O13:O16) -> 0 | P30: =SUM(P13:P16) -> 3 | Q30: =SUM(Q13:Q16) -> 2 | R30: =SUM(R13:R16) -> 0 | S30: =SUM(S13:S16) -> 0 | U30: =SUM(U13:U16) -> 4 | V30: =SUM(V13:V16) -> 10 | W30: =SUM(W13:W16) -> 6 | X30: =SUM(X13:X16) -> 2 | Y30: =SUM(Y13:Y16) -> 0 | Z30: =SUM(Z13:Z16) -> 0 | AA30: =SUM(AA13:AA16) -> 0 | AB30: =SUM(AB13:AB16) -> 0 | AC30: de 7:00 à 8:00 | AE30: =SUM(C30:AB30) -> 29 | AF30: =IF(AE30=0,0,AF42/AE30) -> 0.44827586 | AG30: =IF(AE30=0,0,AG42/AE30) -> 0.27586207 | AH30: =IF(AG42=0,0,AH42/AG42) -> 0.75 | AI30: =IF(AE30=0,0,AI42/AE30) -> 0.93103448 | AJ30: =SUM(U30:AB30) -> 22 | AK30: =#REF! -> #REF! | AL30: =AK30-AJ30 -> #REF!
A31: de 7:30 à 8:30 | C31: =SUM(C15:C18) -> 0 | D31: =SUM(D15:D18) -> 5 | E31: =SUM(E15:E18) -> 0 | F31: =SUM(F15:F18) -> 0 | G31: =SUM(G15:G18) -> 0 | H31: =SUM(H15:H18) -> 0 | I31: =SUM(I15:I18) -> 0 | J31: =SUM(J15:J18) -> 0 | L31: =SUM(L15:L18) -> 0 | M31: =SUM(M15:M18) -> 0 | N31: =SUM(N15:N18) -> 0 | O31: =SUM(O15:O18) -> 0 | P31: =SUM(P15:P18) -> 5 | Q31: =SUM(Q15:Q18) -> 3 | R31: =SUM(R15:R18) -> 2 | S31: =SUM(S15:S18) -> 0 | U31: =SUM(U15:U18) -> 4 | V31: =SUM(V15:V18) -> 4 | W31: =SUM(W15:W18) -> 5 | X31: =SUM(X15:X18) -> 1 | Y31: =SUM(Y15:Y18) -> 0 | Z31: =SUM(Z15:Z18) -> 0 | AA31: =SUM(AA15:AA18) -> 0 | AB31: =SUM(AB15:AB18) -> 0 | AC31: de 7:30 à 8:30 | AE31: =SUM(C31:AB31) -> 29 | AF31: =IF(AE31=0,0,AF43/AE31) -> 0.55172414 | AG31: =IF(AE31=0,0,AG43/AE31) -> 0.27586207 | AH31: =IF(AG43=0,0,AH43/AG43) -> 0.875 | AI31: =IF(AE31=0,0,AI43/AE31) -> 0.82758621 | AJ31: =SUM(U31:AB31) -> 14 | AK31: =#REF! -> #REF! | AL31: =AK31-AJ31 -> #REF!
A32: de 8:00 à 9:00 | C32: =SUM(C17:C20) -> 1 | D32: =SUM(D17:D20) -> 4 | E32: =SUM(E17:E20) -> 0 | F32: =SUM(F17:F20) -> 0 | G32: =SUM(G17:G20) -> 0 | H32: =SUM(H17:H20) -> 1 | I32: =SUM(I17:I20) -> 0 | J32: =SUM(J17:J20) -> 0 | L32: =SUM(L17:L20) -> 0 | M32: =SUM(M17:M20) -> 0 | N32: =SUM(N17:N20) -> 0 | O32: =SUM(O17:O20) -> 0 | P32: =SUM(P17:P20) -> 3 | Q32: =SUM(Q17:Q20) -> 2 | R32: =SUM(R17:R20) -> 2 | S32: =SUM(S17:S20) -> 0 | U32: =SUM(U17:U20) -> 2 | V32: =SUM(V17:V20) -> 2 | W32: =SUM(W17:W20) -> 4 | X32: =SUM(X17:X20) -> 0 | Y32: =SUM(Y17:Y20) -> 0 | Z32: =SUM(Z17:Z20) -> 0 | AA32: =SUM(AA17:AA20) -> 0 | AB32: =SUM(AB17:AB20) -> 0 | AC32: de 8:00 à 9:00 | AE32: =SUM(C32:AB32) -> 21 | AF32: =IF(AE32=0,0,AF44/AE32) -> 0.57142857 | AG32: =IF(AE32=0,0,AG44/AE32) -> 0.28571429 | AH32: =IF(AG44=0,0,AH44/AG44) -> 1 | AI32: =IF(AE32=0,0,AI44/AE32) -> 0.76190476 | AJ32: =SUM(U32:AB32) -> 8 | AK32: =#REF! -> #REF! | AL32: =AK32-AJ32 -> #REF!
A33: de 8:30 à 9:30 | C33: =SUM(C19:C22) -> 1 | D33: =SUM(D19:D22) -> 1 | E33: =SUM(E19:E22) -> 0 | F33: =SUM(F19:F22) -> 0 | G33: =SUM(G19:G22) -> 0 | H33: =SUM(H19:H22) -> 1 | I33: =SUM(I19:I22) -> 0 | J33: =SUM(J19:J22) -> 0 | L33: =SUM(L19:L22) -> 0 | M33: =SUM(M19:M22) -> 0 | N33: =SUM(N19:N22) -> 0 | O33: =SUM(O19:O22) -> 0 | P33: =SUM(P19:P22) -> 0 | Q33: =SUM(Q19:Q22) -> 0 | R33: =SUM(R19:R22) -> 0 | S33: =SUM(S19:S22) -> 0 | U33: =SUM(U19:U22) -> 1 | V33: =SUM(V19:V22) -> 2 | W33: =SUM(W19:W22) -> 1 | X33: =SUM(X19:X22) -> 0 | Y33: =SUM(Y19:Y22) -> 0 | Z33: =SUM(Z19:Z22) -> 0 | AA33: =SUM(AA19:AA22) -> 0 | AB33: =SUM(AB19:AB22) -> 0 | AC33: de 8:30 à 9:30 | AE33: =SUM(C33:AB33) -> 7 | AF33: =IF(AE33=0,0,AF45/AE33) -> 0.42857143 | AG33: =IF(AE33=0,0,AG45/AE33) -> 0.14285714 | AH33: =IF(AG45=0,0,AH45/AG45) -> 1 | AI33: =IF(AE33=0,0,AI45/AE33) -> 0.71428571 | AJ33: =SUM(U33:AB33) -> 4 | AK33: =#REF! -> #REF! | AL33: =AK33-AJ33 -> #REF!
A34: TOTAL | C34: =SUM(C11:C22) -> 1 | D34: =SUM(D11:D22) -> 6 | E34: =SUM(E11:E22) -> 0 | F34: =SUM(F11:F22) -> 0 | G34: =SUM(G11:G22) -> 0 | H34: =SUM(H11:H22) -> 1 | I34: =SUM(I11:I22) -> 0 | J34: =SUM(J11:J22) -> 0 | L34: =SUM(L11:L22) -> 0 | M34: =SUM(M11:M22) -> 0 | N34: =SUM(N11:N22) -> 0 | O34: =SUM(O11:O22) -> 0 | P34: =SUM(P11:P22) -> 6 | Q34: =SUM(Q11:Q22) -> 4 | R34: =SUM(R11:R22) -> 2 | S34: =SUM(S11:S22) -> 0 | U34: =SUM(U11:U22) -> 6 | V34: =SUM(V11:V22) -> 12 | W34: =SUM(W11:W22) -> 10 | X34: =SUM(X11:X22) -> 2 | Y34: =SUM(Y11:Y22) -> 0 | Z34: =SUM(Z11:Z22) -> 0 | AA34: =SUM(AA11:AA22) -> 0 | AB34: =SUM(AB11:AB22) -> 0 | AC34: TOTAL | AE34: =SUM(C34:AB34) -> 50 | AF34: =IF(AE34=0,0,AF46/AE34) -> 0.5 | AG34: =IF(AE34=0,0,AG46/AE34) -> 0.28 | AH34: =IF(AG46=0,0,AH46/AG46) -> 0.85714286 | AI34: =IF(AE34=0,0,AI46/AE34) -> 0.86 | AJ34: =SUM(U34:AB34) -> 30 | AK34: =#REF! -> #REF! | AL34: =AK34-AJ34 -> #REF!
A35: =IF($AE$29=MAX($AE$29:$AE$33),A29,IF($AE$30=MAX($AE$29:$AE$33),A30,IF($AE$31=MAX($AE$29:$AE$33),A31,IF($AE$32=MAX($AE$29:$AE$33),A32,A33)))) -> de 7:00 à 8:00 | C35: =IF($AE$29=MAX($AE$29:$AE$33),C29,IF($AE$30=MAX($AE$29:$AE$33),C30,IF($AE$31=MAX($AE$29:$AE$33),C31,IF($AE$32=MAX($AE$29:$AE$33),C32,C33)))) -> 0 | D35: =IF($AE$29=MAX($AE$29:$AE$33),D29,IF($AE$30=MAX($AE$29:$AE$33),D30,IF($AE$31=MAX($AE$29:$AE$33),D31,IF($AE$32=MAX($AE$29:$AE$33),D32,D33)))) -> 2 | E35: =IF($AE$29=MAX($AE$29:$AE$33),E29,IF($AE$30=MAX($AE$29:$AE$33),E30,IF($AE$31=MAX($AE$29:$AE$33),E31,IF($AE$32=MAX($AE$29:$AE$33),E32,E33)))) -> 0 | F35: =IF($AE$29=MAX($AE$29:$AE$33),F29,IF($AE$30=MAX($AE$29:$AE$33),F30,IF($AE$31=MAX($AE$29:$AE$33),F31,IF($AE$32=MAX($AE$29:$AE$33),F32,F33)))) -> 0 | G35: =IF($AE$29=MAX($AE$29:$AE$33),G29,IF($AE$30=MAX($AE$29:$AE$33),G30,IF($AE$31=MAX($AE$29:$AE$33),G31,IF($AE$32=MAX($AE$29:$AE$33),G32,G33)))) -> 0 | H35: =IF($AE$29=MAX($AE$29:$AE$33),H29,IF($AE$30=MAX($AE$29:$AE$33),H30,IF($AE$31=MAX($AE$29:$AE$33),H31,IF($AE$32=MAX($AE$29:$AE$33),H32,H33)))) -> 0 | I35: =IF($AE$29=MAX($AE$29:$AE$33),I29,IF($AE$30=MAX($AE$29:$AE$33),I30,IF($AE$31=MAX($AE$29:$AE$33),I31,IF($AE$32=MAX($AE$29:$AE$33),I32,I33)))) -> 0 | J35: =IF($AE$29=MAX($AE$29:$AE$33),J29,IF($AE$30=MAX($AE$29:$AE$33),J30,IF($AE$31=MAX($AE$29:$AE$33),J31,IF($AE$32=MAX($AE$29:$AE$33),J32,J33)))) -> 0 | L35: =IF($AE$29=MAX($AE$29:$AE$33),L29,IF($AE$30=MAX($AE$29:$AE$33),L30,IF($AE$31=MAX($AE$29:$AE$33),L31,IF($AE$32=MAX($AE$29:$AE$33),L32,L33)))) -> 0 | M35: =IF($AE$29=MAX($AE$29:$AE$33),M29,IF($AE$30=MAX($AE$29:$AE$33),M30,IF($AE$31=MAX($AE$29:$AE$33),M31,IF($AE$32=MAX($AE$29:$AE$33),M32,M33)))) -> 0 | N35: =IF($AE$29=MAX($AE$29:$AE$33),N29,IF($AE$30=MAX($AE$29:$AE$33),N30,IF($AE$31=MAX($AE$29:$AE$33),N31,IF($AE$32=MAX($AE$29:$AE$33),N32,N33)))) -> 0 | O35: =IF($AE$29=MAX($AE$29:$AE$33),O29,IF($AE$30=MAX($AE$29:$AE$33),O30,IF($AE$31=MAX($AE$29:$AE$33),O31,IF($AE$32=MAX($AE$29:$AE$33),O32,O33)))) -> 0 | P35: =IF($AE$29=MAX($AE$29:$AE$33),P29,IF($AE$30=MAX($AE$29:$AE$33),P30,IF($AE$31=MAX($AE$29:$AE$33),P31,IF($AE$32=MAX($AE$29:$AE$33),P32,P33)))) -> 3 | Q35: =IF($AE$29=MAX($AE$29:$AE$33),Q29,IF($AE$30=MAX($AE$29:$AE$33),Q30,IF($AE$31=MAX($AE$29:$AE$33),Q31,IF($AE$32=MAX($AE$29:$AE$33),Q32,Q33)))) -> 2 | R35: =IF($AE$29=MAX($AE$29:$AE$33),R29,IF($AE$30=MAX($AE$29:$AE$33),R30,IF($AE$31=MAX($AE$29:$AE$33),R31,IF($AE$32=MAX($AE$29:$AE$33),R32,R33)))) -> 0 | S35: =IF($AE$29=MAX($AE$29:$AE$33),S29,IF($AE$30=MAX($AE$29:$AE$33),S30,IF($AE$31=MAX($AE$29:$AE$33),S31,IF($AE$32=MAX($AE$29:$AE$33),S32,S33)))) -> 0 | U35: =IF($AE$29=MAX($AE$29:$AE$33),U29,IF($AE$30=MAX($AE$29:$AE$33),U30,IF($AE$31=MAX($AE$29:$AE$33),U31,IF($AE$32=MAX($AE$29:$AE$33),U32,U33)))) -> 4 | V35: =IF($AE$29=MAX($AE$29:$AE$33),V29,IF($AE$30=MAX($AE$29:$AE$33),V30,IF($AE$31=MAX($AE$29:$AE$33),V31,IF($AE$32=MAX($AE$29:$AE$33),V32,V33)))) -> 10 | W35: =IF($AE$29=MAX($AE$29:$AE$33),W29,IF($AE$30=MAX($AE$29:$AE$33),W30,IF($AE$31=MAX($AE$29:$AE$33),W31,IF($AE$32=MAX($AE$29:$AE$33),W32,W33)))) -> 6 | X35: =IF($AE$29=MAX($AE$29:$AE$33),X29,IF($AE$30=MAX($AE$29:$AE$33),X30,IF($AE$31=MAX($AE$29:$AE$33),X31,IF($AE$32=MAX($AE$29:$AE$33),X32,X33)))) -> 2 | Y35: =IF($AE$29=MAX($AE$29:$AE$33),Y29,IF($AE$30=MAX($AE$29:$AE$33),Y30,IF($AE$31=MAX($AE$29:$AE$33),Y31,IF($AE$32=MAX($AE$29:$AE$33),Y32,Y33)))) -> 0 | Z35: =IF($AE$29=MAX($AE$29:$AE$33),Z29,IF($AE$30=MAX($AE$29:$AE$33),Z30,IF($AE$31=MAX($AE$29:$AE$33),Z31,IF($AE$32=MAX($AE$29:$AE$33),Z32,Z33)))) -> 0 | AA35: =IF($AE$29=MAX($AE$29:$AE$33),AA29,IF($AE$30=MAX($AE$29:$AE$33),AA30,IF($AE$31=MAX($AE$29:$AE$33),AA31,IF($AE$32=MAX($AE$29:$AE$33),AA32,AA33)))) -> 0 | AB35: =IF($AE$29=MAX($AE$29:$AE$33),AB29,IF($AE$30=MAX($AE$29:$AE$33),AB30,IF($AE$31=MAX($AE$29:$AE$33),AB31,IF($AE$32=MAX($AE$29:$AE$33),AB32,AB33)))) -> 0 | AC35: =A35 -> de 7:00 à 8:00 | AE35: =SUM(C35:AB35) -> 29 | AF35: =IF(AE35=0,0,AF47/AE35) -> 0.44827586 | AG35: =IF(AE35=0,0,AG47/AE35) -> 0.27586207 | AH35: =IF(AG47=0,0,AH47/AG47) -> 0.75 | AI35: =IF(AE35=0,0,AI47/AE35) -> 0.93103448 | AJ35: =SUM(U35:AB35) -> 22 | AK35: =#REF! -> #REF! | AL35: =AK35-AJ35 -> #REF!
AF37: Nombre de VAE dans le total | AG37: Nombre de femmes dans le total | AH37: Nombre de VAE chez les femmes | AI37: Cycles en direction d'Annemasse-Genève
AF41: =(C29+E29+G29+I29+L29+N29+P29+R29+U29+W29+Y29+AA29) -> 6 | AG41: =(E29+F29+I29+J29+N29+O29+R29+S29+W29+X29+AA29+AB29) -> 5 | AH41: =(E29+I29+N29+R29+W29+AA29) -> 4 | AI41: =SUM(G29:J29,P29:AB29) -> 14
AF42: =(C30+E30+G30+I30+L30+N30+P30+R30+U30+W30+Y30+AA30) -> 13 | AG42: =(E30+F30+I30+J30+N30+O30+R30+S30+W30+X30+AA30+AB30) -> 8 | AH42: =(E30+I30+N30+R30+W30+AA30) -> 6 | AI42: =SUM(G30:J30,P30:AB30) -> 27
AF43: =(C31+E31+G31+I31+L31+N31+P31+R31+U31+W31+Y31+AA31) -> 16 | AG43: =(E31+F31+I31+J31+N31+O31+R31+S31+W31+X31+AA31+AB31) -> 8 | AH43: =(E31+I31+N31+R31+W31+AA31) -> 7 | AI43: =SUM(G31:J31,P31:AB31) -> 24
AF44: =(C32+E32+G32+I32+L32+N32+P32+R32+U32+W32+Y32+AA32) -> 12 | AG44: =(E32+F32+I32+J32+N32+O32+R32+S32+W32+X32+AA32+AB32) -> 6 | AH44: =(E32+I32+N32+R32+W32+AA32) -> 6 | AI44: =SUM(G32:J32,P32:AB32) -> 16
AF45: =(C33+E33+G33+I33+L33+N33+P33+R33+U33+W33+Y33+AA33) -> 3 | AG45: =(E33+F33+I33+J33+N33+O33+R33+S33+W33+X33+AA33+AB33) -> 1 | AH45: =(E33+I33+N33+R33+W33+AA33) -> 1 | AI45: =SUM(G33:J33,P33:AB33) -> 5
AF46: =(C34+E34+G34+I34+L34+N34+P34+R34+U34+W34+Y34+AA34) -> 25 | AG46: =(E34+F34+I34+J34+N34+O34+R34+S34+W34+X34+AA34+AB34) -> 14 | AH46: =(E34+I34+N34+R34+W34+AA34) -> 12 | AI46: =SUM(G34:J34,P34:AB34) -> 43
AF47: =(C35+E35+G35+I35+L35+N35+P35+R35+U35+W35+Y35+AA35) -> 13 | AG47: =(E35+F35+I35+J35+N35+O35+R35+S35+W35+X35+AA35+AB35) -> 8 | AH47: =(E35+I35+N35+R35+W35+AA35) -> 6 | AI47: =SUM(G35:J35,P35:AB35) -> 27

Sheet SCI_Bellecombe
A1: Lieu : | B1: SCIENTRIER_Carrefour vers la Tour de Bellecombe | M1: Date : | N1: mardi 31 mai 2022
A2: Nom des personnes participant au comptage :
A3: Météo :
A4: Remarques :
A5: Méthodologie : | C5: Pour chaque intervalle de temps, marquer une seule croix par personne comptée
C6: Si c'est enfant, remplacer la croix par E, une trottinette T, un piéton P, etc.
C8: Depuis 'La Roche' | K8: Depuis 'Reignier' | S8: Depuis 'Findrol'
C9: vers 'Reignier' | G9: vers 'Findrol' | K9: vers 'Findrol' | O9: vers 'La Roche' | S9: vers 'Reignier' | W9: vers 'La Roche'
C10: H | E10: F | G10: H | I10: F | K10: H | M10: F | O10: H | Q10: F | S10: H | U10: F | W10: H | Y10: F
A11: Heure | B11: Minute | C11: VAE | D11: vélo | E11: VAE | F11: vélo | G11: VAE | H11: vélo | I11: VAE | J11: vélo | K11: VAE | L11: vélo | M11: VAE | N11: vélo | O11: VAE | P11: vélo | Q11: VAE | R11: vélo | S11: VAE | T11: vélo | U11: VAE | V11: vélo | W11: VAE | X11: vélo | Y11: VAE | Z11: vélo
A12: 6 | B12: 30 – 44'59
B13: 45 – 59'59
A14: 7 | B14: 00 – 14'59
B15: 15 – 29'59
B16: 30 – 44'59
B17: 45 – 59'59
A18: 8 | B18: 00 – 14'59
B19: 15 – 29'59
B20: 30 – 44'59
B21: 45 – 59'59
A22: 9 | B22: 00 – 14'59
B23: 15 – 29'59
A25: Lieu : | B25: =B1 -> SCIENTRIER_Carrefour vers la Tour de Bellecombe | M25: Date : | N25: =N1 -> mardi 31 mai 2022 | AA25: Lieu : | AB25: =B25 -> SCIENTRIER_Carrefour vers la Tour de Bellecombe | AG25: Date : | AH25: =N25 -> mardi 31 mai 2022
A26: Nom des personnes participant au comptage : | G26: =G2 -> 0 | AA26: Nom des personnes participant au comptage : | AE26: =G26 -> 0
A27: Météo : | C27: =C3 -> 0 | AA27: Météo : | AC27: =C27 -> 0
A28: Remarques : | C28: =C4 -> 0 | AA28: Remarques : | AC28: =C28 -> 0
C32: =C8 -> Depuis 'La Roche' | K32: =K8 -> Depuis 'Reignier' | S32: =S8 -> Depuis 'Findrol' | AC32: TOTAL | AD32: Part des VAE dans le total | AE32: Part des femmes dans le total | AF32: Part des VAE chez les femmes | AG32: Part en direction de Findrol | AH32: Part en provenance de La Roche | AI32: Part en provenance de Reignier | AJ32: Remarques
C33: =C9 -> vers 'Reignier' | G33: =G9 -> vers 'Findrol' | K33: =K9 -> vers 'Findrol' | O33: =O9 -> vers 'La Roche' | S33: =S9 -> vers 'Reignier' | W33: =W9 -> vers 'La Roche'
C34: H | E34: F | G34: H | I34: F | K34: H | M34: F | O34: H | Q34: F | S34: H | U34: F | W34: H | Y34: F
A35: Période | C35: VAE | D35: vélo | E35: VAE | F35: vélo | G35: VAE | H35: vélo | I35: VAE | J35: vélo | K35: VAE | L35: vélo | M35: VAE | N35: vélo | O35: VAE | P35: vélo | Q35: VAE | R35: vélo | S35: VAE | T35: vélo | U35: VAE | V35: vélo | W35: VAE | X35: vélo | Y35: VAE | Z35: vélo | AA35: Période
A36: de 6:30 à 7:30 | C36: =SUM(C12:C15) -> 0 | D36: =SUM(D12:D15) -> 0 | E36: =SUM(E12:E15) -> 0 | F36: =SUM(F12:F15) -> 0 | G36: =SUM(G12:G15) -> 0 | H36: =SUM(H12:H15) -> 0 | I36: =SUM(I12:I15) -> 0 | J36: =SUM(J12:J15) -> 0 | ... Z36: =SUM(Z12:Z15) -> 0 | AA36: de 6:30 à 7:30 | AC36: =SUM(C36:Z36) -> 0 | AD36: =IF(AC36=0,0,AD48/AC36) -> 0 | AE36: =IF(AC36=0,0,AE48/AC36) -> 0 | AF36: =IF(AE48=0,0,AF48/AE48) -> 0 | AG36: =IF(AC36=0,0,AG48/AC36) -> 0 | AH36: =IF(AC36=0,0,AH48/AC36) -> 0 | AI36: =IF(AC36=0,0,AI48/AC36) -> 0
A37: de 7:00 à 8:00 | C37: =SUM(C14:C17) -> 0 | D37: =SUM(D14:D17) -> 0 | E37: =SUM(E14:E17) -> 0 | F37: =SUM(F14:F17) -> 0 | G37: =SUM(G14:G17) -> 0 | H37: =SUM(H14:H17) -> 0 | I37: =SUM(I14:I17) -> 0 | J37: =SUM(J14:J17) -> 0 | ... Z37: =SUM(Z14:Z17) -> 0 | AA37: de 7:00 à 8:00 | AC37: =SUM(C37:Z37) -> 0 | AD37: =IF(AC37=0,0,AD49/AC37) -> 0 | AE37: =IF(AC37=0,0,AE49/AC37) -> 0 | AF37: =IF(AE49=0,0,AF49/AE49) -> 0 | AG37: =IF(AC37=0,0,AG49/AC37) -> 0 | AH37: =IF(AC37=0,0,AH49/AC37) -> 0 | AI37: =IF(AC37=0,0,AI49/AC37) -> 0
A38: de 7:30 à 8:30 | C38: =SUM(C16:C19) -> 0 | D38: =SUM(D16:D19) -> 0 | E38: =SUM(E16:E19) -> 0 | F38: =SUM(F16:F19) -> 0 | G38: =SUM(G16:G19) -> 0 | H38: =SUM(H16:H19) -> 0 | I38: =SUM(I16:I19) -> 0 | J38: =SUM(J16:J19) -> 0 | ... Z38: =SUM(Z16:Z19) -> 0 | AA38: de 7:30 à 8:30 | AC38: =SUM(C38:Z38) -> 0 | AD38: =IF(AC38=0,0,AD50/AC38) -> 0 | AE38: =IF(AC38=0,0,AE50/AC38) -> 0 | AF38: =IF(AE50=0,0,AF50/AE50) -> 0 | AG38: =IF(AC38=0,0,AG50/AC38) -> 0 | AH38: =IF(AC38=0,0,AH50/AC38) -> 0 | AI38: =IF(AC38=0,0,AI50/AC38) -> 0
A39: de 8:00 à 9:00 | C39: =SUM(C18:C21) -> 0 | D39: =SUM(D18:D21) -> 0 | E39: =SUM(E18:E21) -> 0 | F39: =SUM(F18:F21) -> 0 | G39: =SUM(G18:G21) -> 0 | H39: =SUM(H18:H21) -> 0 | I39: =SUM(I18:I21) -> 0 | J39: =SUM(J18:J21) -> 0 | ... Z39: =SUM(Z18:Z21) -> 0 | AA39: de 8:00 à 9:00 | AC39: =SUM(C39:Z39) -> 0 | AD39: =IF(AC39=0,0,AD51/AC39) -> 0 | AE39: =IF(AC39=0,0,AE51/AC39) -> 0 | AF39: =IF(AE51=0,0,AF51/AE51) -> 0 | AG39: =IF(AC39=0,0,AG51/AC39) -> 0 | AH39: =IF(AC39=0,0,AH51/AC39) -> 0 | AI39: =IF(AC39=0,0,AI51/AC39) -> 0
A40: de 8:30 à 9:30 | C40: =SUM(C20:C23) -> 0 | D40: =SUM(D20:D23) -> 0 | E40: =SUM(E20:E23) -> 0 | F40: =SUM(F20:F23) -> 0 | G40: =SUM(G20:G23) -> 0 | H40: =SUM(H20:H23) -> 0 | I40: =SUM(I20:I23) -> 0 | J40: =SUM(J20:J23) -> 0 | ... Z40: =SUM(Z20:Z23) -> 0 | AA40: de 8:30 à 9:30 | AC40: =SUM(C40:Z40) -> 0 | AD40: =IF(AC40=0,0,AD52/AC40) -> 0 | AE40: =IF(AC40=0,0,AE52/AC40) -> 0 | AF40: =IF(AE52=0,0,AF52/AE52) -> 0 | AG40: =IF(AC40=0,0,AG52/AC40) -> 0 | AH40: =IF(AC40=0,0,AH52/AC40) -> 0 | AI40: =IF(AC40=0,0,AI52/AC40) -> 0
A41: TOTAL | C41: =SUM(C12:C23) -> 0 | D41: =SUM(D12:D23) -> 0 | E41: =SUM(E12:E23) -> 0 | F41: =SUM(F12:F23) -> 0 | G41: =SUM(G12:G23) -> 0 | H41: =SUM(H12:H23) -> 0 | I41: =SUM(I12:I23) -> 0 | J41: =SUM(J12:J23) -> 0 | ... Z41: =SUM(Z12:Z23) -> 0 | AA41: TOTAL | AC41: =SUM(C41:Z41) -> 0 | AD41: =IF(AC41=0,0,AD53/AC41) -> 0 | AE41: =IF(AC41=0,0,AE53/AC41) -> 0 | AF41: =IF(AE53=0,0,AF53/AE53) -> 0 | AG41: =IF(AC41=0,0,AG53/AC41) -> 0 | AH41: =IF(AC41=0,0,AH53/AC41) -> 0 | AI41: =IF(AC41=0,0,AI53/AC41) -> 0
A42: =IF($AC$36=MAX($AC$36:$AC$40),A36,IF($AC$37=MAX($AC$36:$AC$40),A37,IF($AC$38=MAX($AC$36:$AC$40),A38,IF($AC$39=MAX($AC$36:$AC$40),A39,A40)))) -> de 6:30 à 7:30 | C42: =IF($AC$36=MAX($AC$36:$AC$40),C36,IF($AC$37=MAX($AC$36:$AC$40),C37,IF($AC$38=MAX($AC$36:$AC$40),C38,IF($AC$39=MAX($AC$36:$AC$40),C39,C40)))) -> 0 | D42: =IF($AC$36=MAX($AC$36:$AC$40),D36,IF($AC$37=MAX($AC$36:$AC$40),D37,IF($AC$38=MAX($AC$36:$AC$40),D38,IF($AC$39=MAX($AC$36:$AC$40),D39,D40)))) -> 0 | E42: =IF($AC$36=MAX($AC$36:$AC$40),E36,IF($AC$37=MAX($AC$36:$AC$40),E37,IF($AC$38=MAX($AC$36:$AC$40),E38,IF($AC$39=MAX($AC$36:$AC$40),E39,E40)))) -> 0 | F42: =IF($AC$36=MAX($AC$36:$AC$40),F36,IF($AC$37=MAX($AC$36:$AC$40),F37,IF($AC$38=MAX($AC$36:$AC$40),F38,IF($AC$39=MAX($AC$36:$AC$40),F39,F40)))) -> 0 | G42: =IF($AC$36=MAX($AC$36:$AC$40),G36,IF($AC$37=MAX($AC$36:$AC$40),G37,IF($AC$38=MAX($AC$36:$AC$40),G38,IF($AC$39=MAX($AC$36:$AC$40),G39,G40)))) -> 0 | H42: =IF($AC$36=MAX($AC$36:$AC$40),H36,IF($AC$37=MAX($AC$36:$AC$40),H37,IF($AC$38=MAX($AC$36:$AC$40),H38,IF($AC$39=MAX($AC$36:$AC$40),H39,H40)))) -> 0 | I42: =IF($AC$36=MAX($AC$36:$AC$40),I36,IF($AC$37=MAX($AC$36:$AC$40),I37,IF($AC$38=MAX($AC$36:$AC$40),I38,IF($AC$39=MAX($AC$36:$AC$40),I39,I40)))) -> 0 | J42: =IF($AC$36=MAX($AC$36:$AC$40),J36,IF($AC$37=MAX($AC$36:$AC$40),J37,IF($AC$38=MAX($AC$36:$AC$40),J38,IF($AC$39=MAX($AC$36:$AC$40),J39,J40)))) -> 0 | ... Z42: =IF($AC$36=MAX($AC$36:$AC$40),Z36,IF($AC$37=MAX($AC$36:$AC$40),Z37,IF($AC$38=MAX($AC$36:$AC$40),Z38,IF($AC$39=MAX($AC$36:$AC$40),Z39,Z40)))) -> 0 | AA42: =A42 -> de 6:30 à 7:30 | AC42: =SUM(C42:Z42) -> 0 | AD42: =IF(AC42=0,0,AD54/AC42) -> 0 | AE42: =IF(AC42=0,0,AE54/AC42) -> 0 | AF42: =IF(AE54=0,0,AF54/AE54) -> 0 | AG42: =IF(AC42=0,0,AG54/AC42) -> 0 | AH42: =IF(AC42=0,0,AH54/AC42) -> 0 | AI42: =IF(AC42=0,0,AI54/AC42) -> 0
AD44: Nombre de VAE dans le total | AE44: Nombre de femmes dans le total | AF44: Nombre de VAE chez les femmes | AG44: Cycles en direction de Findrol | AH44: Cycles en provenance de La Roche | AI44: Cycles en provenance de Reignier
AD48: =(C36+E36+G36+I36+K36+M36+O36+Q36+S36+U36+W36+Y36) -> 0 | AE48: =(E36+F36+I36+J36+M36+N36+Q36+R36+U36+V36+Y36+Z36) -> 0 | AF48: =(E36+I36+M36+Q36+U36+Y36) -> 0 | AG48: =SUM(G36:N36) -> 0 | AH48: =SUM(K36:R36) -> 0 | AI48: =SUM(C36:J36) -> 0
AD49: =(C37+E37+G37+I37+K37+M37+O37+Q37+S37+U37+W37+Y37) -> 0 | AE49: =(E37+F37+I37+J37+M37+N37+Q37+R37+U37+V37+Y37+Z37) -> 0 | AF49: =(E37+I37+M37+Q37+U37+Y37) -> 0 | AG49: =SUM(G37:N37) -> 0 | AH49: =SUM(K37:R37) -> 0 | AI49: =SUM(C37:J37) -> 0
AD50: =(C38+E38+G38+I38+K38+M38+O38+Q38+S38+U38+W38+Y38) -> 0 | AE50: =(E38+F38+I38+J38+M38+N38+Q38+R38+U38+V38+Y38+Z38) -> 0 | AF50: =(E38+I38+M38+Q38+U38+Y38) -> 0 | AG50: =SUM(G38:N38) -> 0 | AH50: =SUM(K38:R38) -> 0 | AI50: =SUM(C38:J38) -> 0
AD51: =(C39+E39+G39+I39+K39+M39+O39+Q39+S39+U39+W39+Y39) -> 0 | AE51: =(E39+F39+I39+J39+M39+N39+Q39+R39+U39+V39+Y39+Z39) -> 0 | AF51: =(E39+I39+M39+Q39+U39+Y39) -> 0 | AG51: =SUM(G39:N39) -> 0 | AH51: =SUM(K39:R39) -> 0 | AI51: =SUM(C39:J39) -> 0
AD52: =(C40+E40+G40+I40+K40+M40+O40+Q40+S40+U40+W40+Y40) -> 0 | AE52: =(E40+F40+I40+J40+M40+N40+Q40+R40+U40+V40+Y40+Z40) -> 0 | AF52: =(E40+I40+M40+Q40+U40+Y40) -> 0 | AG52: =SUM(G40:N40) -> 0 | AH52: =SUM(K40:R40) -> 0 | AI52: =SUM(C40:J40) -> 0
AD53: =(C41+E41+G41+I41+K41+M41+O41+Q41+S41+U41+W41+Y41) -> 0 | AE53: =(E41+F41+I41+J41+M41+N41+Q41+R41+U41+V41+Y41+Z41) -> 0 | AF53: =(E41+I41+M41+Q41+U41+Y41) -> 0 | AG53: =SUM(G41:N41) -> 0 | AH53: =SUM(K41:R41) -> 0 | AI53: =SUM(C41:J41) -> 0
AD54: =(C42+E42+G42+I42+K42+M42+O42+Q42+S42+U42+W42+Y42) -> 0 | AE54: =(E42+F42+I42+J42+M42+N42+Q42+R42+U42+V42+Y42+Z42) -> 0 | AF54: =(E42+I42+M42+Q42+U42+Y42) -> 0 | AG54: =SUM(G42:N42) -> 0 | AH54: =SUM(K42:R42) -> 0 | AI54: =SUM(C42:J42) -> 0

Sheet AM_Coriandre
A1: Lieu : | B1: AMANCY_Giratoire de la Coriandre | M1: Date : | N1: mardi 31 mai 2022
A2: Nom des personnes participant au comptage :
A3: Météo :
A4: Remarques :
A5: Méthodologie : | C5: Pour chaque intervalle de temps, marquer une seule croix par personne comptée
C6: Si c'est enfant, remplacer la croix par E, une trottinette T, un piéton P, etc.
C7: Indiquer aussi la lettre correspondant à la sortie : A-ANNECY / B-BIGAILLE / C-COLLEGE / I-INTERMARCHE / V-VETO / Z-ZA
C9: D'Intermarché | G9: de ZA | K9: de Bigaille | O9: d'Annecy | S9: de Véto | W9: de Collège
C10: H | E10: F | G10: H | I10: F | K10: H | M10: F | O10: H | Q10: F | S10: H | U10: F | W10: H | Y10: F
A11: Heure | B11: Minute | C11: VAE | D11: vélo | E11: VAE | F11: vélo | G11: VAE | H11: vélo | I11: VAE | J11: vélo | K11: VAE | L11: vélo | M11: VAE | N11: vélo | O11: VAE | P11: vélo | Q11: VAE | R11: vélo | S11: VAE | T11: vélo | U11: VAE | V11: vélo | W11: VAE | X11: vélo | Y11: VAE | Z11: vélo
A12: 6 | B12: 30 – 44'59
B13: 45 – 59'59
A14: 7 | B14: 00 – 14'59
B15: 15 – 29'59
B16: 30 – 44'59
B17: 45 – 59'59
A18: 8 | B18: 00 – 14'59
B19: 15 – 29'59
B20: 30 – 44'59
B21: 45 – 59'59
A22: 9 | B22: 00 – 14'59
B23: 15 – 29'59
A25: Lieu : | B25: =B1 -> AMANCY_Giratoire de la Coriandre | M25: Date : | N25: =N1 -> mardi 31 mai 2022 | AA25: Lieu : | AB25: =B25 -> AMANCY_Giratoire de la Coriandre | AG25: Date : | AH25: =N25 -> mardi 31 mai 2022
A26: Nom des personnes participant au comptage : | G26: =G2 -> 0 | AA26: Nom des personnes participant au comptage : | AE26: =G26 -> 0
A27: Météo : | C27: =C3 -> 0 | AA27: Météo : | AC27: =C27 -> 0
A28: Remarques : | C28: =C4 -> 0 | AA28: Remarques : | AC28: =C28 -> 0
AC32: TOTAL | AD32: Part des VAE dans le total | AE32: Part des femmes dans le total | AF32: Part des VAE chez les femmes
C33: =C9 -> D'Intermarché | G33: =G9 -> de ZA | K33: =K9 -> de Bigaille | O33: =O9 -> d'Annecy | S33: =S9 -> de Véto | W33: =W9 -> de Collège
C34: H | E34: F | G34: H | I34: F | K34: H | M34: F | O34: H | Q34: F | S34: H | U34: F | W34: H | Y34: F
A35: Période | C35: VAE | D35: vélo | E35: VAE | F35: vélo | G35: VAE | H35: vélo | I35: VAE | J35: vélo | K35: VAE | L35: vélo | M35: VAE | N35: vélo | O35: VAE | P35: vélo | Q35: VAE | R35: vélo | S35: VAE | T35: vélo | U35: VAE | V35: vélo | W35: VAE | X35: vélo | Y35: VAE | Z35: vélo | AA35: Période
A36: de 6:30 à 7:30 | C36: =SUM(C12:C15) -> 0 | D36: =SUM(D12:D15) -> 0 | E36: =SUM(E12:E15) -> 0 | F36: =SUM(F12:F15) -> 0 | G36: =SUM(G12:G15) -> 0 | H36: =SUM(H12:H15) -> 0 | I36: =SUM(I12:I15) -> 0 | J36: =SUM(J12:J15) -> 0 | ... Z36: =SUM(Z12:Z15) -> 0 | AA36: de 6:30 à 7:30 | AC36: =SUM(C36:Z36) -> 0 | AD36: =IF(AC36=0,0,AD48/AC36) -> 0 | AE36: =IF(AC36=0,0,AE48/AC36) -> 0 | AF36: =IF(AE48=0,0,AF48/AE48) -> 0
A37: de 7:00 à 8:00 | C37: =SUM(C14:C17) -> 0 | D37: =SUM(D14:D17) -> 0 | E37: =SUM(E14:E17) -> 0 | F37: =SUM(F14:F17) -> 0 | G37: =SUM(G14:G17) -> 0 | H37: =SUM(H14:H17) -> 0 | I37: =SUM(I14:I17) -> 0 | J37: =SUM(J14:J17) -> 0 | ... Z37: =SUM(Z14:Z17) -> 0 | AA37: de 7:00 à 8:00 | AC37: =SUM(C37:Z37) -> 0 | AD37: =IF(AC37=0,0,AD49/AC37) -> 0 | AE37: =IF(AC37=0,0,AE49/AC37) -> 0 | AF37: =IF(AE49=0,0,AF49/AE49) -> 0
A38: de 7:30 à 8:30 | C38: =SUM(C16:C19) -> 0 | D38: =SUM(D16:D19) -> 0 | E38: =SUM(E16:E19) -> 0 | F38: =SUM(F16:F19) -> 0 | G38: =SUM(G16:G19) -> 0 | H38: =SUM(H16:H19) -> 0 | I38: =SUM(I16:I19) -> 0 | J38: =SUM(J16:J19) -> 0 | ... Z38: =SUM(Z16:Z19) -> 0 | AA38: de 7:30 à 8:30 | AC38: =SUM(C38:Z38) -> 0 | AD38: =IF(AC38=0,0,AD50/AC38) -> 0 | AE38: =IF(AC38=0,0,AE50/AC38) -> 0 | AF38: =IF(AE50=0,0,AF50/AE50) -> 0
A39: de 8:00 à 9:00 | C39: =SUM(C18:C21) -> 0 | D39: =SUM(D18:D21) -> 0 | E39: =SUM(E18:E21) -> 0 | F39: =SUM(F18:F21) -> 0 | G39: =SUM(G18:G21) -> 0 | H39: =SUM(H18:H21) -> 0 | I39: =SUM(I18:I21) -> 0 | J39: =SUM(J18:J21) -> 0 | ... Z39: =SUM(Z18:Z21) -> 0 | AA39: de 8:00 à 9:00 | AC39: =SUM(C39:Z39) -> 0 | AD39: =IF(AC39=0,0,AD51/AC39) -> 0 | AE39: =IF(AC39=0,0,AE51/AC39) -> 0 | AF39: =IF(AE51=0,0,AF51/AE51) -> 0
A40: de 8:30 à 9:30 | C40: =SUM(C20:C23) -> 0 | D40: =SUM(D20:D23) -> 0 | E40: =SUM(E20:E23) -> 0 | F40: =SUM(F20:F23) -> 0 | G40: =SUM(G20:G23) -> 0 | H40: =SUM(H20:H23) -> 0 | I40: =SUM(I20:I23) -> 0 | J40: =SUM(J20:J23) -> 0 | ... Z40: =SUM(Z20:Z23) -> 0 | AA40: de 8:30 à 9:30 | AC40: =SUM(C40:Z40) -> 0 | AD40: =IF(AC40=0,0,AD52/AC40) -> 0 | AE40: =IF(AC40=0,0,AE52/AC40) -> 0 | AF40: =IF(AE52=0,0,AF52/AE52) -> 0
A41: TOTAL | C41: =SUM(C12:C23) -> 0 | D41: =SUM(D12:D23) -> 0 | E41: =SUM(E12:E23) -> 0 | F41: =SUM(F12:F23) -> 0 | G41: =SUM(G12:G23) -> 0 | H41: =SUM(H12:H23) -> 0 | I41: =SUM(I12:I23) -> 0 | J41: =SUM(J12:J23) -> 0 | ... Z41: =SUM(Z12:Z23) -> 0 | AA41: TOTAL | AC41: =SUM(C41:Z41) -> 0 | AD41: =IF(AC41=0,0,AD53/AC41) -> 0 | AE41: =IF(AC41=0,0,AE53/AC41) -> 0 | AF41: =IF(AE53=0,0,AF53/AE53) -> 0 | AJ41: Trop peu de cyclistes pour en tirer des conslusions, mais le giratoire est trop "routier" pour attirer les cyclistes qui doivent préférer l'éviter
A42: =IF($AC$36=MAX($AC$36:$AC$40),A36,IF($AC$37=MAX($AC$36:$AC$40),A37,IF($AC$38=MAX($AC$36:$AC$40),A38,IF($AC$39=MAX($AC$36:$AC$40),A39,A40)))) -> de 6:30 à 7:30 | C42: =IF($AC$36=MAX($AC$36:$AC$40),C36,IF($AC$37=MAX($AC$36:$AC$40),C37,IF($AC$38=MAX($AC$36:$AC$40),C38,IF($AC$39=MAX($AC$36:$AC$40),C39,C40)))) -> 0 | D42: =IF($AC$36=MAX($AC$36:$AC$40),D36,IF($AC$37=MAX($AC$36:$AC$40),D37,IF($AC$38=MAX($AC$36:$AC$40),D38,IF($AC$39=MAX($AC$36:$AC$40),D39,D40)))) -> 0 | E42: =IF($AC$36=MAX($AC$36:$AC$40),E36,IF($AC$37=MAX($AC$36:$AC$40),E37,IF($AC$38=MAX($AC$36:$AC$40),E38,IF($AC$39=MAX($AC$36:$AC$40),E39,E40)))) -> 0 | F42: =IF($AC$36=MAX($AC$36:$AC$40),F36,IF($AC$37=MAX($AC$36:$AC$40),F37,IF($AC$38=MAX($AC$36:$AC$40),F38,IF($AC$39=MAX($AC$36:$AC$40),F39,F40)))) -> 0 | G42: =IF($AC$36=MAX($AC$36:$AC$40),G36,IF($AC$37=MAX($AC$36:$AC$40),G37,IF($AC$38=MAX($AC$36:$AC$40),G38,IF($AC$39=MAX($AC$36:$AC$40),G39,G40)))) -> 0 | H42: =IF($AC$36=MAX($AC$36:$AC$40),H36,IF($AC$37=MAX($AC$36:$AC$40),H37,IF($AC$38=MAX($AC$36:$AC$40),H38,IF($AC$39=MAX($AC$36:$AC$40),H39,H40)))) -> 0 | I42: =IF($AC$36=MAX($AC$36:$AC$40),I36,IF($AC$37=MAX($AC$36:$AC$40),I37,IF($AC$38=MAX($AC$36:$AC$40),I38,IF($AC$39=MAX($AC$36:$AC$40),I39,I40)))) -> 0 | J42: =IF($AC$36=MAX($AC$36:$AC$40),J36,IF($AC$37=MAX($AC$36:$AC$40),J37,IF($AC$38=MAX($AC$36:$AC$40),J38,IF($AC$39=MAX($AC$36:$AC$40),J39,J40)))) -> 0 | ... Z42: =IF($AC$36=MAX($AC$36:$AC$40),Z36,IF($AC$37=MAX($AC$36:$AC$40),Z37,IF($AC$38=MAX($AC$36:$AC$40),Z38,IF($AC$39=MAX($AC$36:$AC$40),Z39,Z40)))) -> 0 | AA42: =A42 -> de 6:30 à 7:30 | AC42: =SUM(C42:Z42) -> 0 | AD42: =IF(AC42=0,0,AD54/AC42) -> 0 | AE42: =IF(AC42=0,0,AE54/AC42) -> 0 | AF42: =IF(AE54=0,0,AF54/AE54) -> 0
AD44: Nombre de VAE dans le total | AE44: Nombre de femmes dans le total | AF44: Nombre de VAE chez les femmes
AD48: =(C36+E36+G36+I36+K36+M36+O36+Q36+S36+U36+W36+Y36) -> 0 | AE48: =(E36+F36+I36+J36+M36+N36+Q36+R36+U36+V36+Y36+Z36) -> 0 | AF48: =(E36+I36+M36+Q36+U36+Y36) -> 0
AD49: =(C37+E37+G37+I37+K37+M37+O37+Q37+S37+U37+W37+Y37) -> 0 | AE49: =(E37+F37+I37+J37+M37+N37+Q37+R37+U37+V37+Y37+Z37) -> 0 | AF49: =(E37+I37+M37+Q37+U37+Y37) -> 0
AD50: =(C38+E38+G38+I38+K38+M38+O38+Q38+S38+U38+W38+Y38) -> 0 | AE50: =(E38+F38+I38+J38+M38+N38+Q38+R38+U38+V38+Y38+Z38) -> 0 | AF50: =(E38+I38+M38+Q38+U38+Y38) -> 0
AD51: =(C39+E39+G39+I39+K39+M39+O39+Q39+S39+U39+W39+Y39) -> 0 | AE51: =(E39+F39+I39+J39+M39+N39+Q39+R39+U39+V39+Y39+Z39) -> 0 | AF51: =(E39+I39+M39+Q39+U39+Y39) -> 0
AD52: =(C40+E40+G40+I40+K40+M40+O40+Q40+S40+U40+W40+Y40) -> 0 | AE52: =(E40+F40+I40+J40+M40+N40+Q40+R40+U40+V40+Y40+Z40) -> 0 | AF52: =(E40+I40+M40+Q40+U40+Y40) -> 0
AD53: =(C41+E41+G41+I41+K41+M41+O41+Q41+S41+U41+W41+Y41) -> 0 | AE53: =(E41+F41+I41+J41+M41+N41+Q41+R41+U41+V41+Y41+Z41) -> 0 | AF53: =(E41+I41+M41+Q41+U41+Y41) -> 0
AD54: =(C42+E42+G42+I42+K42+M42+O42+Q42+S42+U42+W42+Y42) -> 0 | AE54: =(E42+F42+I42+J42+M42+N42+Q42+R42+U42+V42+Y42+Z42) -> 0 | AF54: =(E42+I42+M42+Q42+U42+Y42) -> 0

Sheet SYNTHESE
B1: SYNTHESE DES COMPTAGES DU 6 JUIN 2023
A3: X | B3: SECTEUR "ARVE & SALEVE" | C3: Période comptée | E3: NB total de vélos | F3: Heure de pointe | H3: VAE / total | J3: Femmes / total | L3: VAE chez les femmes | N3: dir. Annemasse-Genève
A4: X | B4: COMMUNE_Nom du carrefour | C4: Début | D4: Fin | F4: Nombre | G4: Heure | H4: % | I4: Nombre | J4: % | K4: Nombre | L4: % | M4: Nombre | N4: % | O4: Nombre
A5: X | B5: ='ETR_D2 (ex-PN93)'!B1 -> ETREMBIERES_D2 route de la Libération / D906a (ex-PN93) | C5: 7h00 | D5: 9h00 | E5: =IF('ETR_D2 (ex-PN93)'!$AD53=0,"",'ETR_D2 (ex-PN93)'!$AD53) -> 81 | F5: =IF('ETR_D2 (ex-PN93)'!$AD54=0,"",'ETR_D2 (ex-PN93)'!$AD54) -> 54 | G5: ='ETR_D2 (ex-PN93)'!AB54 -> de 7:00 à 8:00 | H5: ='ETR_D2 (ex-PN93)'!AE53 -> 0.59259259 | I5: =IF($E5="","",$E5*H5) -> 48 | J5: ='ETR_D2 (ex-PN93)'!AF53 -> 0.30864198 | K5: =IF($E5="","",$E5*J5) -> 25 | L5: ='ETR_D2 (ex-PN93)'!AG53 -> 0.8 | M5: =IF($K5="","",$K5*L5) -> 20 | N5: ='ETR_D2 (ex-PN93)'!AH53 -> 0.35802469 | O5: =IF($E5="","-",$E5*N5) -> 29
A6: X | B6: =ETR_Château!B1 -> ETREMBIERES_Rte de St-Julien / Rte du Salève (sous château) | C6: 7h00 | D6: 9h00 | E6: =IF(ETR_Château!$AE34=0,"",ETR_Château!$AE34) -> 50 | F6: =IF(ETR_Château!$AE35=0,"",ETR_Château!$AE35) -> 29 | G6: =ETR_Château!AC35 -> de 7:00 à 8:00 | H6: =ETR_Château!AF34 -> 0.5 | I6: =IF($E6="","",$E6*H6) -> 25 | J6: =ETR_Château!AG34 -> 0.28 | K6: =IF($E6="","",$E6*J6) -> 14 | L6: =ETR_Château!AH34 -> 0.85714286 | M6: =IF($K6="","",$K6*L6) -> 12 | N6: =ETR_Château!AI34 -> 0.86 | O6: =IF($E6="","-",$E6*N6) -> 43
B7: =SCI_Bellecombe!B1 -> SCIENTRIER_Carrefour vers la Tour de Bellecombe | C7: 7h00 | D7: 9h00 | E7: =IF(SCI_Bellecombe!$AC41=0,"",SCI_Bellecombe!$AC41) | F7: =IF(SCI_Bellecombe!$AC42=0,"",SCI_Bellecombe!$AC42) | G7: =SCI_Bellecombe!AA42 -> de 6:30 à 7:30 | H7: =SCI_Bellecombe!AD41 -> 0 | I7: =IF($E7="","",$E7*H7) | J7: =SCI_Bellecombe!AE41 -> 0 | K7: =IF($E7="","",$E7*J7) | L7: =SCI_Bellecombe!AF41 -> 0 | M7: =IF($K7="","",$K7*L7) | N7: =SCI_Bellecombe!AG41 -> 0 | O7: =IF($E7="","-",$E7*N7) -> -
A8: X | B8: =RE_Eglise!B1 -> REIGNIER_Giratoire des Jonquilles (devant l'église) | C8: 7h00 | D8: 9h00 | E8: =IF(RE_Eglise!$AD53=0,"",RE_Eglise!$AD53) -> 49 | F8: =IF(RE_Eglise!$AD54=0,"",RE_Eglise!$AD54) -> 32 | G8: =RE_Eglise!AB54 -> de 7:30 à 8:30 | H8: =RE_Eglise!AE53 -> 0.34693878 | I8: =IF($E8="","",$E8*H8) -> 17 | J8: =RE_Eglise!AF53 -> 0.34693878 | K8: =IF($E8="","",$E8*J8) -> 17 | L8: =RE_Eglise!AG53 -> 0.58823529 | M8: =IF($K8="","",$K8*L8) -> 10 | N8: =RE_Eglise!AH53 -> 0.30612245 | O8: =IF($E8="","-",$E8*N8) -> 15
A9: X | B9: =RE_Foron!B1 -> REIGNIER BAS_Giratoire D2 / D202 (vers le Foron) | C9: 7h00 | D9: 9h00 | E9: =IF(RE_Foron!$AE34=0,"",RE_Foron!$AE34) -> 26 | F9: =IF(RE_Foron!$AE35=0,"",RE_Foron!$AE35) -> 13 | G9: =RE_Foron!AC35 -> de 7:00 à 8:00 | H9: =RE_Foron!AF34 -> 0.61538462 | I9: =IF($E9="","",$E9*H9) -> 16 | J9: =RE_Foron!AG34 -> 0.15384615 | K9: =IF($E9="","",$E9*J9) -> 4 | L9: =RE_Foron!AH34 -> 1 | M9: =IF($K9="","",$K9*L9) -> 4 | N9: =RE_Foron!AI34 -> 0.57692308 | O9: =IF($E9="","-",$E9*N9) -> 15
B10: ='RE_La Forge (gir.)'!B1 -> REIGNIER_Giratoire de la Forge (en-dessous du Fil des Saisons) | C10: 7h00 | D10: 9h00 | E10: =IF('RE_La Forge (gir.)'!$AC41=0,"",'RE_La Forge (gir.)'!$AC41) | F10: =IF('RE_La Forge (gir.)'!$AC42=0,"",'RE_La Forge (gir.)'!$AC42) | G10: ='RE_La Forge (gir.)'!AA42 -> de 6:30 à 7:30 | H10: ='RE_La Forge (gir.)'!AD41 -> 0 | I10: =IF($E10="","",$E10*H10) | J10: ='RE_La Forge (gir.)'!AE41 -> 0 | K10: =IF($E10="","",$E10*J10) | L10: ='RE_La Forge (gir.)'!AF41 -> 0 | M10: =IF($K10="","",$K10*L10) | N10: ='RE_La Forge (gir.)'!AG41 -> 0 | O10: =IF($E10="","-",$E10*N10) -> -
A11: X | B11: =PJ_Casino!B1 -> PERS-JUSSY_Giratoire de Casino | C11: 7h00 | D11: 9h00 | E11: =IF(PJ_Casino!$AD53=0,"",PJ_Casino!$AD53) -> 27 | F11: =IF(PJ_Casino!$AD54=0,"",PJ_Casino!$AD54) -> 17 | G11: =PJ_Casino!AB54 -> de 7:00 à 8:00 | H11: =PJ_Casino!AE53 -> 0.44444444 | I11: =IF($E11="","",$E11*H11) -> 12 | J11: =PJ_Casino!AF53 -> 0.48148148 | K11: =IF($E11="","",$E11*J11) -> 13 | L11: =PJ_Casino!AG53 -> 0.61538462 | M11: =IF($K11="","",$K11*L11) -> 8 | O11: =IF($E11="","-",$E11*N11) -> 0
A12: X | B12: ='RE_ex-gendarmerie'!B1 -> REIGNIER_Giratoire de l'ancienne gendarmerie | C12: 7h00 | D12: 9h00 | E12: =IF('RE_ex-gendarmerie'!$AD53=0,"",'RE_ex-gendarmerie'!$AD53) -> 58 | F12: =IF('RE_ex-gendarmerie'!$AD54=0,"",'RE_ex-gendarmerie'!$AD54) -> 27 | G12: ='RE_ex-gendarmerie'!AB54 -> de 7:00 à 8:00 | H12: ='RE_ex-gendarmerie'!AE53 -> 0.5 | I12: =IF($E12="","",$E12*H12) -> 29 | J12: ='RE_ex-gendarmerie'!AF53 -> 0.39655172 | K12: =IF($E12="","",$E12*J12) -> 23 | L12: ='RE_ex-gendarmerie'!AG53 -> 0.73913043 | M12: =IF($K12="","",$K12*L12) -> 17 | O12: =IF($E12="","-",$E12*N12) -> 0
A13: X | B13: =RE_Gare!B1 -> REIGNIER_Carrefour Rue de la Gare / Rte de Bellecombe (vers Tour d'Ivoire) | C13: 7h00 | D13: 9h00 | E13: =IF(RE_Gare!$AE34=0,"",RE_Gare!$AE34) -> 30 | F13: =IF(RE_Gare!$AE35=0,"",RE_Gare!$AE35) -> 20 | G13: =RE_Gare!AC35 -> de 7:00 à 8:00 | H13: =RE_Gare!AF34 -> 0.6 | I13: =IF($E13="","",$E13*H13) -> 18 | J13: =RE_Gare!AG34 -> 0.36666667 | K13: =IF($E13="","",$E13*J13) -> 11 | L13: =RE_Gare!AH34 -> 0.72727273 | M13: =IF($K13="","",$K13*L13) -> 8 | O13: =IF($E13="","-",$E13*N13) -> 0
A14: X | B14: ='RE_Fil Saisons'!B1 -> REIGNIER_Carrefour Marsinge / Viaison (au-dessus du Fil des Saisons) | C14: 7h00 | D14: 9h00 | E14: =IF('RE_Fil Saisons'!$AE34=0,"",'RE_Fil Saisons'!$AE34) -> 28 | F14: =IF('RE_Fil Saisons'!$AE35=0,"",'RE_Fil Saisons'!$AE35) -> 20 | G14: ='RE_Fil Saisons'!AC35 -> de 7:00 à 8:00 | H14: ='RE_Fil Saisons'!AF34 -> 0.53571429 | I14: =IF($E14="","",$E14*H14) -> 15 | J14: ='RE_Fil Saisons'!AG34 -> 0.21428571 | K14: =IF($E14="","",$E14*J14) -> 6 | L14: ='RE_Fil Saisons'!AH34 -> 1 | M14: =IF($K14="","",$K14*L14) -> 6 | N14: ='RE_Fil Saisons'!AI34 -> 0.92857143 | O14: =IF($E14="","-",$E14*N14) -> 26
A15: X | B15: ='ART_Lavage auto'!B1 -> ARTHAZ_Route de Reignier D202 / Route Nationale D1205 | C15: 7h00 | D15: 9h00 | E15: =IF('ART_Lavage auto'!$AD53=0,"",'ART_Lavage auto'!$AD53) -> 37 | F15: =IF('ART_Lavage auto'!$AD54=0,"",'ART_Lavage auto'!$AD54) -> 23 | G15: ='ART_Lavage auto'!AB54 -> de 7:00 à 8:00 | H15: ='ART_Lavage auto'!AE53 -> 0.40540541 | I15: =IF($E15="","",$E15*H15) -> 15 | J15: ='ART_Lavage auto'!AF53 -> 0.32432432 | K15: =IF($E15="","",$E15*J15) -> 12 | L15: ='ART_Lavage auto'!AG53 -> 0.25 | M15: =IF($K15="","",$K15*L15) -> 3 | N15: ='ART_Lavage auto'!AH53 -> 0.7027027 | O15: =IF($E15="","-",$E15*N15) -> 26
A16: X | B16: ="TOTAL "&RIGHT(B1,4)&" ["&COUNT(E5:E15)&" carrefours enquêtés]" -> TOTAL 2023 [9 carrefours enquêtés] | E16: =SUM(E5:E15) -> 386 | F16: =SUM(F5:F15) -> 235 | G16: =G5 -> de 7:00 à 8:00 | H16: =I16/$E16 -> 0.50518135 | I16: =SUM(I5:I15) -> 195 | J16: =K16/$E16 -> 0.3238342 | K16: =SUM(K5:K15) -> 125 | L16: =M16/$E16 -> 0.22797927 | M16: =SUM(M5:M15) -> 88 | N16: =O16/$E16 -> 0.39896373 | O16: =SUM(O5:O15) -> 154
A17: X | B17: ="TOTAL "&RIGHT(B1,4)-1&" ["&COUNT([1]SYNTHESE!$E$5:$E$14)&" carrefours enquêtés]" -> TOTAL 2022 [6 carrefours enquêtés] | E17: =[1]SYNTHESE!E16 -> 148 | F17: =[1]SYNTHESE!F16 -> 96 | G17: =[1]SYNTHESE!G16 -> de 7:00 à 8:00 | H17: =[1]SYNTHESE!H16 -> 0.49324324 | I17: =[1]SYNTHESE!I16 -> 73 | J17: =[1]SYNTHESE!J16 -> 0.22297297 | K17: =[1]SYNTHESE!K16 -> 33 | L17: =[1]SYNTHESE!L16 -> 0.16216216 | ... O17: =[1]SYNTHESE!O16 -> 115
A18: X | B18: ="Différence "&RIGHT(B1,4)-1&" - "&RIGHT(B1,4)&" [#]" -> Différence 2022 - 2023 [#] | E18: =E16-E17 -> 238 | F18: =F16-F17 -> 139 | H18: =H16-H17 -> 0.011938104 | I18: =I16-I17 -> 122 | J18: =J16-J17 -> 0.10086122 | K18: =K16-K17 -> 92 | L18: =L16-L17 -> 0.065817112 | M18: =M16-M17 -> 64 | N18: =N16-N17 -> -0.3780633 | O18: =O16-O17 -> 39
A19: X | B19: ="Différence "&RIGHT(B1,4)-1&" - "&RIGHT(B1,4)&" [%]" -> Différence 2022 - 2023 [%] | E19: =E16/E17-1 -> 1.6081081 | F19: =F16/F17-1 -> 1.4479167 | I19: =I16/I17-1 -> 1.6712329 | K19: =K16/K17-1 -> 2.7878788 | M19: =M16/M17-1 -> 2.6666667 | O19: =O16/O17-1 -> 0.33913043
A20: X | H20: VAE Hom. | I20: =I16-M16 -> 107 | J20: Hommes | K20: =E16-K16 -> 261 | L20: VAE Hom. | M20: =I20/K20 -> 0.40996169
B21: ="Différence "&RIGHT(B1,4)-1&" - "&RIGHT(B1,4) -> Différence 2022 - 2023

Sheet Analyse sommaire
B1: TOTAL | H1: Heure de pointe
B2: 2020 | C2: 2021 | D2: 2022 | E2: 2023 | H2: 2020 | I2: 2021 | J2: 2022 | K2: 2023
A3: NB de carrefours enquêtés | B3: 8 | C3: 8 | D3: 6 | E3: 9 | G3: NB de carrefours enquêtés | H3: 8 | I3: 8 | J3: 6 | K3: 9
A4: NB total de cyclistes par année | B4: 159 | C4: 198 | D4: 148 | E4: 386 | G4: NB total de cyclistes par année | H4: 95 | I4: 128 | J4: 96 | K4: 235
A5: NB de cyclistes sur les 5 carrefours comptés chaque année | B5: 117 | C5: 145 | D5: 137 | E5: 233 | G5: NB de cyclistes sur les 5 carrefours comptés chaque année | H5: 67 | I5: 91 | J5: 89 | K5: 145
B22: 8 | C22: 8 | D22: 6 | E22: 9
