Workbook

Sheet PJ_Casino
A1: Lieu : | B1: PERS-JUSSY_Giratoire de Casino | M1: Date : | N1: mardi 31 mai 2022
A2: Nom des personnes participant au comptage : | G2: Florence PELTIER
A3: Météo :
A4: Remarques :
A5: Méthodologie : | C5: Pour chaque intervalle de temps, marquer une seule croix par personne comptée
C6: Si c'est enfant, remplacer la croix par E, une trottinette T, un piéton P, etc.
C8: Depuis 'La Roche' | O8: Depuis 'Pers-Jussy'
C9: vers 'Reignier' | G9: vers 'Casino' | K9: vers 'Pers-Jussy' | O9: vers 'La Roche' | S9: vers 'Reignier' | W9: vers 'Casino'
C10: H | E10: F | G10: H | I10: F | K10: H | M10: F | O10: H | Q10: F | S10: H | U10: F | W10: H | Y10: F
A11: Heure | B11: Minute | C11: VAE | D11: vélo | E11: VAE | F11: vélo | G11: VAE | H11: vélo | I11: VAE | J11: vélo | K11: VAE | L11: vélo | M11: VAE | N11: vélo | O11: VAE | P11: vélo | Q11: VAE | R11: vélo | S11: VAE | T11: vélo | U11: VAE | V11: vélo | W11: VAE | X11: vélo | Y11: VAE | Z11: vélo
A12: 6 | B12: 30 – 44'59
A13: 6 | B13: 45 – 59'59
A14: 7 | B14: 00 – 14'59 | D14: 2 | T14: 1
B15: 15 – 29'59 | D15: 3 | S15: 1 | V15: 1
B16: 30 – 44'59
B17: 45 – 59'59 | S17: 1
A18: 8 | B18: 00 – 14'59
B19: 15 – 29'59 | D19: 2 | U19: 2
B20: 30 – 44'59
B21: 45 – 59'59
A22: 9 | B22: 00 – 14'59
B23: 15 – 29'59
A25: Lieu : | B25: =B1 -> PERS-JUSSY_Giratoire de Casino | M25: Date : | N25: =N1 -> mardi 31 mai 2022
A26: Nom des personnes participant au comptage : | G26: =G2 -> Florence PELTIER
A27: Météo : | C27: =C3 -> 0
A28: Remarques : | C28: =C4 -> 0
A29: =A5 -> Méthodologie : | C29: =C5 -> Pour chaque intervalle de temps, marquer une seule croix par personne comptée
C30: =C6 -> Si c'est enfant, remplacer la croix par E, une trottinette T, un piéton P, etc.
C32: Depuis 'Reignier' | O32: Depuis 'Casino'
C33: vers 'Casino' | G33: vers 'Pers-Jussy' | K33: vers 'La Roche' | O33: vers 'Pers-Jussy' | S33: vers 'La Roche' | W33: vers 'Reignier'
C34: H | E34: F | G34: H | I34: F | K34: H | M34: F | O34: H | Q34: F | S34: H | U34: F | W34: H | Y34: F
A35: Heure | B35: Minute | C35: VAE | D35: vélo | E35: VAE | F35: vélo | G35: VAE | H35: vélo | I35: VAE | J35: vélo | K35: VAE | L35: vélo | M35: VAE | N35: vélo | O35: VAE | P35: vélo | Q35: VAE | R35: vélo | S35: VAE | T35: vélo | U35: VAE | V35: vélo | W35: VAE | X35: vélo | Y35: VAE | Z35: vélo
A36: 6 | B36: 30 – 44'59
A37: 6 | B37: 45 – 59'59
A38: 7 | B38: 00 – 14'59 | L38: 1
B39: 15 – 29'59
B40: 30 – 44'59
B41: 45 – 59'59
A42: 8 | B42: 00 – 14'59
B43: 15 – 29'59
B44: 30 – 44'59
B45: 45 – 59'59
A46: 9 | B46: 00 – 14'59
B47: 15 – 29'59
A49: Lieu : | B49: =B1 -> PERS-JUSSY_Giratoire de Casino | M49: Date : | N49: =N1 -> mardi 31 mai 2022 | AA49: Lieu : | AB49: =B49 -> PERS-JUSSY_Giratoire de Casino | AH49: Date : | AI49: =N49 -> mardi 31 mai 2022
A50: Nom des personnes participant au comptage : | G50: =G26 -> Florence PELTIER | AA50: Nom des personnes participant au comptage : | AE50: =G50 -> Florence PELTIER
A51: Météo : | C51: =C3 -> 0 | AA51: Météo : | AC51: =C51 -> 0
A52: Remarques : | C52: =C4 -> 0 | AA52: Remarques : | AC52: =C52 -> 0
C56: =C8 -> Depuis 'La Roche' | O56: =O8 -> Depuis 'Pers-Jussy' | AC56: TOTAL | AD56: Part des VAE dans le total | AE56: Part des femmes dans le total | AF56: Part des VAE chez les femmes | AG56: Part en direction de Reignier | AH56: Part en provenance de Reignier | AI56: Part en provenance d'Esery | AJ56: Remarques
C57: =C9 -> vers 'Reignier' | G57: =G9 -> vers 'Casino' | K57: =K9 -> vers 'Pers-Jussy' | O57: =O9 -> vers 'La Roche' | S57: =S9 -> vers 'Reignier' | W57: =W9 -> vers 'Casino'
C58: H | E58: F | G58: H | I58: F | K58: H | M58: F | O58: H | Q58: F | S58: H | U58: F | W58: H | Y58: F
A59: Période | C59: VAE | D59: vélo | E59: VAE | F59: vélo | G59: VAE | H59: vélo | I59: VAE | J59: vélo | K59: VAE | L59: vélo | M59: VAE | N59: vélo | O59: VAE | P59: vélo | Q59: VAE | R59: vélo | S59: VAE | T59: vélo | U59: VAE | V59: vélo | W59: VAE | X59: vélo | Y59: VAE | Z59: vélo | AA59: Période
A60: de 6:30 à 7:30 | C60: =SUM(C12:C15) -> 0 | D60: =SUM(D12:D15) -> 5 | E60: =SUM(E12:E15) -> 0 | F60: =SUM(F12:F15) -> 0 | G60: =SUM(G12:G15) -> 0 | H60: =SUM(H12:H15) -> 0 | I60: =SUM(I12:I15) -> 0 | J60: =SUM(J12:J15) -> 0 | ... Z60: =SUM(Z12:Z15) -> 0 | AA60: de 6:30 à 7:30 | AC60: =SUM(C60:Z60)+SUM(C72:Z72) -> 9 | AD60: =IF(AC60=0,0,AD72/AC60) -> 0.11111111 | AE60: =IF(AC60=0,0,AE72/AC60) -> 0.11111111 | AF60: =IF(AE72=0,0,AF72/AE72) -> 0 | AG60: =IF(AC60=0,0,AG72/AC60) -> 0.88888889 | AH60: =IF(AC60=0,0,AH72/AC60) -> 0.33333333 | AI60: =IF(AC60=0,0,AI72/AC60) -> 0.55555556
A61: de 7:00 à 8:00 | C61: =SUM(C14:C17) -> 0 | D61: =SUM(D14:D17) -> 5 | E61: =SUM(E14:E17) -> 0 | F61: =SUM(F14:F17) -> 0 | G61: =SUM(G14:G17) -> 0 | H61: =SUM(H14:H17) -> 0 | I61: =SUM(I14:I17) -> 0 | J61: =SUM(J14:J17) -> 0 | ... Z61: =SUM(Z14:Z17) -> 0 | AA61: de 7:00 à 8:00 | AC61: =SUM(C61:Z61)+SUM(C73:Z73) -> 10 | AD61: =IF(AC61=0,0,AD73/AC61) -> 0.2 | AE61: =IF(AC61=0,0,AE73/AC61) -> 0.1 | AF61: =IF(AE73=0,0,AF73/AE73) -> 0 | AG61: =IF(AC61=0,0,AG73/AC61) -> 0.9 | AH61: =IF(AC61=0,0,AH73/AC61) -> 0.4 | AI61: =IF(AC61=0,0,AI73/AC61) -> 0.5
A62: de 7:30 à 8:30 | C62: =SUM(C16:C19) -> 0 | D62: =SUM(D16:D19) -> 2 | E62: =SUM(E16:E19) -> 0 | F62: =SUM(F16:F19) -> 0 | G62: =SUM(G16:G19) -> 0 | H62: =SUM(H16:H19) -> 0 | I62: =SUM(I16:I19) -> 0 | J62: =SUM(J16:J19) -> 0 | ... Z62: =SUM(Z16:Z19) -> 0 | AA62: de 7:30 à 8:30 | AC62: =SUM(C62:Z62)+SUM(C74:Z74) -> 5 | AD62: =IF(AC62=0,0,AD74/AC62) -> 0.6 | AE62: =IF(AC62=0,0,AE74/AC62) -> 0.4 | AF62: =IF(AE74=0,0,AF74/AE74) -> 1 | AG62: =IF(AC62=0,0,AG74/AC62) -> 1 | AH62: =IF(AC62=0,0,AH74/AC62) -> 0.6 | AI62: =IF(AC62=0,0,AI74/AC62) -> 0.4
A63: de 8:00 à 9:00 | C63: =SUM(C18:C21) -> 0 | D63: =SUM(D18:D21) -> 2 | E63: =SUM(E18:E21) -> 0 | F63: =SUM(F18:F21) -> 0 | G63: =SUM(G18:G21) -> 0 | H63: =SUM(H18:H21) -> 0 | I63: =SUM(I18:I21) -> 0 | J63: =SUM(J18:J21) -> 0 | ... Z63: =SUM(Z18:Z21) -> 0 | AA63: de 8:00 à 9:00 | AC63: =SUM(C63:Z63)+SUM(C75:Z75) -> 4 | AD63: =IF(AC63=0,0,AD75/AC63) -> 0.5 | AE63: =IF(AC63=0,0,AE75/AC63) -> 0.5 | AF63: =IF(AE75=0,0,AF75/AE75) -> 1 | AG63: =IF(AC63=0,0,AG75/AC63) -> 1 | AH63: =IF(AC63=0,0,AH75/AC63) -> 0.5 | AI63: =IF(AC63=0,0,AI75/AC63) -> 0.5
A64: de 8:30 à 9:30 | C64: =SUM(C20:C23) -> 0 | D64: =SUM(D20:D23) -> 0 | E64: =SUM(E20:E23) -> 0 | F64: =SUM(F20:F23) -> 0 | G64: =SUM(G20:G23) -> 0 | H64: =SUM(H20:H23) -> 0 | I64: =SUM(I20:I23) -> 0 | J64: =SUM(J20:J23) -> 0 | ... Z64: =SUM(Z20:Z23) -> 0 | AA64: de 8:30 à 9:30 | AC64: =SUM(C64:Z64)+SUM(C76:Z76) -> 0 | AD64: =IF(AC64=0,0,AD76/AC64) -> 0 | AE64: =IF(AC64=0,0,AE76/AC64) -> 0 | AF64: =IF(AE76=0,0,AF76/AE76) -> 0 | AG64: =IF(AC64=0,0,AG76/AC64) -> 0 | AH64: =IF(AC64=0,0,AH76/AC64) -> 0 | AI64: =IF(AC64=0,0,AI76/AC64) -> 0
A65: TOTAL | C65: =SUM(C12:C23) -> 0 | D65: =SUM(D12:D23) -> 7 | E65: =SUM(E12:E23) -> 0 | F65: =SUM(F12:F23) -> 0 | G65: =SUM(G12:G23) -> 0 | H65: =SUM(H12:H23) -> 0 | I65: =SUM(I12:I23) -> 0 | J65: =SUM(J12:J23) -> 0 | ... Z65: =SUM(Z12:Z23) -> 0 | AA65: TOTAL | AC65: =SUM(C65:Z65)+SUM(C77:Z77) -> 14 | AD65: =IF(AC65=0,0,AD77/AC65) -> 0.28571429 | AE65: =IF(AC65=0,0,AE77/AC65) -> 0.21428571 | AF65: =IF(AE77=0,0,AF77/AE77) -> 0.66666667 | AG65: =IF(AC65=0,0,AG77/AC65) -> 0.92857143 | AH65: =IF(AC65=0,0,AH77/AC65) -> 0.42857143 | AI65: =IF(AC65=0,0,AI77/AC65) -> 0.5
A66: =IF($AC$60=MAX($AC$60:$AC$64),A60,IF($AC$61=MAX($AC$60:$AC$64),A61,IF($AC$62=MAX($AC$60:$AC$64),A62,IF($AC$63=MAX($AC$60:$AC$64),A63,A64)))) -> de 7:00 à 8:00 | C66: =IF($AC$60=MAX($AC$60:$AC$64),C60,IF($AC$61=MAX($AC$60:$AC$64),C61,IF($AC$62=MAX($AC$60:$AC$64),C62,IF($AC$63=MAX($AC$60:$AC$64),(C63),C64)))) -> 0 | D66: =IF($AC$60=MAX($AC$60:$AC$64),D60,IF($AC$61=MAX($AC$60:$AC$64),D61,IF($AC$62=MAX($AC$60:$AC$64),D62,IF($AC$63=MAX($AC$60:$AC$64),(D63),D64)))) -> 5 | E66: =IF($AC$60=MAX($AC$60:$AC$64),E60,IF($AC$61=MAX($AC$60:$AC$64),E61,IF($AC$62=MAX($AC$60:$AC$64),E62,IF($AC$63=MAX($AC$60:$AC$64),(E63),E64)))) -> 0 | F66: =IF($AC$60=MAX($AC$60:$AC$64),F60,IF($AC$61=MAX($AC$60:$AC$64),F61,IF($AC$62=MAX($AC$60:$AC$64),F62,IF($AC$63=MAX($AC$60:$AC$64),(F63),F64)))) -> 0 | G66: =IF($AC$60=MAX($AC$60:$AC$64),G60,IF($AC$61=MAX($AC$60:$AC$64),G61,IF($AC$62=MAX($AC$60:$AC$64),G62,IF($AC$63=MAX($AC$60:$AC$64),(G63),G64)))) -> 0 | H66: =IF($AC$60=MAX($AC$60:$AC$64),H60,IF($AC$61=MAX($AC$60:$AC$64),H61,IF($AC$62=MAX($AC$60:$AC$64),H62,IF($AC$63=MAX($AC$60:$AC$64),(H63),H64)))) -> 0 | I66: =IF($AC$60=MAX($AC$60:$AC$64),I60,IF($AC$61=MAX($AC$60:$AC$64),I61,IF($AC$62=MAX($AC$60:$AC$64),I62,IF($AC$63=MAX($AC$60:$AC$64),(I63),I64)))) -> 0 | J66: =IF($AC$60=MAX($AC$60:$AC$64),J60,IF($AC$61=MAX($AC$60:$AC$64),J61,IF($AC$62=MAX($AC$60:$AC$64),J62,IF($AC$63=MAX($AC$60:$AC$64),(J63),J64)))) -> 0 | ... Z66: =IF($AC$60=MAX($AC$60:$AC$64),Z60,IF($AC$61=MAX($AC$60:$AC$64),Z61,IF($AC$62=MAX($AC$60:$AC$64),Z62,IF($AC$63=MAX($AC$60:$AC$64),(Z63),Z64)))) -> 0 | AA66: =IF($AC$60=MAX($AC$60:$AC$64),A60,IF($AC$61=MAX($AC$60:$AC$64),A61,IF($AC$62=MAX($AC$60:$AC$64),A62,IF($AC$63=MAX($AC$60:$AC$64),A63,A64)))) -> de 7:00 à 8:00 | AC66: =IF($AC$60=MAX($AC$60:$AC$64),AC60,IF($AC$61=MAX($AC$60:$AC$64),AC61,IF($AC$62=MAX($AC$60:$AC$64),AC62,IF($AC$63=MAX($AC$60:$AC$64),(AC63),AC64)))) -> 10 | AD66: =IF(AC66=0,0,AD78/AC66) -> 0.2 | AE66: =IF(AC66=0,0,AE78/AC66) -> 0.1 | AF66: =IF(AE78=0,0,AF78/AE78) -> 0 | AG66: =IF(AC66=0,0,AG78/AC66) -> 0.9 | AH66: =IF(AC66=0,0,AH78/AC66) -> 0.4 | AI66: =IF(AC66=0,0,AI78/AC66) -> 0.5
C68: =C32 -> Depuis 'Reignier' | O68: =O32 -> Depuis 'Casino' | AD68: Nombre de VAE dans le total | AE68: Nombre de femmes dans le total | AF68: Nombre de VAE chez les femmes | AG68: Cycles en direction de Reignier | AH68: Cycles en provenance de Pers-Jussy | AI68: Cycles en provenance de La Roche
C69: =C33 -> vers 'Casino' | G69: =G33 -> vers 'Pers-Jussy' | K69: =K33 -> vers 'La Roche' | O69: =O33 -> vers 'Pers-Jussy' | S69: =S33 -> vers 'La Roche' | W69: =W33 -> vers 'Reignier'
C70: H | E70: F | G70: H | I70: F | K70: H | M70: F | O70: H | Q70: F | S70: H | U70: F | W70: H | Y70: F
A71: Période | C71: VAE | D71: vélo | E71: VAE | F71: vélo | G71: VAE | H71: vélo | I71: VAE | J71: vélo | K71: VAE | L71: vélo | M71: VAE | N71: vélo | O71: VAE | P71: vélo | Q71: VAE | R71: vélo | S71: VAE | T71: vélo | U71: VAE | V71: vélo | W71: VAE | X71: vélo | Y71: VAE | Z71: vélo
A72: de 6:30 à 7:30 | C72: =SUM(C36:C39) -> 0 | D72: =SUM(D36:D39) -> 0 | E72: =SUM(E36:E39) -> 0 | F72: =SUM(F36:F39) -> 0 | G72: =SUM(G36:G39) -> 0 | H72: =SUM(H36:H39) -> 0 | I72: =SUM(I36:I39) -> 0 | J72: =SUM(J36:J39) -> 0 | ... Z72: =SUM(Z36:Z39) -> 0 | AD72: =(C60+E60+G60+I60+K60+M60+O60+Q60+S60+U60+W60+Y60+C72+E72+G72+I72+K72+M72+O72+Q72+S72+U72+W72+Y72) -> 1 | AE72: =(E60+F60+I60+J60+M60+N60+Q60+R60+U60+V60+Y60+Z60+E72+F72+I72+J72+M72+N72+Q72+R72+U72+V72+Y72+Z72) -> 1 | AF72: =(E60+I60+M60+Q60+U60+Y60+E72+I72+M72+Q72+U72+Y72) -> 0 | AG72: =SUM(C60:F60,S60:V60,W72:Z72) -> 8 | AH72: =SUM(O60:Z60) -> 3 | AI72: =SUM(C60:N60) -> 5
A73: de 7:00 à 8:00 | C73: =SUM(C38:C41) -> 0 | D73: =SUM(D38:D41) -> 0 | E73: =SUM(E38:E41) -> 0 | F73: =SUM(F38:F41) -> 0 | G73: =SUM(G38:G41) -> 0 | H73: =SUM(H38:H41) -> 0 | I73: =SUM(I38:I41) -> 0 | J73: =SUM(J38:J41) -> 0 | ... Z73: =SUM(Z38:Z41) -> 0 | AD73: =(C61+E61+G61+I61+K61+M61+O61+Q61+S61+U61+W61+Y61+C73+E73+G73+I73+K73+M73+O73+Q73+S73+U73+W73+Y73) -> 2 | AE73: =(E61+F61+I61+J61+M61+N61+Q61+R61+U61+V61+Y61+Z61+E73+F73+I73+J73+M73+N73+Q73+R73+U73+V73+Y73+Z73) -> 1 | AF73: =(E61+I61+M61+Q61+U61+Y61+E73+I73+M73+Q73+U73+Y73) -> 0 | AG73: =SUM(C61:F61,S61:V61,W73:Z73) -> 9 | AH73: =SUM(O61:Z61) -> 4 | AI73: =SUM(C61:N61) -> 5
A74: de 7:30 à 8:30 | C74: =SUM(C40:C43) -> 0 | D74: =SUM(D40:D43) -> 0 | E74: =SUM(E40:E43) -> 0 | F74: =SUM(F40:F43) -> 0 | G74: =SUM(G40:G43) -> 0 | H74: =SUM(H40:H43) -> 0 | I74: =SUM(I40:I43) -> 0 | J74: =SUM(J40:J43) -> 0 | ... Z74: =SUM(Z40:Z43) -> 0 | AD74: =(C62+E62+G62+I62+K62+M62+O62+Q62+S62+U62+W62+Y62+C74+E74+G74+I74+K74+M74+O74+Q74+S74+U74+W74+Y74) -> 3 | AE74: =(E62+F62+I62+J62+M62+N62+Q62+R62+U62+V62+Y62+Z62+E74+F74+I74+J74+M74+N74+Q74+R74+U74+V74+Y74+Z74) -> 2 | AF74: =(E62+I62+M62+Q62+U62+Y62+E74+I74+M74+Q74+U74+Y74) -> 2 | AG74: =SUM(C62:F62,S62:V62,W74:Z74) -> 5 | AH74: =SUM(O62:Z62) -> 3 | AI74: =SUM(C62:N62) -> 2
A75: de 8:00 à 9:00 | C75: =SUM(C42:C45) -> 0 | D75: =SUM(D42:D45) -> 0 | E75: =SUM(E42:E45) -> 0 | F75: =SUM(F42:F45) -> 0 | G75: =SUM(G42:G45) -> 0 | H75: =SUM(H42:H45) -> 0 | I75: =SUM(I42:I45) -> 0 | J75: =SUM(J42:J45) -> 0 | ... Z75: =SUM(Z42:Z45) -> 0 | AD75: =(C63+E63+G63+I63+K63+M63+O63+Q63+S63+U63+W63+Y63+C75+E75+G75+I75+K75+M75+O75+Q75+S75+U75+W75+Y75) -> 2 | AE75: =(E63+F63+I63+J63+M63+N63+Q63+R63+U63+V63+Y63+Z63+E75+F75+I75+J75+M75+N75+Q75+R75+U75+V75+Y75+Z75) -> 2 | AF75: =(E63+I63+M63+Q63+U63+Y63+E75+I75+M75+Q75+U75+Y75) -> 2 | AG75: =SUM(C63:F63,S63:V63,W75:Z75) -> 4 | AH75: =SUM(O63:Z63) -> 2 | AI75: =SUM(C63:N63) -> 2
A76: de 8:30 à 9:30 | C76: =SUM(C44:C47) -> 0 | D76: =SUM(D44:D47) -> 0 | E76: =SUM(E44:E47) -> 0 | F76: =SUM(F44:F47) -> 0 | G76: =SUM(G44:G47) -> 0 | H76: =SUM(H44:H47) -> 0 | I76: =SUM(I44:I47) -> 0 | J76: =SUM(J44:J47) -> 0 | ... Z76: =SUM(Z44:Z47) -> 0 | AD76: =(C64+E64+G64+I64+K64+M64+O64+Q64+S64+U64+W64+Y64+C76+E76+G76+I76+K76+M76+O76+Q76+S76+U76+W76+Y76) -> 0 | AE76: =(E64+F64+I64+J64+M64+N64+Q64+R64+U64+V64+Y64+Z64+E76+F76+I76+J76+M76+N76+Q76+R76+U76+V76+Y76+Z76) -> 0 | AF76: =(E64+I64+M64+Q64+U64+Y64+E76+I76+M76+Q76+U76+Y76) -> 0 | AG76: =SUM(C64:F64,S64:V64,W76:Z76) -> 0 | AH76: =SUM(O64:Z64) -> 0 | AI76: =SUM(C64:N64) -> 0
A77: TOTAL | C77: =SUM(C36:C47) -> 0 | D77: =SUM(D36:D47) -> 0 | E77: =SUM(E36:E47) -> 0 | F77: =SUM(F36:F47) -> 0 | G77: =SUM(G36:G47) -> 0 | H77: =SUM(H36:H47) -> 0 | I77: =SUM(I36:I47) -> 0 | J77: =SUM(J36:J47) -> 0 | ... Z77: =SUM(Z36:Z47) -> 0 | AD77: =(C65+E65+G65+I65+K65+M65+O65+Q65+S65+U65+W65+Y65+C77+E77+G77+I77+K77+M77+O77+Q77+S77+U77+W77+Y77) -> 4 | AE77: =(E65+F65+I65+J65+M65+N65+Q65+R65+U65+V65+Y65+Z65+E77+F77+I77+J77+M77+N77+Q77+R77+U77+V77+Y77+Z77) -> 3 | AF77: =(E65+I65+M65+Q65+U65+Y65+E77+I77+M77+Q77+U77+Y77) -> 2 | AG77: =SUM(C65:F65,S65:V65,W77:Z77) -> 13 | AH77: =SUM(O65:Z65) -> 6 | AI77: =SUM(C65:N65) -> 7
A78: =IF($AC$60=MAX($AC$60:$AC$64),A72,IF($AC$61=MAX($AC$60:$AC$64),A73,IF($AC$62=MAX($AC$60:$AC$64),A74,IF($AC$63=MAX($AC$60:$AC$64),A75,A76)))) -> de 7:00 à 8:00 | C78: =IF($AC$60=MAX($AC$60:$AC$64),C72,IF($AC$61=MAX($AC$60:$AC$64),C73,IF($AC$62=MAX($AC$60:$AC$64),C74,IF($AC$63=MAX($AC$60:$AC$64),C75,C76)))) -> 0 | D78: =IF($AC$60=MAX($AC$60:$AC$64),D72,IF($AC$61=MAX($AC$60:$AC$64),D73,IF($AC$62=MAX($AC$60:$AC$64),D74,IF($AC$63=MAX($AC$60:$AC$64),D75,D76)))) -> 0 | E78: =IF($AC$60=MAX($AC$60:$AC$64),E72,IF($AC$61=MAX($AC$60:$AC$64),E73,IF($AC$62=MAX($AC$60:$AC$64),E74,IF($AC$63=MAX($AC$60:$AC$64),E75,E76)))) -> 0 | F78: =IF($AC$60=MAX($AC$60:$AC$64),F72,IF($AC$61=MAX($AC$60:$AC$64),F73,IF($AC$62=MAX($AC$60:$AC$64),F74,IF($AC$63=MAX($AC$60:$AC$64),F75,F76)))) -> 0 | G78: =IF($AC$60=MAX($AC$60:$AC$64),G72,IF($AC$61=MAX($AC$60:$AC$64),G73,IF($AC$62=MAX($AC$60:$AC$64),G74,IF($AC$63=MAX($AC$60:$AC$64),G75,G76)))) -> 0 | H78: =IF($AC$60=MAX($AC$60:$AC$64),H72,IF($AC$61=MAX($AC$60:$AC$64),H73,IF($AC$62=MAX($AC$60:$AC$64),H74,IF($AC$63=MAX($AC$60:$AC$64),H75,H76)))) -> 0 | I78: =IF($AC$60=MAX($AC$60:$AC$64),I72,IF($AC$61=MAX($AC$60:$AC$64),I73,IF($AC$62=MAX($AC$60:$AC$64),I74,IF($AC$63=MAX($AC$60:$AC$64),I75,I76)))) -> 0 | J78: =IF($AC$60=MAX($AC$60:$AC$64),J72,IF($AC$61=MAX($AC$60:$AC$64),J73,IF($AC$62=MAX($AC$60:$AC$64),J74,IF($AC$63=MAX($AC$60:$AC$64),J75,J76)))) -> 0 | ... Z78: =IF($AC$60=MAX($AC$60:$AC$64),Z72,IF($AC$61=MAX($AC$60:$AC$64),Z73,IF($AC$62=MAX($AC$60:$AC$64),Z74,IF($AC$63=MAX($AC$60:$AC$64),Z75,Z76)))) -> 0 | AD78: =(C66+E66+G66+I66+K66+M66+O66+Q66+S66+U66+W66+Y66+C78+E78+G78+I78+K78+M78+O78+Q78+S78+U78+W78+Y78) -> 2 | AE78: =(E66+F66+I66+J66+M66+N66+Q66+R66+U66+V66+Y66+Z66+E78+F78+I78+J78+M78+N78+Q78+R78+U78+V78+Y78+Z78) -> 1 | AF78: =(E66+I66+M66+Q66+U66+Y66+E78+I78+M78+Q78+U78+Y78) -> 0 | AG78: =SUM(C66:F66,S66:V66,W78:Z78) -> 9 | AH78: =SUM(O66:Z66) -> 4 | AI78: =SUM(C66:N66) -> 5

Sheet RE_Gare
A1: Lieu : | B1: REIGNIER_Carrefour Rue de la Gare / Rte de Bellecombe (vers Tour d'Ivoire) | M1: Date : | N1: mardi 31 mai 2022
A2: Nom des personnes participant au comptage :
A3: Météo :
A4: Remarques :
A5: Méthodologie : | C5: Pour chaque intervalle de temps, marquer une seule croix par personne comptée
C6: Si c'est enfant, remplacer la croix par E, une trottinette T, un piéton P, etc.
C8: Depuis 'Pers-Jussy' | K8: Depuis 'Reignier-centre' | S8: Depuis 'Gare'
C9: vers 'Reignier' | G9: vers 'Gare' | K9: vers 'Pers-Jussy' | O9: vers 'Gare' | S9: vers 'Reignier-centre' | W9: vers 'Pers-Jussy'
C10: H | E10: F | G10: H | I10: F | K10: H | M10: F | O10: H | Q10: F | S10: H | U10: F | W10: H | Y10: F
A11: Heure | B11: Minute | C11: VAE | D11: vélo | E11: VAE | F11: vélo | G11: VAE | H11: vélo | I11: VAE | J11: vélo | K11: VAE | L11: vélo | M11: VAE | N11: vélo | O11: VAE | P11: vélo | Q11: VAE | R11: vélo | S11: VAE | T11: vélo | U11: VAE | V11: vélo | W11: VAE | X11: vélo | Y11: VAE | Z11: vélo
A12: 6 | B12: 30 – 44'59
B13: 45 – 59'59
A14: 7 | B14: 00 – 14'59
B15: 15 – 29'59
B16: 30 – 44'59
B17: 45 – 59'59
A18: 8 | B18: 00 – 14'59
B19: 15 – 29'59
B20: 30 – 44'59
B21: 45 – 59'59
A22: 9 | B22: 00 – 14'59
B23: 15 – 29'59
A25: Lieu : | B25: =B1 -> REIGNIER_Carrefour Rue de la Gare / Rte de Bellecombe (vers Tour d'Ivoire) | M25: Date : | N25: =N1 -> mardi 31 mai 2022 | AA25: Lieu : | AB25: =B25 -> REIGNIER_Carrefour Rue de la Gare / Rte de Bellecombe (vers Tour d'Ivoire) | AG25: Date : | AH25: =N25 -> mardi 31 mai 2022
A26: Nom des personnes participant au comptage : | G26: =G2 -> 0 | AA26: Nom des personnes participant au comptage : | AE26: =G26 -> 0
A27: Météo : | C27: =C3 -> 0 | AA27: Météo : | AC27: =C27 -> 0
A28: Remarques : | C28: =C4 -> 0 | AA28: Remarques : | AC28: =C28 -> 0
C32: =C8 -> Depuis 'Pers-Jussy' | K32: =K8 -> Depuis 'Reignier-centre' | S32: =S8 -> Depuis 'Gare' | AC32: TOTAL | AD32: Part des VAE dans le total | AE32: Part des femmes dans le total | AF32: Part des VAE chez les femmes | AG32: Part en direction d'Annemasse-Genève | AH32: Part en provenance de Reignier | AI32: Part en provenance d'Esery | AJ32: Remarques
C33: =C9 -> vers 'Reignier' | G33: =G9 -> vers 'Gare' | K33: =K9 -> vers 'Pers-Jussy' | O33: =O9 -> vers 'Gare' | S33: =S9 -> vers 'Reignier-centre' | W33: =W9 -> vers 'Pers-Jussy'
C34: H | E34: F | G34: H | I34: F | K34: H | M34: F | O34: H | Q34: F | S34: H | U34: F | W34: H | Y34: F
A35: Période | C35: VAE | D35: vélo | E35: VAE | F35: vélo | G35: VAE | H35: vélo | I35: VAE | J35: vélo | K35: VAE | L35: vélo | M35: VAE | N35: vélo | O35: VAE | P35: vélo | Q35: VAE | R35: vélo | S35: VAE | T35: vélo | U35: VAE | V35: vélo | W35: VAE | X35: vélo | Y35: VAE | Z35: vélo | AA35: Période
A36: de 6:30 à 7:30 | C36: =SUM(C12:C15) -> 0 | D36: =SUM(D12:D15) -> 0 | E36: =SUM(E12:E15) -> 0 | F36: =SUM(F12:F15) -> 0 | G36: =SUM(G12:G15) -> 0 | H36: =SUM(H12:H15) -> 0 | I36: =SUM(I12:I15) -> 0 | J36: =SUM(J12:J15) -> 0 | ... Z36: =SUM(Z12:Z15) -> 0 | AA36: de 6:30 à 7:30 | AC36: =SUM(C36:Z36) -> 0 | AD36: =IF(AC36=0,0,AD48/AC36) -> 0 | AE36: =IF(AC36=0,0,AE48/AC36) -> 0 | AF36: =IF(AE48=0,0,AF48/AE48) -> 0 | AG36: =IF(AC36=0,0,AG48/AC36) -> 0 | AH36: =IF(AC36=0,0,AH48/AC36) -> 0 | AI36: =IF(AC36=0,0,AI48/AC36) -> 0
A37: de 7:00 à 8:00 | C37: =SUM(C14:C17) -> 0 | D37: =SUM(D14:D17) -> 0 | E37: =SUM(E14:E17) -> 0 | F37: =SUM(F14:F17) -> 0 | G37: =SUM(G14:G17) -> 0 | H37: =SUM(H14:H17) -> 0 | I37: =SUM(I14:I17) -> 0 | J37: =SUM(J14:J17) -> 0 | ... Z37: =SUM(Z14:Z17) -> 0 | AA37: de 7:00 à 8:00 | AC37: =SUM(C37:Z37) -> 0 | AD37: =IF(AC37=0,0,AD49/AC37) -> 0 | AE37: =IF(AC37=0,0,AE49/AC37) -> 0 | AF37: =IF(AE49=0,0,AF49/AE49) -> 0 | AG37: =IF(AC37=0,0,AG49/AC37) -> 0 | AH37: =IF(AC37=0,0,AH49/AC37) -> 0 | AI37: =IF(AC37=0,0,AI49/AC37) -> 0
A38: de 7:30 à 8:30 | C38: =SUM(C16:C19) -> 0 | D38: =SUM(D16:D19) -> 0 | E38: =SUM(E16:E19) -> 0 | F38: =SUM(F16:F19) -> 0 | G38: =SUM(G16:G19) -> 0 | H38: =SUM(H16:H19) -> 0 | I38: =SUM(I16:I19) -> 0 | J38: =SUM(J16:J19) -> 0 | ... Z38: =SUM(Z16:Z19) -> 0 | AA38: de 7:30 à 8:30 | AC38: =SUM(C38:Z38) -> 0 | AD38: =IF(AC38=0,0,AD50/AC38) -> 0 | AE38: =IF(AC38=0,0,AE50/AC38) -> 0 | AF38: =IF(AE50=0,0,AF50/AE50) -> 0 | AG38: =IF(AC38=0,0,AG50/AC38) -> 0 | AH38: =IF(AC38=0,0,AH50/AC38) -> 0 | AI38: =IF(AC38=0,0,AI50/AC38) -> 0
A39: de 8:00 à 9:00 | C39: =SUM(C18:C21) -> 0 | D39: =SUM(D18:D21) -> 0 | E39: =SUM(E18:E21) -> 0 | F39: =SUM(F18:F21) -> 0 | G39: =SUM(G18:G21) -> 0 | H39: =SUM(H18:H21) -> 0 | I39: =SUM(I18:I21) -> 0 | J39: =SUM(J18:J21) -> 0 | ... Z39: =SUM(Z18:Z21) -> 0 | AA39: de 8:00 à 9:00 | AC39: =SUM(C39:Z39) -> 0 | AD39: =IF(AC39=0,0,AD51/AC39) -> 0 | AE39: =IF(AC39=0,0,AE51/AC39) -> 0 | AF39: =IF(AE51=0,0,AF51/AE51) -> 0 | AG39: =IF(AC39=0,0,AG51/AC39) -> 0 | AH39: =IF(AC39=0,0,AH51/AC39) -> 0 | AI39: =IF(AC39=0,0,AI51/AC39) -> 0
A40: de 8:30 à 9:30 | C40: =SUM(C20:C23) -> 0 | D40: =SUM(D20:D23) -> 0 | E40: =SUM(E20:E23) -> 0 | F40: =SUM(F20:F23) -> 0 | G40: =SUM(G20:G23) -> 0 | H40: =SUM(H20:H23) -> 0 | I40: =SUM(I20:I23) -> 0 | J40: =SUM(J20:J23) -> 0 | ... Z40: =SUM(Z20:Z23) -> 0 | AA40: de 8:30 à 9:30 | AC40: =SUM(C40:Z40) -> 0 | AD40: =IF(AC40=0,0,AD52/AC40) -> 0 | AE40: =IF(AC40=0,0,AE52/AC40) -> 0 | AF40: =IF(AE52=0,0,AF52/AE52) -> 0 | AG40: =IF(AC40=0,0,AG52/AC40) -> 0 | AH40: =IF(AC40=0,0,AH52/AC40) -> 0 | AI40: =IF(AC40=0,0,AI52/AC40) -> 0
A41: TOTAL | C41: =SUM(C12:C23) -> 0 | D41: =SUM(D12:D23) -> 0 | E41: =SUM(E12:E23) -> 0 | F41: =SUM(F12:F23) -> 0 | G41: =SUM(G12:G23) -> 0 | H41: =SUM(H12:H23) -> 0 | I41: =SUM(I12:I23) -> 0 | J41: =SUM(J12:J23) -> 0 | ... Z41: =SUM(Z12:Z23) -> 0 | AA41: TOTAL | AC41: =SUM(C41:Z41) -> 0 | AD41: =IF(AC41=0,0,AD53/AC41) -> 0 | AE41: =IF(AC41=0,0,AE53/AC41) -> 0 | AF41: =IF(AE53=0,0,AF53/AE53) -> 0 | AG41: =IF(AC41=0,0,AG53/AC41) -> 0 | AH41: =IF(AC41=0,0,AH53/AC41) -> 0 | AI41: =IF(AC41=0,0,AI53/AC41) -> 0
A42: =IF($AC$36=MAX($AC$36:$AC$40),A36,IF($AC$37=MAX($AC$36:$AC$40),A37,IF($AC$38=MAX($AC$36:$AC$40),A38,IF($AC$39=MAX($AC$36:$AC$40),A39,A40)))) -> de 6:30 à 7:30 | C42: =IF($AC$36=MAX($AC$36:$AC$40),C36,IF($AC$37=MAX($AC$36:$AC$40),C37,IF($AC$38=MAX($AC$36:$AC$40),C38,IF($AC$39=MAX($AC$36:$AC$40),C39,C40)))) -> 0 | D42: =IF($AC$36=MAX($AC$36:$AC$40),D36,IF($AC$37=MAX($AC$36:$AC$40),D37,IF($AC$38=MAX($AC$36:$AC$40),D38,IF($AC$39=MAX($AC$36:$AC$40),D39,D40)))) -> 0 | E42: =IF($AC$36=MAX($AC$36:$AC$40),E36,IF($AC$37=MAX($AC$36:$AC$40),E37,IF($AC$38=MAX($AC$36:$AC$40),E38,IF($AC$39=MAX($AC$36:$AC$40),E39,E40)))) -> 0 | F42: =IF($AC$36=MAX($AC$36:$AC$40),F36,IF($AC$37=MAX($AC$36:$AC$40),F37,IF($AC$38=MAX($AC$36:$AC$40),F38,IF($AC$39=MAX($AC$36:$AC$40),F39,F40)))) -> 0 | G42: =IF($AC$36=MAX($AC$36:$AC$40),G36,IF($AC$37=MAX($AC$36:$AC$40),G37,IF($AC$38=MAX($AC$36:$AC$40),G38,IF($AC$39=MAX($AC$36:$AC$40),G39,G40)))) -> 0 | H42: =IF($AC$36=MAX($AC$36:$AC$40),H36,IF($AC$37=MAX($AC$36:$AC$40),H37,IF($AC$38=MAX($AC$36:$AC$40),H38,IF($AC$39=MAX($AC$36:$AC$40),H39,H40)))) -> 0 | I42: =IF($AC$36=MAX($AC$36:$AC$40),I36,IF($AC$37=MAX($AC$36:$AC$40),I37,IF($AC$38=MAX($AC$36:$AC$40),I38,IF($AC$39=MAX($AC$36:$AC$40),I39,I40)))) -> 0 | J42: =IF($AC$36=MAX($AC$36:$AC$40),J36,IF($AC$37=MAX($AC$36:$AC$40),J37,IF($AC$38=MAX($AC$36:$AC$40),J38,IF($AC$39=MAX($AC$36:$AC$40),J39,J40)))) -> 0 | ... Z42: =IF($AC$36=MAX($AC$36:$AC$40),Z36,IF($AC$37=MAX($AC$36:$AC$40),Z37,IF($AC$38=MAX($AC$36:$AC$40),Z38,IF($AC$39=MAX($AC$36:$AC$40),Z39,Z40)))) -> 0 | AA42: =A42 -> de 6:30 à 7:30 | AC42: =SUM(C42:Z42) -> 0 | AD42: =IF(AC42=0,0,AD54/AC42) -> 0 | AE42: =IF(AC42=0,0,AE54/AC42) -> 0 | AF42: =IF(AE54=0,0,AF54/AE54) -> 0 | AG42: =IF(AC42=0,0,AG54/AC42) -> 0 | AH42: =IF(AC42=0,0,AH54/AC42) -> 0 | AI42: =IF(AC42=0,0,AI54/AC42) -> 0
AD44: Nombre de VAE dans le total | AE44: Nombre de femmes dans le total | AF44: Nombre de VAE chez les femmes | AG44: Cycles en direction d'Annemasse-Genève | AH44: Cycles en provenance de Reignier | AI44: Cycles en provenance d'Esery
AD48: =(C36+E36+G36+I36+K36+M36+O36+Q36+S36+U36+W36+Y36) -> 0 | AE48: =(E36+F36+I36+J36+M36+N36+Q36+R36+U36+V36+Y36+Z36) -> 0 | AF48: =(E36+I36+M36+Q36+U36+Y36) -> 0 | AG48: =SUM(G36:J36,O36:R36) -> 0 | AH48: =SUM(K36:R36) -> 0 | AI48: =SUM(C36:J36) -> 0
AD49: =(C37+E37+G37+I37+K37+M37+O37+Q37+S37+U37+W37+Y37) -> 0 | AE49: =(E37+F37+I37+J37+M37+N37+Q37+R37+U37+V37+Y37+Z37) -> 0 | AF49: =(E37+I37+M37+Q37+U37+Y37) -> 0 | AG49: =SUM(G37:J37,O37:R37) -> 0 | AH49: =SUM(K37:R37) -> 0 | AI49: =SUM(C37:J37) -> 0
AD50: =(C38+E38+G38+I38+K38+M38+O38+Q38+S38+U38+W38+Y38) -> 0 | AE50: =(E38+F38+I38+J38+M38+N38+Q38+R38+U38+V38+Y38+Z38) -> 0 | AF50: =(E38+I38+M38+Q38+U38+Y38) -> 0 | AG50: =SUM(G38:J38,O38:R38) -> 0 | AH50: =SUM(K38:R38) -> 0 | AI50: =SUM(C38:J38) -> 0
AD51: =(C39+E39+G39+I39+K39+M39+O39+Q39+S39+U39+W39+Y39) -> 0 | AE51: =(E39+F39+I39+J39+M39+N39+Q39+R39+U39+V39+Y39+Z39) -> 0 | AF51: =(E39+I39+M39+Q39+U39+Y39) -> 0 | AG51: =SUM(G39:J39,O39:R39) -> 0 | AH51: =SUM(K39:R39) -> 0 | AI51: =SUM(C39:J39) -> 0
AD52: =(C40+E40+G40+I40+K40+M40+O40+Q40+S40+U40+W40+Y40) -> 0 | AE52: =(E40+F40+I40+J40+M40+N40+Q40+R40+U40+V40+Y40+Z40) -> 0 | AF52: =(E40+I40+M40+Q40+U40+Y40) -> 0 | AG52: =SUM(G40:J40,O40:R40) -> 0 | AH52: =SUM(K40:R40) -> 0 | AI52: =SUM(C40:J40) -> 0
AD53: =(C41+E41+G41+I41+K41+M41+O41+Q41+S41+U41+W41+Y41) -> 0 | AE53: =(E41+F41+I41+J41+M41+N41+Q41+R41+U41+V41+Y41+Z41) -> 0 | AF53: =(E41+I41+M41+Q41+U41+Y41) -> 0 | AG53: =SUM(G41:J41,O41:R41) -> 0 | AH53: =SUM(K41:R41) -> 0 | AI53: =SUM(C41:J41) -> 0
AD54: =(C42+E42+G42+I42+K42+M42+O42+Q42+S42+U42+W42+Y42) -> 0 | AE54: =(E42+F42+I42+J42+M42+N42+Q42+R42+U42+V42+Y42+Z42) -> 0 | AF54: =(E42+I42+M42+Q42+U42+Y42) -> 0 | AG54: =SUM(G42:J42,O42:R42) -> 0 | AH54: =SUM(K42:R42) -> 0 | AI54: =SUM(C42:J42) -> 0

Sheet RE_ex-gendarmerie
A1: Lieu : | B1: REIGNIER_Giratoire de l'ancienne gendarmerie | M1: Date : | N1: mardi 31 mai 2022
A2: Nom des personnes participant au comptage :
A3: Météo :
A4: Remarques :
A5: Méthodologie : | C5: Pour chaque intervalle de temps, marquer une seule croix par personne comptée
C6: Si c'est enfant, remplacer la croix par E, une trottinette T, un piéton P, etc.
C8: Depuis 'Annemasse - Genève' | O8: Depuis 'Carrefour - Bersat'
C9: vers 'Carrefour - Bersat' | G9: vers 'Pers-Jussy' | K9: vers 'Esery - Méran' | O9: vers 'Pers-Jussy' | S9: vers 'Esery - Méran' | W9: vers 'Annemasse - Genève'
C10: H | E10: F | G10: H | I10: F | K10: H | M10: F | O10: H | Q10: F | S10: H | U10: F | W10: H | Y10: F
A11: Heure | B11: Minute | C11: VAE | D11: vélo | E11: VAE | F11: vélo | G11: VAE | H11: vélo | I11: VAE | J11: vélo | K11: VAE | L11: vélo | M11: VAE | N11: vélo | O11: VAE | P11: vélo | Q11: VAE | R11: vélo | S11: VAE | T11: vélo | U11: VAE | V11: vélo | W11: VAE | X11: vélo | Y11: VAE | Z11: vélo
A12: 6 | B12: 30 – 44'59
B13: 45 – 59'59
A14: 7 | B14: 00 – 14'59
B15: 15 – 29'59
B16: 30 – 44'59
B17: 45 – 59'59
A18: 8 | B18: 00 – 14'59
B19: 15 – 29'59
B20: 30 – 44'59
B21: 45 – 59'59
A22: 9 | B22: 00 – 14'59
B23: 15 – 29'59
A25: Lieu : | B25: =B1 -> REIGNIER_Giratoire de l'ancienne gendarmerie | M25: Date : | N25: =N1 -> mardi 31 mai 2022
A26: Nom des personnes participant au comptage : | G26: =G2 -> 0
A27: Météo : | C27: =C3 -> 0
A28: Remarques : | C28: =C4 -> 0
A29: =A5 -> Méthodologie : | C29: =C5 -> Pour chaque intervalle de temps, marquer une seule croix par personne comptée
C30: =C6 -> Si c'est enfant, remplacer la croix par E, une trottinette T, un piéton P, etc.
C32: Depuis 'Pers-Jussy' | O32: Depuis 'Esery - Méran'
C33: vers 'Esery - Méran' | G33: vers 'Annemasse - Genève' | K33: vers 'Carrefour - Bersat' | O33: vers 'Annemasse - Genève' | S33: vers 'Carrefour - Bersat' | W33: vers 'Pers-Jussy'
C34: H | E34: F | G34: H | I34: F | K34: H | M34: F | O34: H | Q34: F | S34: H | U34: F | W34: H | Y34: F
A35: Heure | B35: Minute | C35: VAE | D35: vélo | E35: VAE | F35: vélo | G35: VAE | H35: vélo | I35: VAE | J35: vélo | K35: VAE | L35: vélo | M35: VAE | N35: vélo | O35: VAE | P35: vélo | Q35: VAE | R35: vélo | S35: VAE | T35: vélo | U35: VAE | V35: vélo | W35: VAE | X35: vélo | Y35: VAE | Z35: vélo
A36: 6 | B36: 30 – 44'59
B37: 45 – 59'59
A38: 7 | B38: 00 – 14'59
B39: 15 – 29'59
B40: 30 – 44'59
B41: 45 – 59'59
A42: 8 | B42: 00 – 14'59
B43: 15 – 29'59
B44: 30 – 44'59
B45: 45 – 59'59
A46: 9 | B46: 00 – 14'59
B47: 15 – 29'59
A49: Lieu : | B49: =B1 -> REIGNIER_Giratoire de l'ancienne gendarmerie | M49: Date : | N49: =N1 -> mardi 31 mai 2022 | AA49: Lieu : | AB49: =B49 -> REIGNIER_Giratoire de l'ancienne gendarmerie | AG49: Date : | AH49: =N49 -> mardi 31 mai 2022
A50: Nom des personnes participant au comptage : | G50: =G26 -> 0 | AA50: Nom des personnes participant au comptage : | AE50: =G50 -> 0
A51: Météo : | C51: =C3 -> 0 | AA51: Météo : | AC51: =C51 -> 0
A52: Remarques : | C52: =C4 -> 0 | AA52: Remarques : | AC52: =C52 -> 0
C56: =C8 -> Depuis 'Annemasse - Genève' | O56: =O8 -> Depuis 'Carrefour - Bersat' | AC56: TOTAL | AD56: Part des VAE dans le total | AE56: Part des femmes dans le total | AF56: Part des VAE chez les femmes | AG56: Part en direction d'Annemasse-Genève | AH56: Remarques
C57: =C9 -> vers 'Carrefour - Bersat' | G57: =G9 -> vers 'Pers-Jussy' | K57: =K9 -> vers 'Esery - Méran' | O57: =O9 -> vers 'Pers-Jussy' | S57: =S9 -> vers 'Esery - Méran' | W57: =W9 -> vers 'Annemasse - Genève'
C58: H | E58: F | G58: H | I58: F | K58: H | M58: F | O58: H | Q58: F | S58: H | U58: F | W58: H | Y58: F
A59: Période | C59: VAE | D59: vélo | E59: VAE | F59: vélo | G59: VAE | H59: vélo | I59: VAE | J59: vélo | K59: VAE | L59: vélo | M59: VAE | N59: vélo | O59: VAE | P59: vélo | Q59: VAE | R59: vélo | S59: VAE | T59: vélo | U59: VAE | V59: vélo | W59: VAE | X59: vélo | Y59: VAE | Z59: vélo | AA59: Période
A60: de 6:30 à 7:30 | C60: =SUM(C12:C15) -> 0 | D60: =SUM(D12:D15) -> 0 | E60: =SUM(E12:E15) -> 0 | F60: =SUM(F12:F15) -> 0 | G60: =SUM(G12:G15) -> 0 | H60: =SUM(H12:H15) -> 0 | I60: =SUM(I12:I15) -> 0 | J60: =SUM(J12:J15) -> 0 | ... Z60: =SUM(Z12:Z15) -> 0 | AA60: de 6:30 à 7:30 | AC60: =SUM(C60:Z60)+SUM(C72:Z72) -> 0 | AD60: =IF(AC60=0,0,AD72/AC60) -> 0 | AE60: =IF(AC60=0,0,AE72/AC60) -> 0 | AF60: =IF(AE72=0,0,AF72/AE72) -> 0 | AG60: =IF(AC60=0,0,AG72/AC60) -> 0
A61: de 7:00 à 8:00 | C61: =SUM(C14:C17) -> 0 | D61: =SUM(D14:D17) -> 0 | E61: =SUM(E14:E17) -> 0 | F61: =SUM(F14:F17) -> 0 | G61: =SUM(G14:G17) -> 0 | H61: =SUM(H14:H17) -> 0 | I61: =SUM(I14:I17) -> 0 | J61: =SUM(J14:J17) -> 0 | ... Z61: =SUM(Z14:Z17) -> 0 | AA61: de 7:00 à 8:00 | AC61: =SUM(C61:Z61)+SUM(C73:Z73) -> 0 | AD61: =IF(AC61=0,0,AD73/AC61) -> 0 | AE61: =IF(AC61=0,0,AE73/AC61) -> 0 | AF61: =IF(AE73=0,0,AF73/AE73) -> 0 | AG61: =IF(AC61=0,0,AG73/AC61) -> 0
A62: de 7:30 à 8:30 | C62: =SUM(C16:C19) -> 0 | D62: =SUM(D16:D19) -> 0 | E62: =SUM(E16:E19) -> 0 | F62: =SUM(F16:F19) -> 0 | G62: =SUM(G16:G19) -> 0 | H62: =SUM(H16:H19) -> 0 | I62: =SUM(I16:I19) -> 0 | J62: =SUM(J16:J19) -> 0 | ... Z62: =SUM(Z16:Z19) -> 0 | AA62: de 7:30 à 8:30 | AC62: =SUM(C62:Z62)+SUM(C74:Z74) -> 0 | AD62: =IF(AC62=0,0,AD74/AC62) -> 0 | AE62: =IF(AC62=0,0,AE74/AC62) -> 0 | AF62: =IF(AE74=0,0,AF74/AE74) -> 0 | AG62: =IF(AC62=0,0,AG74/AC62) -> 0
A63: de 8:00 à 9:00 | C63: =SUM(C18:C21) -> 0 | D63: =SUM(D18:D21) -> 0 | E63: =SUM(E18:E21) -> 0 | F63: =SUM(F18:F21) -> 0 | G63: =SUM(G18:G21) -> 0 | H63: =SUM(H18:H21) -> 0 | I63: =SUM(I18:I21) -> 0 | J63: =SUM(J18:J21) -> 0 | ... Z63: =SUM(Z18:Z21) -> 0 | AA63: de 8:00 à 9:00 | AC63: =SUM(C63:Z63)+SUM(C75:Z75) -> 0 | AD63: =IF(AC63=0,0,AD75/AC63) -> 0 | AE63: =IF(AC63=0,0,AE75/AC63) -> 0 | AF63: =IF(AE75=0,0,AF75/AE75) -> 0 | AG63: =IF(AC63=0,0,AG75/AC63) -> 0
A64: de 8:30 à 9:30 | C64: =SUM(C20:C23) -> 0 | D64: =SUM(D20:D23) -> 0 | E64: =SUM(E20:E23) -> 0 | F64: =SUM(F20:F23) -> 0 | G64: =SUM(G20:G23) -> 0 | H64: =SUM(H20:H23) -> 0 | I64: =SUM(I20:I23) -> 0 | J64: =SUM(J20:J23) -> 0 | ... Z64: =SUM(Z20:Z23) -> 0 | AA64: de 8:30 à 9:30 | AC64: =SUM(C64:Z64)+SUM(C76:Z76) -> 0 | AD64: =IF(AC64=0,0,AD76/AC64) -> 0 | AE64: =IF(AC64=0,0,AE76/AC64) -> 0 | AF64: =IF(AE76=0,0,AF76/AE76) -> 0 | AG64: =IF(AC64=0,0,AG76/AC64) -> 0
A65: TOTAL | C65: =SUM(C12:C23) -> 0 | D65: =SUM(D12:D23) -> 0 | E65: =SUM(E12:E23) -> 0 | F65: =SUM(F12:F23) -> 0 | G65: =SUM(G12:G23) -> 0 | H65: =SUM(H12:H23) -> 0 | I65: =SUM(I12:I23) -> 0 | J65: =SUM(J12:J23) -> 0 | ... Z65: =SUM(Z12:Z23) -> 0 | AA65: TOTAL | AC65: =SUM(C65:Z65)+SUM(C77:Z77) -> 0 | AD65: =IF(AC65=0,0,AD77/AC65) -> 0 | AE65: =IF(AC65=0,0,AE77/AC65) -> 0 | AF65: =IF(AE77=0,0,AF77/AE77) -> 0 | AG65: =IF(AC65=0,0,AG77/AC65) -> 0
A66: =IF($AC$60=MAX($AC$60:$AC$64),A60,IF($AC$61=MAX($AC$60:$AC$64),A61,IF($AC$62=MAX($AC$60:$AC$64),A62,IF($AC$63=MAX($AC$60:$AC$64),A63,A64)))) -> de 6:30 à 7:30 | C66: =IF($AC$60=MAX($AC$60:$AC$64),C60,IF($AC$61=MAX($AC$60:$AC$64),C61,IF($AC$62=MAX($AC$60:$AC$64),C62,IF($AC$63=MAX($AC$60:$AC$64),(C63),C64)))) -> 0 | D66: =IF($AC$60=MAX($AC$60:$AC$64),D60,IF($AC$61=MAX($AC$60:$AC$64),D61,IF($AC$62=MAX($AC$60:$AC$64),D62,IF($AC$63=MAX($AC$60:$AC$64),(D63),D64)))) -> 0 | E66: =IF($AC$60=MAX($AC$60:$AC$64),E60,IF($AC$61=MAX($AC$60:$AC$64),E61,IF($AC$62=MAX($AC$60:$AC$64),E62,IF($AC$63=MAX($AC$60:$AC$64),(E63),E64)))) -> 0 | F66: =IF($AC$60=MAX($AC$60:$AC$64),F60,IF($AC$61=MAX($AC$60:$AC$64),F61,IF($AC$62=MAX($AC$60:$AC$64),F62,IF($AC$63=MAX($AC$60:$AC$64),(F63),F64)))) -> 0 | G66: =IF($AC$60=MAX($AC$60:$AC$64),G60,IF($AC$61=MAX($AC$60:$AC$64),G61,IF($AC$62=MAX($AC$60:$AC$64),G62,IF($AC$63=MAX($AC$60:$AC$64),(G63),G64)))) -> 0 | H66: =IF($AC$60=MAX($AC$60:$AC$64),H60,IF($AC$61=MAX($AC$60:$AC$64),H61,IF($AC$62=MAX($AC$60:$AC$64),H62,IF($AC$63=MAX($AC$60:$AC$64),(H63),H64)))) -> 0 | I66: =IF($AC$60=MAX($AC$60:$AC$64),I60,IF($AC$61=MAX($AC$60:$AC$64),I61,IF($AC$62=MAX($AC$60:$AC$64),I62,IF($AC$63=MAX($AC$60:$AC$64),(I63),I64)))) -> 0 | J66: =IF($AC$60=MAX($AC$60:$AC$64),J60,IF($AC$61=MAX($AC$60:$AC$64),J61,IF($AC$62=MAX($AC$60:$AC$64),J62,IF($AC$63=MAX($AC$60:$AC$64),(J63),J64)))) -> 0 | ... Z66: =IF($AC$60=MAX($AC$60:$AC$64),Z60,IF($AC$61=MAX($AC$60:$AC$64),Z61,IF($AC$62=MAX($AC$60:$AC$64),Z62,IF($AC$63=MAX($AC$60:$AC$64),(Z63),Z64)))) -> 0 | AA66: =IF($AC$60=MAX($AC$60:$AC$64),A60,IF($AC$61=MAX($AC$60:$AC$64),A61,IF($AC$62=MAX($AC$60:$AC$64),A62,IF($AC$63=MAX($AC$60:$AC$64),A63,A64)))) -> de 6:30 à 7:30 | AC66: =IF($AC$60=MAX($AC$60:$AC$64),AC60,IF($AC$61=MAX($AC$60:$AC$64),AC61,IF($AC$62=MAX($AC$60:$AC$64),AC62,IF($AC$63=MAX($AC$60:$AC$64),(AC63),AC64)))) -> 0 | AD66: =IF(AC66=0,0,AD78/AC66) -> 0 | AE66: =IF(AC66=0,0,AE78/AC66) -> 0 | AF66: =IF(AE78=0,0,AF78/AE78) -> 0 | AG66: =IF(AC66=0,0,AG78/AC66) -> 0
C68: =C32 -> Depuis 'Pers-Jussy' | O68: =O32 -> Depuis 'Esery - Méran' | AD68: Nombre de VAE dans le total | AE68: Nombre de femmes dans le total | AF68: Nombre de VAE chez les femmes | AG68: Cycles en direction d'Annemasse-Genève
C69: =C33 -> vers 'Esery - Méran' | G69: =G33 -> vers 'Annemasse - Genève' | K69: =K33 -> vers 'Carrefour - Bersat' | O69: =O33 -> vers 'Annemasse - Genève' | S69: =S33 -> vers 'Carrefour - Bersat' | W69: =W33 -> vers 'Pers-Jussy'
C70: H | E70: F | G70: H | I70: F | K70: H | M70: F | O70: H | Q70: F | S70: H | U70: F | W70: H | Y70: F
A71: Période | C71: VAE | D71: vélo | E71: VAE | F71: vélo | G71: VAE | H71: vélo | I71: VAE | J71: vélo | K71: VAE | L71: vélo | M71: VAE | N71: vélo | O71: VAE | P71: vélo | Q71: VAE | R71: vélo | S71: VAE | T71: vélo | U71: VAE | V71: vélo | W71: VAE | X71: vélo | Y71: VAE | Z71: vélo
A72: de 6:30 à 7:30 | C72: =SUM(C36:C39) -> 0 | D72: =SUM(D36:D39) -> 0 | E72: =SUM(E36:E39) -> 0 | F72: =SUM(F36:F39) -> 0 | G72: =SUM(G36:G39) -> 0 | H72: =SUM(H36:H39) -> 0 | I72: =SUM(I36:I39) -> 0 | J72: =SUM(J36:J39) -> 0 | ... Z72: =SUM(Z36:Z39) -> 0 | AD72: =(C60+E60+G60+I60+K60+M60+O60+Q60+S60+U60+W60+Y60+C72+E72+G72+I72+K72+M72+O72+Q72+S72+U72+W72+Y72) -> 0 | AE72: =(E60+F60+I60+J60+M60+N60+Q60+R60+U60+V60+Y60+Z60+E72+F72+I72+J72+M72+N72+Q72+R72+U72+V72+Y72+Z72) -> 0 | AF72: =(E60+I60+M60+Q60+U60+Y60+E72+I72+M72+Q72+U72+Y72) -> 0 | AG72: =SUM(W60:Z60,C72:F72,W72:Z72) -> 0
A73: de 7:00 à 8:00 | C73: =SUM(C38:C41) -> 0 | D73: =SUM(D38:D41) -> 0 | E73: =SUM(E38:E41) -> 0 | F73: =SUM(F38:F41) -> 0 | G73: =SUM(G38:G41) -> 0 | H73: =SUM(H38:H41) -> 0 | I73: =SUM(I38:I41) -> 0 | J73: =SUM(J38:J41) -> 0 | ... Z73: =SUM(Z38:Z41) -> 0 | AD73: =(C61+E61+G61+I61+K61+M61+O61+Q61+S61+U61+W61+Y61+C73+E73+G73+I73+K73+M73+O73+Q73+S73+U73+W73+Y73) -> 0 | AE73: =(E61+F61+I61+J61+M61+N61+Q61+R61+U61+V61+Y61+Z61+E73+F73+I73+J73+M73+N73+Q73+R73+U73+V73+Y73+Z73) -> 0 | AF73: =(E61+I61+M61+Q61+U61+Y61+E73+I73+M73+Q73+U73+Y73) -> 0 | AG73: =SUM(W61:Z61,C73:F73,W73:Z73) -> 0
A74: de 7:30 à 8:30 | C74: =SUM(C40:C43) -> 0 | D74: =SUM(D40:D43) -> 0 | E74: =SUM(E40:E43) -> 0 | F74: =SUM(F40:F43) -> 0 | G74: =SUM(G40:G43) -> 0 | H74: =SUM(H40:H43) -> 0 | I74: =SUM(I40:I43) -> 0 | J74: =SUM(J40:J43) -> 0 | ... Z74: =SUM(Z40:Z43) -> 0 | AD74: =(C62+E62+G62+I62+K62+M62+O62+Q62+S62+U62+W62+Y62+C74+E74+G74+I74+K74+M74+O74+Q74+S74+U74+W74+Y74) -> 0 | AE74: =(E62+F62+I62+J62+M62+N62+Q62+R62+U62+V62+Y62+Z62+E74+F74+I74+J74+M74+N74+Q74+R74+U74+V74+Y74+Z74) -> 0 | AF74: =(E62+I62+M62+Q62+U62+Y62+E74+I74+M74+Q74+U74+Y74) -> 0 | AG74: =SUM(W62:Z62,C74:F74,W74:Z74) -> 0
A75: de 8:00 à 9:00 | C75: =SUM(C42:C45) -> 0 | D75: =SUM(D42:D45) -> 0 | E75: =SUM(E42:E45) -> 0 | F75: =SUM(F42:F45) -> 0 | G75: =SUM(G42:G45) -> 0 | H75: =SUM(H42:H45) -> 0 | I75: =SUM(I42:I45) -> 0 | J75: =SUM(J42:J45) -> 0 | ... Z75: =SUM(Z42:Z45) -> 0 | AD75: =(C63+E63+G63+I63+K63+M63+O63+Q63+S63+U63+W63+Y63+C75+E75+G75+I75+K75+M75+O75+Q75+S75+U75+W75+Y75) -> 0 | AE75: =(E63+F63+I63+J63+M63+N63+Q63+R63+U63+V63+Y63+Z63+E75+F75+I75+J75+M75+N75+Q75+R75+U75+V75+Y75+Z75) -> 0 | AF75: =(E63+I63+M63+Q63+U63+Y63+E75+I75+M75+Q75+U75+Y75) -> 0 | AG75: =SUM(W63:Z63,C75:F75,W75:Z75) -> 0
A76: de 8:30 à 9:30 | C76: =SUM(C44:C47) -> 0 | D76: =SUM(D44:D47) -> 0 | E76: =SUM(E44:E47) -> 0 | F76: =SUM(F44:F47) -> 0 | G76: =SUM(G44:G47) -> 0 | H76: =SUM(H44:H47) -> 0 | I76: =SUM(I44:I47) -> 0 | J76: =SUM(J44:J47) -> 0 | ... Z76: =SUM(Z44:Z47) -> 0 | AD76: =(C64+E64+G64+I64+K64+M64+O64+Q64+S64+U64+W64+Y64+C76+E76+G76+I76+K76+M76+O76+Q76+S76+U76+W76+Y76) -> 0 | AE76: =(E64+F64+I64+J64+M64+N64+Q64+R64+U64+V64+Y64+Z64+E76+F76+I76+J76+M76+N76+Q76+R76+U76+V76+Y76+Z76) -> 0 | AF76: =(E64+I64+M64+Q64+U64+Y64+E76+I76+M76+Q76+U76+Y76) -> 0 | AG76: =SUM(W64:Z64,C76:F76,W76:Z76) -> 0
A77: TOTAL | C77: =SUM(C36:C47) -> 0 | D77: =SUM(D36:D47) -> 0 | E77: =SUM(E36:E47) -> 0 | F77: =SUM(F36:F47) -> 0 | G77: =SUM(G36:G47) -> 0 | H77: =SUM(H36:H47) -> 0 | I77: =SUM(I36:I47) -> 0 | J77: =SUM(J36:J47) -> 0 | ... Z77: =SUM(Z36:Z47) -> 0 | AD77: =(C65+E65+G65+I65+K65+M65+O65+Q65+S65+U65+W65+Y65+C77+E77+G77+I77+K77+M77+O77+Q77+S77+U77+W77+Y77) -> 0 | AE77: =(E65+F65+I65+J65+M65+N65+Q65+R65+U65+V65+Y65+Z65+E77+F77+I77+J77+M77+N77+Q77+R77+U77+V77+Y77+Z77) -> 0 | AF77: =(E65+I65+M65+Q65+U65+Y65+E77+I77+M77+Q77+U77+Y77) -> 0 | AG77: =SUM(W65:Z65,C77:F77,W77:Z77) -> 0
A78: =IF($AC$60=MAX($AC$60:$AC$64),A72,IF($AC$61=MAX($AC$60:$AC$64),A73,IF($AC$62=MAX($AC$60:$AC$64),A74,IF($AC$63=MAX($AC$60:$AC$64),A75,A76)))) -> de 6:30 à 7:30 | C78: =IF($AC$60=MAX($AC$60:$AC$64),C72,IF($AC$61=MAX($AC$60:$AC$64),C73,IF($AC$62=MAX($AC$60:$AC$64),C74,IF($AC$63=MAX($AC$60:$AC$64),C75,C76)))) -> 0 | D78: =IF($AC$60=MAX($AC$60:$AC$64),D72,IF($AC$61=MAX($AC$60:$AC$64),D73,IF($AC$62=MAX($AC$60:$AC$64),D74,IF($AC$63=MAX($AC$60:$AC$64),D75,D76)))) -> 0 | E78: =IF($AC$60=MAX($AC$60:$AC$64),E72,IF($AC$61=MAX($AC$60:$AC$64),E73,IF($AC$62=MAX($AC$60:$AC$64),E74,IF($AC$63=MAX($AC$60:$AC$64),E75,E76)))) -> 0 | F78: =IF($AC$60=MAX($AC$60:$AC$64),F72,IF($AC$61=MAX($AC$60:$AC$64),F73,IF($AC$62=MAX($AC$60:$AC$64),F74,IF($AC$63=MAX($AC$60:$AC$64),F75,F76)))) -> 0 | G78: =IF($AC$60=MAX($AC$60:$AC$64),G72,IF($AC$61=MAX($AC$60:$AC$64),G73,IF($AC$62=MAX($AC$60:$AC$64),G74,IF($AC$63=MAX($AC$60:$AC$64),G75,G76)))) -> 0 | H78: =IF($AC$60=MAX($AC$60:$AC$64),H72,IF($AC$61=MAX($AC$60:$AC$64),H73,IF($AC$62=MAX($AC$60:$AC$64),H74,IF($AC$63=MAX($AC$60:$AC$64),H75,H76)))) -> 0 | I78: =IF($AC$60=MAX($AC$60:$AC$64),I72,IF($AC$61=MAX($AC$60:$AC$64),I73,IF($AC$62=MAX($AC$60:$AC$64),I74,IF($AC$63=MAX($AC$60:$AC$64),I75,I76)))) -> 0 | J78: =IF($AC$60=MAX($AC$60:$AC$64),J72,IF($AC$61=MAX($AC$60:$AC$64),J73,IF($AC$62=MAX($AC$60:$AC$64),J74,IF($AC$63=MAX($AC$60:$AC$64),J75,J76)))) -> 0 | ... Z78: =IF($AC$60=MAX($AC$60:$AC$64),Z72,IF($AC$61=MAX($AC$60:$AC$64),Z73,IF($AC$62=MAX($AC$60:$AC$64),Z74,IF($AC$63=MAX($AC$60:$AC$64),Z75,Z76)))) -> 0 | AD78: =(C66+E66+G66+I66+K66+M66+O66+Q66+S66+U66+W66+Y66+C78+E78+G78+I78+K78+M78+O78+Q78+S78+U78+W78+Y78) -> 0 | AE78: =(E66+F66+I66+J66+M66+N66+Q66+R66+U66+V66+Y66+Z66+E78+F78+I78+J78+M78+N78+Q78+R78+U78+V78+Y78+Z78) -> 0 | AF78: =(E66+I66+M66+Q66+U66+Y66+E78+I78+M78+Q78+U78+Y78) -> 0 | AG78: =SUM(W66:Z66,C78:F78,W78:Z78) -> 0

Sheet RE_Eglise
A1: Lieu : | B1: REIGNIER_Giratoire des Jonquilles (devant l'église) | M1: Date : | N1: mardi 31 mai 2022
A2: Nom des personnes participant au comptage : | G2: Sylvain BEAUD
A3: Météo :
A4: Remarques :
A5: Méthodologie : | C5: Pour chaque intervalle de temps, marquer une seule croix par personne comptée
C6: Si c'est enfant, remplacer la croix par E, une trottinette T, un piéton P, etc.
C8: Depuis 'Annemasse - Genève' | O8: Depuis 'L'Eculaz'
C9: vers 'Reignier-centre' | G9: vers 'Rue des Ecoles' | K9: vers 'L'Eculaz' | O9: vers 'Reignier-centre' | S9: vers 'Rue des Ecoles' | W9: vers 'Annemasse - Genève'
C10: H | E10: F | G10: H | I10: F | K10: H | M10: F | O10: H | Q10: F | S10: H | U10: F | W10: H | Y10: F
A11: Heure | B11: Minute | C11: VAE | D11: vélo | E11: VAE | F11: vélo | G11: VAE | H11: vélo | I11: VAE | J11: vélo | K11: VAE | L11: vélo | M11: VAE | N11: vélo | O11: VAE | P11: vélo | Q11: VAE | R11: vélo | S11: VAE | T11: vélo | U11: VAE | V11: vélo | W11: VAE | X11: vélo | Y11: VAE | Z11: vélo
A12: 6 | B12: 30 – 44'59
A13: 6 | B13: 45 – 59'59 | R13: 1
A14: 7 | B14: 00 – 14'59
B15: 15 – 29'59 | W15: 1
B16: 30 – 44'59
B17: 45 – 59'59 | V17: 1 | X17: 1
A18: 8 | B18: 00 – 14'59
B19: 15 – 29'59 | P19: 1 | T19: 1
B20: 30 – 44'59 | U20: 1 | V20: 1
B21: 45 – 59'59
A22: 9 | B22: 00 – 14'59
B23: 15 – 29'59
A25: Lieu : | B25: =B1 -> REIGNIER_Giratoire des Jonquilles (devant l'église) | M25: Date : | N25: =N1 -> mardi 31 mai 2022
A26: Nom des personnes participant au comptage : | G26: =G2 -> Sylvain BEAUD
A27: Météo : | C27: =C3 -> 0
A28: Remarques : | C28: =C4 -> 0
A29: =A5 -> Méthodologie : | C29: =C5 -> Pour chaque intervalle de temps, marquer une seule croix par personne comptée
C30: =C6 -> Si c'est enfant, remplacer la croix par E, une trottinette T, un piéton P, etc.
C32: Depuis 'Reignier-centre' | O32: Depuis 'Reignier - Rue des Ecoles'
C33: vers 'Annemasse - Genève' | G33: vers 'Rue des Ecoles' | K33: vers 'L'Eculaz' | O33: vers 'Reignier-centre' | S33: vers 'L'Eculaz' | W33: vers 'Annemasse - Genève'
C34: H | E34: F | G34: H | I34: F | K34: H | M34: F | O34: H | Q34: F | S34: H | U34: F | W34: H | Y34: F
A35: Heure | B35: Minute | C35: VAE | D35: vélo | E35: VAE | F35: vélo | G35: VAE | H35: vélo | I35: VAE | J35: vélo | K35: VAE | L35: vélo | M35: VAE | N35: vélo | O35: VAE | P35: vélo | Q35: VAE | R35: vélo | S35: VAE | T35: vélo | U35: VAE | V35: vélo | W35: VAE | X35: vélo | Y35: VAE | Z35: vélo
A36: 6 | B36: 30 – 44'59
A37: 6 | B37: 45 – 59'59 | J37: 1
A38: 7 | B38: 00 – 14'59 | C38: 1 | D38: 1
B39: 15 – 29'59 | C39: 1 | D39: 1 | H39: 1
B40: 30 – 44'59 | D40: 1 | X40: 1
B41: 45 – 59'59 | H41: 2
A42: 8 | B42: 00 – 14'59 | E42: 1 | H42: 1 | L42: 1 | S42: 1 | T42: 1 | U42: 1
B43: 15 – 29'59 | K43: 1 | M43: 1
B44: 30 – 44'59 | C44: 1 | E44: 1 | T44: 1
B45: 45 – 59'59
A46: 9 | B46: 00 – 14'59
B47: 15 – 29'59
A49: Lieu : | B49: =B1 -> REIGNIER_Giratoire des Jonquilles (devant l'église) | M49: Date : | N49: =N1 -> mardi 31 mai 2022 | AA49: Lieu : | AB49: =B49 -> REIGNIER_Giratoire des Jonquilles (devant l'église) | AG49: Date : | AH49: =N49 -> mardi 31 mai 2022
A50: Nom des personnes participant au comptage : | G50: =G26 -> Sylvain BEAUD | AA50: Nom des personnes participant au comptage : | AE50: =G50 -> Sylvain BEAUD
A51: Météo : | C51: =C3 -> 0 | AA51: Météo : | AC51: =C51 -> 0
A52: Remarques : | C52: =C4 -> 0 | AA52: Remarques : | AC52: =C52 -> 0
C56: =C8 -> Depuis 'Annemasse - Genève' | O56: =O8 -> Depuis 'L'Eculaz' | AC56: TOTAL | AD56: Part des VAE dans le total | AE56: Part des femmes dans le total | AF56: Part des VAE chez les femmes | AG56: Part en direction d'Annemasse-Genève | AH56: Remarques
C57: =C9 -> vers 'Reignier-centre' | G57: =G9 -> vers 'Rue des Ecoles' | K57: =K9 -> vers 'L'Eculaz' | O57: =O9 -> vers 'Reignier-centre' | S57: =S9 -> vers 'Rue des Ecoles' | W57: =W9 -> vers 'Annemasse - Genève'
C58: H | E58: F | G58: H | I58: F | K58: H | M58: F | O58: H | Q58: F | S58: H | U58: F | W58: H | Y58: F
A59: Période | C59: VAE | D59: vélo | E59: VAE | F59: vélo | G59: VAE | H59: vélo | I59: VAE | J59: vélo | K59: VAE | L59: vélo | M59: VAE | N59: vélo | O59: VAE | P59: vélo | Q59: VAE | R59: vélo | S59: VAE | T59: vélo | U59: VAE | V59: vélo | W59: VAE | X59: vélo | Y59: VAE | Z59: vélo | AA59: Période
A60: de 6:30 à 7:30 | C60: =SUM(C12:C15) -> 0 | D60: =SUM(D12:D15) -> 0 | E60: =SUM(E12:E15) -> 0 | F60: =SUM(F12:F15) -> 0 | G60: =SUM(G12:G15) -> 0 | H60: =SUM(H12:H15) -> 0 | I60: =SUM(I12:I15) -> 0 | J60: =SUM(J12:J15) -> 0 | ... Z60: =SUM(Z12:Z15) -> 0 | AA60: de 6:30 à 7:30 | AC60: =SUM(C60:Z60)+SUM(C72:Z72) -> 8 | AD60: =IF(AC60=0,0,AD72/AC60) -> 0.375 | AE60: =IF(AC60=0,0,AE72/AC60) -> 0.25 | AF60: =IF(AE72=0,0,AF72/AE72) -> 0 | AG60: =IF(AC60=0,0,AG72/AC60) -> 0.625
A61: de 7:00 à 8:00 | C61: =SUM(C14:C17) -> 0 | D61: =SUM(D14:D17) -> 0 | E61: =SUM(E14:E17) -> 0 | F61: =SUM(F14:F17) -> 0 | G61: =SUM(G14:G17) -> 0 | H61: =SUM(H14:H17) -> 0 | I61: =SUM(I14:I17) -> 0 | J61: =SUM(J14:J17) -> 0 | ... Z61: =SUM(Z14:Z17) -> 0 | AA61: de 7:00 à 8:00 | AC61: =SUM(C61:Z61)+SUM(C73:Z73) -> 12 | AD61: =IF(AC61=0,0,AD73/AC61) -> 0.25 | AE61: =IF(AC61=0,0,AE73/AC61) -> 0.083333333 | AF61: =IF(AE73=0,0,AF73/AE73) -> 0 | AG61: =IF(AC61=0,0,AG73/AC61) -> 0.66666667
A62: de 7:30 à 8:30 | C62: =SUM(C16:C19) -> 0 | D62: =SUM(D16:D19) -> 0 | E62: =SUM(E16:E19) -> 0 | F62: =SUM(F16:F19) -> 0 | G62: =SUM(G16:G19) -> 0 | H62: =SUM(H16:H19) -> 0 | I62: =SUM(I16:I19) -> 0 | J62: =SUM(J16:J19) -> 0 | ... Z62: =SUM(Z16:Z19) -> 0 | AA62: de 7:30 à 8:30 | AC62: =SUM(C62:Z62)+SUM(C74:Z74) -> 16 | AD62: =IF(AC62=0,0,AD74/AC62) -> 0.3125 | AE62: =IF(AC62=0,0,AE74/AC62) -> 0.25 | AF62: =IF(AE74=0,0,AF74/AE74) -> 0.75 | AG62: =IF(AC62=0,0,AG74/AC62) -> 0.25
A63: de 8:00 à 9:00 | C63: =SUM(C18:C21) -> 0 | D63: =SUM(D18:D21) -> 0 | E63: =SUM(E18:E21) -> 0 | F63: =SUM(F18:F21) -> 0 | G63: =SUM(G18:G21) -> 0 | H63: =SUM(H18:H21) -> 0 | I63: =SUM(I18:I21) -> 0 | J63: =SUM(J18:J21) -> 0 | ... Z63: =SUM(Z18:Z21) -> 0 | AA63: de 8:00 à 9:00 | AC63: =SUM(C63:Z63)+SUM(C75:Z75) -> 15 | AD63: =IF(AC63=0,0,AD75/AC63) -> 0.53333333 | AE63: =IF(AC63=0,0,AE75/AC63) -> 0.4 | AF63: =IF(AE75=0,0,AF75/AE75) -> 0.83333333 | AG63: =IF(AC63=0,0,AG75/AC63) -> 0.2
A64: de 8:30 à 9:30 | C64: =SUM(C20:C23) -> 0 | D64: =SUM(D20:D23) -> 0 | E64: =SUM(E20:E23) -> 0 | F64: =SUM(F20:F23) -> 0 | G64: =SUM(G20:G23) -> 0 | H64: =SUM(H20:H23) -> 0 | I64: =SUM(I20:I23) -> 0 | J64: =SUM(J20:J23) -> 0 | ... Z64: =SUM(Z20:Z23) -> 0 | AA64: de 8:30 à 9:30 | AC64: =SUM(C64:Z64)+SUM(C76:Z76) -> 5 | AD64: =IF(AC64=0,0,AD76/AC64) -> 0.6 | AE64: =IF(AC64=0,0,AE76/AC64) -> 0.6 | AF64: =IF(AE76=0,0,AF76/AE76) -> 0.66666667 | AG64: =IF(AC64=0,0,AG76/AC64) -> 0.4
A65: TOTAL | C65: =SUM(C12:C23) -> 0 | D65: =SUM(D12:D23) -> 0 | E65: =SUM(E12:E23) -> 0 | F65: =SUM(F12:F23) -> 0 | G65: =SUM(G12:G23) -> 0 | H65: =SUM(H12:H23) -> 0 | I65: =SUM(I12:I23) -> 0 | J65: =SUM(J12:J23) -> 0 | ... Z65: =SUM(Z12:Z23) -> 0 | AA65: TOTAL | AC65: =SUM(C65:Z65)+SUM(C77:Z77) -> 29 | AD65: =IF(AC65=0,0,AD77/AC65) -> 0.37931034 | AE65: =IF(AC65=0,0,AE77/AC65) -> 0.31034483 | AF65: =IF(AE77=0,0,AF77/AE77) -> 0.55555556 | AG65: =IF(AC65=0,0,AG77/AC65) -> 0.37931034
A66: =IF($AC$60=MAX($AC$60:$AC$64),A60,IF($AC$61=MAX($AC$60:$AC$64),A61,IF($AC$62=MAX($AC$60:$AC$64),A62,IF($AC$63=MAX($AC$60:$AC$64),A63,A64)))) -> de 7:30 à 8:30 | C66: =IF($AC$60=MAX($AC$60:$AC$64),C60,IF($AC$61=MAX($AC$60:$AC$64),C61,IF($AC$62=MAX($AC$60:$AC$64),C62,IF($AC$63=MAX($AC$60:$AC$64),(C63),C64)))) -> 0 | D66: =IF($AC$60=MAX($AC$60:$AC$64),D60,IF($AC$61=MAX($AC$60:$AC$64),D61,IF($AC$62=MAX($AC$60:$AC$64),D62,IF($AC$63=MAX($AC$60:$AC$64),(D63),D64)))) -> 0 | E66: =IF($AC$60=MAX($AC$60:$AC$64),E60,IF($AC$61=MAX($AC$60:$AC$64),E61,IF($AC$62=MAX($AC$60:$AC$64),E62,IF($AC$63=MAX($AC$60:$AC$64),(E63),E64)))) -> 0 | F66: =IF($AC$60=MAX($AC$60:$AC$64),F60,IF($AC$61=MAX($AC$60:$AC$64),F61,IF($AC$62=MAX($AC$60:$AC$64),F62,IF($AC$63=MAX($AC$60:$AC$64),(F63),F64)))) -> 0 | G66: =IF($AC$60=MAX($AC$60:$AC$64),G60,IF($AC$61=MAX($AC$60:$AC$64),G61,IF($AC$62=MAX($AC$60:$AC$64),G62,IF($AC$63=MAX($AC$60:$AC$64),(G63),G64)))) -> 0 | H66: =IF($AC$60=MAX($AC$60:$AC$64),H60,IF($AC$61=MAX($AC$60:$AC$64),H61,IF($AC$62=MAX($AC$60:$AC$64),H62,IF($AC$63=MAX($AC$60:$AC$64),(H63),H64)))) -> 0 | I66: =IF($AC$60=MAX($AC$60:$AC$64),I60,IF($AC$61=MAX($AC$60:$AC$64),I61,IF($AC$62=MAX($AC$60:$AC$64),I62,IF($AC$63=MAX($AC$60:$AC$64),(I63),I64)))) -> 0 | J66: =IF($AC$60=MAX($AC$60:$AC$64),J60,IF($AC$61=MAX($AC$60:$AC$64),J61,IF($AC$62=MAX($AC$60:$AC$64),J62,IF($AC$63=MAX($AC$60:$AC$64),(J63),J64)))) -> 0 | ... Z66: =IF($AC$60=MAX($AC$60:$AC$64),Z60,IF($AC$61=MAX($AC$60:$AC$64),Z61,IF($AC$62=MAX($AC$60:$AC$64),Z62,IF($AC$63=MAX($AC$60:$AC$64),(Z63),Z64)))) -> 0 | AA66: =IF($AC$60=MAX($AC$60:$AC$64),A60,IF($AC$61=MAX($AC$60:$AC$64),A61,IF($AC$62=MAX($AC$60:$AC$64),A62,IF($AC$63=MAX($AC$60:$AC$64),A63,A64)))) -> de 7:30 à 8:30 | AC66: =IF($AC$60=MAX($AC$60:$AC$64),AC60,IF($AC$61=MAX($AC$60:$AC$64),AC61,IF($AC$62=MAX($AC$60:$AC$64),AC62,IF($AC$63=MAX($AC$60:$AC$64),(AC63),AC64)))) -> 16 | AD66: =IF(AC66=0,0,AD78/AC66) -> 0.3125 | AE66: =IF(AC66=0,0,AE78/AC66) -> 0.25 | AF66: =IF(AE78=0,0,AF78/AE78) -> 0.75 | AG66: =IF(AC66=0,0,AG78/AC66) -> 0.25
C68: =C32 -> Depuis 'Reignier-centre' | O68: =O32 -> Depuis 'Reignier - Rue des Ecoles' | AD68: Nombre de VAE dans le total | AE68: Nombre de femmes dans le total | AF68: Nombre de VAE chez les femmes | AG68: Cycles en direction d'Annemasse-Genève
C69: =C33 -> vers 'Annemasse - Genève' | G69: =G33 -> vers 'Rue des Ecoles' | K69: =K33 -> vers 'L'Eculaz' | O69: =O33 -> vers 'Reignier-centre' | S69: =S33 -> vers 'L'Eculaz' | W69: =W33 -> vers 'Annemasse - Genève'
C70: H | E70: F | G70: H | I70: F | K70: H | M70: F | O70: H | Q70: F | S70: H | U70: F | W70: H | Y70: F
A71: Période | C71: VAE | D71: vélo | E71: VAE | F71: vélo | G71: VAE | H71: vélo | I71: VAE | J71: vélo | K71: VAE | L71: vélo | M71: VAE | N71: vélo | O71: VAE | P71: vélo | Q71: VAE | R71: vélo | S71: VAE | T71: vélo | U71: VAE | V71: vélo | W71: VAE | X71: vélo | Y71: VAE | Z71: vélo
A72: de 6:30 à 7:30 | C72: =SUM(C36:C39) -> 2 | D72: =SUM(D36:D39) -> 2 | E72: =SUM(E36:E39) -> 0 | F72: =SUM(F36:F39) -> 0 | G72: =SUM(G36:G39) -> 0 | H72: =SUM(H36:H39) -> 1 | I72: =SUM(I36:I39) -> 0 | J72: =SUM(J36:J39) -> 1 | ... Z72: =SUM(Z36:Z39) -> 0 | AD72: =(C60+E60+G60+I60+K60+M60+O60+Q60+S60+U60+W60+Y60+C72+E72+G72+I72+K72+M72+O72+Q72+S72+U72+W72+Y72) -> 3 | AE72: =(E60+F60+I60+J60+M60+N60+Q60+R60+U60+V60+Y60+Z60+E72+F72+I72+J72+M72+N72+Q72+R72+U72+V72+Y72+Z72) -> 2 | AF72: =(E60+I60+M60+Q60+U60+Y60+E72+I72+M72+Q72+U72+Y72) -> 0 | AG72: =SUM(W60:Z60,C72:F72,W72:Z72) -> 5
A73: de 7:00 à 8:00 | C73: =SUM(C38:C41) -> 2 | D73: =SUM(D38:D41) -> 3 | E73: =SUM(E38:E41) -> 0 | F73: =SUM(F38:F41) -> 0 | G73: =SUM(G38:G41) -> 0 | H73: =SUM(H38:H41) -> 3 | I73: =SUM(I38:I41) -> 0 | J73: =SUM(J38:J41) -> 0 | ... Z73: =SUM(Z38:Z41) -> 0 | AD73: =(C61+E61+G61+I61+K61+M61+O61+Q61+S61+U61+W61+Y61+C73+E73+G73+I73+K73+M73+O73+Q73+S73+U73+W73+Y73) -> 3 | AE73: =(E61+F61+I61+J61+M61+N61+Q61+R61+U61+V61+Y61+Z61+E73+F73+I73+J73+M73+N73+Q73+R73+U73+V73+Y73+Z73) -> 1 | AF73: =(E61+I61+M61+Q61+U61+Y61+E73+I73+M73+Q73+U73+Y73) -> 0 | AG73: =SUM(W61:Z61,C73:F73,W73:Z73) -> 8
A74: de 7:30 à 8:30 | C74: =SUM(C40:C43) -> 0 | D74: =SUM(D40:D43) -> 1 | E74: =SUM(E40:E43) -> 1 | F74: =SUM(F40:F43) -> 0 | G74: =SUM(G40:G43) -> 0 | H74: =SUM(H40:H43) -> 3 | I74: =SUM(I40:I43) -> 0 | J74: =SUM(J40:J43) -> 0 | ... Z74: =SUM(Z40:Z43) -> 0 | AD74: =(C62+E62+G62+I62+K62+M62+O62+Q62+S62+U62+W62+Y62+C74+E74+G74+I74+K74+M74+O74+Q74+S74+U74+W74+Y74) -> 5 | AE74: =(E62+F62+I62+J62+M62+N62+Q62+R62+U62+V62+Y62+Z62+E74+F74+I74+J74+M74+N74+Q74+R74+U74+V74+Y74+Z74) -> 4 | AF74: =(E62+I62+M62+Q62+U62+Y62+E74+I74+M74+Q74+U74+Y74) -> 3 | AG74: =SUM(W62:Z62,C74:F74,W74:Z74) -> 4
A75: de 8:00 à 9:00 | C75: =SUM(C42:C45) -> 1 | D75: =SUM(D42:D45) -> 0 | E75: =SUM(E42:E45) -> 2 | F75: =SUM(F42:F45) -> 0 | G75: =SUM(G42:G45) -> 0 | H75: =SUM(H42:H45) -> 1 | I75: =SUM(I42:I45) -> 0 | J75: =SUM(J42:J45) -> 0 | ... Z75: =SUM(Z42:Z45) -> 0 | AD75: =(C63+E63+G63+I63+K63+M63+O63+Q63+S63+U63+W63+Y63+C75+E75+G75+I75+K75+M75+O75+Q75+S75+U75+W75+Y75) -> 8 | AE75: =(E63+F63+I63+J63+M63+N63+Q63+R63+U63+V63+Y63+Z63+E75+F75+I75+J75+M75+N75+Q75+R75+U75+V75+Y75+Z75) -> 6 | AF75: =(E63+I63+M63+Q63+U63+Y63+E75+I75+M75+Q75+U75+Y75) -> 5 | AG75: =SUM(W63:Z63,C75:F75,W75:Z75) -> 3
A76: de 8:30 à 9:30 | C76: =SUM(C44:C47) -> 1 | D76: =SUM(D44:D47) -> 0 | E76: =SUM(E44:E47) -> 1 | F76: =SUM(F44:F47) -> 0 | G76: =SUM(G44:G47) -> 0 | H76: =SUM(H44:H47) -> 0 | I76: =SUM(I44:I47) -> 0 | J76: =SUM(J44:J47) -> 0 | ... Z76: =SUM(Z44:Z47) -> 0 | AD76: =(C64+E64+G64+I64+K64+M64+O64+Q64+S64+U64+W64+Y64+C76+E76+G76+I76+K76+M76+O76+Q76+S76+U76+W76+Y76) -> 3 | AE76: =(E64+F64+I64+J64+M64+N64+Q64+R64+U64+V64+Y64+Z64+E76+F76+I76+J76+M76+N76+Q76+R76+U76+V76+Y76+Z76) -> 3 | AF76: =(E64+I64+M64+Q64+U64+Y64+E76+I76+M76+Q76+U76+Y76) -> 2 | AG76: =SUM(W64:Z64,C76:F76,W76:Z76) -> 2
A77: TOTAL | C77: =SUM(C36:C47) -> 3 | D77: =SUM(D36:D47) -> 3 | E77: =SUM(E36:E47) -> 2 | F77: =SUM(F36:F47) -> 0 | G77: =SUM(G36:G47) -> 0 | H77: =SUM(H36:H47) -> 4 | I77: =SUM(I36:I47) -> 0 | J77: =SUM(J36:J47) -> 1 | ... Z77: =SUM(Z36:Z47) -> 0 | AD77: =(C65+E65+G65+I65+K65+M65+O65+Q65+S65+U65+W65+Y65+C77+E77+G77+I77+K77+M77+O77+Q77+S77+U77+W77+Y77) -> 11 | AE77: =(E65+F65+I65+J65+M65+N65+Q65+R65+U65+V65+Y65+Z65+E77+F77+I77+J77+M77+N77+Q77+R77+U77+V77+Y77+Z77) -> 9 | AF77: =(E65+I65+M65+Q65+U65+Y65+E77+I77+M77+Q77+U77+Y77) -> 5 | AG77: =SUM(W65:Z65,C77:F77,W77:Z77) -> 11
A78: =IF($AC$60=MAX($AC$60:$AC$64),A72,IF($AC$61=MAX($AC$60:$AC$64),A73,IF($AC$62=MAX($AC$60:$AC$64),A74,IF($AC$63=MAX($AC$60:$AC$64),A75,A76)))) -> de 7:30 à 8:30 | C78: =IF($AC$60=MAX($AC$60:$AC$64),C72,IF($AC$61=MAX($AC$60:$AC$64),C73,IF($AC$62=MAX($AC$60:$AC$64),C74,IF($AC$63=MAX($AC$60:$AC$64),C75,C76)))) -> 0 | D78: =IF($AC$60=MAX($AC$60:$AC$64),D72,IF($AC$61=MAX($AC$60:$AC$64),D73,IF($AC$62=MAX($AC$60:$AC$64),D74,IF($AC$63=MAX($AC$60:$AC$64),D75,D76)))) -> 1 | E78: =IF($AC$60=MAX($AC$60:$AC$64),E72,IF($AC$61=MAX($AC$60:$AC$64),E73,IF($AC$62=MAX($AC$60:$AC$64),E74,IF($AC$63=MAX($AC$60:$AC$64),E75,E76)))) -> 1 | F78: =IF($AC$60=MAX($AC$60:$AC$64),F72,IF($AC$61=MAX($AC$60:$AC$64),F73,IF($AC$62=MAX($AC$60:$AC$64),F74,IF($AC$63=MAX($AC$60:$AC$64),F75,F76)))) -> 0 | G78: =IF($AC$60=MAX($AC$60:$AC$64),G72,IF($AC$61=MAX($AC$60:$AC$64),G73,IF($AC$62=MAX($AC$60:$AC$64),G74,IF($AC$63=MAX($AC$60:$AC$64),G75,G76)))) -> 0 | H78: =IF($AC$60=MAX($AC$60:$AC$64),H72,IF($AC$61=MAX($AC$60:$AC$64),H73,IF($AC$62=MAX($AC$60:$AC$64),H74,IF($AC$63=MAX($AC$60:$AC$64),H75,H76)))) -> 3 | I78: =IF($AC$60=MAX($AC$60:$AC$64),I72,IF($AC$61=MAX($AC$60:$AC$64),I73,IF($AC$62=MAX($AC$60:$AC$64),I74,IF($AC$63=MAX($AC$60:$AC$64),I75,I76)))) -> 0 | J78: =IF($AC$60=MAX($AC$60:$AC$64),J72,IF($AC$61=MAX($AC$60:$AC$64),J73,IF($AC$62=MAX($AC$60:$AC$64),J74,IF($AC$63=MAX($AC$60:$AC$64),J75,J76)))) -> 0 | ... Z78: =IF($AC$60=MAX($AC$60:$AC$64),Z72,IF($AC$61=MAX($AC$60:$AC$64),Z73,IF($AC$62=MAX($AC$60:$AC$64),Z74,IF($AC$63=MAX($AC$60:$AC$64),Z75,Z76)))) -> 0 | AD78: =(C66+E66+G66+I66+K66+M66+O66+Q66+S66+U66+W66+Y66+C78+E78+G78+I78+K78+M78+O78+Q78+S78+U78+W78+Y78) -> 5 | AE78: =(E66+F66+I66+J66+M66+N66+Q66+R66+U66+V66+Y66+Z66+E78+F78+I78+J78+M78+N78+Q78+R78+U78+V78+Y78+Z78) -> 4 | AF78: =(E66+I66+M66+Q66+U66+Y66+E78+I78+M78+Q78+U78+Y78) -> 3 | AG78: =SUM(W66:Z66,C78:F78,W78:Z78) -> 4

Sheet RE_Foron
A1: Lieu : | B1: REIGNIER BAS_Giratoire D2 / D202 (vers le Foron) | M1: Date : | N1: mardi 31 mai 2022
A2: Nom des personnes participant au comptage : | G2: Joël MIGNON
A3: Météo :
A4: Remarques :
A5: Méthodologie : | C5: Pour chaque intervalle de temps, marquer une seule croix par personne comptée
C6: Si c'est enfant, remplacer la croix par E, une trottinette T, un piéton P, etc.
C8: Depuis 'Arthaz' | K8: Depuis 'Annemasse' | S8: Depuis 'Reignier'
C9: vers 'Reignier' | G9: vers 'Annemasse' | K9: vers 'Reignier' | O9: vers 'Arthaz' | S9: vers 'Arthaz' | W9: vers 'Annemasse'
C10: H | E10: F | G10: H | I10: F | K10: H | M10: F | O10: H | Q10: F | S10: H | U10: F | W10: H | Y10: F
A11: Heure | B11: Minute | C11: VAE | D11: vélo | E11: VAE | F11: vélo | G11: VAE | H11: vélo | I11: VAE | J11: vélo | K11: VAE | L11: vélo | M11: VAE | N11: vélo | O11: VAE | P11: vélo | Q11: VAE | R11: vélo | S11: VAE | T11: vélo | U11: VAE | V11: vélo | W11: VAE | X11: vélo | Y11: VAE | Z11: vélo
A12: 6 | B12: 30 – 44'59 | D12: 1 | X12: 2
B13: 45 – 59'59 | X13: 1
A14: 7 | B14: 00 – 14'59 | T14: 1 | W14: 1
B15: 15 – 29'59 | T15: 1 | X15: 2
B16: 30 – 44'59 | X16: 2
B17: 45 – 59'59 | Y17: 1
A18: 8 | B18: 00 – 14'59 | T18: 1
B19: 15 – 29'59 | P19: 1 | W19: 2 | Y19: 1
B20: 30 – 44'59 | Y20: 1
B21: 45 – 59'59
A22: 9 | B22: 00 – 14'59
B23: 15 – 29'59
A25: Lieu : | B25: =B1 -> REIGNIER BAS_Giratoire D2 / D202 (vers le Foron) | M25: Date : | N25: =N1 -> mardi 31 mai 2022 | AA25: Lieu : | AB25: =B25 -> REIGNIER BAS_Giratoire D2 / D202 (vers le Foron) | AG25: Date : | AH25: =N25 -> mardi 31 mai 2022
A26: Nom des personnes participant au comptage : | G26: =G2 -> Joël MIGNON | AA26: Nom des personnes participant au comptage : | AE26: =G26 -> Joël MIGNON
A27: Météo : | C27: =C3 -> 0 | AA27: Météo : | AC27: =C27 -> 0
A28: Remarques : | C28: =C4 -> 0 | AA28: Remarques : | AC28: =C28 -> 0
C32: =C8 -> Depuis 'Arthaz' | K32: =K8 -> Depuis 'Annemasse' | S32: =S8 -> Depuis 'Reignier' | AC32: TOTAL | AD32: Part des VAE dans le total | AE32: Part des femmes dans le total | AF32: Part des VAE chez les femmes | AG32: Part en direction d'Annemasse-Genève | AH32: Cycles en provenance de Reignier | AI32: Cycles venant du giratoire des Jonquilles | AJ32: Différence de cycles entre ces deux carrefour : >> descendus au chemin raide sous le cimetière, >> parti en vélo depuis le parking du cimetière ?
C33: =C9 -> vers 'Reignier' | G33: =G9 -> vers 'Annemasse' | K33: =K9 -> vers 'Reignier' | O33: =O9 -> vers 'Arthaz' | S33: =S9 -> vers 'Arthaz' | W33: =W9 -> vers 'Annemasse'
C34: H | E34: F | G34: H | I34: F | K34: H | M34: F | O34: H | Q34: F | S34: H | U34: F | W34: H | Y34: F
A35: Période | C35: VAE | D35: vélo | E35: VAE | F35: vélo | G35: VAE | H35: vélo | I35: VAE | J35: vélo | K35: VAE | L35: vélo | M35: VAE | N35: vélo | O35: VAE | P35: vélo | Q35: VAE | R35: vélo | S35: VAE | T35: vélo | U35: VAE | V35: vélo | W35: VAE | X35: vélo | Y35: VAE | Z35: vélo | AA35: Période
A36: de 6:30 à 7:30 | C36: =SUM(C12:C15) -> 0 | D36: =SUM(D12:D15) -> 1 | E36: =SUM(E12:E15) -> 0 | F36: =SUM(F12:F15) -> 0 | G36: =SUM(G12:G15) -> 0 | H36: =SUM(H12:H15) -> 0 | I36: =SUM(I12:I15) -> 0 | J36: =SUM(J12:J15) -> 0 | ... Z36: =SUM(Z12:Z15) -> 0 | AA36: de 6:30 à 7:30 | AC36: =SUM(C36:Z36) -> 9 | AD36: =IF(AC36=0,0,AD48/AC36) -> 0.11111111 | AE36: =IF(AC36=0,0,AE48/AC36) -> 0 | AF36: =IF(AE48=0,0,AF48/AE48) -> 0 | AG36: =IF(AC36=0,0,AG48/AC36) -> 0.66666667 | AH36: =SUM(S36:Z36) -> 8 | AI36: =RE_Eglise!AG72 -> 5 | AJ36: =AI36-AH36 -> -3
A37: de 7:00 à 8:00 | C37: =SUM(C14:C17) -> 0 | D37: =SUM(D14:D17) -> 0 | E37: =SUM(E14:E17) -> 0 | F37: =SUM(F14:F17) -> 0 | G37: =SUM(G14:G17) -> 0 | H37: =SUM(H14:H17) -> 0 | I37: =SUM(I14:I17) -> 0 | J37: =SUM(J14:J17) -> 0 | ... Z37: =SUM(Z14:Z17) -> 0 | AA37: de 7:00 à 8:00 | AC37: =SUM(C37:Z37) -> 8 | AD37: =IF(AC37=0,0,AD49/AC37) -> 0.25 | AE37: =IF(AC37=0,0,AE49/AC37) -> 0.125 | AF37: =IF(AE49=0,0,AF49/AE49) -> 1 | AG37: =IF(AC37=0,0,AG49/AC37) -> 0.75 | AH37: =SUM(S37:Z37) -> 8 | AI37: =RE_Eglise!AG73 -> 8 | AJ37: =AI37-AH37 -> 0
A38: de 7:30 à 8:30 | C38: =SUM(C16:C19) -> 0 | D38: =SUM(D16:D19) -> 0 | E38: =SUM(E16:E19) -> 0 | F38: =SUM(F16:F19) -> 0 | G38: =SUM(G16:G19) -> 0 | H38: =SUM(H16:H19) -> 0 | I38: =SUM(I16:I19) -> 0 | J38: =SUM(J16:J19) -> 0 | ... Z38: =SUM(Z16:Z19) -> 0 | AA38: de 7:30 à 8:30 | AC38: =SUM(C38:Z38) -> 8 | AD38: =IF(AC38=0,0,AD50/AC38) -> 0.5 | AE38: =IF(AC38=0,0,AE50/AC38) -> 0.25 | AF38: =IF(AE50=0,0,AF50/AE50) -> 1 | AG38: =IF(AC38=0,0,AG50/AC38) -> 0.75 | AH38: =SUM(S38:Z38) -> 7 | AI38: =RE_Eglise!AG74 -> 4 | AJ38: =AI38-AH38 -> -3
A39: de 8:00 à 9:00 | C39: =SUM(C18:C21) -> 0 | D39: =SUM(D18:D21) -> 0 | E39: =SUM(E18:E21) -> 0 | F39: =SUM(F18:F21) -> 0 | G39: =SUM(G18:G21) -> 0 | H39: =SUM(H18:H21) -> 0 | I39: =SUM(I18:I21) -> 0 | J39: =SUM(J18:J21) -> 0 | ... Z39: =SUM(Z18:Z21) -> 0 | AA39: de 8:00 à 9:00 | AC39: =SUM(C39:Z39) -> 6 | AD39: =IF(AC39=0,0,AD51/AC39) -> 0.66666667 | AE39: =IF(AC39=0,0,AE51/AC39) -> 0.33333333 | AF39: =IF(AE51=0,0,AF51/AE51) -> 1 | AG39: =IF(AC39=0,0,AG51/AC39) -> 0.66666667 | AH39: =SUM(S39:Z39) -> 5 | AI39: =RE_Eglise!AG75 -> 3 | AJ39: =AI39-AH39 -> -2
A40: de 8:30 à 9:30 | C40: =SUM(C20:C23) -> 0 | D40: =SUM(D20:D23) -> 0 | E40: =SUM(E20:E23) -> 0 | F40: =SUM(F20:F23) -> 0 | G40: =SUM(G20:G23) -> 0 | H40: =SUM(H20:H23) -> 0 | I40: =SUM(I20:I23) -> 0 | J40: =SUM(J20:J23) -> 0 | ... Z40: =SUM(Z20:Z23) -> 0 | AA40: de 8:30 à 9:30 | AC40: =SUM(C40:Z40) -> 1 | AD40: =IF(AC40=0,0,AD52/AC40) -> 1 | AE40: =IF(AC40=0,0,AE52/AC40) -> 1 | AF40: =IF(AE52=0,0,AF52/AE52) -> 1 | AG40: =IF(AC40=0,0,AG52/AC40) -> 1 | AH40: =SUM(S40:Z40) -> 1 | AI40: =RE_Eglise!AG76 -> 2 | AJ40: =AI40-AH40 -> 1
A41: TOTAL | C41: =SUM(C12:C23) -> 0 | D41: =SUM(D12:D23) -> 1 | E41: =SUM(E12:E23) -> 0 | F41: =SUM(F12:F23) -> 0 | G41: =SUM(G12:G23) -> 0 | H41: =SUM(H12:H23) -> 0 | I41: =SUM(I12:I23) -> 0 | J41: =SUM(J12:J23) -> 0 | ... Z41: =SUM(Z12:Z23) -> 0 | AA41: TOTAL | AC41: =SUM(C41:Z41) -> 18 | AD41: =IF(AC41=0,0,AD53/AC41) -> 0.33333333 | AE41: =IF(AC41=0,0,AE53/AC41) -> 0.16666667 | AF41: =IF(AE53=0,0,AF53/AE53) -> 1 | AG41: =IF(AC41=0,0,AG53/AC41) -> 0.72222222 | AH41: =SUM(S41:Z41) -> 16 | AI41: =RE_Eglise!AG77 -> 11 | AJ41: =AI41-AH41 -> -5
A42: =IF($AC$36=MAX($AC$36:$AC$40),A36,IF($AC$37=MAX($AC$36:$AC$40),A37,IF($AC$38=MAX($AC$36:$AC$40),A38,IF($AC$39=MAX($AC$36:$AC$40),A39,A40)))) -> de 6:30 à 7:30 | C42: =IF($AC$36=MAX($AC$36:$AC$40),C36,IF($AC$37=MAX($AC$36:$AC$40),C37,IF($AC$38=MAX($AC$36:$AC$40),C38,IF($AC$39=MAX($AC$36:$AC$40),C39,C40)))) -> 0 | D42: =IF($AC$36=MAX($AC$36:$AC$40),D36,IF($AC$37=MAX($AC$36:$AC$40),D37,IF($AC$38=MAX($AC$36:$AC$40),D38,IF($AC$39=MAX($AC$36:$AC$40),D39,D40)))) -> 1 | E42: =IF($AC$36=MAX($AC$36:$AC$40),E36,IF($AC$37=MAX($AC$36:$AC$40),E37,IF($AC$38=MAX($AC$36:$AC$40),E38,IF($AC$39=MAX($AC$36:$AC$40),E39,E40)))) -> 0 | F42: =IF($AC$36=MAX($AC$36:$AC$40),F36,IF($AC$37=MAX($AC$36:$AC$40),F37,IF($AC$38=MAX($AC$36:$AC$40),F38,IF($AC$39=MAX($AC$36:$AC$40),F39,F40)))) -> 0 | G42: =IF($AC$36=MAX($AC$36:$AC$40),G36,IF($AC$37=MAX($AC$36:$AC$40),G37,IF($AC$38=MAX($AC$36:$AC$40),G38,IF($AC$39=MAX($AC$36:$AC$40),G39,G40)))) -> 0 | H42: =IF($AC$36=MAX($AC$36:$AC$40),H36,IF($AC$37=MAX($AC$36:$AC$40),H37,IF($AC$38=MAX($AC$36:$AC$40),H38,IF($AC$39=MAX($AC$36:$AC$40),H39,H40)))) -> 0 | I42: =IF($AC$36=MAX($AC$36:$AC$40),I36,IF($AC$37=MAX($AC$36:$AC$40),I37,IF($AC$38=MAX($AC$36:$AC$40),I38,IF($AC$39=MAX($AC$36:$AC$40),I39,I40)))) -> 0 | J42: =IF($AC$36=MAX($AC$36:$AC$40),J36,IF($AC$37=MAX($AC$36:$AC$40),J37,IF($AC$38=MAX($AC$36:$AC$40),J38,IF($AC$39=MAX($AC$36:$AC$40),J39,J40)))) -> 0 | ... Z42: =IF($AC$36=MAX($AC$36:$AC$40),Z36,IF($AC$37=MAX($AC$36:$AC$40),Z37,IF($AC$38=MAX($AC$36:$AC$40),Z38,IF($AC$39=MAX($AC$36:$AC$40),Z39,Z40)))) -> 0 | AA42: =A42 -> de 6:30 à 7:30 | AC42: =SUM(C42:Z42) -> 9 | AD42: =IF(AC42=0,0,AD54/AC42) -> 0.11111111 | AE42: =IF(AC42=0,0,AE54/AC42) -> 0 | AF42: =IF(AE54=0,0,AF54/AE54) -> 0 | AG42: =IF(AC42=0,0,AG54/AC42) -> 0.66666667 | AH42: =SUM(S42:Z42) -> 8 | AI42: =RE_Eglise!AG78 -> 4 | AJ42: =AI42-AH42 -> -4
AD44: Nombre de VAE dans le total | AE44: Nombre de femmes dans le total | AF44: Nombre de VAE chez les femmes | AG44: Cycles en direction d'Annemasse-Genève
AD48: =(C36+E36+G36+I36+K36+M36+O36+Q36+S36+U36+W36+Y36) -> 1 | AE48: =(E36+F36+I36+J36+M36+N36+Q36+R36+U36+V36+Y36+Z36) -> 0 | AF48: =(E36+I36+M36+Q36+U36+Y36) -> 0 | AG48: =SUM(G36:J36,W36:Z36) -> 6
AD49: =(C37+E37+G37+I37+K37+M37+O37+Q37+S37+U37+W37+Y37) -> 2 | AE49: =(E37+F37+I37+J37+M37+N37+Q37+R37+U37+V37+Y37+Z37) -> 1 | AF49: =(E37+I37+M37+Q37+U37+Y37) -> 1 | AG49: =SUM(G37:J37,W37:Z37) -> 6
AD50: =(C38+E38+G38+I38+K38+M38+O38+Q38+S38+U38+W38+Y38) -> 4 | AE50: =(E38+F38+I38+J38+M38+N38+Q38+R38+U38+V38+Y38+Z38) -> 2 | AF50: =(E38+I38+M38+Q38+U38+Y38) -> 2 | AG50: =SUM(G38:J38,W38:Z38) -> 6
AD51: =(C39+E39+G39+I39+K39+M39+O39+Q39+S39+U39+W39+Y39) -> 4 | AE51: =(E39+F39+I39+J39+M39+N39+Q39+R39+U39+V39+Y39+Z39) -> 2 | AF51: =(E39+I39+M39+Q39+U39+Y39) -> 2 | AG51: =SUM(G39:J39,W39:Z39) -> 4
AD52: =(C40+E40+G40+I40+K40+M40+O40+Q40+S40+U40+W40+Y40) -> 1 | AE52: =(E40+F40+I40+J40+M40+N40+Q40+R40+U40+V40+Y40+Z40) -> 1 | AF52: =(E40+I40+M40+Q40+U40+Y40) -> 1 | AG52: =SUM(G40:J40,W40:Z40) -> 1
AD53: =(C41+E41+G41+I41+K41+M41+O41+Q41+S41+U41+W41+Y41) -> 6 | AE53: =(E41+F41+I41+J41+M41+N41+Q41+R41+U41+V41+Y41+Z41) -> 3 | AF53: =(E41+I41+M41+Q41+U41+Y41) -> 3 | AG53: =SUM(G41:J41,W41:Z41) -> 13
AD54: =(C42+E42+G42+I42+K42+M42+O42+Q42+S42+U42+W42+Y42) -> 1 | AE54: =(E42+F42+I42+J42+M42+N42+Q42+R42+U42+V42+Y42+Z42) -> 0 | AF54: =(E42+I42+M42+Q42+U42+Y42) -> 0 | AG54: =SUM(G42:J42,W42:Z42) -> 6

Sheet RE_La Forge (gir.)
A1: Lieu : | B1: REIGNIER_Giratoire de la Forge (en-dessous du Fil des Saisons) | M1: Date : | N1: mardi 31 mai 2022
A2: Nom des personnes participant au comptage :
A3: Météo :
A4: Remarques :
A5: Méthodologie : | C5: Pour chaque intervalle de temps, marquer une seule croix par personne comptée
C6: Si c'est enfant, remplacer la croix par E, une trottinette T, un piéton P, etc.
C8: Depuis 'Esery' | K8: Depuis 'Reignier' | S8: Depuis 'Annemasse'
C9: vers 'Reignier' | G9: vers 'Annemasse' | K9: vers 'Esery' | O9: vers 'Annemasse' | S9: vers 'Reignier' | W9: vers 'Esery'
C10: H | E10: F | G10: H | I10: F | K10: H | M10: F | O10: H | Q10: F | S10: H | U10: F | W10: H | Y10: F
A11: Heure | B11: Minute | C11: VAE | D11: vélo | E11: VAE | F11: vélo | G11: VAE | H11: vélo | I11: VAE | J11: vélo | K11: VAE | L11: vélo | M11: VAE | N11: vélo | O11: VAE | P11: vélo | Q11: VAE | R11: vélo | S11: VAE | T11: vélo | U11: VAE | V11: vélo | W11: VAE | X11: vélo | Y11: VAE | Z11: vélo
A12: 6 | B12: 30 – 44'59
B13: 45 – 59'59
A14: 7 | B14: 00 – 14'59
B15: 15 – 29'59
B16: 30 – 44'59
B17: 45 – 59'59
A18: 8 | B18: 00 – 14'59
B19: 15 – 29'59
B20: 30 – 44'59
B21: 45 – 59'59
A22: 9 | B22: 00 – 14'59
B23: 15 – 29'59
A25: Lieu : | B25: =B1 -> REIGNIER_Giratoire de la Forge (en-dessous du Fil des Saisons) | M25: Date : | N25: =N1 -> mardi 31 mai 2022 | AA25: Lieu : | AB25: =B25 -> REIGNIER_Giratoire de la Forge (en-dessous du Fil des Saisons) | AH25: Date : | AI25: =N25 -> mardi 31 mai 2022
A26: Nom des personnes participant au comptage : | G26: =G2 -> 0 | AA26: Nom des personnes participant au comptage : | AE26: =G26 -> 0
A27: Météo : | C27: =C3 -> 0 | AA27: Météo : | AC27: =C27 -> 0
A28: Remarques : | C28: =C4 -> 0 | AA28: Remarques : | AC28: =C28 -> 0
C32: =C8 -> Depuis 'Esery' | K32: =K8 -> Depuis 'Reignier' | S32: =S8 -> Depuis 'Annemasse' | AC32: TOTAL | AD32: Part des VAE dans le total | AE32: Part des femmes dans le total | AF32: Part des VAE chez les femmes | AG32: Part en direction d'Annemasse-Genève | AH32: Part en provenance de Reignier | AI32: Part en provenance d'Esery | AJ32: Remarques
C33: =C9 -> vers 'Reignier' | G33: =G9 -> vers 'Annemasse' | K33: =K9 -> vers 'Esery' | O33: =O9 -> vers 'Annemasse' | S33: =S9 -> vers 'Reignier' | W33: =W9 -> vers 'Esery'
C34: H | E34: F | G34: H | I34: F | K34: H | M34: F | O34: H | Q34: F | S34: H | U34: F | W34: H | Y34: F
A35: Période | C35: VAE | D35: vélo | E35: VAE | F35: vélo | G35: VAE | H35: vélo | I35: VAE | J35: vélo | K35: VAE | L35: vélo | M35: VAE | N35: vélo | O35: VAE | P35: vélo | Q35: VAE | R35: vélo | S35: VAE | T35: vélo | U35: VAE | V35: vélo | W35: VAE | X35: vélo | Y35: VAE | Z35: vélo | AA35: Période
A36: de 6:30 à 7:30 | C36: =SUM(C12:C15) -> 0 | D36: =SUM(D12:D15) -> 0 | E36: =SUM(E12:E15) -> 0 | F36: =SUM(F12:F15) -> 0 | G36: =SUM(G12:G15) -> 0 | H36: =SUM(H12:H15) -> 0 | I36: =SUM(I12:I15) -> 0 | J36: =SUM(J12:J15) -> 0 | ... Z36: =SUM(Z12:Z15) -> 0 | AA36: de 6:30 à 7:30 | AC36: =SUM(C36:Z36) -> 0 | AD36: =IF(AC36=0,0,AD48/AC36) -> 0 | AE36: =IF(AC36=0,0,AE48/AC36) -> 0 | AF36: =IF(AE48=0,0,AF48/AE48) -> 0 | AG36: =IF(AC36=0,0,AG48/AC36) -> 0 | AH36: =IF(AC36=0,0,AH48/AC36) -> 0 | AI36: =IF(AC36=0,0,AI48/AC36) -> 0
A37: de 7:00 à 8:00 | C37: =SUM(C14:C17) -> 0 | D37: =SUM(D14:D17) -> 0 | E37: =SUM(E14:E17) -> 0 | F37: =SUM(F14:F17) -> 0 | G37: =SUM(G14:G17) -> 0 | H37: =SUM(H14:H17) -> 0 | I37: =SUM(I14:I17) -> 0 | J37: =SUM(J14:J17) -> 0 | ... Z37: =SUM(Z14:Z17) -> 0 | AA37: de 7:00 à 8:00 | AC37: =SUM(C37:Z37) -> 0 | AD37: =IF(AC37=0,0,AD49/AC37) -> 0 | AE37: =IF(AC37=0,0,AE49/AC37) -> 0 | AF37: =IF(AE49=0,0,AF49/AE49) -> 0 | AG37: =IF(AC37=0,0,AG49/AC37) -> 0 | AH37: =IF(AC37=0,0,AH49/AC37) -> 0 | AI37: =IF(AC37=0,0,AI49/AC37) -> 0
A38: de 7:30 à 8:30 | C38: =SUM(C16:C19) -> 0 | D38: =SUM(D16:D19) -> 0 | E38: =SUM(E16:E19) -> 0 | F38: =SUM(F16:F19) -> 0 | G38: =SUM(G16:G19) -> 0 | H38: =SUM(H16:H19) -> 0 | I38: =SUM(I16:I19) -> 0 | J38: =SUM(J16:J19) -> 0 | ... Z38: =SUM(Z16:Z19) -> 0 | AA38: de 7:30 à 8:30 | AC38: =SUM(C38:Z38) -> 0 | AD38: =IF(AC38=0,0,AD50/AC38) -> 0 | AE38: =IF(AC38=0,0,AE50/AC38) -> 0 | AF38: =IF(AE50=0,0,AF50/AE50) -> 0 | AG38: =IF(AC38=0,0,AG50/AC38) -> 0 | AH38: =IF(AC38=0,0,AH50/AC38) -> 0 | AI38: =IF(AC38=0,0,AI50/AC38) -> 0
A39: de 8:00 à 9:00 | C39: =SUM(C18:C21) -> 0 | D39: =SUM(D18:D21) -> 0 | E39: =SUM(E18:E21) -> 0 | F39: =SUM(F18:F21) -> 0 | G39: =SUM(G18:G21) -> 0 | H39: =SUM(H18:H21) -> 0 | I39: =SUM(I18:I21) -> 0 | J39: =SUM(J18:J21) -> 0 | ... Z39: =SUM(Z18:Z21) -> 0 | AA39: de 8:00 à 9:00 | AC39: =SUM(C39:Z39) -> 0 | AD39: =IF(AC39=0,0,AD51/AC39) -> 0 | AE39: =IF(AC39=0,0,AE51/AC39) -> 0 | AF39: =IF(AE51=0,0,AF51/AE51) -> 0 | AG39: =IF(AC39=0,0,AG51/AC39) -> 0 | AH39: =IF(AC39=0,0,AH51/AC39) -> 0 | AI39: =IF(AC39=0,0,AI51/AC39) -> 0
A40: de 8:30 à 9:30 | C40: =SUM(C20:C23) -> 0 | D40: =SUM(D20:D23) -> 0 | E40: =SUM(E20:E23) -> 0 | F40: =SUM(F20:F23) -> 0 | G40: =SUM(G20:G23) -> 0 | H40: =SUM(H20:H23) -> 0 | I40: =SUM(I20:I23) -> 0 | J40: =SUM(J20:J23) -> 0 | ... Z40: =SUM(Z20:Z23) -> 0 | AA40: de 8:30 à 9:30 | AC40: =SUM(C40:Z40) -> 0 | AD40: =IF(AC40=0,0,AD52/AC40) -> 0 | AE40: =IF(AC40=0,0,AE52/AC40) -> 0 | AF40: =IF(AE52=0,0,AF52/AE52) -> 0 | AG40: =IF(AC40=0,0,AG52/AC40) -> 0 | AH40: =IF(AC40=0,0,AH52/AC40) -> 0 | AI40: =IF(AC40=0,0,AI52/AC40) -> 0
A41: TOTAL | C41: =SUM(C12:C23) -> 0 | D41: =SUM(D12:D23) -> 0 | E41: =SUM(E12:E23) -> 0 | F41: =SUM(F12:F23) -> 0 | G41: =SUM(G12:G23) -> 0 | H41: =SUM(H12:H23) -> 0 | I41: =SUM(I12:I23) -> 0 | J41: =SUM(J12:J23) -> 0 | ... Z41: =SUM(Z12:Z23) -> 0 | AA41: TOTAL | AC41: =SUM(C41:Z41) -> 0 | AD41: =IF(AC41=0,0,AD53/AC41) -> 0 | AE41: =IF(AC41=0,0,AE53/AC41) -> 0 | AF41: =IF(AE53=0,0,AF53/AE53) -> 0 | AG41: =IF(AC41=0,0,AG53/AC41) -> 0 | AH41: =IF(AC41=0,0,AH53/AC41) -> 0 | AI41: =IF(AC41=0,0,AI53/AC41) -> 0
A42: =IF($AC$36=MAX($AC$36:$AC$40),A36,IF($AC$37=MAX($AC$36:$AC$40),A37,IF($AC$38=MAX($AC$36:$AC$40),A38,IF($AC$39=MAX($AC$36:$AC$40),A39,A40)))) -> de 6:30 à 7:30 | C42: =IF($AC$36=MAX($AC$36:$AC$40),C36,IF($AC$37=MAX($AC$36:$AC$40),C37,IF($AC$38=MAX($AC$36:$AC$40),C38,IF($AC$39=MAX($AC$36:$AC$40),C39,C40)))) -> 0 | D42: =IF($AC$36=MAX($AC$36:$AC$40),D36,IF($AC$37=MAX($AC$36:$AC$40),D37,IF($AC$38=MAX($AC$36:$AC$40),D38,IF($AC$39=MAX($AC$36:$AC$40),D39,D40)))) -> 0 | E42: =IF($AC$36=MAX($AC$36:$AC$40),E36,IF($AC$37=MAX($AC$36:$AC$40),E37,IF($AC$38=MAX($AC$36:$AC$40),E38,IF($AC$39=MAX($AC$36:$AC$40),E39,E40)))) -> 0 | F42: =IF($AC$36=MAX($AC$36:$AC$40),F36,IF($AC$37=MAX($AC$36:$AC$40),F37,IF($AC$38=MAX($AC$36:$AC$40),F38,IF($AC$39=MAX($AC$36:$AC$40),F39,F40)))) -> 0 | G42: =IF($AC$36=MAX($AC$36:$AC$40),G36,IF($AC$37=MAX($AC$36:$AC$40),G37,IF($AC$38=MAX($AC$36:$AC$40),G38,IF($AC$39=MAX($AC$36:$AC$40),G39,G40)))) -> 0 | H42: =IF($AC$36=MAX($AC$36:$AC$40),H36,IF($AC$37=MAX($AC$36:$AC$40),H37,IF($AC$38=MAX($AC$36:$AC$40),H38,IF($AC$39=MAX($AC$36:$AC$40),H39,H40)))) -> 0 | I42: =IF($AC$36=MAX($AC$36:$AC$40),I36,IF($AC$37=MAX($AC$36:$AC$40),I37,IF($AC$38=MAX($AC$36:$AC$40),I38,IF($AC$39=MAX($AC$36:$AC$40),I39,I40)))) -> 0 | J42: =IF($AC$36=MAX($AC$36:$AC$40),J36,IF($AC$37=MAX($AC$36:$AC$40),J37,IF($AC$38=MAX($AC$36:$AC$40),J38,IF($AC$39=MAX($AC$36:$AC$40),J39,J40)))) -> 0 | ... Z42: =IF($AC$36=MAX($AC$36:$AC$40),Z36,IF($AC$37=MAX($AC$36:$AC$40),Z37,IF($AC$38=MAX($AC$36:$AC$40),Z38,IF($AC$39=MAX($AC$36:$AC$40),Z39,Z40)))) -> 0 | AA42: =A42 -> de 6:30 à 7:30 | AC42: =SUM(C42:Z42) -> 0 | AD42: =IF(AC42=0,0,AD54/AC42) -> 0 | AE42: =IF(AC42=0,0,AE54/AC42) -> 0 | AF42: =IF(AE54=0,0,AF54/AE54) -> 0 | AG42: =IF(AC42=0,0,AG54/AC42) -> 0 | AH42: =IF(AC42=0,0,AH54/AC42) -> 0 | AI42: =IF(AC42=0,0,AI54/AC42) -> 0
AD44: Nombre de VAE dans le total | AE44: Nombre de femmes dans le total | AF44: Nombre de VAE chez les femmes | AG44: Cycles en direction d'Annemasse-Genève | AH44: Cycles en provenance de Reignier | AI44: Cycles en provenance d'Esery
AD48: =(C36+E36+G36+I36+K36+M36+O36+Q36+S36+U36+W36+Y36) -> 0 | AE48: =(E36+F36+I36+J36+M36+N36+Q36+R36+U36+V36+Y36+Z36) -> 0 | AF48: =(E36+I36+M36+Q36+U36+Y36) -> 0 | AG48: =SUM(G36:J36,O36:R36) -> 0 | AH48: =SUM(K36:R36) -> 0 | AI48: =SUM(C36:J36) -> 0
AD49: =(C37+E37+G37+I37+K37+M37+O37+Q37+S37+U37+W37+Y37) -> 0 | AE49: =(E37+F37+I37+J37+M37+N37+Q37+R37+U37+V37+Y37+Z37) -> 0 | AF49: =(E37+I37+M37+Q37+U37+Y37) -> 0 | AG49: =SUM(G37:J37,O37:R37) -> 0 | AH49: =SUM(K37:R37) -> 0 | AI49: =SUM(C37:J37) -> 0
AD50: =(C38+E38+G38+I38+K38+M38+O38+Q38+S38+U38+W38+Y38) -> 0 | AE50: =(E38+F38+I38+J38+M38+N38+Q38+R38+U38+V38+Y38+Z38) -> 0 | AF50: =(E38+I38+M38+Q38+U38+Y38) -> 0 | AG50: =SUM(G38:J38,O38:R38) -> 0 | AH50: =SUM(K38:R38) -> 0 | AI50: =SUM(C38:J38) -> 0
AD51: =(C39+E39+G39+I39+K39+M39+O39+Q39+S39+U39+W39+Y39) -> 0 | AE51: =(E39+F39+I39+J39+M39+N39+Q39+R39+U39+V39+Y39+Z39) -> 0 | AF51: =(E39+I39+M39+Q39+U39+Y39) -> 0 | AG51: =SUM(G39:J39,O39:R39) -> 0 | AH51: =SUM(K39:R39) -> 0 | AI51: =SUM(C39:J39) -> 0
AD52: =(C40+E40+G40+I40+K40+M40+O40+Q40+S40+U40+W40+Y40) -> 0 | AE52: =(E40+F40+I40+J40+M40+N40+Q40+R40+U40+V40+Y40+Z40) -> 0 | AF52: =(E40+I40+M40+Q40+U40+Y40) -> 0 | AG52: =SUM(G40:J40,O40:R40) -> 0 | AH52: =SUM(K40:R40) -> 0 | AI52: =SUM(C40:J40) -> 0
AD53: =(C41+E41+G41+I41+K41+M41+O41+Q41+S41+U41+W41+Y41) -> 0 | AE53: =(E41+F41+I41+J41+M41+N41+Q41+R41+U41+V41+Y41+Z41) -> 0 | AF53: =(E41+I41+M41+Q41+U41+Y41) -> 0 | AG53: =SUM(G41:J41,O41:R41) -> 0 | AH53: =SUM(K41:R41) -> 0 | AI53: =SUM(C41:J41) -> 0
AD54: =(C42+E42+G42+I42+K42+M42+O42+Q42+S42+U42+W42+Y42) -> 0 | AE54: =(E42+F42+I42+J42+M42+N42+Q42+R42+U42+V42+Y42+Z42) -> 0 | AF54: =(E42+I42+M42+Q42+U42+Y42) -> 0 | AG54: =SUM(G42:J42,O42:R42) -> 0 | AH54: =SUM(K42:R42) -> 0 | AI54: =SUM(C42:J42) -> 0

Sheet RE_Fil Saisons
A1: Lieu : | B1: REIGNIER_Carrefour Marsinge / Viaison (au-dessus du Fil des Saisons) | M1: Date : | N1: mardi 31 mai 2022
A2: Nom des personnes participant au comptage : | G2: Francis AMACHER
A3: Météo :
A4: Remarques :
A5: Méthodologie : | C5: Pour chaque intervalle de temps, marquer une seule croix par personne comptée
C6: Si c'est enfant, remplacer la croix par E, une trottinette T, un piéton P, etc.
C8: Depuis 'Esery' | K8: Depuis 'Reignier' | S8: Depuis 'Annemasse'
C9: vers 'Reignier' | G9: vers 'Annemasse' | K9: vers 'Esery' | O9: vers 'Annemasse' | S9: vers 'Reignier' | W9: vers 'Esery'
C10: H | E10: F | G10: H | I10: F | K10: H | M10: F | O10: H | Q10: F | S10: H | U10: F | W10: H | Y10: F
A11: Heure | B11: Minute | C11: VAE | D11: vélo | E11: VAE | F11: vélo | G11: VAE | H11: vélo | I11: VAE | J11: vélo | K11: VAE | L11: vélo | M11: VAE | N11: vélo | O11: VAE | P11: vélo | Q11: VAE | R11: vélo | S11: VAE | T11: vélo | U11: VAE | V11: vélo | W11: VAE | X11: vélo | Y11: VAE | Z11: vélo
A12: 6 | B12: 30 – 44'59
B13: 45 – 59'59 | O13: 2 | P13: 1
A14: 7 | B14: 00 – 14'59 | O14: 1
B15: 15 – 29'59 | O15: 2 | P15: 1
B16: 30 – 44'59
B17: 45 – 59'59 | G17: 1 | P17: 1 | Q17: 1
A18: 8 | B18: 00 – 14'59 | P18: 1
B19: 15 – 29'59
B20: 30 – 44'59
B21: 45 – 59'59
A22: 9 | B22: 00 – 14'59
B23: 15 – 29'59
A25: Lieu : | B25: =B1 -> REIGNIER_Carrefour Marsinge / Viaison (au-dessus du Fil des Saisons) | M25: Date : | N25: =N1 -> mardi 31 mai 2022 | AA25: Lieu : | AB25: =B25 -> REIGNIER_Carrefour Marsinge / Viaison (au-dessus du Fil des Saisons) | AG25: Date : | AH25: =N25 -> mardi 31 mai 2022
A26: Nom des personnes participant au comptage : | G26: =G2 -> Francis AMACHER | AA26: Nom des personnes participant au comptage : | AE26: =G26 -> Francis AMACHER
A27: Météo : | C27: =C3 -> 0 | AA27: Météo : | AC27: =C27 -> 0
A28: Remarques : | C28: =C4 -> 0 | AA28: Remarques : | AC28: =C28 -> 0
C32: =C8 -> Depuis 'Esery' | K32: =K8 -> Depuis 'Reignier' | S32: =S8 -> Depuis 'Annemasse' | AC32: TOTAL | AD32: Part des VAE dans le total | AE32: Part des femmes dans le total | AF32: Part des VAE chez les femmes | AG32: Part en direction d'Annemasse-Genève | AH32: Part en provenance de Reignier | AI32: Part en provenance d'Esery | AJ32: Remarques
C33: =C9 -> vers 'Reignier' | G33: =G9 -> vers 'Annemasse' | K33: =K9 -> vers 'Esery' | O33: =O9 -> vers 'Annemasse' | S33: =S9 -> vers 'Reignier' | W33: =W9 -> vers 'Esery'
C34: H | E34: F | G34: H | I34: F | K34: H | M34: F | O34: H | Q34: F | S34: H | U34: F | W34: H | Y34: F
A35: Période | C35: VAE | D35: vélo | E35: VAE | F35: vélo | G35: VAE | H35: vélo | I35: VAE | J35: vélo | K35: VAE | L35: vélo | M35: VAE | N35: vélo | O35: VAE | P35: vélo | Q35: VAE | R35: vélo | S35: VAE | T35: vélo | U35: VAE | V35: vélo | W35: VAE | X35: vélo | Y35: VAE | Z35: vélo | AA35: Période
A36: de 6:30 à 7:30 | C36: =SUM(C12:C15) -> 0 | D36: =SUM(D12:D15) -> 0 | E36: =SUM(E12:E15) -> 0 | F36: =SUM(F12:F15) -> 0 | G36: =SUM(G12:G15) -> 0 | H36: =SUM(H12:H15) -> 0 | I36: =SUM(I12:I15) -> 0 | J36: =SUM(J12:J15) -> 0 | ... Z36: =SUM(Z12:Z15) -> 0 | AA36: de 6:30 à 7:30 | AC36: =SUM(C36:Z36) -> 7 | AD36: =IF(AC36=0,0,AD48/AC36) -> 0.71428571 | AE36: =IF(AC36=0,0,AE48/AC36) -> 0 | AF36: =IF(AE48=0,0,AF48/AE48) -> 0 | AG36: =IF(AC36=0,0,AG48/AC36) -> 1 | AH36: =IF(AC36=0,0,AH48/AC36) -> 1 | AI36: =IF(AC36=0,0,AI48/AC36) -> 0
A37: de 7:00 à 8:00 | C37: =SUM(C14:C17) -> 0 | D37: =SUM(D14:D17) -> 0 | E37: =SUM(E14:E17) -> 0 | F37: =SUM(F14:F17) -> 0 | G37: =SUM(G14:G17) -> 1 | H37: =SUM(H14:H17) -> 0 | I37: =SUM(I14:I17) -> 0 | J37: =SUM(J14:J17) -> 0 | ... Z37: =SUM(Z14:Z17) -> 0 | AA37: de 7:00 à 8:00 | AC37: =SUM(C37:Z37) -> 7 | AD37: =IF(AC37=0,0,AD49/AC37) -> 0.71428571 | AE37: =IF(AC37=0,0,AE49/AC37) -> 0.14285714 | AF37: =IF(AE49=0,0,AF49/AE49) -> 1 | AG37: =IF(AC37=0,0,AG49/AC37) -> 1 | AH37: =IF(AC37=0,0,AH49/AC37) -> 0.85714286 | AI37: =IF(AC37=0,0,AI49/AC37) -> 0.14285714
A38: de 7:30 à 8:30 | C38: =SUM(C16:C19) -> 0 | D38: =SUM(D16:D19) -> 0 | E38: =SUM(E16:E19) -> 0 | F38: =SUM(F16:F19) -> 0 | G38: =SUM(G16:G19) -> 1 | H38: =SUM(H16:H19) -> 0 | I38: =SUM(I16:I19) -> 0 | J38: =SUM(J16:J19) -> 0 | ... Z38: =SUM(Z16:Z19) -> 0 | AA38: de 7:30 à 8:30 | AC38: =SUM(C38:Z38) -> 4 | AD38: =IF(AC38=0,0,AD50/AC38) -> 0.5 | AE38: =IF(AC38=0,0,AE50/AC38) -> 0.25 | AF38: =IF(AE50=0,0,AF50/AE50) -> 1 | AG38: =IF(AC38=0,0,AG50/AC38) -> 1 | AH38: =IF(AC38=0,0,AH50/AC38) -> 0.75 | AI38: =IF(AC38=0,0,AI50/AC38) -> 0.25
A39: de 8:00 à 9:00 | C39: =SUM(C18:C21) -> 0 | D39: =SUM(D18:D21) -> 0 | E39: =SUM(E18:E21) -> 0 | F39: =SUM(F18:F21) -> 0 | G39: =SUM(G18:G21) -> 0 | H39: =SUM(H18:H21) -> 0 | I39: =SUM(I18:I21) -> 0 | J39: =SUM(J18:J21) -> 0 | ... Z39: =SUM(Z18:Z21) -> 0 | AA39: de 8:00 à 9:00 | AC39: =SUM(C39:Z39) -> 1 | AD39: =IF(AC39=0,0,AD51/AC39) -> 0 | AE39: =IF(AC39=0,0,AE51/AC39) -> 0 | AF39: =IF(AE51=0,0,AF51/AE51) -> 0 | AG39: =IF(AC39=0,0,AG51/AC39) -> 1 | AH39: =IF(AC39=0,0,AH51/AC39) -> 1 | AI39: =IF(AC39=0,0,AI51/AC39) -> 0
A40: de 8:30 à 9:30 | C40: =SUM(C20:C23) -> 0 | D40: =SUM(D20:D23) -> 0 | E40: =SUM(E20:E23) -> 0 | F40: =SUM(F20:F23) -> 0 | G40: =SUM(G20:G23) -> 0 | H40: =SUM(H20:H23) -> 0 | I40: =SUM(I20:I23) -> 0 | J40: =SUM(J20:J23) -> 0 | ... Z40: =SUM(Z20:Z23) -> 0 | AA40: de 8:30 à 9:30 | AC40: =SUM(C40:Z40) -> 0 | AD40: =IF(AC40=0,0,AD52/AC40) -> 0 | AE40: =IF(AC40=0,0,AE52/AC40) -> 0 | AF40: =IF(AE52=0,0,AF52/AE52) -> 0 | AG40: =IF(AC40=0,0,AG52/AC40) -> 0 | AH40: =IF(AC40=0,0,AH52/AC40) -> 0 | AI40: =IF(AC40=0,0,AI52/AC40) -> 0
A41: TOTAL | C41: =SUM(C12:C23) -> 0 | D41: =SUM(D12:D23) -> 0 | E41: =SUM(E12:E23) -> 0 | F41: =SUM(F12:F23) -> 0 | G41: =SUM(G12:G23) -> 1 | H41: =SUM(H12:H23) -> 0 | I41: =SUM(I12:I23) -> 0 | J41: =SUM(J12:J23) -> 0 | ... Z41: =SUM(Z12:Z23) -> 0 | AA41: TOTAL | AC41: =SUM(C41:Z41) -> 11 | AD41: =IF(AC41=0,0,AD53/AC41) -> 0.63636364 | AE41: =IF(AC41=0,0,AE53/AC41) -> 0.090909091 | AF41: =IF(AE53=0,0,AF53/AE53) -> 1 | AG41: =IF(AC41=0,0,AG53/AC41) -> 1 | AH41: =IF(AC41=0,0,AH53/AC41) -> 0.90909091 | AI41: =IF(AC41=0,0,AI53/AC41) -> 0.090909091
A42: =IF($AC$36=MAX($AC$36:$AC$40),A36,IF($AC$37=MAX($AC$36:$AC$40),A37,IF($AC$38=MAX($AC$36:$AC$40),A38,IF($AC$39=MAX($AC$36:$AC$40),A39,A40)))) -> de 6:30 à 7:30 | C42: =IF($AC$36=MAX($AC$36:$AC$40),C36,IF($AC$37=MAX($AC$36:$AC$40),C37,IF($AC$38=MAX($AC$36:$AC$40),C38,IF($AC$39=MAX($AC$36:$AC$40),C39,C40)))) -> 0 | D42: =IF($AC$36=MAX($AC$36:$AC$40),D36,IF($AC$37=MAX($AC$36:$AC$40),D37,IF($AC$38=MAX($AC$36:$AC$40),D38,IF($AC$39=MAX($AC$36:$AC$40),D39,D40)))) -> 0 | E42: =IF($AC$36=MAX($AC$36:$AC$40),E36,IF($AC$37=MAX($AC$36:$AC$40),E37,IF($AC$38=MAX($AC$36:$AC$40),E38,IF($AC$39=MAX($AC$36:$AC$40),E39,E40)))) -> 0 | F42: =IF($AC$36=MAX($AC$36:$AC$40),F36,IF($AC$37=MAX($AC$36:$AC$40),F37,IF($AC$38=MAX($AC$36:$AC$40),F38,IF($AC$39=MAX($AC$36:$AC$40),F39,F40)))) -> 0 | G42: =IF($AC$36=MAX($AC$36:$AC$40),G36,IF($AC$37=MAX($AC$36:$AC$40),G37,IF($AC$38=MAX($AC$36:$AC$40),G38,IF($AC$39=MAX($AC$36:$AC$40),G39,G40)))) -> 0 | H42: =IF($AC$36=MAX($AC$36:$AC$40),H36,IF($AC$37=MAX($AC$36:$AC$40),H37,IF($AC$38=MAX($AC$36:$AC$40),H38,IF($AC$39=MAX($AC$36:$AC$40),H39,H40)))) -> 0 | I42: =IF($AC$36=MAX($AC$36:$AC$40),I36,IF($AC$37=MAX($AC$36:$AC$40),I37,IF($AC$38=MAX($AC$36:$AC$40),I38,IF($AC$39=MAX($AC$36:$AC$40),I39,I40)))) -> 0 | J42: =IF($AC$36=MAX($AC$36:$AC$40),J36,IF($AC$37=MAX($AC$36:$AC$40),J37,IF($AC$38=MAX($AC$36:$AC$40),J38,IF($AC$39=MAX($AC$36:$AC$40),J39,J40)))) -> 0 | ... Z42: =IF($AC$36=MAX($AC$36:$AC$40),Z36,IF($AC$37=MAX($AC$36:$AC$40),Z37,IF($AC$38=MAX($AC$36:$AC$40),Z38,IF($AC$39=MAX($AC$36:$AC$40),Z39,Z40)))) -> 0 | AA42: =A42 -> de 6:30 à 7:30 | AC42: =SUM(C42:Z42) -> 7 | AD42: =IF(AC42=0,0,AD54/AC42) -> 0.71428571 | AE42: =IF(AC42=0,0,AE54/AC42) -> 0 | AF42: =IF(AE54=0,0,AF54/AE54) -> 0 | AG42: =IF(AC42=0,0,AG54/AC42) -> 1 | AH42: =IF(AC42=0,0,AH54/AC42) -> 1 | AI42: =IF(AC42=0,0,AI54/AC42) -> 0
AD44: Nombre de VAE dans le total | AE44: Nombre de femmes dans le total | AF44: Nombre de VAE chez les femmes | AG44: Cycles en direction d'Annemasse-Genève | AH44: Cycles en provenance de Reignier | AI44: Cycles en provenance d'Esery
AD48: =(C36+E36+G36+I36+K36+M36+O36+Q36+S36+U36+W36+Y36) -> 5 | AE48: =(E36+F36+I36+J36+M36+N36+Q36+R36+U36+V36+Y36+Z36) -> 0 | AF48: =(E36+I36+M36+Q36+U36+Y36) -> 0 | AG48: =SUM(G36:J36,O36:R36) -> 7 | AH48: =SUM(K36:R36) -> 7 | AI48: =SUM(C36:J36) -> 0
AD49: =(C37+E37+G37+I37+K37+M37+O37+Q37+S37+U37+W37+Y37) -> 5 | AE49: =(E37+F37+I37+J37+M37+N37+Q37+R37+U37+V37+Y37+Z37) -> 1 | AF49: =(E37+I37+M37+Q37+U37+Y37) -> 1 | AG49: =SUM(G37:J37,O37:R37) -> 7 | AH49: =SUM(K37:R37) -> 6 | AI49: =SUM(C37:J37) -> 1
AD50: =(C38+E38+G38+I38+K38+M38+O38+Q38+S38+U38+W38+Y38) -> 2 | AE50: =(E38+F38+I38+J38+M38+N38+Q38+R38+U38+V38+Y38+Z38) -> 1 | AF50: =(E38+I38+M38+Q38+U38+Y38) -> 1 | AG50: =SUM(G38:J38,O38:R38) -> 4 | AH50: =SUM(K38:R38) -> 3 | AI50: =SUM(C38:J38) -> 1
AD51: =(C39+E39+G39+I39+K39+M39+O39+Q39+S39+U39+W39+Y39) -> 0 | AE51: =(E39+F39+I39+J39+M39+N39+Q39+R39+U39+V39+Y39+Z39) -> 0 | AF51: =(E39+I39+M39+Q39+U39+Y39) -> 0 | AG51: =SUM(G39:J39,O39:R39) -> 1 | AH51: =SUM(K39:R39) -> 1 | AI51: =SUM(C39:J39) -> 0
AD52: =(C40+E40+G40+I40+K40+M40+O40+Q40+S40+U40+W40+Y40) -> 0 | AE52: =(E40+F40+I40+J40+M40+N40+Q40+R40+U40+V40+Y40+Z40) -> 0 | AF52: =(E40+I40+M40+Q40+U40+Y40) -> 0 | AG52: =SUM(G40:J40,O40:R40) -> 0 | AH52: =SUM(K40:R40) -> 0 | AI52: =SUM(C40:J40) -> 0
AD53: =(C41+E41+G41+I41+K41+M41+O41+Q41+S41+U41+W41+Y41) -> 7 | AE53: =(E41+F41+I41+J41+M41+N41+Q41+R41+U41+V41+Y41+Z41) -> 1 | AF53: =(E41+I41+M41+Q41+U41+Y41) -> 1 | AG53: =SUM(G41:J41,O41:R41) -> 11 | AH53: =SUM(K41:R41) -> 10 | AI53: =SUM(C41:J41) -> 1
AD54: =(C42+E42+G42+I42+K42+M42+O42+Q42+S42+U42+W42+Y42) -> 5 | AE54: =(E42+F42+I42+J42+M42+N42+Q42+R42+U42+V42+Y42+Z42) -> 0 | AF54: =(E42+I42+M42+Q42+U42+Y42) -> 0 | AG54: =SUM(G42:J42,O42:R42) -> 7 | AH54: =SUM(K42:R42) -> 7 | AI54: =SUM(C42:J42) -> 0

Sheet ART_Lavage auto
A1: Lieu : | B1: ARTHAZ_Route de Reignier D202 / Route Nationale D1205 | M1: Date : | N1: mardi 31 mai 2022
A2: Nom des personnes participant au comptage :
A3: Météo :
A4: Remarques :
A5: Méthodologie : | C5: Pour chaque intervalle de temps, marquer une seule croix par personne comptée
C6: Si c'est enfant, remplacer la croix par E, une trottinette T, un piéton P, etc.
C8: Depuis 'Annemasse' | O8: Depuis 'Nangy'
C9: vers 'Reignier' | G9: vers 'Nangy' | K9: vers 'Rossat' | O9: vers 'Reignier' | S9: vers 'Annemasse' | W9: vers 'Rossat'
C10: H | E10: F | G10: H | I10: F | K10: H | M10: F | O10: H | Q10: F | S10: H | U10: F | W10: H | Y10: F
A11: Heure | B11: Minute | C11: VAE | D11: vélo | E11: VAE | F11: vélo | G11: VAE | H11: vélo | I11: VAE | J11: vélo | K11: VAE | L11: vélo | M11: VAE | N11: vélo | O11: VAE | P11: vélo | Q11: VAE | R11: vélo | S11: VAE | T11: vélo | U11: VAE | V11: vélo | W11: VAE | X11: vélo | Y11: VAE | Z11: vélo
A12: 6 | B12: 30 – 44'59
A13: 6 | B13: 45 – 59'59
A14: 7 | B14: 00 – 14'59
B15: 15 – 29'59
B16: 30 – 44'59
B17: 45 – 59'59
A18: 8 | B18: 00 – 14'59
B19: 15 – 29'59
B20: 30 – 44'59
B21: 45 – 59'59
A22: 9 | B22: 00 – 14'59
B23: 15 – 29'59
A25: Lieu : | B25: =B1 -> ARTHAZ_Route de Reignier D202 / Route Nationale D1205 | M25: Date : | N25: =N1 -> mardi 31 mai 2022
A26: Nom des personnes participant au comptage : | G26: =G2 -> 0
A27: Météo : | C27: =C3 -> 0
A28: Remarques : | C28: =C4 -> 0
A29: =A5 -> Méthodologie : | C29: =C5 -> Pour chaque intervalle de temps, marquer une seule croix par personne comptée
C30: =C6 -> Si c'est enfant, remplacer la croix par E, une trottinette T, un piéton P, etc.
C32: Depuis 'Reignier' | O32: Depuis 'Rossat'
C33: vers 'Nangy' | G33: vers 'Rossat' | K33: vers 'Annemasse' | O33: vers 'Reignier' | S33: vers 'Nangy' | W33: vers 'Annemasse'
C34: H | E34: F | G34: H | I34: F | K34: H | M34: F | O34: H | Q34: F | S34: H | U34: F | W34: H | Y34: F
A35: Heure | B35: Minute | C35: VAE | D35: vélo | E35: VAE | F35: vélo | G35: VAE | H35: vélo | I35: VAE | J35: vélo | K35: VAE | L35: vélo | M35: VAE | N35: vélo | O35: VAE | P35: vélo | Q35: VAE | R35: vélo | S35: VAE | T35: vélo | U35: VAE | V35: vélo | W35: VAE | X35: vélo | Y35: VAE | Z35: vélo
A36: 6 | B36: 30 – 44'59
A37: 6 | B37: 45 – 59'59
A38: 7 | B38: 00 – 14'59
B39: 15 – 29'59
B40: 30 – 44'59
B41: 45 – 59'59
A42: 8 | B42: 00 – 14'59
B43: 15 – 29'59
B44: 30 – 44'59
B45: 45 – 59'59
A46: 9 | B46: 00 – 14'59
B47: 15 – 29'59
A49: Lieu : | B49: =B1 -> ARTHAZ_Route de Reignier D202 / Route Nationale D1205 | M49: Date : | N49: =N1 -> mardi 31 mai 2022 | AA49: Lieu : | AB49: =B49 -> ARTHAZ_Route de Reignier D202 / Route Nationale D1205 | AG49: Date : | AH49: =N49 -> mardi 31 mai 2022
A50: Nom des personnes participant au comptage : | G50: =G2 -> 0 | AA50: Nom des personnes participant au comptage : | AE50: =G50 -> 0
A51: Météo : | C51: =C3 -> 0 | AA51: Météo : | AC51: =C51 -> 0
A52: Remarques : | C52: =C4 -> 0 | AA52: Remarques : | AC52: =C52 -> 0
C56: =C8 -> Depuis 'Annemasse' | O56: =O8 -> Depuis 'Nangy' | AC56: TOTAL | AD56: Part des VAE dans le total | AE56: Part des femmes dans le total | AF56: Part des VAE chez les femmes | AG56: Part en direction d'Annemasse-Genève | AH56: Cycles en direction d'Annemasse-Genève | AI56: Remarques
C57: =C9 -> vers 'Reignier' | G57: =G9 -> vers 'Nangy' | K57: =K9 -> vers 'Rossat' | O57: =O9 -> vers 'Reignier' | S57: =S9 -> vers 'Annemasse' | W57: =W9 -> vers 'Rossat'
C58: H | E58: F | G58: H | I58: F | K58: H | M58: F | O58: H | Q58: F | S58: H | U58: F | W58: H | Y58: F
A59: Période | C59: VAE | D59: vélo | E59: VAE | F59: vélo | G59: VAE | H59: vélo | I59: VAE | J59: vélo | K59: VAE | L59: vélo | M59: VAE | N59: vélo | O59: VAE | P59: vélo | Q59: VAE | R59: vélo | S59: VAE | T59: vélo | U59: VAE | V59: vélo | W59: VAE | X59: vélo | Y59: VAE | Z59: vélo | AA59: Période
A60: de 6:30 à 7:30 | C60: =SUM(C12:C15) -> 0 | D60: =SUM(D12:D15) -> 0 | E60: =SUM(E12:E15) -> 0 | F60: =SUM(F12:F15) -> 0 | G60: =SUM(G12:G15) -> 0 | H60: =SUM(H12:H15) -> 0 | I60: =SUM(I12:I15) -> 0 | J60: =SUM(J12:J15) -> 0 | ... Z60: =SUM(Z12:Z15) -> 0 | AA60: de 6:30 à 7:30 | AC60: =SUM(C60:Z60)+SUM(C72:Z72) -> 0 | AD60: =(C60+E60+G60+I60+K60+M60+O60+Q60+S60+U60+W60+Y60+C72+E72+G72+I72+K72+M72+O72+Q72+S72+U72+W72+Y72)/AC60 -> #DIV/0! | AE60: =(E60+F60+I60+J60+M60+N60+Q60+R60+U60+V60+Y60+Z60+E72+F72+I72+J72+M72+N72+Q72+R72+U72+V72+Y72+Z72)/AC60 -> #DIV/0! | AF60: =(E60+I60+M60+Q60+U60+Y60+E72+I72+M72+Q72+U72+Y72)/(E60+F60+I60+J60+M60+N60+Q60+R60+U60+V60+Y60+Z60+E72+F72+I72+J72+M72+N72+Q72+R72+U72+V72+Y72+Z72) -> #DIV/0! | AG60: =AH60/AC60 -> #DIV/0! | AH60: =SUM(S60:V60,K72:N72,W72:Z72) -> 0
A61: de 7:00 à 8:00 | C61: =SUM(C14:C17) -> 0 | D61: =SUM(D14:D17) -> 0 | E61: =SUM(E14:E17) -> 0 | F61: =SUM(F14:F17) -> 0 | G61: =SUM(G14:G17) -> 0 | H61: =SUM(H14:H17) -> 0 | I61: =SUM(I14:I17) -> 0 | J61: =SUM(J14:J17) -> 0 | ... Z61: =SUM(Z14:Z17) -> 0 | AA61: de 7:00 à 8:00 | AC61: =SUM(C61:Z61)+SUM(C73:Z73) -> 0 | AD61: =(C61+E61+G61+I61+K61+M61+O61+Q61+S61+U61+W61+Y61+C73+E73+G73+I73+K73+M73+O73+Q73+S73+U73+W73+Y73)/AC61 -> #DIV/0! | AE61: =(E61+F61+I61+J61+M61+N61+Q61+R61+U61+V61+Y61+Z61+E73+F73+I73+J73+M73+N73+Q73+R73+U73+V73+Y73+Z73)/AC61 -> #DIV/0! | AF61: =(E61+I61+M61+Q61+U61+Y61+E73+I73+M73+Q73+U73+Y73)/(E61+F61+I61+J61+M61+N61+Q61+R61+U61+V61+Y61+Z61+E73+F73+I73+J73+M73+N73+Q73+R73+U73+V73+Y73+Z73) -> #DIV/0! | AG61: =AH61/AC61 -> #DIV/0! | AH61: =SUM(S61:V61,K73:N73,W73:Z73) -> 0
A62: de 7:30 à 8:30 | C62: =SUM(C16:C19) -> 0 | D62: =SUM(D16:D19) -> 0 | E62: =SUM(E16:E19) -> 0 | F62: =SUM(F16:F19) -> 0 | G62: =SUM(G16:G19) -> 0 | H62: =SUM(H16:H19) -> 0 | I62: =SUM(I16:I19) -> 0 | J62: =SUM(J16:J19) -> 0 | ... Z62: =SUM(Z16:Z19) -> 0 | AA62: de 7:30 à 8:30 | AC62: =SUM(C62:Z62)+SUM(C74:Z74) -> 0 | AD62: =(C62+E62+G62+I62+K62+M62+O62+Q62+S62+U62+W62+Y62+C74+E74+G74+I74+K74+M74+O74+Q74+S74+U74+W74+Y74)/AC62 -> #DIV/0! | AE62: =(E62+F62+I62+J62+M62+N62+Q62+R62+U62+V62+Y62+Z62+E74+F74+I74+J74+M74+N74+Q74+R74+U74+V74+Y74+Z74)/AC62 -> #DIV/0! | AF62: =(E62+I62+M62+Q62+U62+Y62+E74+I74+M74+Q74+U74+Y74)/(E62+F62+I62+J62+M62+N62+Q62+R62+U62+V62+Y62+Z62+E74+F74+I74+J74+M74+N74+Q74+R74+U74+V74+Y74+Z74) -> #DIV/0! | AG62: =AH62/AC62 -> #DIV/0! | AH62: =SUM(S62:V62,K74:N74,W74:Z74) -> 0
A63: de 8:00 à 9:00 | C63: =SUM(C18:C21) -> 0 | D63: =SUM(D18:D21) -> 0 | E63: =SUM(E18:E21) -> 0 | F63: =SUM(F18:F21) -> 0 | G63: =SUM(G18:G21) -> 0 | H63: =SUM(H18:H21) -> 0 | I63: =SUM(I18:I21) -> 0 | J63: =SUM(J18:J21) -> 0 | ... Z63: =SUM(Z18:Z21) -> 0 | AA63: de 8:00 à 9:00 | AC63: =SUM(C63:Z63)+SUM(C75:Z75) -> 0 | AD63: =(C63+E63+G63+I63+K63+M63+O63+Q63+S63+U63+W63+Y63+C75+E75+G75+I75+K75+M75+O75+Q75+S75+U75+W75+Y75)/AC63 -> #DIV/0! | AE63: =(E63+F63+I63+J63+M63+N63+Q63+R63+U63+V63+Y63+Z63+E75+F75+I75+J75+M75+N75+Q75+R75+U75+V75+Y75+Z75)/AC63 -> #DIV/0! | AF63: =(E63+I63+M63+Q63+U63+Y63+E75+I75+M75+Q75+U75+Y75)/(E63+F63+I63+J63+M63+N63+Q63+R63+U63+V63+Y63+Z63+E75+F75+I75+J75+M75+N75+Q75+R75+U75+V75+Y75+Z75) -> #DIV/0! | AG63: =AH63/AC63 -> #DIV/0! | AH63: =SUM(S63:V63,K75:N75,W75:Z75) -> 0
A64: de 8:30 à 9:30 | C64: =SUM(C20:C23) -> 0 | D64: =SUM(D20:D23) -> 0 | E64: =SUM(E20:E23) -> 0 | F64: =SUM(F20:F23) -> 0 | G64: =SUM(G20:G23) -> 0 | H64: =SUM(H20:H23) -> 0 | I64: =SUM(I20:I23) -> 0 | J64: =SUM(J20:J23) -> 0 | ... Z64: =SUM(Z20:Z23) -> 0 | AA64: de 8:30 à 9:30 | AC64: =SUM(C64:Z64)+SUM(C76:Z76) -> 0 | AD64: =(C64+E64+G64+I64+K64+M64+O64+Q64+S64+U64+W64+Y64+C76+E76+G76+I76+K76+M76+O76+Q76+S76+U76+W76+Y76)/AC64 -> #DIV/0! | AE64: =(E64+F64+I64+J64+M64+N64+Q64+R64+U64+V64+Y64+Z64+E76+F76+I76+J76+M76+N76+Q76+R76+U76+V76+Y76+Z76)/AC64 -> #DIV/0! | AF64: =(E64+I64+M64+Q64+U64+Y64+E76+I76+M76+Q76+U76+Y76)/(E64+F64+I64+J64+M64+N64+Q64+R64+U64+V64+Y64+Z64+E76+F76+I76+J76+M76+N76+Q76+R76+U76+V76+Y76+Z76) -> #DIV/0! | AG64: =AH64/AC64 -> #DIV/0! | AH64: =SUM(S64:V64,K76:N76,W76:Z76) -> 0
A65: TOTAL | C65: =SUM(C12:C23) -> 0 | D65: =SUM(D12:D23) -> 0 | E65: =SUM(E12:E23) -> 0 | F65: =SUM(F12:F23) -> 0 | G65: =SUM(G12:G23) -> 0 | H65: =SUM(H12:H23) -> 0 | I65: =SUM(I12:I23) -> 0 | J65: =SUM(J12:J23) -> 0 | ... Z65: =SUM(Z12:Z23) -> 0 | AA65: TOTAL | AC65: =SUM(C65:Z65)+SUM(C77:Z77) -> 0 | AD65: =IF(AC65=0,0,(C65+E65+G65+I65+K65+M65+O65+Q65+S65+U65+W65+Y65+C77+E77+G77+I77+K77+M77+O77+Q77+S77+U77+W77+Y77)/AC65) -> 0 | AE65: =IF(AC65=0,0,(E65+F65+I65+J65+M65+N65+Q65+R65+U65+V65+Y65+Z65+E77+F77+I77+J77+M77+N77+Q77+R77+U77+V77+Y77+Z77)/AC65) -> 0 | AF65: =IF((E65+I65+M65+Q65+U65+Y65+E77+I77+M77+Q77+U77+Y77)=0,0,(E65+I65+M65+Q65+U65+Y65+E77+I77+M77+Q77+U77+Y77)/(E65+F65+I65+J65+M65+N65+Q65+R65+U65+V65+Y65+Z65+E77+F77+I77+J77+M77+N77+Q77+R77+U77+V77+Y77+Z77)) -> 0 | AG65: =IF(AC65=0,0,AH65/AC65) -> 0 | AH65: =SUM(S65:V65,K77:N77,W77:Z77) -> 0
A66: =IF($AC$60=MAX($AC$60:$AC$64),A60,IF($AC$61=MAX($AC$60:$AC$64),A61,IF($AC$62=MAX($AC$60:$AC$64),A62,IF($AC$63=MAX($AC$60:$AC$64),A63,A64)))) -> de 6:30 à 7:30 | C66: =IF($AC$60=MAX($AC$60:$AC$64),C60,IF($AC$61=MAX($AC$60:$AC$64),C61,IF($AC$62=MAX($AC$60:$AC$64),C62,IF($AC$63=MAX($AC$60:$AC$64),(C63),C64)))) -> 0 | D66: =IF($AC$60=MAX($AC$60:$AC$64),D60,IF($AC$61=MAX($AC$60:$AC$64),D61,IF($AC$62=MAX($AC$60:$AC$64),D62,IF($AC$63=MAX($AC$60:$AC$64),(D63),D64)))) -> 0 | E66: =IF($AC$60=MAX($AC$60:$AC$64),E60,IF($AC$61=MAX($AC$60:$AC$64),E61,IF($AC$62=MAX($AC$60:$AC$64),E62,IF($AC$63=MAX($AC$60:$AC$64),(E63),E64)))) -> 0 | F66: =IF($AC$60=MAX($AC$60:$AC$64),F60,IF($AC$61=MAX($AC$60:$AC$64),F61,IF($AC$62=MAX($AC$60:$AC$64),F62,IF($AC$63=MAX($AC$60:$AC$64),(F63),F64)))) -> 0 | G66: =IF($AC$60=MAX($AC$60:$AC$64),G60,IF($AC$61=MAX($AC$60:$AC$64),G61,IF($AC$62=MAX($AC$60:$AC$64),G62,IF($AC$63=MAX($AC$60:$AC$64),(G63),G64)))) -> 0 | H66: =IF($AC$60=MAX($AC$60:$AC$64),H60,IF($AC$61=MAX($AC$60:$AC$64),H61,IF($AC$62=MAX($AC$60:$AC$64),H62,IF($AC$63=MAX($AC$60:$AC$64),(H63),H64)))) -> 0 | I66: =IF($AC$60=MAX($AC$60:$AC$64),I60,IF($AC$61=MAX($AC$60:$AC$64),I61,IF($AC$62=MAX($AC$60:$AC$64),I62,IF($AC$63=MAX($AC$60:$AC$64),(I63),I64)))) -> 0 | J66: =IF($AC$60=MAX($AC$60:$AC$64),J60,IF($AC$61=MAX($AC$60:$AC$64),J61,IF($AC$62=MAX($AC$60:$AC$64),J62,IF($AC$63=MAX($AC$60:$AC$64),(J63),J64)))) -> 0 | ... Z66: =IF($AC$60=MAX($AC$60:$AC$64),Z60,IF($AC$61=MAX($AC$60:$AC$64),Z61,IF($AC$62=MAX($AC$60:$AC$64),Z62,IF($AC$63=MAX($AC$60:$AC$64),(Z63),Z64)))) -> 0 | AA66: =IF($AC$60=MAX($AC$60:$AC$64),A60,IF($AC$61=MAX($AC$60:$AC$64),A61,IF($AC$62=MAX($AC$60:$AC$64),A62,IF($AC$63=MAX($AC$60:$AC$64),A63,A64)))) -> de 6:30 à 7:30 | AC66: =IF($AC$60=MAX($AC$60:$AC$64),AC60,IF($AC$61=MAX($AC$60:$AC$64),AC61,IF($AC$62=MAX($AC$60:$AC$64),AC62,IF($AC$63=MAX($AC$60:$AC$64),(AC63),AC64)))) -> 0 | AD66: =(C66+E66+G66+I66+K66+M66+O66+Q66+S66+U66+W66+Y66+C78+E78+G78+I78+K78+M78+O78+Q78+S78+U78+W78+Y78)/AC66 -> #DIV/0! | AE66: =(E66+F66+I66+J66+M66+N66+Q66+R66+U66+V66+Y66+Z66+E78+F78+I78+J78+M78+N78+Q78+R78+U78+V78+Y78+Z78)/AC66 -> #DIV/0! | AF66: =(E66+I66+M66+Q66+U66+Y66+E78+I78+M78+Q78+U78+Y78)/(E66+F66+I66+J66+M66+N66+Q66+R66+U66+V66+Y66+Z66+E78+F78+I78+J78+M78+N78+Q78+R78+U78+V78+Y78+Z78) -> #DIV/0! | AG66: =AH66/AC66 -> #DIV/0! | AH66: =SUM(S66:V66,K78:N78,W78:Z78) -> 0
C68: =C32 -> Depuis 'Reignier' | O68: =O32 -> Depuis 'Rossat' | AF68: =IF((E65+I65+M65+Q65+U65+Y65+E77+I77+M77+Q77+U77+Y77)=0,0,(E65+I65+M65+Q65+U65+Y65+E77+I77+M77+Q77+U77+Y77)/(E65+F65+I65+J65+M65+N65+Q65+R65+U65+V65+Y65+Z65+E77+F77+I77+J77+M77+N77+Q77+R77+U77+V77+Y77+Z77)) -> 0
C69: =C33 -> vers 'Nangy' | G69: =G33 -> vers 'Rossat' | K69: =K33 -> vers 'Annemasse' | O69: =O33 -> vers 'Reignier' | S69: =S33 -> vers 'Nangy' | W69: =W33 -> vers 'Annemasse'
C70: H | E70: F | G70: H | I70: F | K70: H | M70: F | O70: H | Q70: F | S70: H | U70: F | W70: H | Y70: F
A71: Période | C71: VAE | D71: vélo | E71: VAE | F71: vélo | G71: VAE | H71: vélo | I71: VAE | J71: vélo | K71: VAE | L71: vélo | M71: VAE | N71: vélo | O71: VAE | P71: vélo | Q71: VAE | R71: vélo | S71: VAE | T71: vélo | U71: VAE | V71: vélo | W71: VAE | X71: vélo | Y71: VAE | Z71: vélo
A72: de 6:30 à 7:30 | C72: =SUM(C36:C39) -> 0 | D72: =SUM(D36:D39) -> 0 | E72: =SUM(E36:E39) -> 0 | F72: =SUM(F36:F39) -> 0 | G72: =SUM(G36:G39) -> 0 | H72: =SUM(H36:H39) -> 0 | I72: =SUM(I36:I39) -> 0 | J72: =SUM(J36:J39) -> 0 | ... Z72: =SUM(Z36:Z39) -> 0
A73: de 7:00 à 8:00 | C73: =SUM(C38:C41) -> 0 | D73: =SUM(D38:D41) -> 0 | E73: =SUM(E38:E41) -> 0 | F73: =SUM(F38:F41) -> 0 | G73: =SUM(G38:G41) -> 0 | H73: =SUM(H38:H41) -> 0 | I73: =SUM(I38:I41) -> 0 | J73: =SUM(J38:J41) -> 0 | ... Z73: =SUM(Z38:Z41) -> 0
A74: de 7:30 à 8:30 | C74: =SUM(C40:C43) -> 0 | D74: =SUM(D40:D43) -> 0 | E74: =SUM(E40:E43) -> 0 | F74: =SUM(F40:F43) -> 0 | G74: =SUM(G40:G43) -> 0 | H74: =SUM(H40:H43) -> 0 | I74: =SUM(I40:I43) -> 0 | J74: =SUM(J40:J43) -> 0 | ... Z74: =SUM(Z40:Z43) -> 0
A75: de 8:00 à 9:00 | C75: =SUM(C42:C45) -> 0 | D75: =SUM(D42:D45) -> 0 | E75: =SUM(E42:E45) -> 0 | F75: =SUM(F42:F45) -> 0 | G75: =SUM(G42:G45) -> 0 | H75: =SUM(H42:H45) -> 0 | I75: =SUM(I42:I45) -> 0 | J75: =SUM(J42:J45) -> 0 | ... Z75: =SUM(Z42:Z45) -> 0
A76: de 8:30 à 9:30 | C76: =SUM(C44:C47) -> 0 | D76: =SUM(D44:D47) -> 0 | E76: =SUM(E44:E47) -> 0 | F76: =SUM(F44:F47) -> 0 | G76: =SUM(G44:G47) -> 0 | H76: =SUM(H44:H47) -> 0 | I76: =SUM(I44:I47) -> 0 | J76: =SUM(J44:J47) -> 0 | ... Z76: =SUM(Z44:Z47) -> 0
A77: TOTAL | C77: =SUM(C36:C47) -> 0 | D77: =SUM(D36:D47) -> 0 | E77: =SUM(E36:E47) -> 0 | F77: =SUM(F36:F47) -> 0 | G77: =SUM(G36:G47) -> 0 | H77: =SUM(H36:H47) -> 0 | I77: =SUM(I36:I47) -> 0 | J77: =SUM(J36:J47) -> 0 | ... Z77: =SUM(Z36:Z47) -> 0
A78: =IF($AC$60=MAX($AC$60:$AC$64),A72,IF($AC$61=MAX($AC$60:$AC$64),A73,IF($AC$62=MAX($AC$60:$AC$64),A74,IF($AC$63=MAX($AC$60:$AC$64),A75,A76)))) -> de 6:30 à 7:30 | C78: =IF($AC$60=MAX($AC$60:$AC$64),C72,IF($AC$61=MAX($AC$60:$AC$64),C73,IF($AC$62=MAX($AC$60:$AC$64),C74,IF($AC$63=MAX($AC$60:$AC$64),C75,C76)))) -> 0 | D78: =IF($AC$60=MAX($AC$60:$AC$64),D72,IF($AC$61=MAX($AC$60:$AC$64),D73,IF($AC$62=MAX($AC$60:$AC$64),D74,IF($AC$63=MAX($AC$60:$AC$64),D75,D76)))) -> 0 | E78: =IF($AC$60=MAX($AC$60:$AC$64),E72,IF($AC$61=MAX($AC$60:$AC$64),E73,IF($AC$62=MAX($AC$60:$AC$64),E74,IF($AC$63=MAX($AC$60:$AC$64),E75,E76)))) -> 0 | F78: =IF($AC$60=MAX($AC$60:$AC$64),F72,IF($AC$61=MAX($AC$60:$AC$64),F73,IF($AC$62=MAX($AC$60:$AC$64),F74,IF($AC$63=MAX($AC$60:$AC$64),F75,F76)))) -> 0 | G78: =IF($AC$60=MAX($AC$60:$AC$64),G72,IF($AC$61=MAX($AC$60:$AC$64),G73,IF($AC$62=MAX($AC$60:$AC$64),G74,IF($AC$63=MAX($AC$60:$AC$64),G75,G76)))) -> 0 | H78: =IF($AC$60=MAX($AC$60:$AC$64),H72,IF($AC$61=MAX($AC$60:$AC$64),H73,IF($AC$62=MAX($AC$60:$AC$64),H74,IF($AC$63=MAX($AC$60:$AC$64),H75,H76)))) -> 0 | I78: =IF($AC$60=MAX($AC$60:$AC$64),I72,IF($AC$61=MAX($AC$60:$AC$64),I73,IF($AC$62=MAX($AC$60:$AC$64),I74,IF($AC$63=MAX($AC$60:$AC$64),I75,I76)))) -> 0 | J78: =IF($AC$60=MAX($AC$60:$AC$64),J72,IF($AC$61=MAX($AC$60:$AC$64),J73,IF($AC$62=MAX($AC$60:$AC$64),J74,IF($AC$63=MAX($AC$60:$AC$64),J75,J76)))) -> 0 | ... Z78: =IF($AC$60=MAX($AC$60:$AC$64),Z72,IF($AC$61=MAX($AC$60:$AC$64),Z73,IF($AC$62=MAX($AC$60:$AC$64),Z74,IF($AC$63=MAX($AC$60:$AC$64),Z75,Z76)))) -> 0

Sheet ETR_D2 (ex-PN93)
A1: Lieu : | B1: ETREMBIERES_D2 route de la Libération / D906a (ex-PN93) | M1: Date : | N1: mardi 31 mai 2022
A2: Nom des personnes participant au comptage : | F2: Yannick ROGUET
A3: Météo :
A4: Remarques :
A5: Méthodologie : | C5: Pour chaque intervalle de temps, marquer une seule croix par personne comptée
C6: Si c'est enfant, remplacer la croix par E, une trottinette T, un piéton P, etc.
C8: Depuis 'Château d'Etrembières' | K8: Depuis 'Etrembières - Autoroute'
C9: vers 'Reignier' | G9: vers 'Monnetier - La Muraz' | K9: vers 'Reignier' | O9: vers 'Monnetier - La Muraz'
C10: H | E10: F | G10: H | I10: F | K10: H | M10: F | O10: H | Q10: F
A11: Heure | B11: Minute | C11: VAE | D11: vélo | E11: VAE | F11: vélo | G11: VAE | H11: vélo | I11: VAE | J11: vélo | K11: VAE | L11: vélo | M11: VAE | N11: vélo | O11: VAE | P11: vélo | Q11: VAE | R11: vélo
A12: 6 | B12: 30 – 44'59
B13: 45 – 59'59
A14: 7 | B14: 00 – 14'59
B15: 15 – 29'59 | P15: 1
B16: 30 – 44'59 | H16: 1 | K16: 1 | O16: 1
B17: 45 – 59'59
A18: 8 | B18: 00 – 14'59 | L18: 1
B19: 15 – 29'59 | G19: 1 | H19: 1
B20: 30 – 44'59
B21: 45 – 59'59
A22: 9 | B22: 00 – 14'59
B23: 15 – 29'59
A25: Lieu : | B25: =B1 -> ETREMBIERES_D2 route de la Libération / D906a (ex-PN93) | M25: Date : | N25: =N1 -> mardi 31 mai 2022
A26: Nom des personnes participant au comptage : | F26: =F2 -> Yannick ROGUET
A27: Météo : | C27: =C3 -> 0
A28: Remarques : | C28: =C4 -> 0
A29: =A5 -> Méthodologie : | C29: =C5 -> Pour chaque intervalle de temps, marquer une seule croix par personne comptée
C30: =C6 -> Si c'est enfant, remplacer la croix par E, une trottinette T, un piéton P, etc.
C32: Depuis 'Reignier' | K32: Depuis 'Monnetier - La Muraz'
C33: vers 'Château d'Etrembières' | G33: vers 'Etrembières - Autoroute' | K33: vers 'Château d'Etrembières' | O33: vers 'Etrembières - Autoroute'
C34: H | E34: F | G34: H | I34: F | K34: H | M34: F | O34: H | Q34: F
A35: Heure | B35: Minute | C35: VAE | D35: vélo | E35: VAE | F35: vélo | G35: VAE | H35: vélo | I35: VAE | J35: vélo | K35: VAE | L35: vélo | M35: VAE | N35: vélo | O35: VAE | P35: vélo | Q35: VAE | R35: vélo
A36: 6 | B36: 30 – 44'59
B37: 45 – 59'59
A38: 7 | B38: 00 – 14'59 | C38: 2 | D38: 2 | H38: 1 | K38: 1
B39: 15 – 29'59 | C39: 1 | D39: 1 | H39: 1 | K39: 1 | M39: 1 | O39: 2 | P39: 2
B40: 30 – 44'59 | C40: 1 | D40: 1 | G40: 1 | H40: 1 | O40: 4 | Q40: 2
B41: 45 – 59'59 | G41: 2 | I41: 1 | K41: 1 | M41: 1 | O41: 3
A42: 8 | B42: 00 – 14'59 | C42: 1 | G42: 1 | M42: 2 | R42: 1
B43: 15 – 29'59 | C43: 1 | D43: 1 | I43: 1 | Q43: 1 | R43: 1
B44: 30 – 44'59
B45: 45 – 59'59
A46: 9 | B46: 00 – 14'59
B47: 15 – 29'59
A49: Lieu : | B49: =B1 -> ETREMBIERES_D2 route de la Libération / D906a (ex-PN93) | M49: Date : | N49: =N1 -> mardi 31 mai 2022 | S49: Lieu : | T49: =B49 -> ETREMBIERES_D2 route de la Libération / D906a (ex-PN93) | Y49: Date : | Z49: =N49
A50: Nom des personnes participant au comptage : | F50: =F2 -> Yannick ROGUET | S50: Nom des personnes participant au comptage : | W50: =F50 -> Yannick ROGUET
A51: Météo : | C51: =C3 -> 0 | S51: Météo : | U51: =C51 -> 0
A52: Remarques : | C52: =C4 -> 0 | S52: Remarques : | U52: =C52 -> 0
C56: =C8 -> Depuis 'Château d'Etrembières' | K56: =K8 -> Depuis 'Etrembières - Autoroute' | U56: TOTAL | V56: Part des VAE dans le total | W56: Part des femmes dans le total | X56: Part des VAE chez les femmes | Y56: Part en direction d'Annemasse-Genève | Z56: Remarques
C57: =C9 -> vers 'Reignier' | G57: =G9 -> vers 'Monnetier - La Muraz' | K57: =K9 -> vers 'Reignier' | O57: =O9 -> vers 'Monnetier - La Muraz'
C58: H | E58: F | G58: H | I58: F | K58: H | M58: F | O58: H | Q58: F
A59: Période | C59: VAE | D59: vélo | E59: VAE | F59: vélo | G59: VAE | H59: vélo | I59: VAE | J59: vélo | K59: VAE | L59: vélo | M59: VAE | N59: vélo | O59: VAE | P59: vélo | Q59: VAE | R59: vélo | S59: Période
A60: de 6:30 à 7:30 | C60: =SUM(C12:C15) -> 0 | D60: =SUM(D12:D15) -> 0 | E60: =SUM(E12:E15) -> 0 | F60: =SUM(F12:F15) -> 0 | G60: =SUM(G12:G15) -> 0 | H60: =SUM(H12:H15) -> 0 | I60: =SUM(I12:I15) -> 0 | J60: =SUM(J12:J15) -> 0 | ... R60: =SUM(R12:R15) -> 0 | S60: de 6:30 à 7:30 | U60: =SUM(C60:R60)+SUM(C72:R72) -> 16 | V60: =IF(U60=0,0,V72/U60) -> 0.5 | W60: =IF(U60=0,0,W72/U60) -> 0.0625 | X60: =IF(W72=0,0,X72/W72) -> 1 | Y60: =IF(U60=0,0,Y72/U60) -> 0.9375
A61: de 7:00 à 8:00 | C61: =SUM(C14:C17) -> 0 | D61: =SUM(D14:D17) -> 0 | E61: =SUM(E14:E17) -> 0 | F61: =SUM(F14:F17) -> 0 | G61: =SUM(G14:G17) -> 0 | H61: =SUM(H14:H17) -> 1 | I61: =SUM(I14:I17) -> 0 | J61: =SUM(J14:J17) -> 0 | ... R61: =SUM(R14:R17) -> 0 | S61: de 7:00 à 8:00 | U61: =SUM(C61:R61)+SUM(C73:R73) -> 37 | V61: =IF(U61=0,0,V73/U61) -> 0.7027027 | W61: =IF(U61=0,0,W73/U61) -> 0.13513514 | X61: =IF(W73=0,0,X73/W73) -> 1 | Y61: =IF(U61=0,0,Y73/U61) -> 0.89189189
A62: de 7:30 à 8:30 | C62: =SUM(C16:C19) -> 0 | D62: =SUM(D16:D19) -> 0 | E62: =SUM(E16:E19) -> 0 | F62: =SUM(F16:F19) -> 0 | G62: =SUM(G16:G19) -> 1 | H62: =SUM(H16:H19) -> 2 | I62: =SUM(I16:I19) -> 0 | J62: =SUM(J16:J19) -> 0 | ... R62: =SUM(R16:R19) -> 0 | S62: de 7:30 à 8:30 | U62: =SUM(C62:R62)+SUM(C74:R74) -> 34 | V62: =IF(U62=0,0,V74/U62) -> 0.76470588 | W62: =IF(U62=0,0,W74/U62) -> 0.29411765 | X62: =IF(W74=0,0,X74/W74) -> 0.8 | Y62: =IF(U62=0,0,Y74/U62) -> 0.82352941
A63: de 8:00 à 9:00 | C63: =SUM(C18:C21) -> 0 | D63: =SUM(D18:D21) -> 0 | E63: =SUM(E18:E21) -> 0 | F63: =SUM(F18:F21) -> 0 | G63: =SUM(G18:G21) -> 1 | H63: =SUM(H18:H21) -> 1 | I63: =SUM(I18:I21) -> 0 | J63: =SUM(J18:J21) -> 0 | ... R63: =SUM(R18:R21) -> 0 | S63: de 8:00 à 9:00 | U63: =SUM(C63:R63)+SUM(C75:R75) -> 13 | V63: =IF(U63=0,0,V75/U63) -> 0.61538462 | W63: =IF(U63=0,0,W75/U63) -> 0.46153846 | X63: =IF(W75=0,0,X75/W75) -> 0.66666667 | Y63: =IF(U63=0,0,Y75/U63) -> 0.76923077
A64: de 8:30 à 9:30 | C64: =SUM(C20:C23) -> 0 | D64: =SUM(D20:D23) -> 0 | E64: =SUM(E20:E23) -> 0 | F64: =SUM(F20:F23) -> 0 | G64: =SUM(G20:G23) -> 0 | H64: =SUM(H20:H23) -> 0 | I64: =SUM(I20:I23) -> 0 | J64: =SUM(J20:J23) -> 0 | ... R64: =SUM(R20:R23) -> 0 | S64: de 8:30 à 9:30 | U64: =SUM(C64:R64)+SUM(C76:R76) -> 0 | V64: =IF(U64=0,0,V76/U64) -> 0 | W64: =IF(U64=0,0,W76/U64) -> 0 | X64: =IF(W76=0,0,X76/W76) -> 0 | Y64: =IF(U64=0,0,Y76/U64) -> 0
A65: TOTAL | C65: =SUM(C12:C23) -> 0 | D65: =SUM(D12:D23) -> 0 | E65: =SUM(E12:E23) -> 0 | F65: =SUM(F12:F23) -> 0 | G65: =SUM(G12:G23) -> 1 | H65: =SUM(H12:H23) -> 2 | I65: =SUM(I12:I23) -> 0 | J65: =SUM(J12:J23) -> 0 | ... R65: =SUM(R12:R23) -> 0 | S65: TOTAL | U65: =SUM(C65:R65)+SUM(C77:R77) -> 50 | V65: =IF(U65=0,0,V77/U65) -> 0.68 | W65: =IF(U65=0,0,W77/U65) -> 0.22 | X65: =IF(W77=0,0,X77/W77) -> 0.81818182 | Y65: =IF(U65=0,0,Y77/U65) -> 0.86
A66: =IF($U$60=MAX($U$60:$U$64),A60,IF($U$61=MAX($U$60:$U$64),A61,IF($U$62=MAX($U$60:$U$64),A62,IF($U$63=MAX($U$60:$U$64),A63,A64)))) -> de 7:00 à 8:00 | C66: =IF($U$60=MAX($U$60:$U$64),C60,IF($U$61=MAX($U$60:$U$64),C61,IF($U$62=MAX($U$60:$U$64),C62,IF($U$63=MAX($U$60:$U$64),(C63),C64)))) -> 0 | D66: =IF($U$60=MAX($U$60:$U$64),D60,IF($U$61=MAX($U$60:$U$64),D61,IF($U$62=MAX($U$60:$U$64),D62,IF($U$63=MAX($U$60:$U$64),(D63),D64)))) -> 0 | E66: =IF($U$60=MAX($U$60:$U$64),E60,IF($U$61=MAX($U$60:$U$64),E61,IF($U$62=MAX($U$60:$U$64),E62,IF($U$63=MAX($U$60:$U$64),(E63),E64)))) -> 0 | F66: =IF($U$60=MAX($U$60:$U$64),F60,IF($U$61=MAX($U$60:$U$64),F61,IF($U$62=MAX($U$60:$U$64),F62,IF($U$63=MAX($U$60:$U$64),(F63),F64)))) -> 0 | G66: =IF($U$60=MAX($U$60:$U$64),G60,IF($U$61=MAX($U$60:$U$64),G61,IF($U$62=MAX($U$60:$U$64),G62,IF($U$63=MAX($U$60:$U$64),(G63),G64)))) -> 0 | H66: =IF($U$60=MAX($U$60:$U$64),H60,IF($U$61=MAX($U$60:$U$64),H61,IF($U$62=MAX($U$60:$U$64),H62,IF($U$63=MAX($U$60:$U$64),(H63),H64)))) -> 1 | I66: =IF($U$60=MAX($U$60:$U$64),I60,IF($U$61=MAX($U$60:$U$64),I61,IF($U$62=MAX($U$60:$U$64),I62,IF($U$63=MAX($U$60:$U$64),(I63),I64)))) -> 0 | J66: =IF($U$60=MAX($U$60:$U$64),J60,IF($U$61=MAX($U$60:$U$64),J61,IF($U$62=MAX($U$60:$U$64),J62,IF($U$63=MAX($U$60:$U$64),(J63),J64)))) -> 0 | ... R66: =IF($U$60=MAX($U$60:$U$64),R60,IF($U$61=MAX($U$60:$U$64),R61,IF($U$62=MAX($U$60:$U$64),R62,IF($U$63=MAX($U$60:$U$64),(R63),R64)))) -> 0 | S66: =IF($U$60=MAX($U$60:$U$64),A60,IF($U$61=MAX($U$60:$U$64),A61,IF($U$62=MAX($U$60:$U$64),A62,IF($U$63=MAX($U$60:$U$64),A63,A64)))) -> de 7:00 à 8:00 | U66: =IF($U$60=MAX($U$60:$U$64),U60,IF($U$61=MAX($U$60:$U$64),U61,IF($U$62=MAX($U$60:$U$64),U62,IF($U$63=MAX($U$60:$U$64),(U63),U64)))) -> 37 | V66: =IF(U66=0,0,V78/U66) -> 0.7027027 | W66: =IF(U66=0,0,W78/U66) -> 0.13513514 | X66: =IF(W78=0,0,X78/W78) -> 1 | Y66: =IF(U66=0,0,Y78/U66) -> 0.89189189
C68: =C32 -> Depuis 'Reignier' | K68: =K32 -> Depuis 'Monnetier - La Muraz' | V68: Nombre de VAE dans le total | W68: Nombre de femmes dans le total | X68: Nombre de VAE chez les femmes | Y68: Cycles en direction d'Annemasse-Genève
C69: =C33 -> vers 'Château d'Etrembières' | G69: =G33 -> vers 'Etrembières - Autoroute' | K69: =K33 -> vers 'Château d'Etrembières' | O69: =O33 -> vers 'Etrembières - Autoroute'
C70: H | E70: F | G70: H | I70: F | K70: H | M70: F | O70: H | Q70: F
A71: Période | C71: VAE | D71: vélo | E71: VAE | F71: vélo | G71: VAE | H71: vélo | I71: VAE | J71: vélo | K71: VAE | L71: vélo | M71: VAE | N71: vélo | O71: VAE | P71: vélo | Q71: VAE | R71: vélo
A72: de 6:30 à 7:30 | C72: =SUM(C36:C39) -> 3 | D72: =SUM(D36:D39) -> 3 | E72: =SUM(E36:E39) -> 0 | F72: =SUM(F36:F39) -> 0 | G72: =SUM(G36:G39) -> 0 | H72: =SUM(H36:H39) -> 2 | I72: =SUM(I36:I39) -> 0 | J72: =SUM(J36:J39) -> 0 | ... R72: =SUM(R36:R39) -> 0 | V72: =(C60+E60+G60+I60+K60+M60+O60+Q60+C72+E72+G72+I72+K72+M72+O72+Q72) -> 8 | W72: =(E60+F60+I60+J60+M60+N60+Q60+R60+E72+F72+I72+J72+M72+N72+Q72+R72) -> 1 | X72: =(E60+I60+M60+Q60+E72+I72+M72+Q72) -> 1 | Y72: =SUM(C72:R72) -> 15
A73: de 7:00 à 8:00 | C73: =SUM(C38:C41) -> 4 | D73: =SUM(D38:D41) -> 4 | E73: =SUM(E38:E41) -> 0 | F73: =SUM(F38:F41) -> 0 | G73: =SUM(G38:G41) -> 3 | H73: =SUM(H38:H41) -> 3 | I73: =SUM(I38:I41) -> 1 | J73: =SUM(J38:J41) -> 0 | ... R73: =SUM(R38:R41) -> 0 | V73: =(C61+E61+G61+I61+K61+M61+O61+Q61+C73+E73+G73+I73+K73+M73+O73+Q73) -> 26 | W73: =(E61+F61+I61+J61+M61+N61+Q61+R61+E73+F73+I73+J73+M73+N73+Q73+R73) -> 5 | X73: =(E61+I61+M61+Q61+E73+I73+M73+Q73) -> 5 | Y73: =SUM(C73:R73) -> 33
A74: de 7:30 à 8:30 | C74: =SUM(C40:C43) -> 3 | D74: =SUM(D40:D43) -> 2 | E74: =SUM(E40:E43) -> 0 | F74: =SUM(F40:F43) -> 0 | G74: =SUM(G40:G43) -> 4 | H74: =SUM(H40:H43) -> 1 | I74: =SUM(I40:I43) -> 2 | J74: =SUM(J40:J43) -> 0 | ... R74: =SUM(R40:R43) -> 2 | V74: =(C62+E62+G62+I62+K62+M62+O62+Q62+C74+E74+G74+I74+K74+M74+O74+Q74) -> 26 | W74: =(E62+F62+I62+J62+M62+N62+Q62+R62+E74+F74+I74+J74+M74+N74+Q74+R74) -> 10 | X74: =(E62+I62+M62+Q62+E74+I74+M74+Q74) -> 8 | Y74: =SUM(C74:R74) -> 28
A75: de 8:00 à 9:00 | C75: =SUM(C42:C45) -> 2 | D75: =SUM(D42:D45) -> 1 | E75: =SUM(E42:E45) -> 0 | F75: =SUM(F42:F45) -> 0 | G75: =SUM(G42:G45) -> 1 | H75: =SUM(H42:H45) -> 0 | I75: =SUM(I42:I45) -> 1 | J75: =SUM(J42:J45) -> 0 | ... R75: =SUM(R42:R45) -> 2 | V75: =(C63+E63+G63+I63+K63+M63+O63+Q63+C75+E75+G75+I75+K75+M75+O75+Q75) -> 8 | W75: =(E63+F63+I63+J63+M63+N63+Q63+R63+E75+F75+I75+J75+M75+N75+Q75+R75) -> 6 | X75: =(E63+I63+M63+Q63+E75+I75+M75+Q75) -> 4 | Y75: =SUM(C75:R75) -> 10
A76: de 8:30 à 9:30 | C76: =SUM(C44:C47) -> 0 | D76: =SUM(D44:D47) -> 0 | E76: =SUM(E44:E47) -> 0 | F76: =SUM(F44:F47) -> 0 | G76: =SUM(G44:G47) -> 0 | H76: =SUM(H44:H47) -> 0 | I76: =SUM(I44:I47) -> 0 | J76: =SUM(J44:J47) -> 0 | ... R76: =SUM(R44:R47) -> 0 | V76: =(C64+E64+G64+I64+K64+M64+O64+Q64+C76+E76+G76+I76+K76+M76+O76+Q76) -> 0 | W76: =(E64+F64+I64+J64+M64+N64+Q64+R64+E76+F76+I76+J76+M76+N76+Q76+R76) -> 0 | X76: =(E64+I64+M64+Q64+E76+I76+M76+Q76) -> 0 | Y76: =SUM(C76:R76) -> 0
A77: TOTAL | C77: =SUM(C36:C47) -> 6 | D77: =SUM(D36:D47) -> 5 | E77: =SUM(E36:E47) -> 0 | F77: =SUM(F36:F47) -> 0 | G77: =SUM(G36:G47) -> 4 | H77: =SUM(H36:H47) -> 3 | I77: =SUM(I36:I47) -> 2 | J77: =SUM(J36:J47) -> 0 | ... R77: =SUM(R36:R47) -> 2 | V77: =(C65+E65+G65+I65+K65+M65+O65+Q65+C77+E77+G77+I77+K77+M77+O77+Q77) -> 34 | W77: =(E65+F65+I65+J65+M65+N65+Q65+R65+E77+F77+I77+J77+M77+N77+Q77+R77) -> 11 | X77: =(E65+I65+M65+Q65+E77+I77+M77+Q77) -> 9 | Y77: =SUM(C77:R77) -> 43
A78: =IF($U$60=MAX($U$60:$U$64),A72,IF($U$61=MAX($U$60:$U$64),A73,IF($U$62=MAX($U$60:$U$64),A74,IF($U$63=MAX($U$60:$U$64),A75,A76)))) -> de 7:00 à 8:00 | C78: =IF($U$60=MAX($U$60:$U$64),C72,IF($U$61=MAX($U$60:$U$64),C73,IF($U$62=MAX($U$60:$U$64),C74,IF($U$63=MAX($U$60:$U$64),C75,C76)))) -> 4 | D78: =IF($U$60=MAX($U$60:$U$64),D72,IF($U$61=MAX($U$60:$U$64),D73,IF($U$62=MAX($U$60:$U$64),D74,IF($U$63=MAX($U$60:$U$64),D75,D76)))) -> 4 | E78: =IF($U$60=MAX($U$60:$U$64),E72,IF($U$61=MAX($U$60:$U$64),E73,IF($U$62=MAX($U$60:$U$64),E74,IF($U$63=MAX($U$60:$U$64),E75,E76)))) -> 0 | F78: =IF($U$60=MAX($U$60:$U$64),F72,IF($U$61=MAX($U$60:$U$64),F73,IF($U$62=MAX($U$60:$U$64),F74,IF($U$63=MAX($U$60:$U$64),F75,F76)))) -> 0 | G78: =IF($U$60=MAX($U$60:$U$64),G72,IF($U$61=MAX($U$60:$U$64),G73,IF($U$62=MAX($U$60:$U$64),G74,IF($U$63=MAX($U$60:$U$64),G75,G76)))) -> 3 | H78: =IF($U$60=MAX($U$60:$U$64),H72,IF($U$61=MAX($U$60:$U$64),H73,IF($U$62=MAX($U$60:$U$64),H74,IF($U$63=MAX($U$60:$U$64),H75,H76)))) -> 3 | I78: =IF($U$60=MAX($U$60:$U$64),I72,IF($U$61=MAX($U$60:$U$64),I73,IF($U$62=MAX($U$60:$U$64),I74,IF($U$63=MAX($U$60:$U$64),I75,I76)))) -> 1 | J78: =IF($U$60=MAX($U$60:$U$64),J72,IF($U$61=MAX($U$60:$U$64),J73,IF($U$62=MAX($U$60:$U$64),J74,IF($U$63=MAX($U$60:$U$64),J75,J76)))) -> 0 | ... R78: =IF($U$60=MAX($U$60:$U$64),R72,IF($U$61=MAX($U$60:$U$64),R73,IF($U$62=MAX($U$60:$U$64),R74,IF($U$63=MAX($U$60:$U$64),R75,R76)))) -> 0 | V78: =(C66+E66+G66+I66+K66+M66+O66+Q66+C78+E78+G78+I78+K78+M78+O78+Q78) -> 26 | W78: =(E66+F66+I66+J66+M66+N66+Q66+R66+E78+F78+I78+J78+M78+N78+Q78+R78) -> 5 | X78: =(E66+I66+M66+Q66+E78+I78+M78+Q78) -> 5 | Y78: =SUM(C78:R78) -> 33

Sheet ETR_Château
A1: Lieu : | B1: ETREMBIERES_Rte de St-Julien / Rte du Salève (sous château) | M1: Date : | N1: mardi 31 mai 2022
A2: Nom des personnes participant au comptage : | G2: Philippe LEMOINE
A3: Météo :
A4: Remarques : | C4: Aucun vélo n'est allé en direction du nouveau chemin du pied du Salève (qui rejoint Le Pas-de-L'Echelle)
A5: Méthodologie : | C5: Pour chaque intervalle de temps, marquer une seule croix par personne comptée
C6: Si c'est enfant, remplacer la croix par E, une trottinette T, un piéton P, etc.
C8: Depuis 'Pas-de-l'Echelle' | K8: Depuis 'Annemasse' | S8: Depuis 'Reignier'
C9: vers 'Reignier' | G9: vers 'Annemasse' | K9: vers 'Reignier' | O9: vers 'Pas-de-l'Echelle' | S9: vers 'Pas-de-l'Echelle' | W9: vers 'Annemasse'
C10: H | E10: F | G10: H | I10: F | K10: H | M10: F | O10: H | Q10: F | S10: H | U10: F | W10: H | Y10: F
A11: Heure | B11: Minute | C11: VAE | D11: vélo | E11: VAE | F11: vélo | G11: VAE | H11: vélo | I11: VAE | J11: vélo | K11: VAE | L11: vélo | M11: VAE | N11: vélo | O11: VAE | P11: vélo | Q11: VAE | R11: vélo | S11: VAE | T11: vélo | U11: VAE | V11: vélo | W11: VAE | X11: vélo | Y11: VAE | Z11: vélo
A12: 6 | B12: 30 – 44'59
B13: 45 – 59'59
A14: 7 | B14: 00 – 14'59 | P14: 1 | S14: 1 | T14: 2
B15: 15 – 29'59 | O15: 1 | P15: 1 | S15: 1 | T15: 2 | U15: 1
B16: 30 – 44'59 | D16: 1 | S16: 1
B17: 45 – 59'59 | T17: 3 | U17: 2
A18: 8 | B18: 00 – 14'59 | T18: 1 | U18: 1
B19: 15 – 29'59 | C19: 1 | P19: 1 | R19: 1 | S19: 2 | T19: 1 | V19: 1
B20: 30 – 44'59
B21: 45 – 59'59
A22: 9 | B22: 00 – 14'59
B23: 15 – 29'59
A25: Lieu : | B25: =B1 -> ETREMBIERES_Rte de St-Julien / Rte du Salève (sous château) | M25: Date : | N25: =N1 -> mardi 31 mai 2022 | AA25: Lieu : | AB25: =B25 -> ETREMBIERES_Rte de St-Julien / Rte du Salève (sous château) | AG25: Date : | AH25: =N25 -> mardi 31 mai 2022
A26: Nom des personnes participant au comptage : | G26: =G2 -> Philippe LEMOINE | AA26: Nom des personnes participant au comptage : | AE26: =G26 -> Philippe LEMOINE
A27: Météo : | C27: =C3 -> 0 | AA27: Météo : | AC27: =C27 -> 0
A28: Remarques : | C28: =C4 -> Aucun vélo n'est allé en direction du nouveau chemin du pied du Salève (qui rejoint Le Pas-de-L'Echelle) | AA28: Remarques : | AC28: =C28 -> Aucun vélo n'est allé en direction du nouveau chemin du pied du Salève (qui rejoint Le Pas-de-L'Echelle)
C32: =C8 -> Depuis 'Pas-de-l'Echelle' | K32: =K8 -> Depuis 'Annemasse' | S32: =S8 -> Depuis 'Reignier' | AC32: TOTAL | AD32: Part des VAE dans le total | AE32: Part des femmes dans le total | AF32: Part des VAE chez les femmes | AG32: Part en direction d'Annemasse-Genève | AH32: Cycles en provenance de Reignier | AI32: Cycles comptés au carrefour amont (PN93) | AJ32: Différence de cycles entre ces deux carrefour : >> descendus au chemin raide sous le cimetière, >> parti en vélo depuis le parking du cimetière ?
C33: =C9 -> vers 'Reignier' | G33: =G9 -> vers 'Annemasse' | K33: =K9 -> vers 'Reignier' | O33: =O9 -> vers 'Pas-de-l'Echelle' | S33: =S9 -> vers 'Pas-de-l'Echelle' | W33: =W9 -> vers 'Annemasse'
C34: H | E34: F | G34: H | I34: F | K34: H | M34: F | O34: H | Q34: F | S34: H | U34: F | W34: H | Y34: F
A35: Période | C35: VAE | D35: vélo | E35: VAE | F35: vélo | G35: VAE | H35: vélo | I35: VAE | J35: vélo | K35: VAE | L35: vélo | M35: VAE | N35: vélo | O35: VAE | P35: vélo | Q35: VAE | R35: vélo | S35: VAE | T35: vélo | U35: VAE | V35: vélo | W35: VAE | X35: vélo | Y35: VAE | Z35: vélo | AA35: Période
A36: de 6:30 à 7:30 | C36: =SUM(C12:C15) -> 0 | D36: =SUM(D12:D15) -> 0 | E36: =SUM(E12:E15) -> 0 | F36: =SUM(F12:F15) -> 0 | G36: =SUM(G12:G15) -> 0 | H36: =SUM(H12:H15) -> 0 | I36: =SUM(I12:I15) -> 0 | J36: =SUM(J12:J15) -> 0 | ... Z36: =SUM(Z12:Z15) -> 0 | AA36: de 6:30 à 7:30 | AC36: =SUM(C36:Z36) -> 10 | AD36: =IF(AC36=0,0,AD48/AC36) -> 0.4 | AE36: =IF(AC36=0,0,AE48/AC36) -> 0.1 | AF36: =IF(AE48=0,0,AF48/AE48) -> 1 | AG36: =IF(AC36=0,0,AG48/AC36) -> 1 | AH36: =SUM(S36:Z36) -> 7 | AI36: ='ETR_D2 (ex-PN93)'!Y72 -> 15 | AJ36: =AI36-AH36 -> 8
A37: de 7:00 à 8:00 | C37: =SUM(C14:C17) -> 0 | D37: =SUM(D14:D17) -> 1 | E37: =SUM(E14:E17) -> 0 | F37: =SUM(F14:F17) -> 0 | G37: =SUM(G14:G17) -> 0 | H37: =SUM(H14:H17) -> 0 | I37: =SUM(I14:I17) -> 0 | J37: =SUM(J14:J17) -> 0 | ... Z37: =SUM(Z14:Z17) -> 0 | AA37: de 7:00 à 8:00 | AC37: =SUM(C37:Z37) -> 17 | AD37: =IF(AC37=0,0,AD49/AC37) -> 0.41176471 | AE37: =IF(AC37=0,0,AE49/AC37) -> 0.17647059 | AF37: =IF(AE49=0,0,AF49/AE49) -> 1 | AG37: =IF(AC37=0,0,AG49/AC37) -> 0.94117647 | AH37: =SUM(S37:Z37) -> 13 | AI37: ='ETR_D2 (ex-PN93)'!Y73 -> 33 | AJ37: =AI37-AH37 -> 20
A38: de 7:30 à 8:30 | C38: =SUM(C16:C19) -> 1 | D38: =SUM(D16:D19) -> 1 | E38: =SUM(E16:E19) -> 0 | F38: =SUM(F16:F19) -> 0 | G38: =SUM(G16:G19) -> 0 | H38: =SUM(H16:H19) -> 0 | I38: =SUM(I16:I19) -> 0 | J38: =SUM(J16:J19) -> 0 | ... Z38: =SUM(Z16:Z19) -> 0 | AA38: de 7:30 à 8:30 | AC38: =SUM(C38:Z38) -> 16 | AD38: =IF(AC38=0,0,AD50/AC38) -> 0.4375 | AE38: =IF(AC38=0,0,AE50/AC38) -> 0.3125 | AF38: =IF(AE50=0,0,AF50/AE50) -> 0.6 | AG38: =IF(AC38=0,0,AG50/AC38) -> 0.875 | AH38: =SUM(S38:Z38) -> 12 | AI38: ='ETR_D2 (ex-PN93)'!Y74 -> 28 | AJ38: =AI38-AH38 -> 16
A39: de 8:00 à 9:00 | C39: =SUM(C18:C21) -> 1 | D39: =SUM(D18:D21) -> 0 | E39: =SUM(E18:E21) -> 0 | F39: =SUM(F18:F21) -> 0 | G39: =SUM(G18:G21) -> 0 | H39: =SUM(H18:H21) -> 0 | I39: =SUM(I18:I21) -> 0 | J39: =SUM(J18:J21) -> 0 | ... Z39: =SUM(Z18:Z21) -> 0 | AA39: de 8:00 à 9:00 | AC39: =SUM(C39:Z39) -> 9 | AD39: =IF(AC39=0,0,AD51/AC39) -> 0.44444444 | AE39: =IF(AC39=0,0,AE51/AC39) -> 0.33333333 | AF39: =IF(AE51=0,0,AF51/AE51) -> 0.33333333 | AG39: =IF(AC39=0,0,AG51/AC39) -> 0.88888889 | AH39: =SUM(S39:Z39) -> 6 | AI39: ='ETR_D2 (ex-PN93)'!Y77 -> 43 | AJ39: =AI39-AH39 -> 37
A40: de 8:30 à 9:30 | C40: =SUM(C20:C23) -> 0 | D40: =SUM(D20:D23) -> 0 | E40: =SUM(E20:E23) -> 0 | F40: =SUM(F20:F23) -> 0 | G40: =SUM(G20:G23) -> 0 | H40: =SUM(H20:H23) -> 0 | I40: =SUM(I20:I23) -> 0 | J40: =SUM(J20:J23) -> 0 | ... Z40: =SUM(Z20:Z23) -> 0 | AA40: de 8:30 à 9:30 | AC40: =SUM(C40:Z40) -> 0 | AD40: =IF(AC40=0,0,AD52/AC40) -> 0 | AE40: =IF(AC40=0,0,AE52/AC40) -> 0 | AF40: =IF(AE52=0,0,AF52/AE52) -> 0 | AG40: =IF(AC40=0,0,AG52/AC40) -> 0 | AH40: =SUM(S40:Z40) -> 0 | AI40: ='ETR_D2 (ex-PN93)'!Y78 -> 33 | AJ40: =AI40-AH40 -> 33
A41: TOTAL | C41: =SUM(C12:C23) -> 1 | D41: =SUM(D12:D23) -> 1 | E41: =SUM(E12:E23) -> 0 | F41: =SUM(F12:F23) -> 0 | G41: =SUM(G12:G23) -> 0 | H41: =SUM(H12:H23) -> 0 | I41: =SUM(I12:I23) -> 0 | J41: =SUM(J12:J23) -> 0 | ... Z41: =SUM(Z12:Z23) -> 0 | AA41: TOTAL | AC41: =SUM(C41:Z41) -> 26 | AD41: =IF(AC41=0,0,AD53/AC41) -> 0.42307692 | AE41: =IF(AC41=0,0,AE53/AC41) -> 0.23076923 | AF41: =IF(AE53=0,0,AF53/AE53) -> 0.66666667 | AG41: =IF(AC41=0,0,AG53/AC41) -> 0.92307692 | AH41: =SUM(S41:Z41) -> 19 | AI41: ='ETR_D2 (ex-PN93)'!Y77 -> 43 | AJ41: =AI41-AH41 -> 24
A42: =IF($AC$36=MAX($AC$36:$AC$40),A36,IF($AC$37=MAX($AC$36:$AC$40),A37,IF($AC$38=MAX($AC$36:$AC$40),A38,IF($AC$39=MAX($AC$36:$AC$40),A39,A40)))) -> de 7:00 à 8:00 | C42: =IF($AC$36=MAX($AC$36:$AC$40),C36,IF($AC$37=MAX($AC$36:$AC$40),C37,IF($AC$38=MAX($AC$36:$AC$40),C38,IF($AC$39=MAX($AC$36:$AC$40),C39,C40)))) -> 0 | D42: =IF($AC$36=MAX($AC$36:$AC$40),D36,IF($AC$37=MAX($AC$36:$AC$40),D37,IF($AC$38=MAX($AC$36:$AC$40),D38,IF($AC$39=MAX($AC$36:$AC$40),D39,D40)))) -> 1 | E42: =IF($AC$36=MAX($AC$36:$AC$40),E36,IF($AC$37=MAX($AC$36:$AC$40),E37,IF($AC$38=MAX($AC$36:$AC$40),E38,IF($AC$39=MAX($AC$36:$AC$40),E39,E40)))) -> 0 | F42: =IF($AC$36=MAX($AC$36:$AC$40),F36,IF($AC$37=MAX($AC$36:$AC$40),F37,IF($AC$38=MAX($AC$36:$AC$40),F38,IF($AC$39=MAX($AC$36:$AC$40),F39,F40)))) -> 0 | G42: =IF($AC$36=MAX($AC$36:$AC$40),G36,IF($AC$37=MAX($AC$36:$AC$40),G37,IF($AC$38=MAX($AC$36:$AC$40),G38,IF($AC$39=MAX($AC$36:$AC$40),G39,G40)))) -> 0 | H42: =IF($AC$36=MAX($AC$36:$AC$40),H36,IF($AC$37=MAX($AC$36:$AC$40),H37,IF($AC$38=MAX($AC$36:$AC$40),H38,IF($AC$39=MAX($AC$36:$AC$40),H39,H40)))) -> 0 | I42: =IF($AC$36=MAX($AC$36:$AC$40),I36,IF($AC$37=MAX($AC$36:$AC$40),I37,IF($AC$38=MAX($AC$36:$AC$40),I38,IF($AC$39=MAX($AC$36:$AC$40),I39,I40)))) -> 0 | J42: =IF($AC$36=MAX($AC$36:$AC$40),J36,IF($AC$37=MAX($AC$36:$AC$40),J37,IF($AC$38=MAX($AC$36:$AC$40),J38,IF($AC$39=MAX($AC$36:$AC$40),J39,J40)))) -> 0 | ... Z42: =IF($AC$36=MAX($AC$36:$AC$40),Z36,IF($AC$37=MAX($AC$36:$AC$40),Z37,IF($AC$38=MAX($AC$36:$AC$40),Z38,IF($AC$39=MAX($AC$36:$AC$40),Z39,Z40)))) -> 0 | AA42: =A42 -> de 7:00 à 8:00 | AC42: =SUM(C42:Z42) -> 17 | AD42: =IF(AC42=0,0,AD54/AC42) -> 0.41176471 | AE42: =IF(AC42=0,0,AE54/AC42) -> 0.17647059 | AF42: =IF(AE54=0,0,AF54/AE54) -> 1 | AG42: =IF(AC42=0,0,AG54/AC42) -> 0.94117647 | AH42: =SUM(S42:Z42) -> 13 | AI42: ='ETR_D2 (ex-PN93)'!Y78 -> 33 | AJ42: =AI42-AH42 -> 20
AD44: Nombre de VAE dans le total | AE44: Nombre de femmes dans le total | AF44: Nombre de VAE chez les femmes | AG44: Cycles en direction d'Annemasse-Genève
AD48: =(C36+E36+G36+I36+K36+M36+O36+Q36+S36+U36+W36+Y36) -> 4 | AE48: =(E36+F36+I36+J36+M36+N36+Q36+R36+U36+V36+Y36+Z36) -> 1 | AF48: =(E36+I36+M36+Q36+U36+Y36) -> 1 | AG48: =SUM(G36:J36,O36:Z36) -> 10
AD49: =(C37+E37+G37+I37+K37+M37+O37+Q37+S37+U37+W37+Y37) -> 7 | AE49: =(E37+F37+I37+J37+M37+N37+Q37+R37+U37+V37+Y37+Z37) -> 3 | AF49: =(E37+I37+M37+Q37+U37+Y37) -> 3 | AG49: =SUM(G37:J37,O37:Z37) -> 16
AD50: =(C38+E38+G38+I38+K38+M38+O38+Q38+S38+U38+W38+Y38) -> 7 | AE50: =(E38+F38+I38+J38+M38+N38+Q38+R38+U38+V38+Y38+Z38) -> 5 | AF50: =(E38+I38+M38+Q38+U38+Y38) -> 3 | AG50: =SUM(G38:J38,O38:Z38) -> 14
AD51: =(C39+E39+G39+I39+K39+M39+O39+Q39+S39+U39+W39+Y39) -> 4 | AE51: =(E39+F39+I39+J39+M39+N39+Q39+R39+U39+V39+Y39+Z39) -> 3 | AF51: =(E39+I39+M39+Q39+U39+Y39) -> 1 | AG51: =SUM(G39:J39,O39:Z39) -> 8
AD52: =(C40+E40+G40+I40+K40+M40+O40+Q40+S40+U40+W40+Y40) -> 0 | AE52: =(E40+F40+I40+J40+M40+N40+Q40+R40+U40+V40+Y40+Z40) -> 0 | AF52: =(E40+I40+M40+Q40+U40+Y40) -> 0 | AG52: =SUM(G40:J40,O40:Z40) -> 0
AD53: =(C41+E41+G41+I41+K41+M41+O41+Q41+S41+U41+W41+Y41) -> 11 | AE53: =(E41+F41+I41+J41+M41+N41+Q41+R41+U41+V41+Y41+Z41) -> 6 | AF53: =(E41+I41+M41+Q41+U41+Y41) -> 4 | AG53: =SUM(G41:J41,O41:Z41) -> 24
AD54: =(C42+E42+G42+I42+K42+M42+O42+Q42+S42+U42+W42+Y42) -> 7 | AE54: =(E42+F42+I42+J42+M42+N42+Q42+R42+U42+V42+Y42+Z42) -> 3 | AF54: =(E42+I42+M42+Q42+U42+Y42) -> 3 | AG54: =SUM(G42:J42,O42:Z42) -> 16

Sheet SCI_Bellecombe
A1: Lieu : | B1: SCIENTRIER_Carrefour vers la Tour de Bellecombe | M1: Date : | N1: mardi 31 mai 2022
A2: Nom des personnes participant au comptage :
A3: Météo :
A4: Remarques :
A5: Méthodologie : | C5: Pour chaque intervalle de temps, marquer une seule croix par personne comptée
C6: Si c'est enfant, remplacer la croix par E, une trottinette T, un piéton P, etc.
C8: Depuis 'La Roche' | K8: Depuis 'Reignier' | S8: Depuis 'Findrol'
C9: vers 'Reignier' | G9: vers 'Findrol' | K9: vers 'Findrol' | O9: vers 'La Roche' | S9: vers 'Reignier' | W9: vers 'La Roche'
C10: H | E10: F | G10: H | I10: F | K10: H | M10: F | O10: H | Q10: F | S10: H | U10: F | W10: H | Y10: F
A11: Heure | B11: Minute | C11: VAE | D11: vélo | E11: VAE | F11: vélo | G11: VAE | H11: vélo | I11: VAE | J11: vélo | K11: VAE | L11: vélo | M11: VAE | N11: vélo | O11: VAE | P11: vélo | Q11: VAE | R11: vélo | S11: VAE | T11: vélo | U11: VAE | V11: vélo | W11: VAE | X11: vélo | Y11: VAE | Z11: vélo
A12: 6 | B12: 30 – 44'59
B13: 45 – 59'59
A14: 7 | B14: 00 – 14'59
B15: 15 – 29'59
B16: 30 – 44'59
B17: 45 – 59'59
A18: 8 | B18: 00 – 14'59
B19: 15 – 29'59
B20: 30 – 44'59
B21: 45 – 59'59
A22: 9 | B22: 00 – 14'59
B23: 15 – 29'59
A25: Lieu : | B25: =B1 -> SCIENTRIER_Carrefour vers la Tour de Bellecombe | M25: Date : | N25: =N1 -> mardi 31 mai 2022 | AA25: Lieu : | AB25: =B25 -> SCIENTRIER_Carrefour vers la Tour de Bellecombe | AG25: Date : | AH25: =N25 -> mardi 31 mai 2022
A26: Nom des personnes participant au comptage : | G26: =G2 -> 0 | AA26: Nom des personnes participant au comptage : | AE26: =G26 -> 0
A27: Météo : | C27: =C3 -> 0 | AA27: Météo : | AC27: =C27 -> 0
A28: Remarques : | C28: =C4 -> 0 | AA28: Remarques : | AC28: =C28 -> 0
C32: =C8 -> Depuis 'La Roche' | K32: =K8 -> Depuis 'Reignier' | S32: =S8 -> Depuis 'Findrol' | AC32: TOTAL | AD32: Part des VAE dans le total | AE32: Part des femmes dans le total | AF32: Part des VAE chez les femmes | AG32: Part en direction de Findrol | AH32: Part en provenance de La Roche | AI32: Part en provenance de Reignier | AJ32: Remarques
C33: =C9 -> vers 'Reignier' | G33: =G9 -> vers 'Findrol' | K33: =K9 -> vers 'Findrol' | O33: =O9 -> vers 'La Roche' | S33: =S9 -> vers 'Reignier' | W33: =W9 -> vers 'La Roche'
C34: H | E34: F | G34: H | I34: F | K34: H | M34: F | O34: H | Q34: F | S34: H | U34: F | W34: H | Y34: F
A35: Période | C35: VAE | D35: vélo | E35: VAE | F35: vélo | G35: VAE | H35: vélo | I35: VAE | J35: vélo | K35: VAE | L35: vélo | M35: VAE | N35: vélo | O35: VAE | P35: vélo | Q35: VAE | R35: vélo | S35: VAE | T35: vélo | U35: VAE | V35: vélo | W35: VAE | X35: vélo | Y35: VAE | Z35: vélo | AA35: Période
A36: de 6:30 à 7:30 | C36: =SUM(C12:C15) -> 0 | D36: =SUM(D12:D15) -> 0 | E36: =SUM(E12:E15) -> 0 | F36: =SUM(F12:F15) -> 0 | G36: =SUM(G12:G15) -> 0 | H36: =SUM(H12:H15) -> 0 | I36: =SUM(I12:I15) -> 0 | J36: =SUM(J12:J15) -> 0 | ... Z36: =SUM(Z12:Z15) -> 0 | AA36: de 6:30 à 7:30 | AC36: =SUM(C36:Z36) -> 0 | AD36: =IF(AC36=0,0,AD48/AC36) -> 0 | AE36: =IF(AC36=0,0,AE48/AC36) -> 0 | AF36: =IF(AE48=0,0,AF48/AE48) -> 0 | AG36: =IF(AC36=0,0,AG48/AC36) -> 0 | AH36: =IF(AC36=0,0,AH48/AC36) -> 0 | AI36: =IF(AC36=0,0,AI48/AC36) -> 0
A37: de 7:00 à 8:00 | C37: =SUM(C14:C17) -> 0 | D37: =SUM(D14:D17) -> 0 | E37: =SUM(E14:E17) -> 0 | F37: =SUM(F14:F17) -> 0 | G37: =SUM(G14:G17) -> 0 | H37: =SUM(H14:H17) -> 0 | I37: =SUM(I14:I17) -> 0 | J37: =SUM(J14:J17) -> 0 | ... Z37: =SUM(Z14:Z17) -> 0 | AA37: de 7:00 à 8:00 | AC37: =SUM(C37:Z37) -> 0 | AD37: =IF(AC37=0,0,AD49/AC37) -> 0 | AE37: =IF(AC37=0,0,AE49/AC37) -> 0 | AF37: =IF(AE49=0,0,AF49/AE49) -> 0 | AG37: =IF(AC37=0,0,AG49/AC37) -> 0 | AH37: =IF(AC37=0,0,AH49/AC37) -> 0 | AI37: =IF(AC37=0,0,AI49/AC37) -> 0
A38: de 7:30 à 8:30 | C38: =SUM(C16:C19) -> 0 | D38: =SUM(D16:D19) -> 0 | E38: =SUM(E16:E19) -> 0 | F38: =SUM(F16:F19) -> 0 | G38: =SUM(G16:G19) -> 0 | H38: =SUM(H16:H19) -> 0 | I38: =SUM(I16:I19) -> 0 | J38: =SUM(J16:J19) -> 0 | ... Z38: =SUM(Z16:Z19) -> 0 | AA38: de 7:30 à 8:30 | AC38: =SUM(C38:Z38) -> 0 | AD38: =IF(AC38=0,0,AD50/AC38) -> 0 | AE38: =IF(AC38=0,0,AE50/AC38) -> 0 | AF38: =IF(AE50=0,0,AF50/AE50) -> 0 | AG38: =IF(AC38=0,0,AG50/AC38) -> 0 | AH38: =IF(AC38=0,0,AH50/AC38) -> 0 | AI38: =IF(AC38=0,0,AI50/AC38) -> 0
A39: de 8:00 à 9:00 | C39: =SUM(C18:C21) -> 0 | D39: =SUM(D18:D21) -> 0 | E39: =SUM(E18:E21) -> 0 | F39: =SUM(F18:F21) -> 0 | G39: =SUM(G18:G21) -> 0 | H39: =SUM(H18:H21) -> 0 | I39: =SUM(I18:I21) -> 0 | J39: =SUM(J18:J21) -> 0 | ... Z39: =SUM(Z18:Z21) -> 0 | AA39: de 8:00 à 9:00 | AC39: =SUM(C39:Z39) -> 0 | AD39: =IF(AC39=0,0,AD51/AC39) -> 0 | AE39: =IF(AC39=0,0,AE51/AC39) -> 0 | AF39: =IF(AE51=0,0,AF51/AE51) -> 0 | AG39: =IF(AC39=0,0,AG51/AC39) -> 0 | AH39: =IF(AC39=0,0,AH51/AC39) -> 0 | AI39: =IF(AC39=0,0,AI51/AC39) -> 0
A40: de 8:30 à 9:30 | C40: =SUM(C20:C23) -> 0 | D40: =SUM(D20:D23) -> 0 | E40: =SUM(E20:E23) -> 0 | F40: =SUM(F20:F23) -> 0 | G40: =SUM(G20:G23) -> 0 | H40: =SUM(H20:H23) -> 0 | I40: =SUM(I20:I23) -> 0 | J40: =SUM(J20:J23) -> 0 | ... Z40: =SUM(Z20:Z23) -> 0 | AA40: de 8:30 à 9:30 | AC40: =SUM(C40:Z40) -> 0 | AD40: =IF(AC40=0,0,AD52/AC40) -> 0 | AE40: =IF(AC40=0,0,AE52/AC40) -> 0 | AF40: =IF(AE52=0,0,AF52/AE52) -> 0 | AG40: =IF(AC40=0,0,AG52/AC40) -> 0 | AH40: =IF(AC40=0,0,AH52/AC40) -> 0 | AI40: =IF(AC40=0,0,AI52/AC40) -> 0
A41: TOTAL | C41: =SUM(C12:C23) -> 0 | D41: =SUM(D12:D23) -> 0 | E41: =SUM(E12:E23) -> 0 | F41: =SUM(F12:F23) -> 0 | G41: =SUM(G12:G23) -> 0 | H41: =SUM(H12:H23) -> 0 | I41: =SUM(I12:I23) -> 0 | J41: =SUM(J12:J23) -> 0 | ... Z41: =SUM(Z12:Z23) -> 0 | AA41: TOTAL | AC41: =SUM(C41:Z41) -> 0 | AD41: =IF(AC41=0,0,AD53/AC41) -> 0 | AE41: =IF(AC41=0,0,AE53/AC41) -> 0 | AF41: =IF(AE53=0,0,AF53/AE53) -> 0 | AG41: =IF(AC41=0,0,AG53/AC41) -> 0 | AH41: =IF(AC41=0,0,AH53/AC41) -> 0 | AI41: =IF(AC41=0,0,AI53/AC41) -> 0
A42: =IF($AC$36=MAX($AC$36:$AC$40),A36,IF($AC$37=MAX($AC$36:$AC$40),A37,IF($AC$38=MAX($AC$36:$AC$40),A38,IF($AC$39=MAX($AC$36:$AC$40),A39,A40)))) -> de 6:30 à 7:30 | C42: =IF($AC$36=MAX($AC$36:$AC$40),C36,IF($AC$37=MAX($AC$36:$AC$40),C37,IF($AC$38=MAX($AC$36:$AC$40),C38,IF($AC$39=MAX($AC$36:$AC$40),C39,C40)))) -> 0 | D42: =IF($AC$36=MAX($AC$36:$AC$40),D36,IF($AC$37=MAX($AC$36:$AC$40),D37,IF($AC$38=MAX($AC$36:$AC$40),D38,IF($AC$39=MAX($AC$36:$AC$40),D39,D40)))) -> 0 | E42: =IF($AC$36=MAX($AC$36:$AC$40),E36,IF($AC$37=MAX($AC$36:$AC$40),E37,IF($AC$38=MAX($AC$36:$AC$40),E38,IF($AC$39=MAX($AC$36:$AC$40),E39,E40)))) -> 0 | F42: =IF($AC$36=MAX($AC$36:$AC$40),F36,IF($AC$37=MAX($AC$36:$AC$40),F37,IF($AC$38=MAX($AC$36:$AC$40),F38,IF($AC$39=MAX($AC$36:$AC$40),F39,F40)))) -> 0 | G42: =IF($AC$36=MAX($AC$36:$AC$40),G36,IF($AC$37=MAX($AC$36:$AC$40),G37,IF($AC$38=MAX($AC$36:$AC$40),G38,IF($AC$39=MAX($AC$36:$AC$40),G39,G40)))) -> 0 | H42: =IF($AC$36=MAX($AC$36:$AC$40),H36,IF($AC$37=MAX($AC$36:$AC$40),H37,IF($AC$38=MAX($AC$36:$AC$40),H38,IF($AC$39=MAX($AC$36:$AC$40),H39,H40)))) -> 0 | I42: =IF($AC$36=MAX($AC$36:$AC$40),I36,IF($AC$37=MAX($AC$36:$AC$40),I37,IF($AC$38=MAX($AC$36:$AC$40),I38,IF($AC$39=MAX($AC$36:$AC$40),I39,I40)))) -> 0 | J42: =IF($AC$36=MAX($AC$36:$AC$40),J36,IF($AC$37=MAX($AC$36:$AC$40),J37,IF($AC$38=MAX($AC$36:$AC$40),J38,IF($AC$39=MAX($AC$36:$AC$40),J39,J40)))) -> 0 | ... Z42: =IF($AC$36=MAX($AC$36:$AC$40),Z36,IF($AC$37=MAX($AC$36:$AC$40),Z37,IF($AC$38=MAX($AC$36:$AC$40),Z38,IF($AC$39=MAX($AC$36:$AC$40),Z39,Z40)))) -> 0 | AA42: =A42 -> de 6:30 à 7:30 | AC42: =SUM(C42:Z42) -> 0 | AD42: =IF(AC42=0,0,AD54/AC42) -> 0 | AE42: =IF(AC42=0,0,AE54/AC42) -> 0 | AF42: =IF(AE54=0,0,AF54/AE54) -> 0 | AG42: =IF(AC42=0,0,AG54/AC42) -> 0 | AH42: =IF(AC42=0,0,AH54/AC42) -> 0 | AI42: =IF(AC42=0,0,AI54/AC42) -> 0
AD44: Nombre de VAE dans le total | AE44: Nombre de femmes dans le total | AF44: Nombre de VAE chez les femmes | AG44: Cycles en direction de Findrol | AH44: Cycles en provenance de La Roche | AI44: Cycles en provenance de Reignier
AD48: =(C36+E36+G36+I36+K36+M36+O36+Q36+S36+U36+W36+Y36) -> 0 | AE48: =(E36+F36+I36+J36+M36+N36+Q36+R36+U36+V36+Y36+Z36) -> 0 | AF48: =(E36+I36+M36+Q36+U36+Y36) -> 0 | AG48: =SUM(G36:N36) -> 0 | AH48: =SUM(K36:R36) -> 0 | AI48: =SUM(C36:J36) -> 0
AD49: =(C37+E37+G37+I37+K37+M37+O37+Q37+S37+U37+W37+Y37) -> 0 | AE49: =(E37+F37+I37+J37+M37+N37+Q37+R37+U37+V37+Y37+Z37) -> 0 | AF49: =(E37+I37+M37+Q37+U37+Y37) -> 0 | AG49: =SUM(G37:N37) -> 0 | AH49: =SUM(K37:R37) -> 0 | AI49: =SUM(C37:J37) -> 0
AD50: =(C38+E38+G38+I38+K38+M38+O38+Q38+S38+U38+W38+Y38) -> 0 | AE50: =(E38+F38+I38+J38+M38+N38+Q38+R38+U38+V38+Y38+Z38) -> 0 | AF50: =(E38+I38+M38+Q38+U38+Y38) -> 0 | AG50: =SUM(G38:N38) -> 0 | AH50: =SUM(K38:R38) -> 0 | AI50: =SUM(C38:J38) -> 0
AD51: =(C39+E39+G39+I39+K39+M39+O39+Q39+S39+U39+W39+Y39) -> 0 | AE51: =(E39+F39+I39+J39+M39+N39+Q39+R39+U39+V39+Y39+Z39) -> 0 | AF51: =(E39+I39+M39+Q39+U39+Y39) -> 0 | AG51: =SUM(G39:N39) -> 0 | AH51: =SUM(K39:R39) -> 0 | AI51: =SUM(C39:J39) -> 0
AD52: =(C40+E40+G40+I40+K40+M40+O40+Q40+S40+U40+W40+Y40) -> 0 | AE52: =(E40+F40+I40+J40+M40+N40+Q40+R40+U40+V40+Y40+Z40) -> 0 | AF52: =(E40+I40+M40+Q40+U40+Y40) -> 0 | AG52: =SUM(G40:N40) -> 0 | AH52: =SUM(K40:R40) -> 0 | AI52: =SUM(C40:J40) -> 0
AD53: =(C41+E41+G41+I41+K41+M41+O41+Q41+S41+U41+W41+Y41) -> 0 | AE53: =(E41+F41+I41+J41+M41+N41+Q41+R41+U41+V41+Y41+Z41) -> 0 | AF53: =(E41+I41+M41+Q41+U41+Y41) -> 0 | AG53: =SUM(G41:N41) -> 0 | AH53: =SUM(K41:R41) -> 0 | AI53: =SUM(C41:J41) -> 0
AD54: =(C42+E42+G42+I42+K42+M42+O42+Q42+S42+U42+W42+Y42) -> 0 | AE54: =(E42+F42+I42+J42+M42+N42+Q42+R42+U42+V42+Y42+Z42) -> 0 | AF54: =(E42+I42+M42+Q42+U42+Y42) -> 0 | AG54: =SUM(G42:N42) -> 0 | AH54: =SUM(K42:R42) -> 0 | AI54: =SUM(C42:J42) -> 0

Sheet AM_Coriandre
A1: Lieu : | B1: AMANCY_Giratoire de la Coriandre | M1: Date : | N1: mardi 31 mai 2022
A2: Nom des personnes participant au comptage :
A3: Météo :
A4: Remarques :
A5: Méthodologie : | C5: Pour chaque intervalle de temps, marquer une seule croix par personne comptée
C6: Si c'est enfant, remplacer la croix par E, une trottinette T, un piéton P, etc.
C7: Indiquer aussi la lettre correspondant à la sortie : A-ANNECY / B-BIGAILLE / C-COLLEGE / I-INTERMARCHE / V-VETO / Z-ZA
C9: D'Intermarché | G9: de ZA | K9: de Bigaille | O9: d'Annecy | S9: de Véto | W9: de Collège
C10: H | E10: F | G10: H | I10: F | K10: H | M10: F | O10: H | Q10: F | S10: H | U10: F | W10: H | Y10: F
A11: Heure | B11: Minute | C11: VAE | D11: vélo | E11: VAE | F11: vélo | G11: VAE | H11: vélo | I11: VAE | J11: vélo | K11: VAE | L11: vélo | M11: VAE | N11: vélo | O11: VAE | P11: vélo | Q11: VAE | R11: vélo | S11: VAE | T11: vélo | U11: VAE | V11: vélo | W11: VAE | X11: vélo | Y11: VAE | Z11: vélo
A12: 6 | B12: 30 – 44'59
B13: 45 – 59'59
A14: 7 | B14: 00 – 14'59
B15: 15 – 29'59
B16: 30 – 44'59
B17: 45 – 59'59
A18: 8 | B18: 00 – 14'59
B19: 15 – 29'59
B20: 30 – 44'59
B21: 45 – 59'59
A22: 9 | B22: 00 – 14'59
B23: 15 – 29'59
A25: Lieu : | B25: =B1 -> AMANCY_Giratoire de la Coriandre | M25: Date : | N25: =N1 -> mardi 31 mai 2022 | AA25: Lieu : | AB25: =B25 -> AMANCY_Giratoire de la Coriandre | AG25: Date : | AH25: =N25 -> mardi 31 mai 2022
A26: Nom des personnes participant au comptage : | G26: =G2 -> 0 | AA26: Nom des personnes participant au comptage : | AE26: =G26 -> 0
A27: Météo : | C27: =C3 -> 0 | AA27: Météo : | AC27: =C27 -> 0
A28: Remarques : | C28: =C4 -> 0 | AA28: Remarques : | AC28: =C28 -> 0
AC32: TOTAL | AD32: Part des VAE dans le total | AE32: Part des femmes dans le total | AF32: Part des VAE chez les femmes
C33: =C9 -> D'Intermarché | G33: =G9 -> de ZA | K33: =K9 -> de Bigaille | O33: =O9 -> d'Annecy | S33: =S9 -> de Véto | W33: =W9 -> de Collège
C34: H | E34: F | G34: H | I34: F | K34: H | M34: F | O34: H | Q34: F | S34: H | U34: F | W34: H | Y34: F
A35: Période | C35: VAE | D35: vélo | E35: VAE | F35: vélo | G35: VAE | H35: vélo | I35: VAE | J35: vélo | K35: VAE | L35: vélo | M35: VAE | N35: vélo | O35: VAE | P35: vélo | Q35: VAE | R35: vélo | S35: VAE | T35: vélo | U35: VAE | V35: vélo | W35: VAE | X35: vélo | Y35: VAE | Z35: vélo | AA35: Période
A36: de 6:30 à 7:30 | C36: =SUM(C12:C15) -> 0 | D36: =SUM(D12:D15) -> 0 | E36: =SUM(E12:E15) -> 0 | F36: =SUM(F12:F15) -> 0 | G36: =SUM(G12:G15) -> 0 | H36: =SUM(H12:H15) -> 0 | I36: =SUM(I12:I15) -> 0 | J36: =SUM(J12:J15) -> 0 | ... Z36: =SUM(Z12:Z15) -> 0 | AA36: de 6:30 à 7:30 | AC36: =SUM(C36:Z36) -> 0 | AD36: =IF(AC36=0,0,AD48/AC36) -> 0 | AE36: =IF(AC36=0,0,AE48/AC36) -> 0 | AF36: =IF(AE48=0,0,AF48/AE48) -> 0
A37: de 7:00 à 8:00 | C37: =SUM(C14:C17) -> 0 | D37: =SUM(D14:D17) -> 0 | E37: =SUM(E14:E17) -> 0 | F37: =SUM(F14:F17) -> 0 | G37: =SUM(G14:G17) -> 0 | H37: =SUM(H14:H17) -> 0 | I37: =SUM(I14:I17) -> 0 | J37: =SUM(J14:J17) -> 0 | ... Z37: =SUM(Z14:Z17) -> 0 | AA37: de 7:00 à 8:00 | AC37: =SUM(C37:Z37) -> 0 | AD37: =IF(AC37=0,0,AD49/AC37) -> 0 | AE37: =IF(AC37=0,0,AE49/AC37) -> 0 | AF37: =IF(AE49=0,0,AF49/AE49) -> 0
A38: de 7:30 à 8:30 | C38: =SUM(C16:C19) -> 0 | D38: =SUM(D16:D19) -> 0 | E38: =SUM(E16:E19) -> 0 | F38: =SUM(F16:F19) -> 0 | G38: =SUM(G16:G19) -> 0 | H38: =SUM(H16:H19) -> 0 | I38: =SUM(I16:I19) -> 0 | J38: =SUM(J16:J19) -> 0 | ... Z38: =SUM(Z16:Z19) -> 0 | AA38: de 7:30 à 8:30 | AC38: =SUM(C38:Z38) -> 0 | AD38: =IF(AC38=0,0,AD50/AC38) -> 0 | AE38: =IF(AC38=0,0,AE50/AC38) -> 0 | AF38: =IF(AE50=0,0,AF50/AE50) -> 0
A39: de 8:00 à 9:00 | C39: =SUM(C18:C21) -> 0 | D39: =SUM(D18:D21) -> 0 | E39: =SUM(E18:E21) -> 0 | F39: =SUM(F18:F21) -> 0 | G39: =SUM(G18:G21) -> 0 | H39: =SUM(H18:H21) -> 0 | I39: =SUM(I18:I21) -> 0 | J39: =SUM(J18:J21) -> 0 | ... Z39: =SUM(Z18:Z21) -> 0 | AA39: de 8:00 à 9:00 | AC39: =SUM(C39:Z39) -> 0 | AD39: =IF(AC39=0,0,AD51/AC39) -> 0 | AE39: =IF(AC39=0,0,AE51/AC39) -> 0 | AF39: =IF(AE51=0,0,AF51/AE51) -> 0
A40: de 8:30 à 9:30 | C40: =SUM(C20:C23) -> 0 | D40: =SUM(D20:D23) -> 0 | E40: =SUM(E20:E23) -> 0 | F40: =SUM(F20:F23) -> 0 | G40: =SUM(G20:G23) -> 0 | H40: =SUM(H20:H23) -> 0 | I40: =SUM(I20:I23) -> 0 | J40: =SUM(J20:J23) -> 0 | ... Z40: =SUM(Z20:Z23) -> 0 | AA40: de 8:30 à 9:30 | AC40: =SUM(C40:Z40) -> 0 | AD40: =IF(AC40=0,0,AD52/AC40) -> 0 | AE40: =IF(AC40=0,0,AE52/AC40) -> 0 | AF40: =IF(AE52=0,0,AF52/AE52) -> 0
A41: TOTAL | C41: =SUM(C12:C23) -> 0 | D41: =SUM(D12:D23) -> 0 | E41: =SUM(E12:E23) -> 0 | F41: =SUM(F12:F23) -> 0 | G41: =SUM(G12:G23) -> 0 | H41: =SUM(H12:H23) -> 0 | I41: =SUM(I12:I23) -> 0 | J41: =SUM(J12:J23) -> 0 | ... Z41: =SUM(Z12:Z23) -> 0 | AA41: TOTAL | AC41: =SUM(C41:Z41) -> 0 | AD41: =IF(AC41=0,0,AD53/AC41) -> 0 | AE41: =IF(AC41=0,0,AE53/AC41) -> 0 | AF41: =IF(AE53=0,0,AF53/AE53) -> 0 | AJ41: Trop peu de cyclistes pour en tirer des conslusions, mais le giratoire est trop "routier" pour attirer les cyclistes qui doivent préférer l'éviter
A42: =IF($AC$36=MAX($AC$36:$AC$40),A36,IF($AC$37=MAX($AC$36:$AC$40),A37,IF($AC$38=MAX($AC$36:$AC$40),A38,IF($AC$39=MAX($AC$36:$AC$40),A39,A40)))) -> de 6:30 à 7:30 | C42: =IF($AC$36=MAX($AC$36:$AC$40),C36,IF($AC$37=MAX($AC$36:$AC$40),C37,IF($AC$38=MAX($AC$36:$AC$40),C38,IF($AC$39=MAX($AC$36:$AC$40),C39,C40)))) -> 0 | D42: =IF($AC$36=MAX($AC$36:$AC$40),D36,IF($AC$37=MAX($AC$36:$AC$40),D37,IF($AC$38=MAX($AC$36:$AC$40),D38,IF($AC$39=MAX($AC$36:$AC$40),D39,D40)))) -> 0 | E42: =IF($AC$36=MAX($AC$36:$AC$40),E36,IF($AC$37=MAX($AC$36:$AC$40),E37,IF($AC$38=MAX($AC$36:$AC$40),E38,IF($AC$39=MAX($AC$36:$AC$40),E39,E40)))) -> 0 | F42: =IF($AC$36=MAX($AC$36:$AC$40),F36,IF($AC$37=MAX($AC$36:$AC$40),F37,IF($AC$38=MAX($AC$36:$AC$40),F38,IF($AC$39=MAX($AC$36:$AC$40),F39,F40)))) -> 0 | G42: =IF($AC$36=MAX($AC$36:$AC$40),G36,IF($AC$37=MAX($AC$36:$AC$40),G37,IF($AC$38=MAX($AC$36:$AC$40),G38,IF($AC$39=MAX($AC$36:$AC$40),G39,G40)))) -> 0 | H42: =IF($AC$36=MAX($AC$36:$AC$40),H36,IF($AC$37=MAX($AC$36:$AC$40),H37,IF($AC$38=MAX($AC$36:$AC$40),H38,IF($AC$39=MAX($AC$36:$AC$40),H39,H40)))) -> 0 | I42: =IF($AC$36=MAX($AC$36:$AC$40),I36,IF($AC$37=MAX($AC$36:$AC$40),I37,IF($AC$38=MAX($AC$36:$AC$40),I38,IF($AC$39=MAX($AC$36:$AC$40),I39,I40)))) -> 0 | J42: =IF($AC$36=MAX($AC$36:$AC$40),J36,IF($AC$37=MAX($AC$36:$AC$40),J37,IF($AC$38=MAX($AC$36:$AC$40),J38,IF($AC$39=MAX($AC$36:$AC$40),J39,J40)))) -> 0 | ... Z42: =IF($AC$36=MAX($AC$36:$AC$40),Z36,IF($AC$37=MAX($AC$36:$AC$40),Z37,IF($AC$38=MAX($AC$36:$AC$40),Z38,IF($AC$39=MAX($AC$36:$AC$40),Z39,Z40)))) -> 0 | AA42: =A42 -> de 6:30 à 7:30 | AC42: =SUM(C42:Z42) -> 0 | AD42: =IF(AC42=0,0,AD54/AC42) -> 0 | AE42: =IF(AC42=0,0,AE54/AC42) -> 0 | AF42: =IF(AE54=0,0,AF54/AE54) -> 0
AD44: Nombre de VAE dans le total | AE44: Nombre de femmes dans le total | AF44: Nombre de VAE chez les femmes
AD48: =(C36+E36+G36+I36+K36+M36+O36+Q36+S36+U36+W36+Y36) -> 0 | AE48: =(E36+F36+I36+J36+M36+N36+Q36+R36+U36+V36+Y36+Z36) -> 0 | AF48: =(E36+I36+M36+Q36+U36+Y36) -> 0
AD49: =(C37+E37+G37+I37+K37+M37+O37+Q37+S37+U37+W37+Y37) -> 0 | AE49: =(E37+F37+I37+J37+M37+N37+Q37+R37+U37+V37+Y37+Z37) -> 0 | AF49: =(E37+I37+M37+Q37+U37+Y37) -> 0
AD50: =(C38+E38+G38+I38+K38+M38+O38+Q38+S38+U38+W38+Y38) -> 0 | AE50: =(E38+F38+I38+J38+M38+N38+Q38+R38+U38+V38+Y38+Z38) -> 0 | AF50: =(E38+I38+M38+Q38+U38+Y38) -> 0
AD51: =(C39+E39+G39+I39+K39+M39+O39+Q39+S39+U39+W39+Y39) -> 0 | AE51: =(E39+F39+I39+J39+M39+N39+Q39+R39+U39+V39+Y39+Z39) -> 0 | AF51: =(E39+I39+M39+Q39+U39+Y39) -> 0
AD52: =(C40+E40+G40+I40+K40+M40+O40+Q40+S40+U40+W40+Y40) -> 0 | AE52: =(E40+F40+I40+J40+M40+N40+Q40+R40+U40+V40+Y40+Z40) -> 0 | AF52: =(E40+I40+M40+Q40+U40+Y40) -> 0
AD53: =(C41+E41+G41+I41+K41+M41+O41+Q41+S41+U41+W41+Y41) -> 0 | AE53: =(E41+F41+I41+J41+M41+N41+Q41+R41+U41+V41+Y41+Z41) -> 0 | AF53: =(E41+I41+M41+Q41+U41+Y41) -> 0
AD54: =(C42+E42+G42+I42+K42+M42+O42+Q42+S42+U42+W42+Y42) -> 0 | AE54: =(E42+F42+I42+J42+M42+N42+Q42+R42+U42+V42+Y42+Z42) -> 0 | AF54: =(E42+I42+M42+Q42+U42+Y42) -> 0

Sheet SYNTHESE
B1: SYNTHESE DES COMPTAGES DU 16 JUIN 2020
A3: X | B3: SECTEUR "ARVE & SALEVE" | C3: Période comptée | E3: NB total de vélos | F3: Heure de pointe | H3: VAE / total | J3: Femmes / total | L3: VAE chez les femmes | N3: dir. Annemasse-Genève
A4: X | B4: COMMUNE_Nom du carrefour | C4: Début | D4: Fin | F4: Nombre | G4: Heure | H4: % | I4: Nombre | J4: % | K4: Nombre | L4: % | M4: Nombre | N4: % | O4: Nombre
A5: X | B5: ='ETR_D2 (ex-PN93)'!B1 -> ETREMBIERES_D2 route de la Libération / D906a (ex-PN93) | C5: 6h30 | D5: 8h30 | E5: =IF('ETR_D2 (ex-PN93)'!$U65=0,"",'ETR_D2 (ex-PN93)'!$U65) -> 50 | F5: =IF('ETR_D2 (ex-PN93)'!$U66=0,"",'ETR_D2 (ex-PN93)'!$U66) -> 37 | G5: ='ETR_D2 (ex-PN93)'!S66 -> de 7:00 à 8:00 | H5: ='ETR_D2 (ex-PN93)'!V65 -> 0.68 | I5: =IF($E5="","",$E5*H5) -> 34 | J5: ='ETR_D2 (ex-PN93)'!W65 -> 0.22 | K5: =IF($E5="","",$E5*J5) -> 11 | L5: ='ETR_D2 (ex-PN93)'!X65 -> 0.81818182 | M5: =IF($K5="","",$K5*L5) -> 9 | N5: ='ETR_D2 (ex-PN93)'!Y65 -> 0.86 | O5: =IF($E5="","-",$E5*N5) -> 43
A6: X | B6: =ETR_Château!B1 -> ETREMBIERES_Rte de St-Julien / Rte du Salève (sous château) | C6: 6h30 | D6: 9h00 | E6: =IF(ETR_Château!$AC41=0,"",ETR_Château!$AC41) -> 26 | F6: =IF(ETR_Château!$AC42=0,"",ETR_Château!$AC42) -> 17 | G6: =ETR_Château!AA42 -> de 7:00 à 8:00 | H6: =ETR_Château!AD41 -> 0.42307692 | I6: =IF($E6="","",$E6*H6) -> 11 | J6: =ETR_Château!AE41 -> 0.23076923 | K6: =IF($E6="","",$E6*J6) -> 6 | L6: =ETR_Château!AF41 -> 0.66666667 | M6: =IF($K6="","",$K6*L6) -> 4 | N6: =ETR_Château!AG41 -> 0.92307692 | O6: =IF($E6="","-",$E6*N6) -> 24
B7: =SCI_Bellecombe!B1 -> SCIENTRIER_Carrefour vers la Tour de Bellecombe | C7: 6h30 | D7: 9h00 | E7: =IF(SCI_Bellecombe!$AC41=0,"",SCI_Bellecombe!$AC41) | F7: =IF(SCI_Bellecombe!$AC42=0,"",SCI_Bellecombe!$AC42) | G7: =SCI_Bellecombe!AA42 -> de 6:30 à 7:30 | H7: =SCI_Bellecombe!AD41 -> 0 | I7: =IF($E7="","",$E7*H7) | J7: =SCI_Bellecombe!AE41 -> 0 | K7: =IF($E7="","",$E7*J7) | L7: =SCI_Bellecombe!AF41 -> 0 | M7: =IF($K7="","",$K7*L7) | N7: =SCI_Bellecombe!AG41 -> 0 | O7: =IF($E7="","-",$E7*N7) -> -
A8: X | B8: =RE_Eglise!B1 -> REIGNIER_Giratoire des Jonquilles (devant l'église) | C8: 6h30 | D8: 9h00 | E8: =IF(RE_Eglise!$AC65=0,"",RE_Eglise!$AC65) -> 29 | F8: =IF(RE_Eglise!$AC66=0,"",RE_Eglise!$AC66) -> 16 | G8: =RE_Eglise!AA66 -> de 7:30 à 8:30 | H8: =RE_Eglise!AD65 -> 0.37931034 | I8: =IF($E8="","",$E8*H8) -> 11 | J8: =RE_Eglise!AE65 -> 0.31034483 | K8: =IF($E8="","",$E8*J8) -> 9 | L8: =RE_Eglise!AF65 -> 0.55555556 | M8: =IF($K8="","",$K8*L8) -> 5 | N8: =RE_Eglise!AG65 -> 0.37931034 | O8: =IF($E8="","-",$E8*N8) -> 11
A9: X | B9: =RE_Foron!B1 -> REIGNIER BAS_Giratoire D2 / D202 (vers le Foron) | C9: 6h30 | D9: 9h00 | E9: =IF(RE_Foron!$AC41=0,"",RE_Foron!$AC41) -> 18 | F9: =IF(RE_Foron!$AC42=0,"",RE_Foron!$AC42) -> 9 | G9: =RE_Foron!AA42 -> de 6:30 à 7:30 | H9: =RE_Foron!AD41 -> 0.33333333 | I9: =IF($E9="","",$E9*H9) -> 6 | J9: =RE_Foron!AE41 -> 0.16666667 | K9: =IF($E9="","",$E9*J9) -> 3 | L9: =RE_Foron!AF41 -> 1 | M9: =IF($K9="","",$K9*L9) -> 3 | N9: =RE_Foron!AG41 -> 0.72222222 | O9: =IF($E9="","-",$E9*N9) -> 13
B10: ='RE_La Forge (gir.)'!B1 -> REIGNIER_Giratoire de la Forge (en-dessous du Fil des Saisons) | C10: 6h30 | D10: 8h00 | E10: =IF('RE_La Forge (gir.)'!$AC41=0,"",'RE_La Forge (gir.)'!$AC41) | F10: =IF('RE_La Forge (gir.)'!$AC42=0,"",'RE_La Forge (gir.)'!$AC42) | G10: ='RE_La Forge (gir.)'!AA42 -> de 6:30 à 7:30 | H10: ='RE_La Forge (gir.)'!AD41 -> 0 | I10: =IF($E10="","",$E10*H10) | J10: ='RE_La Forge (gir.)'!AE41 -> 0 | K10: =IF($E10="","",$E10*J10) | L10: ='RE_La Forge (gir.)'!AF41 -> 0 | M10: =IF($K10="","",$K10*L10) | N10: ='RE_La Forge (gir.)'!AG41 -> 0 | O10: =IF($E10="","-",$E10*N10) -> -
A11: X | B11: =PJ_Casino!B1 -> PERS-JUSSY_Giratoire de Casino | C11: 6h30 | D11: 7h45 | E11: =IF(PJ_Casino!$AC65=0,"",PJ_Casino!$AC65) -> 14 | F11: =IF(PJ_Casino!$AC66=0,"",PJ_Casino!$AC66) -> 10 | G11: =PJ_Casino!AA66 -> de 7:00 à 8:00 | H11: =PJ_Casino!AD65 -> 0.28571429 | I11: =IF($E11="","",$E11*H11) -> 4 | J11: =PJ_Casino!AE65 -> 0.21428571 | K11: =IF($E11="","",$E11*J11) -> 3 | L11: =PJ_Casino!AF65 -> 0.66666667 | M11: =IF($K11="","",$K11*L11) -> 2 | N11: =PJ_Casino!AG65 -> 0.92857143 | O11: =IF($E11="","-",$E11*N11) -> 13
B12: =RE_Gare!B1 -> REIGNIER_Carrefour Rue de la Gare / Rte de Bellecombe (vers Tour d'Ivoire) | C12: 6h30 | D12: 9h00 | E12: =IF(RE_Gare!$AC41=0,"",RE_Gare!$AC41) | F12: =IF(RE_Gare!$AC42=0,"",RE_Gare!$AC42) | G12: =RE_Gare!AA42 -> de 6:30 à 7:30 | H12: =RE_Gare!AD41 -> 0 | I12: =IF($E12="","",$E12*H12) | K12: =IF($E12="","",$E12*J12) | M12: =IF($K12="","",$K12*L12) | O12: =IF($E12="","-",$E12*N12) -> -
B13: ='RE_ex-gendarmerie'!B1 -> REIGNIER_Giratoire de l'ancienne gendarmerie | C13: 6h30 | D13: 9h00 | E13: =IF('RE_ex-gendarmerie'!$AC65=0,"",'RE_ex-gendarmerie'!$AC65) | F13: =IF('RE_ex-gendarmerie'!$AC66=0,"",'RE_ex-gendarmerie'!$AC66) | G13: ='RE_ex-gendarmerie'!AA66 -> de 6:30 à 7:30 | H13: ='RE_ex-gendarmerie'!AD65 -> 0 | I13: =IF($E13="","",$E13*H13) | K13: =IF($E13="","",$E13*J13) | M13: =IF($K13="","",$K13*L13) | O13: =IF($E13="","-",$E13*N13) -> -
A14: X | B14: ='RE_Fil Saisons'!B1 -> REIGNIER_Carrefour Marsinge / Viaison (au-dessus du Fil des Saisons) | C14: 6h30 | D14: 9h00 | E14: =IF('RE_Fil Saisons'!$AC41=0,"",'RE_Fil Saisons'!$AC41) -> 11 | F14: =IF('RE_Fil Saisons'!$AC42=0,"",'RE_Fil Saisons'!$AC42) -> 7 | G14: ='RE_Fil Saisons'!AA42 -> de 6:30 à 7:30 | H14: ='RE_Fil Saisons'!AD41 -> 0.63636364 | I14: =IF($E14="","",$E14*H14) -> 7 | J14: ='RE_Fil Saisons'!AE41 -> 0.090909091 | K14: =IF($E14="","",$E14*J14) -> 1 | L14: ='RE_Fil Saisons'!AF41 -> 1 | M14: =IF($K14="","",$K14*L14) -> 1 | N14: ='RE_Fil Saisons'!AG41 -> 1 | O14: =IF($E14="","-",$E14*N14) -> 11
B15: ='ART_Lavage auto'!B1 -> ARTHAZ_Route de Reignier D202 / Route Nationale D1205 | C15: 6h30 | D15: 9h00 | E15: =IF('ART_Lavage auto'!$AC65=0,"",'ART_Lavage auto'!$AC65) | F15: =IF('ART_Lavage auto'!$AC66=0,"",'ART_Lavage auto'!$AC66) | G15: ='ART_Lavage auto'!AA66 -> de 6:30 à 7:30 | H15: ='ART_Lavage auto'!AD65 -> 0 | I15: =IF($E15="","",$E15*H15) | J15: ='ART_Lavage auto'!AE65 -> 0 | K15: =IF($E15="","",$E15*J15) | L15: ='ART_Lavage auto'!AF65 -> 0 | M15: =IF($K15="","",$K15*L15) | N15: ='ART_Lavage auto'!AG65 -> 0 | O15: =IF($E15="","-",$E15*N15) -> -
A16: X | B16: TOTAL | E16: =SUM(E5:E15) -> 148 | F16: =SUM(F5:F15) -> 96 | G16: =G5 -> de 7:00 à 8:00 | H16: =I16/$E16 -> 0.49324324 | I16: =SUM(I5:I15) -> 73 | J16: =K16/$E16 -> 0.22297297 | K16: =SUM(K5:K15) -> 33 | L16: =M16/$E16 -> 0.16216216 | M16: =SUM(M5:M15) -> 24 | N16: =O16/$E16 -> 0.77702703 | O16: =SUM(O5:O15) -> 115
A17: X | B17: TOTAL 2020 | E17: =[1]SYNTHESE!D13 -> 153 | F17: =[1]SYNTHESE!E13 -> 90 | G17: =[1]SYNTHESE!F13 -> de 7:00 à 8:00 | H17: =[1]SYNTHESE!G13 -> 0.29411765 | I17: =[1]SYNTHESE!H13 -> 45 | J17: =[1]SYNTHESE!I13 -> 0.12418301 | K17: =[1]SYNTHESE!J13 -> 19 | L17: =[1]SYNTHESE!K13 -> 0.08496732 | ... O17: =[1]SYNTHESE!N13 -> 112
A18: X | B18: Différence 2020 - 2021 | E18: =E16-E17 -> -5 | F18: =F16-F17 -> 6 | H18: =H16-H17 -> 0.1991256 | I18: =I16-I17 -> 28 | J18: =J16-J17 -> 0.098789966 | K18: =K16-K17 -> 14 | L18: =L16-L17 -> 0.077194842 | M18: =M16-M17 -> 11 | N18: =N16-N17 -> 0.045000883 | O18: =O16-O17 -> 3
A19: X | E19: =E16/E17-1 -> -0.032679739 | F19: =F16/F17-1 -> 0.066666667 | I19: =I16/I17-1 -> 0.62222222 | K19: =K16/K17-1 -> 0.73684211 | M19: =M16/M17-1 -> 0.84615385
A20: X | H20: VAE Hom. | I20: =I16-M16 -> 49 | J20: Hommes | K20: =E16-K16 -> 115 | L20: VAE Hom. | M20: =I20/K20 -> 0.42608696
A21: X
A22: X | B22: =B14 -> REIGNIER_Carrefour Marsinge / Viaison (au-dessus du Fil des Saisons) | C22: 6h30 | D22: 9h00 | E22: ='RE_Fil Saisons'!AC41 -> 11 | F22: ='RE_Fil Saisons'!AC42 -> 7 | G22: ='RE_Fil Saisons'!AA42 -> de 6:30 à 7:30 | H22: ='RE_Fil Saisons'!AD41 -> 0.63636364 | I22: =IF($E22=0,"-",$E22*H22) -> 7 | J22: ='RE_Fil Saisons'!AE41 -> 0.090909091 | K22: =IF($E22=0,"-",$E22*J22) -> 1 | L22: ='RE_Fil Saisons'!AF41 -> 1 | M22: =IF($E22=0,"-",$E22*L22) -> 11 | N22: ='RE_Fil Saisons'!AG41 -> 1 | O22: =IF($E22=0,"-",$E22*N22) -> 11
A23: X
A24: X | B24: SECTEUR D903 "LA ROCHE - FINDROL" | C24: Période comptée | E24: NB total de vélos | F24: Heure de pointe | H24: VAE / total | J24: Femmes / total | L24: VAE chez les femmes | N24: dir. Annemasse-Genève
A25: X | B25: COMMUNE_Nom du carrefour | C25: Début | D25: Fin | F25: Nombre | G25: Heure | H25: % | I25: Nombre | J25: % | K25: Nombre | L25: % | M25: Nombre | N25: % | O25: Nombre
A26: X | B26: =AM_Coriandre!B1 -> AMANCY_Giratoire de la Coriandre | C26: 6h40 | D26: 9h00 | E26: =AM_Coriandre!AC41 -> 0 | F26: =AM_Coriandre!AC42 -> 0 | G26: =AM_Coriandre!AA42 -> de 6:30 à 7:30 | H26: =AM_Coriandre!AD41 -> 0 | I26: =IF($E26=0,"-",$E26*H26) -> - | J26: =AM_Coriandre!AE41 -> 0 | K26: =IF($E26=0,"-",$E26*J26) -> - | L26: =AM_Coriandre!AF41 -> 0 | M26: =IF($K26=0,"-",$K26*L26) -> #VALUE! | N26: =AM_Coriandre!AG41 -> 0 | O26: 0
A27: X | B27: TOTAL | E27: =SUM(E7:E26) -> 378.96732 | F27: =SUM(F16:F26) -> 199.06667 | G27: =G26 -> de 6:30 à 7:30 | H27: =I27/$E27 -> 0.60855438 | I27: =SUM(I7:I26) -> 230.62222 | J27: =K27/$E27 -> 0.52441683 | K27: =SUM(K7:K26) -> 198.73684 | L27: =M27/$E27 -> #VALUE! | M27: =SUM(M7:M26) -> #VALUE! | N27: =O27/$E27 -> 0.76259874 | O27: =SUM(O7:O26) -> 289
F31: 198 | G31: 153
F32: =F31*G32/G31-1 -> 0.29411765 | G32: 1
