Workbook

Sheet Evolution 2
A3: Evolution Mobilité douce (piétons+cyclistes)
C6: 2014 | D6: 2015 | E6: 2016 | F6: 2017 | G6: 2018 | H6: 2019 | I6: 2020 | J6: 2021 | K6: 2022 | L6: 2023 | M6: 2024
B7: Mategnin | C7: 94 | D7: 247 | E7: 237 | F7: 370 | G7: 313 | H7: 387 | I7: 200 | J7: 275 | K7: 357 | L7: 526 | M7: ='Mategnin Total'!AE14 -> 508
B8: Ferney | C8: 231 | D8: 211 | E8: 237 | F8: 311 | G8: 302 | H8: 350 | I8: 160 | J8: 234 | K8: 291 | L8: 398 | M8: ='Ferney->Genève'!AE14 -> 414
B9: StGenis | C9: 354 | D9: 536 | E9: 492 | F9: 710 | G9: 635 | H9: 472 | I9: 250 | J9: 396 | K9: 542 | L9: 669 | M9: ='StGenis total'!AE14 -> 719 | AB9: Traffic voiture | AC9: Moy. Journalière annuelle
B10: TOTAL | C10: 679 | D10: 994 | E10: 966 | F10: 1391 | G10: 1250 | H10: 1209 | I10: 638 | J10: 1030 | K10: 1190 | L10: =SUM(L7:L9) -> 1593 | M10: =SUM(M7:M9) -> 1641 | AB10: Crassier | AC10: 7165
D11: =(D10/C10)-1 -> 0.46391753 | E11: =(E10/D10)-1 -> -0.028169014 | F11: =(F10/E10)-1 -> 0.43995859 | G11: =(G10/F10)-1 -> -0.10136592 | H11: =(H10/G10)-1 -> -0.0328 | I11: =(I10/H10)-1 -> -0.47229115 | J11: =(J10/I10)-1 -> 0.61442006 | K11: =(K10/J10)-1 -> 0.15533981 | ... M11: =(M10/L10)-1 -> 0.030131827 | AB11: Divonne | AC11: 13740
AB12: Sauverny | AC12: 4339
AB13: Versonnex | AC13: 4626
AB14: Vireloup | AC14: 8131
AB15: Ferney | AC15: 13786
AB16: Meyrin | AC16: 24947
AB17: St Jean | AC17: 1659
A18: Evolution Piétons/Cyclistes | AB18: Challex | AC18: 1601
AB19: Collonge | AC19: 1724
AB20: Total | AC20: =SUM(AC10:AC19) -> 81718
AC21: =AC20/2 -> 40859
C22: 2014 | D22: 2015 | E22: 2016 | F22: 2017 | G22: 2018 | H22: 2019 | I22: 2020 | J22: 2021 | K22: 2022 | L22: 2023 | M22: 2024 | AB22: Jours ouvrés one way | AC22: =AC20*0.8/2 -> 32687.2
B23: Cyclistes | C23: 654 | D23: 769 | E23: 781 | F23: 1119 | G23: 1048 | H23: 1049 | I23: 561 | J23: 929 | K23: 1318 | L23: 1884 | M23: ='APiCy total'!S24 -> 1886
B24: Piétons | C24: 143 | D24: 225 | E24: 185 | F24: 272 | G24: 202 | H24: 160 | I24: 77 | J24: 101 | K24: 173 | L24: 186 | M24: ='APiCy total'!AC24 -> 223
B25: TOTAL | C25: 797 | D25: 994 | E25: 966 | F25: 1391 | G25: 1250 | H25: 1209 | I25: 638 | J25: 1030 | K25: 1491 | L25: 2070 | M25: =SUM(M23:M24) -> 2109
A36: EvolutionHommes/Femmes
B38: Année | C38: 2016 | D38: 2017 | E38: 2018 | F38: 2019 | G38: 2020 | H38: 2021 | I38: 2022 | J38: 2023 | K38: 2024
B39: %femme | C39: 0.27150259 | D39: 0.27606039 | E39: 0.2456 | F39: 0.30024814 | G39: 0.35109718 | H39: 0.2936803 | I39: 0.32327297 | J39: 0.33285024 | K39: ='APiCy total'!W24 -> 0.33775186
B40: Hommes | C40: 703 | D40: 1007 | E40: 943 | F40: 846 | G40: 414 | H40: 760 | I40: 1009 | J40: 1381 | K40: ='APiCy total'!S14 -> 1384
B41: Femmes | C41: 262 | D41: 384 | E41: 307 | F41: 363 | G41: 224 | H41: 316 | I41: 482 | J41: 689 | K41: ='APiCy total'!T14 -> 725
B42: Total | C42: 965 | D42: 1391 | E42: 1250 | F42: 1209 | G42: 638 | H42: 1076 | I42: 1491 | J42: 2070 | K42: =SUM(K40:K41) -> 2109
C52: 0.29166667 | D52: 0.30208333 | E52: 0.3125 | F52: 0.32291667 | G52: 0.33333333 | H52: 0.34375 | I52: 0.35416667 | J52: 0.36458333
B53: Pdg Centre | C53: =SUM('PdG Centre Total'!B5:Q5) -> 134 | D53: =SUM('PdG Centre Total'!$B6:$Q6) -> 155 | E53: =SUM('PdG Centre Total'!$B7:$Q7) -> 192 | F53: =SUM('PdG Centre Total'!$B8:$Q8) -> 187 | G53: =SUM('PdG Centre Total'!$B9:$Q9) -> 244 | H53: =SUM('PdG Centre Total'!$B10:$Q10) -> 234 | I53: =SUM('PdG Centre Total'!$B11:$Q11) -> 267 | J53: =SUM('PdG Centre Total'!$B12:$Q12) -> 228
B54: PdG Nord | C54: =SUM('PdG Nord Total'!$B5:$Q5) -> 51 | D54: =SUM('PdG Nord Total'!$B6:$Q6) -> 44 | E54: =SUM('PdG Nord Total'!$B7:$Q7) -> 79 | F54: =SUM('PdG Nord Total'!$B8:$Q8) -> 55 | G54: =SUM('PdG Nord Total'!$B9:$Q9) -> 73 | H54: =SUM('PdG Nord Total'!$B10:$Q10) -> 51 | I54: =SUM('PdG Nord Total'!$B11:$Q11) -> 59 | J54: =SUM('PdG Nord Total'!$B12:$Q12) -> 40
B55: Total | C55: =SUM(C53:C54) -> 185 | D55: =SUM(D53:D54) -> 199 | E55: =SUM(E53:E54) -> 271 | F55: =SUM(F53:F54) -> 242 | G55: =SUM(G53:G54) -> 317 | H55: =SUM(H53:H54) -> 285 | I55: =SUM(I53:I54) -> 326 | J55: =SUM(J53:J54) -> 268
C58: =C52 -> 0.29166667 | D58: =D52 -> 0.30208333 | E58: =E52 -> 0.3125 | F58: =F52 -> 0.32291667 | G58: =G52 -> 0.33333333 | H58: =H52 -> 0.34375 | I58: =I52 -> 0.35416667 | J58: =J52 -> 0.36458333
B59: PdG Nord | C59: =C53/SUM($C53:$J53) -> 0.081657526 | D59: =D53/SUM($C53:$J53) -> 0.094454601 | E59: =E53/SUM($C53:$J53) -> 0.11700183 | F59: =F53/SUM($C53:$J53) -> 0.11395491 | G59: =G53/SUM($C53:$J53) -> 0.14868982 | H59: =H53/SUM($C53:$J53) -> 0.14259598 | I59: =I53/SUM($C53:$J53) -> 0.16270567 | J59: =J53/SUM($C53:$J53) -> 0.13893967
B60: Pdg Centre | C60: =C54/SUM($C54:$J54) -> 0.11283186 | D60: =D54/SUM($C54:$J54) -> 0.097345133 | E60: =E54/SUM($C54:$J54) -> 0.17477876 | F60: =F54/SUM($C54:$J54) -> 0.12168142 | G60: =G54/SUM($C54:$J54) -> 0.16150442 | H60: =H54/SUM($C54:$J54) -> 0.11283186 | I60: =I54/SUM($C54:$J54) -> 0.13053097 | J60: =J54/SUM($C54:$J54) -> 0.088495575
A65: Evolution par mode
C68: 2020 | D68: 2021 | E68: 2022 | F68: 2023 | G68: 2024
B69: Vélo | C69: ='APiCy total'!FU14 -> 344 | D69: ='APiCy total'!FG14 -> 582 | E69: ='APiCy total'!DL14 -> 752 | F69: ='APiCy total'!BQ14 -> 1017 | G69: ='APiCy total'!V14 -> 945
B70: VAE | C70: ='APiCy total'!FV14 -> 175 | D70: ='APiCy total'!FH14 -> 337 | E70: ='APiCy total'!DM14 -> 498 | F70: ='APiCy total'!BR14 -> 752 | G70: ='APiCy total'!W14 -> 809
B71: Nouveau | C71: ='APiCy total'!FW14 -> 42 | D71: ='APiCy total'!FI14 -> 46 | E71: ='APiCy total'!DN14 -> 68 | F71: ='APiCy total'!BS14 -> 115 | G71: ='APiCy total'!X14 -> 132
B72: TOTAL | C72: =SUM(C69:C71) -> 561 | D72: =SUM(D69:D71) -> 965 | E72: =SUM(E69:E71) -> 1318 | F72: =SUM(F69:F71) -> 1884 | G72: =SUM(G69:G71) -> 1886
B87: Vélo
B88: PdG Nord | C88: 2023 | D88: 2024
B89: Vireloup | C89: 183 | D89: 131
B90: Versonnex | C90: 90 | D90: 64
B91: Sauverny | C91: 38 | D91: 43
B92: Divonne | C92: 70 | D92: 91
B93: Crassier voie verte | C93: 26 | D93: 23
B94: Crassier douane | C94: 7 | D94: 20
B96: Vélos + piétons
B97: PdG Nord | C97: 2020 | D97: 2021 | E97: 2022 | F97: 2023 | G97: 2024
B98: Vireloup | E98: ='Vireloup Douane'!DU14 -> 113 | F98: ='Vireloup Douane'!BZ14 -> 187 | G98: ='Vireloup Douane'!AE14 -> 157
B99: Versonnex | E99: =Versonnex!DU14 -> 53 | F99: =Versonnex!BZ14 -> 90 | G99: =Versonnex!AE14 -> 65
B100: Sauverny | E100: =Sauverny!DU14 -> 0 | F100: =Sauverny!BZ14 -> 58 | G100: =Sauverny!AE14 -> 69
B101: Divonne | E101: ='Divonne->Chavanne'!DU14 -> 67 | F101: ='Divonne->Chavanne'!BZ14 -> 83 | G101: ='Divonne->Chavanne'!AE14 -> 98
B102: Crassier voie verte | E102: ='Crassier Voie Verte'!DU14 -> 20 | F102: ='Crassier Voie Verte'!BZ14 -> 52 | G102: ='Crassier Voie Verte'!AE14 -> 39
B103: Crassier douane | E103: ='Crassier Douane'!DU14 -> 9 | F103: ='Crassier Douane'!BZ14 -> 7 | G103: ='Crassier Douane'!AE14 -> 24
B104: Total | C104: =SUM(C98:C103) -> 0 | D104: =SUM(D98:D103) -> 0 | E104: =SUM(E98:E103) -> 262 | F104: =SUM(F98:F103) -> 477 | G104: =SUM(G98:G103) -> 452
C105: =(C104/B104)-1 -> #VALUE! | D105: =(D104/C104)-1 -> #DIV/0! | E105: =(E104/D104)-1 -> #DIV/0! | F105: =(F104/E104)-1 -> 0.82061069 | G105: =(G104/F104)-1 -> -0.052410901

Sheet Resume
B1: DONNEES 2024 | P1: CHANGEMENT
B2: Hommes | C2: Femmes | D2: %Femmes | E2: VT | F2: VAE | G2: Nouveau | H2: 2r | I2: %VAE | J2: %Nouveau | K2: Piétons | L2: >FR | M2: >CH | N2: TOT | P2: Hommes | Q2: Femmes | R2: %Femmes | S2: VT | T2: VAE | U2: Nouveau | V2: 2r | W2: %VAE | X2: %Nouveau | Y2: Piétons | Z2: >CH | AA2: >FR | AB2: TOT
A3: Ferney->Genève | B3: {=INDIRECT( "'" & $A3 & "'"& "!" & B$33)} -> 243 | C3: {=INDIRECT( "'" & $A3 & "'"& "!" & C$33)} -> 171 | D3: {=INDIRECT( "'" & $A3 & "'"& "!" & D$33)} -> 0.41304348 | E3: {=INDIRECT( "'" & $A3 & "'"& "!" & E$33)} -> 167 | F3: {=INDIRECT( "'" & $A3 & "'"& "!" & F$33)} -> 203 | G3: {=INDIRECT( "'" & $A3 & "'"& "!" & G$33)} -> 29 | H3: {=INDIRECT( "'" & $A3 & "'"& "!" & H$33)} -> 399 | I3: {=INDIRECT( "'" & $A3 & "'"& "!" & I$33)} -> 0.50877193 | ... N3: {=INDIRECT( "'" & $A3 & "'"& "!" & N$33)} -> 414 | P3: {=INDIRECT( "'" & $A3 & "'"& "!" & P$33)} -> 0.038461538 | Q3: {=INDIRECT( "'" & $A3 & "'"& "!" & Q$33)} -> 0.042682927 | R3: {=INDIRECT( "'" & $A3 & "'"& "!" & R$33)} -> 0.0023860021 | S3: {=INDIRECT( "'" & $A3 & "'"& "!" & S$33)} -> 0.04375 | T3: {=INDIRECT( "'" & $A3 & "'"& "!" & T$33)} -> -0.024038462 | U3: {=INDIRECT( "'" & $A3 & "'"& "!" & U$33)} -> 0.31818182 | V3: {=INDIRECT( "'" & $A3 & "'"& "!" & V$33)} -> 0.023076923 | W3: {=INDIRECT( "'" & $A3 & "'"& "!" & W$33)} -> -0.046052632 | ... AB3: {=INDIRECT( "'" & $A3 & "'"& "!" & AB$33)} -> 0.040201005
A5: StGenis->Meyrin | B5: {=INDIRECT( "'" & $A5 & "'"& "!" & B$33)} -> 299 | C5: {=INDIRECT( "'" & $A5 & "'"& "!" & C$33)} -> 147 | D5: {=INDIRECT( "'" & $A5 & "'"& "!" & D$33)} -> 0.32959641 | E5: {=INDIRECT( "'" & $A5 & "'"& "!" & E$33)} -> 192 | F5: {=INDIRECT( "'" & $A5 & "'"& "!" & F$33)} -> 184 | G5: {=INDIRECT( "'" & $A5 & "'"& "!" & G$33)} -> 41 | H5: {=INDIRECT( "'" & $A5 & "'"& "!" & H$33)} -> 417 | I5: {=INDIRECT( "'" & $A5 & "'"& "!" & I$33)} -> 0.441247 | ... N5: {=INDIRECT( "'" & $A5 & "'"& "!" & N$33)} -> 446 | P5: {=INDIRECT( "'" & $A5 & "'"& "!" & P$33)} -> 0.091240876 | Q5: {=INDIRECT( "'" & $A5 & "'"& "!" & Q$33)} -> 0.1221374 | R5: {=INDIRECT( "'" & $A5 & "'"& "!" & R$33)} -> 0.018981275 | S5: {=INDIRECT( "'" & $A5 & "'"& "!" & S$33)} -> -0.04950495 | T5: {=INDIRECT( "'" & $A5 & "'"& "!" & T$33)} -> 0.27777778 | U5: {=INDIRECT( "'" & $A5 & "'"& "!" & U$33)} -> 0.20588235 | V5: {=INDIRECT( "'" & $A5 & "'"& "!" & V$33)} -> 0.097368421 | W5: {=INDIRECT( "'" & $A5 & "'"& "!" & W$33)} -> 0.16440181 | ... AB5: {=INDIRECT( "'" & $A5 & "'"& "!" & AB$33)} -> 0.10123457
A6: StGenis->Bourdigny | B6: {=INDIRECT( "'" & $A6 & "'"& "!" & B$33)} -> 49 | C6: {=INDIRECT( "'" & $A6 & "'"& "!" & C$33)} -> 0 | D6: {=INDIRECT( "'" & $A6 & "'"& "!" & D$33)} -> 0 | E6: {=INDIRECT( "'" & $A6 & "'"& "!" & E$33)} -> 47 | F6: {=INDIRECT( "'" & $A6 & "'"& "!" & F$33)} -> 0 | G6: {=INDIRECT( "'" & $A6 & "'"& "!" & G$33)} -> 1 | H6: {=INDIRECT( "'" & $A6 & "'"& "!" & H$33)} -> 48 | I6: {=INDIRECT( "'" & $A6 & "'"& "!" & I$33)} -> 0 | ... N6: {=INDIRECT( "'" & $A6 & "'"& "!" & N$33)} -> 49 | P6: {=INDIRECT( "'" & $A6 & "'"& "!" & P$33)} -> -0.16949153 | Q6: {=INDIRECT( "'" & $A6 & "'"& "!" & Q$33)} -> #DIV/0! | R6: {=INDIRECT( "'" & $A6 & "'"& "!" & R$33)} -> #DIV/0! | S6: {=INDIRECT( "'" & $A6 & "'"& "!" & S$33)} -> -0.16071429 | T6: {=INDIRECT( "'" & $A6 & "'"& "!" & T$33)} -> #DIV/0! | U6: {=INDIRECT( "'" & $A6 & "'"& "!" & U$33)} -> -0.5 | V6: {=INDIRECT( "'" & $A6 & "'"& "!" & V$33)} -> -0.17241379 | W6: {=INDIRECT( "'" & $A6 & "'"& "!" & W$33)} -> #DIV/0! | ... AB6: {=INDIRECT( "'" & $A6 & "'"& "!" & AB$33)} -> -0.16949153
A7: StGenis->CERN | B7: {=INDIRECT( "'" & $A7 & "'"& "!" & B$33)} -> 163 | C7: {=INDIRECT( "'" & $A7 & "'"& "!" & C$33)} -> 61 | D7: {=INDIRECT( "'" & $A7 & "'"& "!" & D$33)} -> 0.27232143 | E7: {=INDIRECT( "'" & $A7 & "'"& "!" & E$33)} -> 130 | F7: {=INDIRECT( "'" & $A7 & "'"& "!" & F$33)} -> 28 | G7: {=INDIRECT( "'" & $A7 & "'"& "!" & G$33)} -> 7 | H7: {=INDIRECT( "'" & $A7 & "'"& "!" & H$33)} -> 165 | I7: {=INDIRECT( "'" & $A7 & "'"& "!" & I$33)} -> 0.16969697 | ... N7: {=INDIRECT( "'" & $A7 & "'"& "!" & N$33)} -> 224 | P7: {=INDIRECT( "'" & $A7 & "'"& "!" & P$33)} -> -0.029761905 | Q7: {=INDIRECT( "'" & $A7 & "'"& "!" & Q$33)} -> 0.64864865 | R7: {=INDIRECT( "'" & $A7 & "'"& "!" & R$33)} -> 0.50880792 | S7: {=INDIRECT( "'" & $A7 & "'"& "!" & S$33)} -> -0.057971014 | T7: {=INDIRECT( "'" & $A7 & "'"& "!" & T$33)} -> #DIV/0! | U7: {=INDIRECT( "'" & $A7 & "'"& "!" & U$33)} -> -0.22222222 | V7: {=INDIRECT( "'" & $A7 & "'"& "!" & V$33)} -> 0.12244898 | W7: {=INDIRECT( "'" & $A7 & "'"& "!" & W$33)} -> #DIV/0! | ... AB7: {=INDIRECT( "'" & $A7 & "'"& "!" & AB$33)} -> 0.092682927
A8: RteEurope->Meyrin
A9: StGenis Total | B9: =SUM(B5:B8) -> 511 | C9: =SUM(C5:C8) -> 208 | D9: =C9/(B9+C9) -> 0.28929068 | E9: =SUM(E5:E8) -> 369 | F9: =SUM(F5:F8) -> 212 | G9: =SUM(G5:G8) -> 49 | H9: =SUM(H5:H8) -> 630 | I9: =F9/H9 -> 0.33650794 | J9: =G9/H9 -> 0.077777778 | K9: =SUM(K5:K8) -> 89 | L9: =SUM(L5:L8) -> 690 | M9: =SUM(M5:M8) -> 29 | N9: =SUM(N5:N8) -> 719 | P9: {=INDIRECT( "'" & $A9 & "'"& "!" & P$33)} -> 0.01996008 | Q9: {=INDIRECT( "'" & $A9 & "'"& "!" & Q$33)} -> 0.23809524 | R9: {=INDIRECT( "'" & $A9 & "'"& "!" & R$33)} -> 0.15199682 | S9: {=INDIRECT( "'" & $A9 & "'"& "!" & S$33)} -> -0.068181818 | T9: {=INDIRECT( "'" & $A9 & "'"& "!" & T$33)} -> 0.47222222 | U9: {=INDIRECT( "'" & $A9 & "'"& "!" & U$33)} -> 0.088888889 | V9: {=INDIRECT( "'" & $A9 & "'"& "!" & V$33)} -> 0.076923077 | W9: {=INDIRECT( "'" & $A9 & "'"& "!" & W$33)} -> 0.36706349 | ... AB9: {=INDIRECT( "'" & $A9 & "'"& "!" & AB$33)} -> 0.074738416
A11: MategninAnneaux | B11: {=INDIRECT( "'" & $A11 & "'"& "!" & B$33)} -> 220 | C11: {=INDIRECT( "'" & $A11 & "'"& "!" & C$33)} -> 103 | D11: {=INDIRECT( "'" & $A11 & "'"& "!" & D$33)} -> 0.31888545 | E11: {=INDIRECT( "'" & $A11 & "'"& "!" & E$33)} -> 140 | F11: {=INDIRECT( "'" & $A11 & "'"& "!" & F$33)} -> 136 | G11: {=INDIRECT( "'" & $A11 & "'"& "!" & G$33)} -> 23 | H11: {=INDIRECT( "'" & $A11 & "'"& "!" & H$33)} -> 299 | I11: {=INDIRECT( "'" & $A11 & "'"& "!" & I$33)} -> 0.4548495 | ... N11: {=INDIRECT( "'" & $A11 & "'"& "!" & N$33)} -> 323 | P11: {=INDIRECT( "'" & $A11 & "'"& "!" & P$33)} -> -0.030837004 | Q11: {=INDIRECT( "'" & $A11 & "'"& "!" & Q$33)} -> -0.055045872 | R11: {=INDIRECT( "'" & $A11 & "'"& "!" & R$33)} -> -0.017013662 | S11: {=INDIRECT( "'" & $A11 & "'"& "!" & S$33)} -> -0.078947368 | T11: {=INDIRECT( "'" & $A11 & "'"& "!" & T$33)} -> -0.074829932 | U11: {=INDIRECT( "'" & $A11 & "'"& "!" & U$33)} -> 0.35294118 | V11: {=INDIRECT( "'" & $A11 & "'"& "!" & V$33)} -> -0.053797468 | W11: {=INDIRECT( "'" & $A11 & "'"& "!" & W$33)} -> -0.022228289 | ... AB11: {=INDIRECT( "'" & $A11 & "'"& "!" & AB$33)} -> -0.038690476
A12: MategninDouane | B12: {=INDIRECT( "'" & $A12 & "'"& "!" & B$33)} -> 119 | C12: {=INDIRECT( "'" & $A12 & "'"& "!" & C$33)} -> 66 | D12: {=INDIRECT( "'" & $A12 & "'"& "!" & D$33)} -> 0.35675676 | E12: {=INDIRECT( "'" & $A12 & "'"& "!" & E$33)} -> 77 | F12: {=INDIRECT( "'" & $A12 & "'"& "!" & F$33)} -> 80 | G12: {=INDIRECT( "'" & $A12 & "'"& "!" & G$33)} -> 14 | H12: {=INDIRECT( "'" & $A12 & "'"& "!" & H$33)} -> 171 | I12: {=INDIRECT( "'" & $A12 & "'"& "!" & I$33)} -> 0.46783626 | ... N12: {=INDIRECT( "'" & $A12 & "'"& "!" & N$33)} -> 185 | P12: {=INDIRECT( "'" & $A12 & "'"& "!" & P$33)} -> -0.016528926 | Q12: {=INDIRECT( "'" & $A12 & "'"& "!" & Q$33)} -> -0.043478261 | R12: {=INDIRECT( "'" & $A12 & "'"& "!" & R$33)} -> -0.017626322 | S12: {=INDIRECT( "'" & $A12 & "'"& "!" & S$33)} -> -0.0375 | T12: {=INDIRECT( "'" & $A12 & "'"& "!" & T$33)} -> 0.095890411 | U12: {=INDIRECT( "'" & $A12 & "'"& "!" & U$33)} -> 0.75 | V12: {=INDIRECT( "'" & $A12 & "'"& "!" & V$33)} -> 0.062111801 | W12: {=INDIRECT( "'" & $A12 & "'"& "!" & W$33)} -> 0.031803252 | ... AB12: {=INDIRECT( "'" & $A12 & "'"& "!" & AB$33)} -> -0.026315789
A13: Mategnin Total | B13: =SUM(B11:B12) -> 339 | C13: =SUM(C11:C12) -> 169 | D13: =C13/(B13+C13) -> 0.33267717 | E13: =SUM(E11:E12) -> 217 | F13: =SUM(F11:F12) -> 216 | G13: =SUM(G11:G12) -> 37 | H13: =SUM(H11:H12) -> 470 | I13: =F13/H13 -> 0.45957447 | J13: =G13/H13 -> 0.078723404 | K13: =SUM(K11:K12) -> 38 | L13: =SUM(L11:L12) -> 453 | M13: =SUM(M11:M12) -> 55 | N13: =SUM(N11:N12) -> 508 | P13: {=INDIRECT( "'" & $A13 & "'"& "!" & P$33)} -> -0.025862069 | Q13: {=INDIRECT( "'" & $A13 & "'"& "!" & Q$33)} -> -0.050561798 | R13: {=INDIRECT( "'" & $A13 & "'"& "!" & R$33)} -> -0.016920287 | S13: {=INDIRECT( "'" & $A13 & "'"& "!" & S$33)} -> -0.064655172 | T13: {=INDIRECT( "'" & $A13 & "'"& "!" & T$33)} -> -0.018181818 | U13: {=INDIRECT( "'" & $A13 & "'"& "!" & U$33)} -> 0.48 | V13: {=INDIRECT( "'" & $A13 & "'"& "!" & V$33)} -> -0.014675052 | W13: {=INDIRECT( "'" & $A13 & "'"& "!" & W$33)} -> -0.0035589942 | ... AB13: {=INDIRECT( "'" & $A13 & "'"& "!" & AB$33)} -> -0.034220532
A15: PdG Centre Total | B15: =B13+B9+B3 -> 1093 | C15: =C13+C9+C3 -> 548 | D15: =C15/(B15+C15) -> 0.33394272 | E15: =E13+E9+E3 -> 753 | F15: =F13+F9+F3 -> 631 | G15: =G13+G9+G3 -> 115 | H15: =H13+H9+H3 -> 1499 | I15: =F15/H15 -> 0.4209473 | J15: =G15/H15 -> 0.076717812 | K15: =K13+K9+K3 -> 142 | L15: =L13+L9+L3 -> 1546 | M15: =M13+M9+M3 -> 95 | N15: =N13+N9+N3 -> 1641 | P15: {=INDIRECT( "'" & $A15 & "'"& "!" & P$33)} -> 0.0092336103 | Q15: {=INDIRECT( "'" & $A15 & "'"& "!" & Q$33)} -> 0.074509804 | R15: {=INDIRECT( "'" & $A15 & "'"& "!" & R$33)} -> 0.043079901 | S15: {=INDIRECT( "'" & $A15 & "'"& "!" & S$33)} -> -0.044416244 | T15: {=INDIRECT( "'" & $A15 & "'"& "!" & T$33)} -> 0.10314685 | U15: {=INDIRECT( "'" & $A15 & "'"& "!" & U$33)} -> 0.25 | V15: {=INDIRECT( "'" & $A15 & "'"& "!" & V$33)} -> 0.032369146 | W15: {=INDIRECT( "'" & $A15 & "'"& "!" & W$33)} -> 0.068558526 | ... AB15: {=INDIRECT( "'" & $A15 & "'"& "!" & AB$33)} -> 0.030131827
A17: Vireloup Douane | B17: {=INDIRECT( "'" & $A17 & "'"& "!" & B$33)} -> 93 | C17: {=INDIRECT( "'" & $A17 & "'"& "!" & C$33)} -> 64 | D17: {=INDIRECT( "'" & $A17 & "'"& "!" & D$33)} -> 0.40764331 | E17: {=INDIRECT( "'" & $A17 & "'"& "!" & E$33)} -> 57 | F17: {=INDIRECT( "'" & $A17 & "'"& "!" & F$33)} -> 64 | G17: {=INDIRECT( "'" & $A17 & "'"& "!" & G$33)} -> 10 | H17: {=INDIRECT( "'" & $A17 & "'"& "!" & H$33)} -> 131 | I17: {=INDIRECT( "'" & $A17 & "'"& "!" & I$33)} -> 0.48854962 | ... N17: {=INDIRECT( "'" & $A17 & "'"& "!" & N$33)} -> 157 | P17: {=INDIRECT( "'" & $A17 & "'"& "!" & P$33)} -> -0.14678899 | Q17: {=INDIRECT( "'" & $A17 & "'"& "!" & Q$33)} -> -0.17948718 | R17: {=INDIRECT( "'" & $A17 & "'"& "!" & R$33)} -> -0.02270129 | S17: {=INDIRECT( "'" & $A17 & "'"& "!" & S$33)} -> -0.44660194 | T17: {=INDIRECT( "'" & $A17 & "'"& "!" & T$33)} -> -0.044776119 | U17: {=INDIRECT( "'" & $A17 & "'"& "!" & U$33)} -> -0.23076923 | V17: {=INDIRECT( "'" & $A17 & "'"& "!" & V$33)} -> -0.28415301 | W17: {=INDIRECT( "'" & $A17 & "'"& "!" & W$33)} -> 0.33439672 | ... AB17: {=INDIRECT( "'" & $A17 & "'"& "!" & AB$33)} -> -0.16042781
A18: Versonnex | B18: {=INDIRECT( "'" & $A18 & "'"& "!" & B$33)} -> 44 | C18: {=INDIRECT( "'" & $A18 & "'"& "!" & C$33)} -> 21 | D18: {=INDIRECT( "'" & $A18 & "'"& "!" & D$33)} -> 0.32307692 | E18: {=INDIRECT( "'" & $A18 & "'"& "!" & E$33)} -> 23 | F18: {=INDIRECT( "'" & $A18 & "'"& "!" & F$33)} -> 41 | G18: {=INDIRECT( "'" & $A18 & "'"& "!" & G$33)} -> 0 | H18: {=INDIRECT( "'" & $A18 & "'"& "!" & H$33)} -> 64 | I18: {=INDIRECT( "'" & $A18 & "'"& "!" & I$33)} -> 0.640625 | ... N18: {=INDIRECT( "'" & $A18 & "'"& "!" & N$33)} -> 65 | P18: {=INDIRECT( "'" & $A18 & "'"& "!" & P$33)} -> -0.29032258 | Q18: {=INDIRECT( "'" & $A18 & "'"& "!" & Q$33)} -> -0.25 | R18: {=INDIRECT( "'" & $A18 & "'"& "!" & R$33)} -> 0.038461538 | S18: {=INDIRECT( "'" & $A18 & "'"& "!" & S$33)} -> -0.46511628 | T18: {=INDIRECT( "'" & $A18 & "'"& "!" & T$33)} -> -0.10869565 | U18: {=INDIRECT( "'" & $A18 & "'"& "!" & U$33)} -> -1 | V18: {=INDIRECT( "'" & $A18 & "'"& "!" & V$33)} -> -0.28888889 | W18: {=INDIRECT( "'" & $A18 & "'"& "!" & W$33)} -> 0.25339674 | ... AB18: {=INDIRECT( "'" & $A18 & "'"& "!" & AB$33)} -> -0.27777778
A19: Sauverny | B19: {=INDIRECT( "'" & $A19 & "'"& "!" & B$33)} -> 43 | C19: {=INDIRECT( "'" & $A19 & "'"& "!" & C$33)} -> 26 | D19: {=INDIRECT( "'" & $A19 & "'"& "!" & D$33)} -> 0.37681159 | E19: {=INDIRECT( "'" & $A19 & "'"& "!" & E$33)} -> 24 | F19: {=INDIRECT( "'" & $A19 & "'"& "!" & F$33)} -> 18 | G19: {=INDIRECT( "'" & $A19 & "'"& "!" & G$33)} -> 1 | H19: {=INDIRECT( "'" & $A19 & "'"& "!" & H$33)} -> 43 | I19: {=INDIRECT( "'" & $A19 & "'"& "!" & I$33)} -> 0.41860465 | ... N19: {=INDIRECT( "'" & $A19 & "'"& "!" & N$33)} -> 69
A20: Divonne->Chavanne | B20: {=INDIRECT( "'" & $A20 & "'"& "!" & B$33)} -> 56 | C20: {=INDIRECT( "'" & $A20 & "'"& "!" & C$33)} -> 42 | D20: {=INDIRECT( "'" & $A20 & "'"& "!" & D$33)} -> 0.42857143 | E20: {=INDIRECT( "'" & $A20 & "'"& "!" & E$33)} -> 62 | F20: {=INDIRECT( "'" & $A20 & "'"& "!" & F$33)} -> 27 | G20: {=INDIRECT( "'" & $A20 & "'"& "!" & G$33)} -> 2 | H20: {=INDIRECT( "'" & $A20 & "'"& "!" & H$33)} -> 91 | I20: {=INDIRECT( "'" & $A20 & "'"& "!" & I$33)} -> 0.2967033 | ... N20: {=INDIRECT( "'" & $A20 & "'"& "!" & N$33)} -> 98 | P20: {=INDIRECT( "'" & $A20 & "'"& "!" & P$33)} -> 0.018181818 | Q20: {=INDIRECT( "'" & $A20 & "'"& "!" & Q$33)} -> 0.5 | R20: {=INDIRECT( "'" & $A20 & "'"& "!" & R$33)} -> 0.27040816 | S20: {=INDIRECT( "'" & $A20 & "'"& "!" & S$33)} -> 0.34782609 | T20: {=INDIRECT( "'" & $A20 & "'"& "!" & T$33)} -> 0.42105263 | U20: {=INDIRECT( "'" & $A20 & "'"& "!" & U$33)} -> -0.6 | V20: {=INDIRECT( "'" & $A20 & "'"& "!" & V$33)} -> 0.3 | W20: {=INDIRECT( "'" & $A20 & "'"& "!" & W$33)} -> 0.093117409 | ... AB20: {=INDIRECT( "'" & $A20 & "'"& "!" & AB$33)} -> 0.18072289
A21: Crassier Voie Verte | B21: {=INDIRECT( "'" & $A21 & "'"& "!" & B$33)} -> 28 | C21: {=INDIRECT( "'" & $A21 & "'"& "!" & C$33)} -> 11 | D21: {=INDIRECT( "'" & $A21 & "'"& "!" & D$33)} -> 0.28205128 | E21: {=INDIRECT( "'" & $A21 & "'"& "!" & E$33)} -> 7 | F21: {=INDIRECT( "'" & $A21 & "'"& "!" & F$33)} -> 16 | G21: {=INDIRECT( "'" & $A21 & "'"& "!" & G$33)} -> 0 | H21: {=INDIRECT( "'" & $A21 & "'"& "!" & H$33)} -> 23 | I21: {=INDIRECT( "'" & $A21 & "'"& "!" & I$33)} -> 0.69565217 | ... N21: {=INDIRECT( "'" & $A21 & "'"& "!" & N$33)} -> 39 | P21: {=INDIRECT( "'" & $A21 & "'"& "!" & P$33)} -> -0.17647059 | Q21: {=INDIRECT( "'" & $A21 & "'"& "!" & Q$33)} -> -0.38888889 | R21: {=INDIRECT( "'" & $A21 & "'"& "!" & R$33)} -> -0.18518519 | S21: {=INDIRECT( "'" & $A21 & "'"& "!" & S$33)} -> -0.58823529 | T21: {=INDIRECT( "'" & $A21 & "'"& "!" & T$33)} -> -0.36 | U21: {=INDIRECT( "'" & $A21 & "'"& "!" & U$33)} -> -1 | V21: {=INDIRECT( "'" & $A21 & "'"& "!" & V$33)} -> -0.47727273 | W21: {=INDIRECT( "'" & $A21 & "'"& "!" & W$33)} -> 0.22434783 | ... AB21: {=INDIRECT( "'" & $A21 & "'"& "!" & AB$33)} -> -0.25
A22: Crassier Douane | B22: {=INDIRECT( "'" & $A22 & "'"& "!" & B$33)} -> 18 | C22: {=INDIRECT( "'" & $A22 & "'"& "!" & C$33)} -> 6 | D22: {=INDIRECT( "'" & $A22 & "'"& "!" & D$33)} -> 0.25 | E22: {=INDIRECT( "'" & $A22 & "'"& "!" & E$33)} -> 12 | F22: {=INDIRECT( "'" & $A22 & "'"& "!" & F$33)} -> 7 | G22: {=INDIRECT( "'" & $A22 & "'"& "!" & G$33)} -> 1 | H22: {=INDIRECT( "'" & $A22 & "'"& "!" & H$33)} -> 20 | I22: {=INDIRECT( "'" & $A22 & "'"& "!" & I$33)} -> 0.35 | ... N22: {=INDIRECT( "'" & $A22 & "'"& "!" & N$33)} -> 24 | P22: {=INDIRECT( "'" & $A22 & "'"& "!" & P$33)} -> 3.5 | Q22: {=INDIRECT( "'" & $A22 & "'"& "!" & Q$33)} -> 1 | R22: {=INDIRECT( "'" & $A22 & "'"& "!" & R$33)} -> -0.41666667 | S22: {=INDIRECT( "'" & $A22 & "'"& "!" & S$33)} -> 5 | T22: {=INDIRECT( "'" & $A22 & "'"& "!" & T$33)} -> 0.4 | U22: {=INDIRECT( "'" & $A22 & "'"& "!" & U$33)} -> #DIV/0! | V22: {=INDIRECT( "'" & $A22 & "'"& "!" & V$33)} -> 1.8571429 | W22: {=INDIRECT( "'" & $A22 & "'"& "!" & W$33)} -> -0.51 | ... AB22: {=INDIRECT( "'" & $A22 & "'"& "!" & AB$33)} -> 2.4285714
A23: PdG Nord Total | B23: =SUM(B17:B22) -> 282 | C23: =SUM(C17:C22) -> 170 | D23: =C23/(B23+C23) -> 0.37610619 | E23: =SUM(E17:E22) -> 185 | F23: =SUM(F17:F22) -> 173 | G23: =SUM(G17:G22) -> 14 | H23: =SUM(H17:H22) -> 372 | I23: =F23/H23 -> 0.46505376 | J23: =G23/H23 -> 0.037634409 | K23: =SUM(K17:K22) -> 80 | L23: =SUM(L17:L22) -> 328 | M23: =SUM(M17:M22) -> 124 | N23: =SUM(N17:N22) -> 452 | P23: {=INDIRECT( "'" & $A23 & "'"& "!" & P$33)} -> -0.053691275 | Q23: {=INDIRECT( "'" & $A23 & "'"& "!" & Q$33)} -> -0.05027933 | R23: {=INDIRECT( "'" & $A23 & "'"& "!" & R$33)} -> 0.0022494685 | S23: {=INDIRECT( "'" & $A23 & "'"& "!" & S$33)} -> -0.19213974 | T23: {=INDIRECT( "'" & $A23 & "'"& "!" & T$33)} -> -0.038888889 | U23: {=INDIRECT( "'" & $A23 & "'"& "!" & U$33)} -> -0.39130435 | V23: {=INDIRECT( "'" & $A23 & "'"& "!" & V$33)} -> -0.13888889 | W23: {=INDIRECT( "'" & $A23 & "'"& "!" & W$33)} -> 0.11612903 | ... AB23: {=INDIRECT( "'" & $A23 & "'"& "!" & AB$33)} -> -0.052410901
A25: StJeanDeG
A26: Challex->Dardagny
A27: Challex->LaPlaine
A28: Pougny
A29: PdG Sud Total
A31: APiCy total | B31: =B23+B15+B29 -> 1375 | C31: =C23+C15+C29 -> 718 | D31: =C31/(C31+B31) -> 0.34304826 | E31: =E23+E15+E29 -> 938 | F31: =F23+F15+F29 -> 804 | G31: =G23+G15+G29 -> 129 | H31: =H23+H15+H29 -> 1871 | I31: =F31/H31 -> 0.42971673 | J31: =G31/H31 -> 0.068947087 | K31: =K23+K15+K29 -> 222 | L31: =L23+L15+L29 -> 1874 | M31: =M23+M15+M29 -> 219 | N31: =N23+N15+N29 -> 2093 | P31: {=INDIRECT( "'" & $A31 & "'"& "!" & P$33)} -> 0.0021723389 | Q31: {=INDIRECT( "'" & $A31 & "'"& "!" & Q$33)} -> 0.052249637 | R31: {=INDIRECT( "'" & $A31 & "'"& "!" & R$33)} -> 0.032791251 | S31: {=INDIRECT( "'" & $A31 & "'"& "!" & S$33)} -> -0.07079646 | T31: {=INDIRECT( "'" & $A31 & "'"& "!" & T$33)} -> 0.075797872 | U31: {=INDIRECT( "'" & $A31 & "'"& "!" & U$33)} -> 0.14782609 | V31: {=INDIRECT( "'" & $A31 & "'"& "!" & V$33)} -> 0.0010615711 | W31: {=INDIRECT( "'" & $A31 & "'"& "!" & W$33)} -> 0.074657047 | ... AB31: {=INDIRECT( "'" & $A31 & "'"& "!" & AB$33)} -> 0.01884058
B33: S14 | C33: T14 | D33: U14 | E33: V14 | F33: W14 | G33: X14 | H33: Y14 | I33: Z14 | J33: AA14 | K33: AB14 | L33: AC14 | M33: AD14 | N33: AE14 | P33: AH14 | Q33: AI14 | R33: AJ14 | S33: AK14 | T33: AL14 | U33: AM14 | V33: AN14 | W33: AO14 | X33: AP14 | Y33: AQ14 | Z33: AR14 | AA33: AS14 | AB33: AT14

Sheet Sheet1
B1: Association(s) | C1: Arrière-pays | D1: Nombre de bénévoles | E1: Postes de comptage | F1: France / Suisse / Frontière | G1: Nombre de vélos | I1: % VAE dans le total | J1: NB VAE dans le total | K1: % femmes dans le total | L1: NB de femmes dans le total | M1: % de VAE chez les femmes | N1: NB de VAE chez les femmes | O1: Autres modes | Q1: Piétons | S1: > Suisse | U1: > France
G3: total | H3: HP | O3: total | P3: HP | Q3: total | R3: HP | S3: total | T3: HP | U3: total | V3: HP
B4: APiCy (Association des Piétons et Cyclistes du Pays de Gex) + ProVélo La Côte et ATE Vaud | C4: NON | D4: 23 | E4: STJEAN_Douane de Dardagny | F4: Frontière
E5: CHALLEX_Douane de La Plaine | F5: Frontière
E6: POUGNY_Douane de Chancy | F6: Frontière
E7: ST-GENIS_Giratoire Porte de France | F7: Frontière | I7: =J7/G7 -> #DIV/0! | K7: =L7/G7 -> #DIV/0! | M7: =IF(N7="-","-",N7/L7) -> #DIV/0!
E8: FERNEY_Douane du GdSaconnex | F8: Frontière | I8: =J8/G8 -> #DIV/0! | K8: =L8/G8 -> #DIV/0! | M8: =IF(N8="-","-",N8/L8) -> #DIV/0!
E9: FERNEY_Douane de Mategnin | F9: Frontière | I9: =J9/G9 -> #DIV/0! | K9: =L9/G9 -> #DIV/0! | M9: =IF(N9="-","-",N9/L9) -> #DIV/0!
E10: FERNEY_Douane de Vireloup | F10: Frontière | I10: =J10/G10 -> #DIV/0! | K10: =L10/G10 -> #DIV/0! | M10: =IF(N10="-","-",N10/L10) -> #DIV/0!
E11: VERSONNEX_Douane de Collex-Bossy | F11: Frontière | I11: =J11/G11 -> #DIV/0! | K11: =L11/G11 -> #DIV/0! | M11: =IF(N11="-","-",N11/L11) -> #DIV/0!
E12: SAUVERNY_Douane de Sauverny | F12: Frontière | I12: =J12/G12 -> #DIV/0! | K12: =L12/G12 -> #DIV/0! | M12: =IF(N12="-","-",N12/L12) -> #DIV/0!
I13: =J13/G13 -> #DIV/0! | K13: =L13/G13 -> #DIV/0! | M13: =IF(N13="-","-",N13/L13) -> #DIV/0!
I14: =J14/G14 -> #DIV/0! | K14: =L14/G14 -> #DIV/0! | M14: =IF(N14="-","-",N14/L14) -> #DIV/0!
E15: GRILLY_Douane du Pont | F15: Frontière | I15: =J15/G15 -> #DIV/0! | K15: =L15/G15 -> #DIV/0! | M15: =IF(N15="-","-",N15/L15) -> #DIV/0!
D16: Sous-total | G16: =SUM(G7:G15) -> 0 | H16: =SUM(H7:H15) -> 0 | I16: =J16/G16 -> #DIV/0! | J16: =SUM(J7:J15) -> 0 | K16: =L16/G16 -> #DIV/0! | L16: =SUM(L7:L15) -> 0 | M16: =N16/L16 -> #DIV/0! | N16: =SUM(N7:N15) -> 0 | O16: =SUM(O7:O15) -> 0 | P16: =SUM(P7:P15) -> 0 | Q16: =SUM(Q7:Q15) -> 0 | R16: =SUM(R7:R15) -> 0 | S16: =SUM(S7:S15) -> 0 | T16: =SUM(T7:T15) -> 0 | U16: =SUM(U7:U15) -> 0 | V16: =SUM(V7:V15) -> 0
B17: ATE Vaud / ProVélo La Côte | C17: NON | D17: 3 | E17: DIVONNE_Douane de Chavanne | F17: Frontière | I17: =J17/G17 -> #DIV/0! | K17: =L17/G17 -> #DIV/0! | M17: =IF(N17="-","-",N17/L17) -> #DIV/0!
E18: DIVONNE-CRASSIER_Voie verte | F18: Frontière | I18: =J18/G18 -> #DIV/0! | K18: =L18/G18 -> #DIV/0! | M18: =IF(N18="-","-",N18/L18) -> #DIV/0!
I19: =J19/G19 -> #DIV/0! | K19: =L19/G19 -> #DIV/0! | M19: =IF(N19="-","-",N19/L19) -> #DIV/0!
I20: =J20/G20 -> #DIV/0! | K20: =L20/G20 -> #DIV/0! | M20: =IF(N20="-","-",N20/L20) -> #DIV/0!
E21: DIVONNE_Douane de Crassy / Crassier | F21: Frontière | I21: =J21/G21 -> #DIV/0! | K21: =L21/G21 -> #DIV/0! | M21: =IF(N21="-","-",N21/L21) -> #DIV/0!
D22: Sous-total | G22: =SUM(G17:G21) -> 0 | H22: =SUM(H17:H21) -> 0 | I22: =J22/G22 -> #DIV/0! | J22: =SUM(J17:J21) -> 0 | K22: =L22/G22 -> #DIV/0! | L22: =SUM(L17:L21) -> 0 | M22: =N22/L22 -> #DIV/0! | N22: =SUM(N17:N21) -> 0 | O22: =SUM(O17:O21) -> 0 | P22: =SUM(P17:P21) -> 0 | Q22: =SUM(Q17:Q21) -> 0 | R22: =SUM(R17:R21) -> 0 | S22: =SUM(S17:S21) -> 0 | T22: =SUM(T17:T21) -> 0 | U22: =SUM(U17:U21) -> 0 | V22: =SUM(V17:V21) -> 0

Sheet CICLABLE2
C1: > CH Vélo traditionel H Total | D1: > CH Vélo traditionel F Total | E1: > CH VAE H Total | F1: > CH VAE F Total | G1: > CH Mode Nouveau H Total | H1: > CH Mode Nouveau F Total | I1: > CH Piéton/ne H Total | J1: > CH Piéton/ne F Total | K1: >FR Vélo traditionel H Total | L1: >FR Vélo traditionel F Total | M1: >FR VAE H Total | N1: >FR VAE F Total | O1: >FR Mode Nouveau H Total | P1: >FR Mode Nouveau F Total | Q1: >FR Piéton/ne H Total | R1: >FR Piéton/ne F Total | S1: > CH Vélo traditionel H HP | T1: > CH Vélo traditionel F HP | U1: > CH VAE H HP | V1: > CH VAE F HP | W1: > CH Mode Nouveau H HP | X1: > CH Mode Nouveau F HP | Y1: > CH Piéton/ne H HP | Z1: > CH Piéton/ne F HP | AA1: >FR Vélo traditionel H HP | AB1: >FR Vélo traditionel F HP | AC1: >FR VAE H HP | AD1: >FR VAE F HP | AE1: >FR Mode Nouveau H HP | AF1: >FR Mode Nouveau F HP | AG1: >FR Piéton/ne H HP | AH1: >FR Piéton/ne F HP | AJ1: Velos total | AK1: Vélos HP | AL1: % VAE dans le total | AM1: NB VAE dans le total | AN1: % femmes dans le total | AO1: NB de femmes dans le total | AP1: % de VAE chez les femmes | AQ1: NB de VAE chez les femmes | AR1: Autres modes total | AS1: Autres Modes HP | AT1: Pietons total | AU1: Pietons HP | AV1: >CH total | AW1: >CH HP | AX1: >FR total | AY1: >FR HP
C2: B | D2: C | E2: D | F2: E | G2: F | H2: G | I2: H | J2: I | K2: J | L2: K | M2: L | N2: M | O2: N | P2: O | Q2: P | R2: Q | S2: B | T2: C | U2: D | V2: E | W2: F | X2: G | Y2: H | Z2: I | AA2: J | AB2: K | AC2: L | AD2: M | AE2: N | AF2: O | AG2: P | AH2: Q
C3: 14 | D3: 14 | E3: 14 | F3: 14 | G3: 14 | H3: 14 | I3: 14 | J3: 14 | K3: 14 | L3: 14 | M3: 14 | N3: 14 | O3: 14 | P3: 14 | Q3: 14 | R3: 14 | S3: 15 | T3: 15 | U3: 15 | V3: 15 | W3: 15 | X3: 15 | Y3: 15 | Z3: 15 | AA3: 15 | AB3: 15 | AC3: 15 | AD3: 15 | AE3: 15 | AF3: 15 | AG3: 15 | AH3: 15
A4: StJeanDeG | B4: STJEAN_Douane de Dardagny
A5: Challex->LaPlaine | B5: CHALLEX_Douane de La Plaine
A6: Pougny | B6: POUGNY_Douane de Chancy
A7: StGenis total | B7: ST-GENIS_Giratoire Porte de France | C7: {=INDIRECT( "'" & $A7 & "'"& "!" &C$2 & C$3)} -> 287 | D7: {=INDIRECT( "'" & $A7 & "'"& "!" &D$2 & D$3)} -> 66 | E7: {=INDIRECT( "'" & $A7 & "'"& "!" &E$2 & E$3)} -> 103 | F7: {=INDIRECT( "'" & $A7 & "'"& "!" &F$2 & F$3)} -> 104 | G7: {=INDIRECT( "'" & $A7 & "'"& "!" &G$2 & G$3)} -> 38 | H7: {=INDIRECT( "'" & $A7 & "'"& "!" &H$2 & H$3)} -> 10 | I7: {=INDIRECT( "'" & $A7 & "'"& "!" &I$2 & I$3)} -> 57 | J7: {=INDIRECT( "'" & $A7 & "'"& "!" &J$2 & J$3)} -> 25 | ... AH7: {=INDIRECT( "'" & $A7 & "'"& "!" &AH$2 & AH$3)} -> 1 | AJ7: =C7+D7+E7+F7+K7+L7+M7+N7+G7+H7+O7+P7 -> 630 | AK7: =S7+T7+U7+V7+AA7+AB7+AC7+AD7+W7+X7+AE7+AF7 -> 337 | AL7: =AM7/AJ7 -> 0.33650794 | AM7: =E7+F7+M7+N7 -> 212 | AN7: =AO7/AJ7 -> 0.28888889 | AO7: =D7+F7+L7+N7+H7+P7 -> 182 | AP7: =AQ7/AO7 -> 0.58241758 | AQ7: =F7+N7 -> 106 | AR7: =G7+H7+O7+P7 -> 49 | AS7: =W7+X7+AE7+AF7 -> 30 | AT7: =I7+J7+Q7+R7 -> 89 | AU7: =Y7+Z7+AG7+AH7 -> 34 | AV7: =SUM(C7:J7) -> 690 | AW7: =SUM(S7:Z7) -> 356 | AX7: =SUM(K7:R7) -> 29 | AY7: =SUM(AA7:AH7) -> 15
A8: Ferney->Genève | B8: FERNEY_Douane du GdSaconnex | C8: {=INDIRECT( "'" & $A8 & "'"& "!" &C$2 & C$3)} -> 109 | D8: {=INDIRECT( "'" & $A8 & "'"& "!" &D$2 & D$3)} -> 55 | E8: {=INDIRECT( "'" & $A8 & "'"& "!" &E$2 & E$3)} -> 95 | F8: {=INDIRECT( "'" & $A8 & "'"& "!" &F$2 & F$3)} -> 105 | G8: {=INDIRECT( "'" & $A8 & "'"& "!" &G$2 & G$3)} -> 21 | H8: {=INDIRECT( "'" & $A8 & "'"& "!" &H$2 & H$3)} -> 4 | I8: {=INDIRECT( "'" & $A8 & "'"& "!" &I$2 & I$3)} -> 8 | J8: {=INDIRECT( "'" & $A8 & "'"& "!" &J$2 & J$3)} -> 6 | ... AH8: {=INDIRECT( "'" & $A8 & "'"& "!" &AH$2 & AH$3)} -> 0 | AJ8: =C8+D8+E8+F8+K8+L8+M8+N8+G8+H8+O8+P8 -> 399 | AK8: =S8+T8+U8+V8+AA8+AB8+AC8+AD8+W8+X8+AE8+AF8 -> 206 | AL8: =AM8/AJ8 -> 0.50877193 | AM8: =E8+F8+M8+N8 -> 203 | AN8: =AO8/AJ8 -> 0.41102757 | AO8: =D8+F8+L8+N8+H8+P8 -> 164 | AP8: =AQ8/AO8 -> 0.6402439 | AQ8: =F8+N8 -> 105 | AR8: =G8+H8+O8+P8 -> 29 | AS8: =W8+X8+AE8+AF8 -> 17 | AT8: =I8+J8+Q8+R8 -> 15 | AU8: =Y8+Z8+AG8+AH8 -> 7 | AV8: =SUM(C8:J8) -> 403 | AW8: =SUM(S8:Z8) -> 210 | AX8: =SUM(K8:R8) -> 11 | AY8: =SUM(AA8:AH8) -> 3
A9: Mategnin Total | B9: FERNEY_Douane de Mategnin | C9: {=INDIRECT( "'" & $A9 & "'"& "!" &C$2 & C$3)} -> 146 | D9: {=INDIRECT( "'" & $A9 & "'"& "!" &D$2 & D$3)} -> 49 | E9: {=INDIRECT( "'" & $A9 & "'"& "!" &E$2 & E$3)} -> 114 | F9: {=INDIRECT( "'" & $A9 & "'"& "!" &F$2 & F$3)} -> 81 | G9: {=INDIRECT( "'" & $A9 & "'"& "!" &G$2 & G$3)} -> 28 | H9: {=INDIRECT( "'" & $A9 & "'"& "!" &H$2 & H$3)} -> 7 | I9: {=INDIRECT( "'" & $A9 & "'"& "!" &I$2 & I$3)} -> 14 | J9: {=INDIRECT( "'" & $A9 & "'"& "!" &J$2 & J$3)} -> 14 | ... AH9: {=INDIRECT( "'" & $A9 & "'"& "!" &AH$2 & AH$3)} -> 5 | AJ9: =C9+D9+E9+F9+K9+L9+M9+N9+G9+H9+O9+P9 -> 470 | AK9: =S9+T9+U9+V9+AA9+AB9+AC9+AD9+W9+X9+AE9+AF9 -> 252 | AL9: =AM9/AJ9 -> 0.45957447 | AM9: =E9+F9+M9+N9 -> 216 | AN9: =AO9/AJ9 -> 0.31702128 | AO9: =D9+F9+L9+N9+H9+P9 -> 149 | AP9: =AQ9/AO9 -> 0.59731544 | AQ9: =F9+N9 -> 89 | AR9: =G9+H9+O9+P9 -> 37 | AS9: =W9+X9+AE9+AF9 -> 16 | AT9: =I9+J9+Q9+R9 -> 38 | AU9: =Y9+Z9+AG9+AH9 -> 21 | AV9: =SUM(C9:J9) -> 453 | AW9: =SUM(S9:Z9) -> 241 | AX9: =SUM(K9:R9) -> 55 | AY9: =SUM(AA9:AH9) -> 32
A10: Vireloup Douane | B10: FERNEY_Douane de Vireloup | C10: {=INDIRECT( "'" & $A10 & "'"& "!" &C$2 & C$3)} -> 18 | D10: {=INDIRECT( "'" & $A10 & "'"& "!" &D$2 & D$3)} -> 14 | E10: {=INDIRECT( "'" & $A10 & "'"& "!" &E$2 & E$3)} -> 22 | F10: {=INDIRECT( "'" & $A10 & "'"& "!" &F$2 & F$3)} -> 19 | G10: {=INDIRECT( "'" & $A10 & "'"& "!" &G$2 & G$3)} -> 4 | H10: {=INDIRECT( "'" & $A10 & "'"& "!" &H$2 & H$3)} -> 4 | I10: {=INDIRECT( "'" & $A10 & "'"& "!" &I$2 & I$3)} -> 2 | J10: {=INDIRECT( "'" & $A10 & "'"& "!" &J$2 & J$3)} -> 3 | ... AH10: {=INDIRECT( "'" & $A10 & "'"& "!" &AH$2 & AH$3)} -> 7 | AJ10: =C10+D10+E10+F10+K10+L10+M10+N10+G10+H10+O10+P10 -> 131 | AK10: =S10+T10+U10+V10+AA10+AB10+AC10+AD10+W10+X10+AE10+AF10 -> 70 | AL10: =AM10/AJ10 -> 0.48854962 | AM10: =E10+F10+M10+N10 -> 64 | AN10: =AO10/AJ10 -> 0.38931298 | AO10: =D10+F10+L10+N10+H10+P10 -> 51 | AP10: =AQ10/AO10 -> 0.54901961 | AQ10: =F10+N10 -> 28 | AR10: =G10+H10+O10+P10 -> 10 | AS10: =W10+X10+AE10+AF10 -> 4 | AT10: =I10+J10+Q10+R10 -> 26 | AU10: =Y10+Z10+AG10+AH10 -> 18 | AV10: =SUM(C10:J10) -> 86 | AW10: =SUM(S10:Z10) -> 39 | AX10: =SUM(K10:R10) -> 71 | AY10: =SUM(AA10:AH10) -> 49
A11: Versonnex | B11: VERSONNEX_Douane de Collex-Bossy | C11: {=INDIRECT( "'" & $A11 & "'"& "!" &C$2 & C$3)} -> 17 | D11: {=INDIRECT( "'" & $A11 & "'"& "!" &D$2 & D$3)} -> 3 | E11: {=INDIRECT( "'" & $A11 & "'"& "!" &E$2 & E$3)} -> 21 | F11: {=INDIRECT( "'" & $A11 & "'"& "!" &F$2 & F$3)} -> 18 | G11: {=INDIRECT( "'" & $A11 & "'"& "!" &G$2 & G$3)} -> 0 | H11: {=INDIRECT( "'" & $A11 & "'"& "!" &H$2 & H$3)} -> 0 | I11: {=INDIRECT( "'" & $A11 & "'"& "!" &I$2 & I$3)} -> 1 | J11: {=INDIRECT( "'" & $A11 & "'"& "!" &J$2 & J$3)} -> 0 | ... AH11: {=INDIRECT( "'" & $A11 & "'"& "!" &AH$2 & AH$3)} -> 0 | AJ11: =C11+D11+E11+F11+K11+L11+M11+N11+G11+H11+O11+P11 -> 64 | AK11: =S11+T11+U11+V11+AA11+AB11+AC11+AD11+W11+X11+AE11+AF11 -> 31 | AL11: =AM11/AJ11 -> 0.640625 | AM11: =E11+F11+M11+N11 -> 41 | AN11: =AO11/AJ11 -> 0.328125 | AO11: =D11+F11+L11+N11+H11+P11 -> 21 | AP11: =AQ11/AO11 -> 0.85714286 | AQ11: =F11+N11 -> 18 | AR11: =G11+H11+O11+P11 -> 0 | AS11: =W11+X11+AE11+AF11 -> 0 | AT11: =I11+J11+Q11+R11 -> 1 | AU11: =Y11+Z11+AG11+AH11 -> 0 | AV11: =SUM(C11:J11) -> 60 | AW11: =SUM(S11:Z11) -> 26 | AX11: =SUM(K11:R11) -> 5 | AY11: =SUM(AA11:AH11) -> 5
A12: Sauverny | B12: SAUVERNY_Douane de Sauverny | C12: {=INDIRECT( "'" & $A12 & "'"& "!" &C$2 & C$3)} -> 15 | D12: {=INDIRECT( "'" & $A12 & "'"& "!" &D$2 & D$3)} -> 3 | E12: {=INDIRECT( "'" & $A12 & "'"& "!" &E$2 & E$3)} -> 9 | F12: {=INDIRECT( "'" & $A12 & "'"& "!" &F$2 & F$3)} -> 9 | G12: {=INDIRECT( "'" & $A12 & "'"& "!" &G$2 & G$3)} -> 0 | H12: {=INDIRECT( "'" & $A12 & "'"& "!" &H$2 & H$3)} -> 1 | I12: {=INDIRECT( "'" & $A12 & "'"& "!" &I$2 & I$3)} -> 12 | J12: {=INDIRECT( "'" & $A12 & "'"& "!" &J$2 & J$3)} -> 12 | ... AH12: {=INDIRECT( "'" & $A12 & "'"& "!" &AH$2 & AH$3)} -> 0 | AJ12: =C12+D12+E12+F12+K12+L12+M12+N12+G12+H12+O12+P12 -> 43 | AK12: =S12+T12+U12+V12+AA12+AB12+AC12+AD12+W12+X12+AE12+AF12 -> 20 | AL12: =AM12/AJ12 -> 0.41860465 | AM12: =E12+F12+M12+N12 -> 18 | AN12: =AO12/AJ12 -> 0.3255814 | AO12: =D12+F12+L12+N12+H12+P12 -> 14 | AP12: =AQ12/AO12 -> 0.64285714 | AQ12: =F12+N12 -> 9 | AR12: =G12+H12+O12+P12 -> 1 | AS12: =W12+X12+AE12+AF12 -> 1 | AT12: =I12+J12+Q12+R12 -> 26 | AU12: =Y12+Z12+AG12+AH12 -> 16 | AV12: =SUM(C12:J12) -> 61 | AW12: =SUM(S12:Z12) -> 32 | AX12: =SUM(K12:R12) -> 8 | AY12: =SUM(AA12:AH12) -> 4
B13: COMMUNE_Carrefour
B14: COMMUNE_Carrefour
A15: Grilly | B15: GRILLY_Douane du Pont
B16: COMMUNE_Carrefour
B17: COMMUNE_Carrefour
B18: COMMUNE_Carrefour
C19: =SUM(C4:C18) -> 592 | D19: =SUM(D4:D18) -> 190 | E19: =SUM(E4:E18) -> 364 | F19: =SUM(F4:F18) -> 336 | G19: =SUM(G4:G18) -> 91 | H19: =SUM(H4:H18) -> 26 | I19: =SUM(I4:I18) -> 94 | J19: =SUM(J4:J18) -> 60 | ... AH19: =SUM(AH4:AH18) -> 13 | AJ19: =C19+D19+E19+F19+K19+L19+M19+N19+G19+H19+O19+P19 -> 1737 | AK19: =S19+T19+U19+V19+AA19+AB19+AC19+AD19+W19+X19+AE19+AF19 -> 916 | AL19: =AM19/AJ19 -> 0.43408175 | AM19: =E19+F19+M19+N19 -> 754 | AN19: =AO19/AJ19 -> 0.33448474 | AO19: =D19+F19+L19+N19+H19+P19 -> 581 | AP19: =AQ19/AO19 -> 0.61101549 | AQ19: =F19+N19 -> 355 | AR19: =G19+H19+O19+P19 -> 126 | AS19: =W19+X19+AE19+AF19 -> 68 | AT19: =I19+J19+Q19+R19 -> 195 | AU19: =Y19+Z19+AG19+AH19 -> 96 | AV19: =SUM(C19:J19) -> 1753 | AW19: =SUM(S19:Z19) -> 904 | AX19: =SUM(K19:R19) -> 179 | AY19: =SUM(AA19:AH19) -> 108
A20: Divonne->Chavanne | B20: DIVONNE_Douane de Chavanne | C20: {=INDIRECT( "'" & $A20 & "'"& "!" &C$2 & C$3)} -> 23 | D20: {=INDIRECT( "'" & $A20 & "'"& "!" &D$2 & D$3)} -> 12 | E20: {=INDIRECT( "'" & $A20 & "'"& "!" &E$2 & E$3)} -> 16 | F20: {=INDIRECT( "'" & $A20 & "'"& "!" &F$2 & F$3)} -> 9 | G20: {=INDIRECT( "'" & $A20 & "'"& "!" &G$2 & G$3)} -> 2 | H20: {=INDIRECT( "'" & $A20 & "'"& "!" &H$2 & H$3)} -> 0 | I20: {=INDIRECT( "'" & $A20 & "'"& "!" &I$2 & I$3)} -> 2 | J20: {=INDIRECT( "'" & $A20 & "'"& "!" &J$2 & J$3)} -> 3 | ... AH20: {=INDIRECT( "'" & $A20 & "'"& "!" &AH$2 & AH$3)} -> 0 | AJ20: =C20+D20+E20+F20+K20+L20+M20+N20+G20+H20+O20+P20 -> 91 | AK20: =S20+T20+U20+V20+AA20+AB20+AC20+AD20+W20+X20+AE20+AF20 -> 54 | AL20: =AM20/AJ20 -> 0.2967033 | AM20: =E20+F20+M20+N20 -> 27 | AN20: =AO20/AJ20 -> 0.40659341 | AO20: =D20+F20+L20+N20+H20+P20 -> 37 | AP20: =AQ20/AO20 -> 0.27027027 | AQ20: =F20+N20 -> 10 | AR20: =G20+H20+O20+P20 -> 2 | AS20: =W20+X20+AE20+AF20 -> 1 | AT20: =I20+J20+Q20+R20 -> 7 | AU20: =Y20+Z20+AG20+AH20 -> 2 | AV20: =SUM(C20:J20) -> 67 | AW20: =SUM(S20:Z20) -> 38 | AX20: =SUM(K20:R20) -> 31 | AY20: =SUM(AA20:AH20) -> 18
A21: Crassier Voie Verte | B21: DIVONNE-CRASSIER_Voie verte | C21: {=INDIRECT( "'" & $A21 & "'"& "!" &C$2 & C$3)} -> 6 | D21: {=INDIRECT( "'" & $A21 & "'"& "!" &D$2 & D$3)} -> 1 | E21: {=INDIRECT( "'" & $A21 & "'"& "!" &E$2 & E$3)} -> 9 | F21: {=INDIRECT( "'" & $A21 & "'"& "!" &F$2 & F$3)} -> 7 | G21: {=INDIRECT( "'" & $A21 & "'"& "!" &G$2 & G$3)} -> 0 | H21: {=INDIRECT( "'" & $A21 & "'"& "!" &H$2 & H$3)} -> 0 | I21: {=INDIRECT( "'" & $A21 & "'"& "!" &I$2 & I$3)} -> 8 | J21: {=INDIRECT( "'" & $A21 & "'"& "!" &J$2 & J$3)} -> 3 | ... AH21: {=INDIRECT( "'" & $A21 & "'"& "!" &AH$2 & AH$3)} -> 0 | AJ21: =C21+D21+E21+F21+K21+L21+M21+N21+G21+H21+O21+P21 -> 23 | AK21: =S21+T21+U21+V21+AA21+AB21+AC21+AD21+W21+X21+AE21+AF21 -> 13 | AL21: =AM21/AJ21 -> 0.69565217 | AM21: =E21+F21+M21+N21 -> 16 | AN21: =AO21/AJ21 -> 0.34782609 | AO21: =D21+F21+L21+N21+H21+P21 -> 8 | AP21: =AQ21/AO21 -> 0.875 | AQ21: =F21+N21 -> 7 | AR21: =G21+H21+O21+P21 -> 0 | AS21: =W21+X21+AE21+AF21 -> 0 | AT21: =I21+J21+Q21+R21 -> 16 | AU21: =Y21+Z21+AG21+AH21 -> 10 | AV21: =SUM(C21:J21) -> 34 | AW21: =SUM(S21:Z21) -> 19 | AX21: =SUM(K21:R21) -> 5 | AY21: =SUM(AA21:AH21) -> 4
B22: COMMUNE_Carrefour
B23: COMMUNE_Carrefour
A24: Crassier Douane | B24: DIVONNE_Douane de Crassy / Crassier | C24: {=INDIRECT( "'" & $A24 & "'"& "!" &C$2 & C$3)} -> 8 | D24: {=INDIRECT( "'" & $A24 & "'"& "!" &D$2 & D$3)} -> 2 | E24: {=INDIRECT( "'" & $A24 & "'"& "!" &E$2 & E$3)} -> 4 | F24: {=INDIRECT( "'" & $A24 & "'"& "!" &F$2 & F$3)} -> 2 | G24: {=INDIRECT( "'" & $A24 & "'"& "!" &G$2 & G$3)} -> 1 | H24: {=INDIRECT( "'" & $A24 & "'"& "!" &H$2 & H$3)} -> 0 | I24: {=INDIRECT( "'" & $A24 & "'"& "!" &I$2 & I$3)} -> 2 | J24: {=INDIRECT( "'" & $A24 & "'"& "!" &J$2 & J$3)} -> 1 | ... AH24: {=INDIRECT( "'" & $A24 & "'"& "!" &AH$2 & AH$3)} -> 1 | AJ24: =C24+D24+E24+F24+K24+L24+M24+N24+G24+H24+O24+P24 -> 20 | AK24: =S24+T24+U24+V24+AA24+AB24+AC24+AD24+W24+X24+AE24+AF24 -> 14 | AL24: =AM24/AJ24 -> 0.35 | AM24: =E24+F24+M24+N24 -> 7 | AN24: =AO24/AJ24 -> 0.2 | AO24: =D24+F24+L24+N24+H24+P24 -> 4 | AP24: =AQ24/AO24 -> 0.5 | AQ24: =F24+N24 -> 2 | AR24: =G24+H24+O24+P24 -> 1 | AS24: =W24+X24+AE24+AF24 -> 0 | AT24: =I24+J24+Q24+R24 -> 4 | AU24: =Y24+Z24+AG24+AH24 -> 2 | AV24: =SUM(C24:J24) -> 20 | AW24: =SUM(S24:Z24) -> 12 | AX24: =SUM(K24:R24) -> 4 | AY24: =SUM(AA24:AH24) -> 4
B25: COMMUNE_Carrefour
B26: COMMUNE_Carrefour
B27: COMMUNE_Carrefour
C28: =SUM(C20:C27) -> 37 | D28: =SUM(D20:D27) -> 15 | E28: =SUM(E20:E27) -> 29 | F28: =SUM(F20:F27) -> 18 | G28: =SUM(G20:G27) -> 3 | H28: =SUM(H20:H27) -> 0 | I28: =SUM(I20:I27) -> 12 | J28: =SUM(J20:J27) -> 7 | ... AH28: =SUM(AH20:AH27) -> 1 | AJ28: =C28+D28+E28+F28+K28+L28+M28+N28+G28+H28+O28+P28 -> 134 | AK28: =S28+T28+U28+V28+AA28+AB28+AC28+AD28+W28+X28+AE28+AF28 -> 81 | AL28: =AM28/AJ28 -> 0.37313433 | AM28: =E28+F28+M28+N28 -> 50 | AN28: =AO28/AJ28 -> 0.36567164 | AO28: =D28+F28+L28+N28+H28+P28 -> 49 | AP28: =AQ28/AO28 -> 0.3877551 | AQ28: =F28+N28 -> 19 | AR28: =G28+H28+O28+P28 -> 3 | AS28: =W28+X28+AE28+AF28 -> 1 | AT28: =I28+J28+Q28+R28 -> 27 | AU28: =Y28+Z28+AG28+AH28 -> 14 | AV28: =SUM(C28:J28) -> 121 | AW28: =SUM(S28:Z28) -> 69 | AX28: =SUM(K28:R28) -> 40 | AY28: =SUM(AA28:AH28) -> 26
B35: TOTAL | C35: =C28+C19 -> 629 | D35: =D28+D19 -> 205 | E35: =E28+E19 -> 393 | F35: =F28+F19 -> 354 | G35: =G28+G19 -> 94 | H35: =H28+H19 -> 26 | I35: =I28+I19 -> 106 | J35: =J28+J19 -> 67 | ... AH35: =AH28+AH19 -> 14

Sheet Sheet2
B1: Rang | C1: Lieu | D1: > CH Vélo traditionel H Total | E1: > CH Vélo traditionel F Total | F1: > CH VAE H Total | G1: > CH VAE F Total | H1: > CH Mode Nouveau H Total | I1: > CH Mode Nouveau F Total | J1: > CH Piéton/ne H Total | K1: > CH Piéton/ne F Total | L1: >FR Vélo traditionel H Total | M1: >FR Vélo traditionel F Total | N1: >FR VAE H Total | O1: >FR VAE F Total | P1: >FR Mode Nouveau H Total | Q1: >FR Mode Nouveau F Total | R1: >FR Piéton/ne H Total | S1: >FR Piéton/ne F Total | T1: > CH Vélo traditionel H HP | U1: > CH Vélo traditionel F HP | V1: > CH VAE H HP | W1: > CH VAE F HP | X1: > CH Mode Nouveau H HP | Y1: > CH Mode Nouveau F HP | Z1: > CH Piéton/ne H HP | AA1: > CH Piéton/ne F HP | AB1: >FR Vélo traditionel H HP | AC1: >FR Vélo traditionel F HP | AD1: >FR VAE H HP | AE1: >FR VAE F HP | AF1: >FR Mode Nouveau H HP | AG1: >FR Mode Nouveau F HP | AH1: >FR Piéton/ne H HP | AI1: >FR Piéton/ne F HP
D2: =INDIRECT( "'" & $A4 & "'"& "!" &D$2 & D$3) -> #VALUE! | E2: =INDIRECT( "'" & $A4 & "'"& "!" &E$2 & E$3) -> #VALUE! | F2: =INDIRECT( "'" & $A4 & "'"& "!" &F$2 & F$3) -> #VALUE! | G2: =INDIRECT( "'" & $A4 & "'"& "!" &G$2 & G$3) -> #VALUE! | H2: =INDIRECT( "'" & $A4 & "'"& "!" &H$2 & H$3) -> #VALUE! | I2: =INDIRECT( "'" & $A4 & "'"& "!" &I$2 & I$3) -> #VALUE! | J2: =INDIRECT( "'" & $A4 & "'"& "!" &J$2 & J$3) -> #VALUE! | K2: =INDIRECT( "'" & $A4 & "'"& "!" &K$2 & K$3) -> #VALUE! | ... AI2: =INDIRECT( "'" & $A4 & "'"& "!" &AI$2 & AI$3) -> #VALUE!
D3: =INDIRECT( "'" & $A5 & "'"& "!" &D$2 & D$3) -> #VALUE! | E3: =INDIRECT( "'" & $A5 & "'"& "!" &E$2 & E$3) -> #VALUE! | F3: =INDIRECT( "'" & $A5 & "'"& "!" &F$2 & F$3) -> #VALUE! | G3: =INDIRECT( "'" & $A5 & "'"& "!" &G$2 & G$3) -> #VALUE! | H3: =INDIRECT( "'" & $A5 & "'"& "!" &H$2 & H$3) -> #VALUE! | I3: =INDIRECT( "'" & $A5 & "'"& "!" &I$2 & I$3) -> #VALUE! | J3: =INDIRECT( "'" & $A5 & "'"& "!" &J$2 & J$3) -> #VALUE! | K3: =INDIRECT( "'" & $A5 & "'"& "!" &K$2 & K$3) -> #VALUE! | ... AI3: =INDIRECT( "'" & $A5 & "'"& "!" &AI$2 & AI$3) -> #VALUE!
A4: StJeanDeG | B4: 1 | C4: STJEAN_Douane de Dardagny | D4: =INDIRECT( "'" & $A4 & "'"& "!" &D$2 & D$3) -> #VALUE! | E4: =INDIRECT( "'" & $A4 & "'"& "!" &E$2 & E$3) -> #VALUE! | F4: =INDIRECT( "'" & $A6 & "'"& "!" &F$2 & F$3) -> #VALUE! | G4: =INDIRECT( "'" & $A6 & "'"& "!" &G$2 & G$3) -> #VALUE! | H4: =INDIRECT( "'" & $A6 & "'"& "!" &H$2 & H$3) -> #VALUE! | I4: =INDIRECT( "'" & $A6 & "'"& "!" &I$2 & I$3) -> #VALUE! | J4: =INDIRECT( "'" & $A6 & "'"& "!" &J$2 & J$3) -> #VALUE! | K4: =INDIRECT( "'" & $A6 & "'"& "!" &K$2 & K$3) -> #VALUE! | L4: =INDIRECT( "'" & $A6 & "'"& "!" &L$2 & L$3) -> #VALUE! | M4: =INDIRECT( "'" & $A6 & "'"& "!" &M$2 & M$3) -> #VALUE! | ... AI4: =INDIRECT( "'" & $A6 & "'"& "!" &AI$2 & AI$3) -> #VALUE!
A5: Challex->LaPlaine | B5: 2 | C5: CHALLEX_Douane de La Plaine | D5: =INDIRECT( "'" & $A7 & "'"& "!" &D$2 & D$3) -> #VALUE! | E5: =INDIRECT( "'" & $A7 & "'"& "!" &E$2 & E$3) -> #VALUE! | F5: =INDIRECT( "'" & $A7 & "'"& "!" &F$2 & F$3) -> #VALUE! | G5: =INDIRECT( "'" & $A7 & "'"& "!" &G$2 & G$3) -> #VALUE! | H5: =INDIRECT( "'" & $A7 & "'"& "!" &H$2 & H$3) -> #VALUE! | I5: =INDIRECT( "'" & $A7 & "'"& "!" &I$2 & I$3) -> #VALUE! | J5: =INDIRECT( "'" & $A7 & "'"& "!" &J$2 & J$3) -> #VALUE! | K5: =INDIRECT( "'" & $A7 & "'"& "!" &K$2 & K$3) -> #VALUE! | ... AI5: =INDIRECT( "'" & $A7 & "'"& "!" &AI$2 & AI$3) -> #VALUE!
A6: Pougny | B6: 3 | C6: POUGNY_Douane de Chancy | D6: =INDIRECT( "'" & $A8 & "'"& "!" &D$2 & D$3) -> #VALUE! | E6: =INDIRECT( "'" & $A8 & "'"& "!" &E$2 & E$3) -> #VALUE! | F6: =INDIRECT( "'" & $A8 & "'"& "!" &F$2 & F$3) -> #VALUE! | G6: =INDIRECT( "'" & $A8 & "'"& "!" &G$2 & G$3) -> #VALUE! | H6: =INDIRECT( "'" & $A8 & "'"& "!" &H$2 & H$3) -> #VALUE! | I6: =INDIRECT( "'" & $A8 & "'"& "!" &I$2 & I$3) -> #VALUE! | J6: =INDIRECT( "'" & $A8 & "'"& "!" &J$2 & J$3) -> #VALUE! | K6: =INDIRECT( "'" & $A8 & "'"& "!" &K$2 & K$3) -> #VALUE! | ... AI6: =INDIRECT( "'" & $A8 & "'"& "!" &AI$2 & AI$3) -> #VALUE!
A7: StGenis total | B7: 4 | C7: ST-GENIS_Giratoire Porte de France | D7: =INDIRECT( "'" & $A9 & "'"& "!" &D$2 & D$3) -> #VALUE! | E7: =INDIRECT( "'" & $A9 & "'"& "!" &E$2 & E$3) -> #VALUE! | F7: =INDIRECT( "'" & $A9 & "'"& "!" &F$2 & F$3) -> #VALUE! | G7: =INDIRECT( "'" & $A9 & "'"& "!" &G$2 & G$3) -> #VALUE! | H7: =INDIRECT( "'" & $A9 & "'"& "!" &H$2 & H$3) -> #VALUE! | I7: =INDIRECT( "'" & $A9 & "'"& "!" &I$2 & I$3) -> #VALUE! | J7: =INDIRECT( "'" & $A9 & "'"& "!" &J$2 & J$3) -> #VALUE! | K7: =INDIRECT( "'" & $A9 & "'"& "!" &K$2 & K$3) -> #VALUE! | ... AI7: =INDIRECT( "'" & $A9 & "'"& "!" &AI$2 & AI$3) -> #VALUE!
A8: Ferney->Genève | B8: 5 | C8: FERNEY_Douane du GdSaconnex | D8: =INDIRECT( "'" & $A10 & "'"& "!" &D$2 & D$3) -> #VALUE! | E8: =INDIRECT( "'" & $A10 & "'"& "!" &E$2 & E$3) -> #VALUE! | F8: =INDIRECT( "'" & $A10 & "'"& "!" &F$2 & F$3) -> #VALUE! | G8: =INDIRECT( "'" & $A10 & "'"& "!" &G$2 & G$3) -> #VALUE! | H8: =INDIRECT( "'" & $A10 & "'"& "!" &H$2 & H$3) -> #VALUE! | I8: =INDIRECT( "'" & $A10 & "'"& "!" &I$2 & I$3) -> #VALUE! | J8: =INDIRECT( "'" & $A10 & "'"& "!" &J$2 & J$3) -> #VALUE! | K8: =INDIRECT( "'" & $A10 & "'"& "!" &K$2 & K$3) -> #VALUE! | ... AI8: =INDIRECT( "'" & $A10 & "'"& "!" &AI$2 & AI$3) -> #VALUE!
A9: Mategnin Total | B9: 6 | C9: FERNEY_Douane de Mategnin | D9: =INDIRECT( "'" & $A11 & "'"& "!" &D$2 & D$3) -> #VALUE! | E9: =INDIRECT( "'" & $A11 & "'"& "!" &E$2 & E$3) -> #VALUE! | F9: =INDIRECT( "'" & $A11 & "'"& "!" &F$2 & F$3) -> #VALUE! | G9: =INDIRECT( "'" & $A11 & "'"& "!" &G$2 & G$3) -> #VALUE! | H9: =INDIRECT( "'" & $A11 & "'"& "!" &H$2 & H$3) -> #VALUE! | I9: =INDIRECT( "'" & $A11 & "'"& "!" &I$2 & I$3) -> #VALUE! | J9: =INDIRECT( "'" & $A11 & "'"& "!" &J$2 & J$3) -> #VALUE! | K9: =INDIRECT( "'" & $A11 & "'"& "!" &K$2 & K$3) -> #VALUE! | ... AI9: =INDIRECT( "'" & $A11 & "'"& "!" &AI$2 & AI$3) -> #VALUE!
A10: Vireloup Douane | B10: 7 | C10: FERNEY_Douane de Vireloup | D10: =INDIRECT( "'" & $A12 & "'"& "!" &D$2 & D$3) -> #VALUE! | E10: =INDIRECT( "'" & $A12 & "'"& "!" &E$2 & E$3) -> #VALUE! | F10: =INDIRECT( "'" & $A12 & "'"& "!" &F$2 & F$3) -> #VALUE! | G10: =INDIRECT( "'" & $A12 & "'"& "!" &G$2 & G$3) -> #VALUE! | H10: =INDIRECT( "'" & $A12 & "'"& "!" &H$2 & H$3) -> #VALUE! | I10: =INDIRECT( "'" & $A12 & "'"& "!" &I$2 & I$3) -> #VALUE! | J10: =INDIRECT( "'" & $A12 & "'"& "!" &J$2 & J$3) -> #VALUE! | K10: =INDIRECT( "'" & $A12 & "'"& "!" &K$2 & K$3) -> #VALUE! | ... AI10: =INDIRECT( "'" & $A12 & "'"& "!" &AI$2 & AI$3) -> #VALUE!
A11: Versonnex | B11: 8 | C11: VERSONNEX_Douane de Collex-Bossy
A12: Sauverny | B12: 9 | C12: SAUVERNY_Douane de Sauverny
B13: 10 | D13: =INDIRECT( "'" & $A15 & "'"& "!" &D$2 & D$3) -> #VALUE! | E13: =INDIRECT( "'" & $A15 & "'"& "!" &E$2 & E$3) -> #VALUE! | F13: =INDIRECT( "'" & $A15 & "'"& "!" &F$2 & F$3) -> #VALUE! | G13: =INDIRECT( "'" & $A15 & "'"& "!" &G$2 & G$3) -> #VALUE! | H13: =INDIRECT( "'" & $A15 & "'"& "!" &H$2 & H$3) -> #VALUE! | I13: =INDIRECT( "'" & $A15 & "'"& "!" &I$2 & I$3) -> #VALUE! | J13: =INDIRECT( "'" & $A15 & "'"& "!" &J$2 & J$3) -> #VALUE! | K13: =INDIRECT( "'" & $A15 & "'"& "!" &K$2 & K$3) -> #VALUE! | ... AI13: =INDIRECT( "'" & $A15 & "'"& "!" &AI$2 & AI$3) -> #VALUE!
B14: 11 | D14: =SUM(D2:D13) -> #VALUE!
A15: Grilly | B15: 12 | C15: GRILLY_Douane du Pont | D15: =INDIRECT( "'" & $A17 & "'"& "!" &D$2 & D$3) -> #VALUE! | E15: =INDIRECT( "'" & $A17 & "'"& "!" &E$2 & E$3) -> #VALUE! | F15: =INDIRECT( "'" & $A17 & "'"& "!" &F$2 & F$3) -> #VALUE! | G15: =INDIRECT( "'" & $A17 & "'"& "!" &G$2 & G$3) -> #VALUE! | H15: =INDIRECT( "'" & $A17 & "'"& "!" &H$2 & H$3) -> #VALUE! | I15: =INDIRECT( "'" & $A17 & "'"& "!" &I$2 & I$3) -> #VALUE! | J15: =INDIRECT( "'" & $A17 & "'"& "!" &J$2 & J$3) -> #VALUE! | K15: =INDIRECT( "'" & $A17 & "'"& "!" &K$2 & K$3) -> #VALUE! | ... AI15: =INDIRECT( "'" & $A17 & "'"& "!" &AI$2 & AI$3) -> #VALUE!
B16: 13 | C16: APiCy | D16: =INDIRECT( "'" & $A18 & "'"& "!" &D$2 & D$3) -> #VALUE! | E16: =INDIRECT( "'" & $A18 & "'"& "!" &E$2 & E$3) -> #VALUE! | F16: =INDIRECT( "'" & $A18 & "'"& "!" &F$2 & F$3) -> #VALUE! | G16: =INDIRECT( "'" & $A18 & "'"& "!" &G$2 & G$3) -> #VALUE! | H16: =INDIRECT( "'" & $A18 & "'"& "!" &H$2 & H$3) -> #VALUE! | I16: =INDIRECT( "'" & $A18 & "'"& "!" &I$2 & I$3) -> #VALUE! | J16: =INDIRECT( "'" & $A18 & "'"& "!" &J$2 & J$3) -> #VALUE! | K16: =INDIRECT( "'" & $A18 & "'"& "!" &K$2 & K$3) -> #VALUE! | ... AI16: =INDIRECT( "'" & $A18 & "'"& "!" &AI$2 & AI$3) -> #VALUE!
A17: Divonne->Chavanne | B17: 14 | C17: DIVONNE_Douane de Chavanne
A18: Crassier Voie Verte | B18: 15 | C18: DIVONNE-CRASSIER_Voie verte
B19: 16 | D19: =INDIRECT( "'" & $A21 & "'"& "!" &D$2 & D$3) -> #VALUE! | E19: =INDIRECT( "'" & $A21 & "'"& "!" &E$2 & E$3) -> #VALUE! | F19: =INDIRECT( "'" & $A21 & "'"& "!" &F$2 & F$3) -> #VALUE! | G19: =INDIRECT( "'" & $A21 & "'"& "!" &G$2 & G$3) -> #VALUE! | H19: =INDIRECT( "'" & $A21 & "'"& "!" &H$2 & H$3) -> #VALUE! | I19: =INDIRECT( "'" & $A21 & "'"& "!" &I$2 & I$3) -> #VALUE! | J19: =INDIRECT( "'" & $A21 & "'"& "!" &J$2 & J$3) -> #VALUE! | K19: =INDIRECT( "'" & $A21 & "'"& "!" &K$2 & K$3) -> #VALUE! | ... AI19: =INDIRECT( "'" & $A21 & "'"& "!" &AI$2 & AI$3) -> #VALUE!
B20: 17
A21: Crassier Douane | B21: 18 | C21: DIVONNE_Douane de Crassy / Crassier | D21: B | E21: C | F21: D | G21: E | H21: F | I21: G | J21: H | K21: I | L21: J | M21: K | N21: L | O21: M | P21: N | Q21: O | R21: P | S21: Q | T21: B | U21: C | V21: D | W21: E | X21: F | Y21: G | Z21: H | AA21: I | AB21: J | AC21: K | AD21: L | AE21: M | AF21: N | AG21: O | AH21: P | AI21: Q
B22: 19 | C22: ATE-VD | D22: 14 | E22: 14 | F22: 14 | G22: 14 | H22: 14 | I22: 14 | J22: 14 | K22: 14 | L22: 14 | M22: 14 | N22: 14 | O22: 14 | P22: 14 | Q22: 14 | R22: 14 | S22: 14 | T22: 15 | U22: 15 | V22: 15 | W22: 15 | X22: 15 | Y22: 15 | Z22: 15 | AA22: 15 | AB22: 15 | AC22: 15 | AD22: 15 | AE22: 15 | AF22: 15 | AG22: 15 | AH22: 15 | AI22: 15
D25: =INDIRECT( "'" & $A27 & "'"& "!" &D$2 & D$3) -> #VALUE! | E25: =INDIRECT( "'" & $A27 & "'"& "!" &E$2 & E$3) -> #VALUE! | F25: =INDIRECT( "'" & $A27 & "'"& "!" &F$2 & F$3) -> #VALUE! | G25: =INDIRECT( "'" & $A27 & "'"& "!" &G$2 & G$3) -> #VALUE! | H25: =INDIRECT( "'" & $A27 & "'"& "!" &H$2 & H$3) -> #VALUE! | I25: =INDIRECT( "'" & $A27 & "'"& "!" &I$2 & I$3) -> #VALUE! | J25: =INDIRECT( "'" & $A27 & "'"& "!" &J$2 & J$3) -> #VALUE! | K25: =INDIRECT( "'" & $A27 & "'"& "!" &K$2 & K$3) -> #VALUE! | ... AI25: =INDIRECT( "'" & $A27 & "'"& "!" &AI$2 & AI$3) -> #VALUE!
D26: =INDIRECT( "'" & $A28 & "'"& "!" &D$2 & D$3) -> #VALUE! | E26: =INDIRECT( "'" & $A28 & "'"& "!" &E$2 & E$3) -> #VALUE! | F26: =INDIRECT( "'" & $A28 & "'"& "!" &F$2 & F$3) -> #VALUE! | G26: =INDIRECT( "'" & $A28 & "'"& "!" &G$2 & G$3) -> #VALUE! | H26: =INDIRECT( "'" & $A28 & "'"& "!" &H$2 & H$3) -> #VALUE! | I26: =INDIRECT( "'" & $A28 & "'"& "!" &I$2 & I$3) -> #VALUE! | J26: =INDIRECT( "'" & $A28 & "'"& "!" &J$2 & J$3) -> #VALUE! | K26: =INDIRECT( "'" & $A28 & "'"& "!" &K$2 & K$3) -> #VALUE! | ... AI26: =INDIRECT( "'" & $A28 & "'"& "!" &AI$2 & AI$3) -> #VALUE!
A27: StGenis->Meyrin | D27: =INDIRECT( "'" & $A29 & "'"& "!" &D$2 & D$3) -> #VALUE! | E27: =INDIRECT( "'" & $A29 & "'"& "!" &E$2 & E$3) -> #VALUE! | F27: =INDIRECT( "'" & $A29 & "'"& "!" &F$2 & F$3) -> #VALUE! | G27: =INDIRECT( "'" & $A29 & "'"& "!" &G$2 & G$3) -> #VALUE! | H27: =INDIRECT( "'" & $A29 & "'"& "!" &H$2 & H$3) -> #VALUE! | I27: =INDIRECT( "'" & $A29 & "'"& "!" &I$2 & I$3) -> #VALUE! | J27: =INDIRECT( "'" & $A29 & "'"& "!" &J$2 & J$3) -> #VALUE! | K27: =INDIRECT( "'" & $A29 & "'"& "!" &K$2 & K$3) -> #VALUE! | ... AI27: =INDIRECT( "'" & $A29 & "'"& "!" &AI$2 & AI$3) -> #VALUE!
A28: StGenis->Bourdigny | D28: =INDIRECT( "'" & $A30 & "'"& "!" &D$2 & D$3) -> #VALUE! | E28: =INDIRECT( "'" & $A30 & "'"& "!" &E$2 & E$3) -> #VALUE! | F28: =INDIRECT( "'" & $A30 & "'"& "!" &F$2 & F$3) -> #VALUE! | G28: =INDIRECT( "'" & $A30 & "'"& "!" &G$2 & G$3) -> #VALUE! | H28: =INDIRECT( "'" & $A30 & "'"& "!" &H$2 & H$3) -> #VALUE! | I28: =INDIRECT( "'" & $A30 & "'"& "!" &I$2 & I$3) -> #VALUE! | J28: =INDIRECT( "'" & $A30 & "'"& "!" &J$2 & J$3) -> #VALUE! | K28: =INDIRECT( "'" & $A30 & "'"& "!" &K$2 & K$3) -> #VALUE! | ... AI28: =INDIRECT( "'" & $A30 & "'"& "!" &AI$2 & AI$3) -> #VALUE!
A29: StGenis->CERN | D29: =INDIRECT( "'" & $A31 & "'"& "!" &D$2 & D$3) -> #VALUE! | E29: =INDIRECT( "'" & $A31 & "'"& "!" &E$2 & E$3) -> #VALUE! | F29: =INDIRECT( "'" & $A31 & "'"& "!" &F$2 & F$3) -> #VALUE! | G29: =INDIRECT( "'" & $A31 & "'"& "!" &G$2 & G$3) -> #VALUE! | H29: =INDIRECT( "'" & $A31 & "'"& "!" &H$2 & H$3) -> #VALUE! | I29: =INDIRECT( "'" & $A31 & "'"& "!" &I$2 & I$3) -> #VALUE! | J29: =INDIRECT( "'" & $A31 & "'"& "!" &J$2 & J$3) -> #VALUE! | K29: =INDIRECT( "'" & $A31 & "'"& "!" &K$2 & K$3) -> #VALUE! | ... AI29: =INDIRECT( "'" & $A31 & "'"& "!" &AI$2 & AI$3) -> #VALUE!
A30: RteEurope->Meyrin | D30: =INDIRECT( "'" & $A32 & "'"& "!" &D$2 & D$3) -> #VALUE! | E30: =INDIRECT( "'" & $A32 & "'"& "!" &E$2 & E$3) -> #VALUE! | F30: =INDIRECT( "'" & $A32 & "'"& "!" &F$2 & F$3) -> #VALUE! | G30: =INDIRECT( "'" & $A32 & "'"& "!" &G$2 & G$3) -> #VALUE! | H30: =INDIRECT( "'" & $A32 & "'"& "!" &H$2 & H$3) -> #VALUE! | I30: =INDIRECT( "'" & $A32 & "'"& "!" &I$2 & I$3) -> #VALUE! | J30: =INDIRECT( "'" & $A32 & "'"& "!" &J$2 & J$3) -> #VALUE! | K30: =INDIRECT( "'" & $A32 & "'"& "!" &K$2 & K$3) -> #VALUE! | ... AI30: =INDIRECT( "'" & $A32 & "'"& "!" &AI$2 & AI$3) -> #VALUE!
A31: MategninAnneaux | D31: =INDIRECT( "'" & $A33 & "'"& "!" &D$2 & D$3) -> #VALUE! | E31: =INDIRECT( "'" & $A33 & "'"& "!" &E$2 & E$3) -> #VALUE! | F31: =INDIRECT( "'" & $A33 & "'"& "!" &F$2 & F$3) -> #VALUE! | G31: =INDIRECT( "'" & $A33 & "'"& "!" &G$2 & G$3) -> #VALUE! | H31: =INDIRECT( "'" & $A33 & "'"& "!" &H$2 & H$3) -> #VALUE! | I31: =INDIRECT( "'" & $A33 & "'"& "!" &I$2 & I$3) -> #VALUE! | J31: =INDIRECT( "'" & $A33 & "'"& "!" &J$2 & J$3) -> #VALUE! | K31: =INDIRECT( "'" & $A33 & "'"& "!" &K$2 & K$3) -> #VALUE! | ... AI31: =INDIRECT( "'" & $A33 & "'"& "!" &AI$2 & AI$3) -> #VALUE!
A32: MategninDouane | D32: =INDIRECT( "'" & $A34 & "'"& "!" &D$2 & D$3) -> #VALUE! | E32: =INDIRECT( "'" & $A34 & "'"& "!" &E$2 & E$3) -> #VALUE! | F32: =INDIRECT( "'" & $A34 & "'"& "!" &F$2 & F$3) -> #VALUE! | G32: =INDIRECT( "'" & $A34 & "'"& "!" &G$2 & G$3) -> #VALUE! | H32: =INDIRECT( "'" & $A34 & "'"& "!" &H$2 & H$3) -> #VALUE! | I32: =INDIRECT( "'" & $A34 & "'"& "!" &I$2 & I$3) -> #VALUE! | J32: =INDIRECT( "'" & $A34 & "'"& "!" &J$2 & J$3) -> #VALUE! | K32: =INDIRECT( "'" & $A34 & "'"& "!" &K$2 & K$3) -> #VALUE! | ... AI32: =INDIRECT( "'" & $A34 & "'"& "!" &AI$2 & AI$3) -> #VALUE!
A33: PdG Nord Total | D33: =INDIRECT( "'" & $A35 & "'"& "!" &D$2 & D$3) -> #VALUE! | E33: =INDIRECT( "'" & $A35 & "'"& "!" &E$2 & E$3) -> #VALUE! | F33: =INDIRECT( "'" & $A35 & "'"& "!" &F$2 & F$3) -> #VALUE! | G33: =INDIRECT( "'" & $A35 & "'"& "!" &G$2 & G$3) -> #VALUE! | H33: =INDIRECT( "'" & $A35 & "'"& "!" &H$2 & H$3) -> #VALUE! | I33: =INDIRECT( "'" & $A35 & "'"& "!" &I$2 & I$3) -> #VALUE! | J33: =INDIRECT( "'" & $A35 & "'"& "!" &J$2 & J$3) -> #VALUE! | K33: =INDIRECT( "'" & $A35 & "'"& "!" &K$2 & K$3) -> #VALUE! | ... AI33: =INDIRECT( "'" & $A35 & "'"& "!" &AI$2 & AI$3) -> #VALUE!
A34: Challex->Dardagny | D34: =INDIRECT( "'" & $A36 & "'"& "!" &D$2 & D$3) -> #VALUE! | E34: =INDIRECT( "'" & $A36 & "'"& "!" &E$2 & E$3) -> #VALUE! | F34: =INDIRECT( "'" & $A36 & "'"& "!" &F$2 & F$3) -> #VALUE! | G34: =INDIRECT( "'" & $A36 & "'"& "!" &G$2 & G$3) -> #VALUE! | H34: =INDIRECT( "'" & $A36 & "'"& "!" &H$2 & H$3) -> #VALUE! | I34: =INDIRECT( "'" & $A36 & "'"& "!" &I$2 & I$3) -> #VALUE! | J34: =INDIRECT( "'" & $A36 & "'"& "!" &J$2 & J$3) -> #VALUE! | K34: =INDIRECT( "'" & $A36 & "'"& "!" &K$2 & K$3) -> #VALUE! | ... AI34: =INDIRECT( "'" & $A36 & "'"& "!" &AI$2 & AI$3) -> #VALUE!
A35: PdG Sud Total
A36: APiCy total

Sheet Resumé CICLABLE
B1: > CH Vélo traditionel H Total | C1: > CH Vélo traditionel F Total | D1: > CH VAE H Total | E1: > CH VAE F Total | F1: > CH Mode Nouveau H Total | G1: > CH Mode Nouveau F Total | H1: > CH Piéton/ne H Total | I1: > CH Piéton/ne F Total | J1: >FR Vélo traditionel H Total | K1: >FR Vélo traditionel F Total | L1: >FR VAE H Total | M1: >FR VAE F Total | N1: >FR Mode Nouveau H Total | O1: >FR Mode Nouveau F Total | P1: >FR Piéton/ne H Total | Q1: >FR Piéton/ne F Total | R1: > CH Vélo traditionel H HP | S1: > CH Vélo traditionel F HP | T1: > CH VAE H HP | U1: > CH VAE F HP | V1: > CH Mode Nouveau H HP | W1: > CH Mode Nouveau F HP | X1: > CH Piéton/ne H HP | Y1: > CH Piéton/ne F HP | Z1: >FR Vélo traditionel H HP | AA1: >FR Vélo traditionel F HP | AB1: >FR VAE H HP | AC1: >FR VAE F HP | AD1: >FR Mode Nouveau H HP | AE1: >FR Mode Nouveau F HP | AF1: >FR Piéton/ne H HP | AG1: >FR Piéton/ne F HP | AI1: Velos total | AJ1: Vélos HP | AK1: % VAE dans le total | AL1: NB VAE dans le total | AM1: % femmes dans le total | AN1: NB de femmes dans le total | AO1: % de VAE chez les femmes | AP1: NB de VAE chez les femmes | AQ1: Autres modes total | AR1: Autres Modes HP | AS1: Pietons total | AT1: Pietons HP | AU1: >CH total | AV1: >CH HP | AW1: >FR total | AX1: >FR HP
B2: B | C2: C | D2: D | E2: E | F2: F | G2: G | H2: H | I2: I | J2: J | K2: K | L2: L | M2: M | N2: N | O2: O | P2: P | Q2: Q | R2: B | S2: C | T2: D | U2: E | V2: F | W2: G | X2: H | Y2: I | Z2: J | AA2: K | AB2: L | AC2: M | AD2: N | AE2: O | AF2: P | AG2: Q
B3: 14 | C3: 14 | D3: 14 | E3: 14 | F3: 14 | G3: 14 | H3: 14 | I3: 14 | J3: 14 | K3: 14 | L3: 14 | M3: 14 | N3: 14 | O3: 14 | P3: 14 | Q3: 14 | R3: 15 | S3: 15 | T3: 15 | U3: 15 | V3: 15 | W3: 15 | X3: 15 | Y3: 15 | Z3: 15 | AA3: 15 | AB3: 15 | AC3: 15 | AD3: 15 | AE3: 15 | AF3: 15 | AG3: 15
A4: Ferney->Genève | B4: {=INDIRECT( "'" & $A4 & "'"& "!" &B$2 & B$3)} -> 109 | C4: {=INDIRECT( "'" & $A4 & "'"& "!" &C$2 & C$3)} -> 55 | D4: {=INDIRECT( "'" & $A4 & "'"& "!" &D$2 & D$3)} -> 95 | E4: {=INDIRECT( "'" & $A4 & "'"& "!" &E$2 & E$3)} -> 105 | F4: {=INDIRECT( "'" & $A4 & "'"& "!" &F$2 & F$3)} -> 21 | G4: {=INDIRECT( "'" & $A4 & "'"& "!" &G$2 & G$3)} -> 4 | H4: {=INDIRECT( "'" & $A4 & "'"& "!" &H$2 & H$3)} -> 8 | I4: {=INDIRECT( "'" & $A4 & "'"& "!" &I$2 & I$3)} -> 6 | ... AG4: {=INDIRECT( "'" & $A4 & "'"& "!" &AG$2 & AG$3)} -> 0 | AI4: =B4+C4+D4+E4+J4+K4+L4+M4+F4+G4+N4+O4 -> 399 | AJ4: =R4+S4+T4+U4+Z4+AA4+AB4+AC4+V4+W4+AD4+AE4 -> 206 | AK4: =AL4/AI4 -> 0.50877193 | AL4: =D4+E4+L4+M4 -> 203 | AM4: =AN4/AI4 -> 0.41102757 | AN4: =C4+E4+K4+M4+G4+O4 -> 164 | AO4: =AP4/AN4 -> 0.6402439 | AP4: =E4+M4 -> 105 | AQ4: =F4+G4+N4+O4 -> 29 | AR4: =V4+W4+AD4+AE4 -> 17 | AS4: =H4+I4+P4+Q4 -> 15 | AT4: =X4+Y4+AF4+AG4 -> 7 | AU4: =SUM(B4:I4) -> 403 | AV4: =SUM(R4:Y4) -> 210 | AW4: =SUM(J4:Q4) -> 11 | AX4: =SUM(Z4:AG4) -> 3
A7: StGenis->Meyrin | B7: {=INDIRECT( "'" & $A7 & "'"& "!" &B$2 & B$3)} -> 140 | C7: {=INDIRECT( "'" & $A7 & "'"& "!" &C$2 & C$3)} -> 39 | D7: {=INDIRECT( "'" & $A7 & "'"& "!" &D$2 & D$3)} -> 88 | E7: {=INDIRECT( "'" & $A7 & "'"& "!" &E$2 & E$3)} -> 91 | F7: {=INDIRECT( "'" & $A7 & "'"& "!" &F$2 & F$3)} -> 32 | G7: {=INDIRECT( "'" & $A7 & "'"& "!" &G$2 & G$3)} -> 8 | H7: {=INDIRECT( "'" & $A7 & "'"& "!" &H$2 & H$3)} -> 16 | I7: {=INDIRECT( "'" & $A7 & "'"& "!" &I$2 & I$3)} -> 6 | ... AG7: {=INDIRECT( "'" & $A7 & "'"& "!" &AG$2 & AG$3)} -> 1 | AI7: =B7+C7+D7+E7+J7+K7+L7+M7+F7+G7+N7+O7 -> 417 | AJ7: =R7+S7+T7+U7+Z7+AA7+AB7+AC7+V7+W7+AD7+AE7 -> 228 | AK7: =AL7/AI7 -> 0.441247 | AL7: =D7+E7+L7+M7 -> 184 | AM7: =AN7/AI7 -> 0.33573141 | AN7: =C7+E7+K7+M7+G7+O7 -> 140 | AO7: =AP7/AN7 -> 0.66428571 | AP7: =E7+M7 -> 93 | AQ7: =F7+G7+N7+O7 -> 41 | AR7: =V7+W7+AD7+AE7 -> 27 | AS7: =H7+I7+P7+Q7 -> 29 | AT7: =X7+Y7+AF7+AG7 -> 12 | AU7: =SUM(B7:I7) -> 420 | AV7: =SUM(R7:Y7) -> 226 | AW7: =SUM(J7:Q7) -> 26 | AX7: =SUM(Z7:AG7) -> 14
A8: StGenis->Bourdigny | B8: {=INDIRECT( "'" & $A8 & "'"& "!" &B$2 & B$3)} -> 44 | C8: {=INDIRECT( "'" & $A8 & "'"& "!" &C$2 & C$3)} -> 0 | D8: {=INDIRECT( "'" & $A8 & "'"& "!" &D$2 & D$3)} -> 0 | E8: {=INDIRECT( "'" & $A8 & "'"& "!" &E$2 & E$3)} -> 0 | F8: {=INDIRECT( "'" & $A8 & "'"& "!" &F$2 & F$3)} -> 1 | G8: {=INDIRECT( "'" & $A8 & "'"& "!" &G$2 & G$3)} -> 0 | H8: {=INDIRECT( "'" & $A8 & "'"& "!" &H$2 & H$3)} -> 1 | I8: {=INDIRECT( "'" & $A8 & "'"& "!" &I$2 & I$3)} -> 0 | ... AG8: {=INDIRECT( "'" & $A8 & "'"& "!" &AG$2 & AG$3)} -> 0 | AI8: =B8+C8+D8+E8+J8+K8+L8+M8+F8+G8+N8+O8 -> 48 | AJ8: =R8+S8+T8+U8+Z8+AA8+AB8+AC8+V8+W8+AD8+AE8 -> 31 | AK8: =AL8/AI8 -> 0 | AL8: =D8+E8+L8+M8 -> 0 | AM8: =AN8/AI8 -> 0 | AN8: =C8+E8+K8+M8+G8+O8 -> 0 | AO8: =AP8/AN8 -> #DIV/0! | AP8: =E8+M8 -> 0 | AQ8: =F8+G8+N8+O8 -> 1 | AR8: =V8+W8+AD8+AE8 -> 1 | AS8: =H8+I8+P8+Q8 -> 1 | AT8: =X8+Y8+AF8+AG8 -> 0 | AU8: =SUM(B8:I8) -> 46 | AV8: =SUM(R8:Y8) -> 30 | AW8: =SUM(J8:Q8) -> 3 | AX8: =SUM(Z8:AG8) -> 1
A9: StGenis->CERN | B9: {=INDIRECT( "'" & $A9 & "'"& "!" &B$2 & B$3)} -> 103 | C9: {=INDIRECT( "'" & $A9 & "'"& "!" &C$2 & C$3)} -> 27 | D9: {=INDIRECT( "'" & $A9 & "'"& "!" &D$2 & D$3)} -> 15 | E9: {=INDIRECT( "'" & $A9 & "'"& "!" &E$2 & E$3)} -> 13 | F9: {=INDIRECT( "'" & $A9 & "'"& "!" &F$2 & F$3)} -> 5 | G9: {=INDIRECT( "'" & $A9 & "'"& "!" &G$2 & G$3)} -> 2 | H9: {=INDIRECT( "'" & $A9 & "'"& "!" &H$2 & H$3)} -> 40 | I9: {=INDIRECT( "'" & $A9 & "'"& "!" &I$2 & I$3)} -> 19 | ... AG9: {=INDIRECT( "'" & $A9 & "'"& "!" &AG$2 & AG$3)} -> 0 | AI9: =B9+C9+D9+E9+J9+K9+L9+M9+F9+G9+N9+O9 -> 165 | AJ9: =R9+S9+T9+U9+Z9+AA9+AB9+AC9+V9+W9+AD9+AE9 -> 78 | AK9: =AL9/AI9 -> 0.16969697 | AL9: =D9+E9+L9+M9 -> 28 | AM9: =AN9/AI9 -> 0.25454545 | AN9: =C9+E9+K9+M9+G9+O9 -> 42 | AO9: =AP9/AN9 -> 0.30952381 | AP9: =E9+M9 -> 13 | AQ9: =F9+G9+N9+O9 -> 7 | AR9: =V9+W9+AD9+AE9 -> 2 | AS9: =H9+I9+P9+Q9 -> 59 | AT9: =X9+Y9+AF9+AG9 -> 22 | AU9: =SUM(B9:I9) -> 224 | AV9: =SUM(R9:Y9) -> 100 | AW9: =SUM(J9:Q9) -> 0 | AX9: =SUM(Z9:AG9) -> 0
A10: RteEurope->Meyrin | B10: {=INDIRECT( "'" & $A10 & "'"& "!" &B$2 & B$3)} -> 37 | C10: {=INDIRECT( "'" & $A10 & "'"& "!" &C$2 & C$3)} -> 3 | D10: {=INDIRECT( "'" & $A10 & "'"& "!" &D$2 & D$3)} -> 18 | E10: {=INDIRECT( "'" & $A10 & "'"& "!" &E$2 & E$3)} -> 2 | F10: {=INDIRECT( "'" & $A10 & "'"& "!" &F$2 & F$3)} -> 1 | G10: {=INDIRECT( "'" & $A10 & "'"& "!" &G$2 & G$3)} -> 0 | H10: {=INDIRECT( "'" & $A10 & "'"& "!" &H$2 & H$3)} -> 7 | I10: {=INDIRECT( "'" & $A10 & "'"& "!" &I$2 & I$3)} -> 1 | ... AG10: {=INDIRECT( "'" & $A10 & "'"& "!" &AG$2 & AG$3)} -> 0 | AI10: =B10+C10+D10+E10+J10+K10+L10+M10+F10+G10+N10+O10 -> 114 | AJ10: =R10+S10+T10+U10+Z10+AA10+AB10+AC10+V10+W10+AD10+AE10 -> 52 | AK10: =AL10/AI10 -> 0.20175439 | AL10: =D10+E10+L10+M10 -> 23 | AM10: =AN10/AI10 -> 0.087719298 | AN10: =C10+E10+K10+M10+G10+O10 -> 10 | AO10: =AP10/AN10 -> 0.2 | AP10: =E10+M10 -> 2 | AQ10: =F10+G10+N10+O10 -> 41 | AR10: =V10+W10+AD10+AE10 -> 21 | AS10: =H10+I10+P10+Q10 -> 28 | AT10: =X10+Y10+AF10+AG10 -> 8 | AU10: =SUM(B10:I10) -> 69 | AV10: =SUM(R10:Y10) -> 29 | AW10: =SUM(J10:Q10) -> 73 | AX10: =SUM(Z10:AG10) -> 31
A11: StGenis total | B11: {=INDIRECT( "'" & $A11 & "'"& "!" &B$2 & B$3)} -> 287 | C11: {=INDIRECT( "'" & $A11 & "'"& "!" &C$2 & C$3)} -> 66 | D11: {=INDIRECT( "'" & $A11 & "'"& "!" &D$2 & D$3)} -> 103 | E11: {=INDIRECT( "'" & $A11 & "'"& "!" &E$2 & E$3)} -> 104 | F11: {=INDIRECT( "'" & $A11 & "'"& "!" &F$2 & F$3)} -> 38 | G11: {=INDIRECT( "'" & $A11 & "'"& "!" &G$2 & G$3)} -> 10 | H11: {=INDIRECT( "'" & $A11 & "'"& "!" &H$2 & H$3)} -> 57 | I11: {=INDIRECT( "'" & $A11 & "'"& "!" &I$2 & I$3)} -> 25 | ... AG11: {=INDIRECT( "'" & $A11 & "'"& "!" &AG$2 & AG$3)} -> 1 | AI11: =B11+C11+D11+E11+J11+K11+L11+M11+F11+G11+N11+O11 -> 630 | AJ11: =R11+S11+T11+U11+Z11+AA11+AB11+AC11+V11+W11+AD11+AE11 -> 337 | AK11: =AL11/AI11 -> 0.33650794 | AL11: =D11+E11+L11+M11 -> 212 | AM11: =AN11/AI11 -> 0.28888889 | AN11: =C11+E11+K11+M11+G11+O11 -> 182 | AO11: =AP11/AN11 -> 0.58241758 | AP11: =E11+M11 -> 106 | AQ11: =F11+G11+N11+O11 -> 49 | AR11: =V11+W11+AD11+AE11 -> 30 | AS11: =H11+I11+P11+Q11 -> 89 | AT11: =X11+Y11+AF11+AG11 -> 34 | AU11: =SUM(B11:I11) -> 690 | AV11: =SUM(R11:Y11) -> 356 | AW11: =SUM(J11:Q11) -> 29 | AX11: =SUM(Z11:AG11) -> 15
A12: MategninAnneaux | B12: {=INDIRECT( "'" & $A12 & "'"& "!" &B$2 & B$3)} -> 96 | C12: {=INDIRECT( "'" & $A12 & "'"& "!" &C$2 & C$3)} -> 29 | D12: {=INDIRECT( "'" & $A12 & "'"& "!" &D$2 & D$3)} -> 72 | E12: {=INDIRECT( "'" & $A12 & "'"& "!" &E$2 & E$3)} -> 53 | F12: {=INDIRECT( "'" & $A12 & "'"& "!" &F$2 & F$3)} -> 19 | G12: {=INDIRECT( "'" & $A12 & "'"& "!" &G$2 & G$3)} -> 3 | H12: {=INDIRECT( "'" & $A12 & "'"& "!" &H$2 & H$3)} -> 7 | I12: {=INDIRECT( "'" & $A12 & "'"& "!" &I$2 & I$3)} -> 11 | ... AG12: {=INDIRECT( "'" & $A12 & "'"& "!" &AG$2 & AG$3)} -> 2 | AI12: =B12+C12+D12+E12+J12+K12+L12+M12+F12+G12+N12+O12 -> 299 | AJ12: =R12+S12+T12+U12+Z12+AA12+AB12+AC12+V12+W12+AD12+AE12 -> 141 | AK12: =AL12/AI12 -> 0.4548495 | AL12: =D12+E12+L12+M12 -> 136 | AM12: =AN12/AI12 -> 0.29765886 | AN12: =C12+E12+K12+M12+G12+O12 -> 89 | AO12: =AP12/AN12 -> 0.61797753 | AP12: =E12+M12 -> 55 | AQ12: =F12+G12+N12+O12 -> 23 | AR12: =V12+W12+AD12+AE12 -> 7 | AS12: =H12+I12+P12+Q12 -> 24 | AT12: =X12+Y12+AF12+AG12 -> 10 | AU12: =SUM(B12:I12) -> 290 | AV12: =SUM(R12:Y12) -> 137 | AW12: =SUM(J12:Q12) -> 33 | AX12: =SUM(Z12:AG12) -> 14
A13: MategninDouane | B13: {=INDIRECT( "'" & $A13 & "'"& "!" &B$2 & B$3)} -> 50 | C13: {=INDIRECT( "'" & $A13 & "'"& "!" &C$2 & C$3)} -> 20 | D13: {=INDIRECT( "'" & $A13 & "'"& "!" &D$2 & D$3)} -> 42 | E13: {=INDIRECT( "'" & $A13 & "'"& "!" &E$2 & E$3)} -> 28 | F13: {=INDIRECT( "'" & $A13 & "'"& "!" &F$2 & F$3)} -> 9 | G13: {=INDIRECT( "'" & $A13 & "'"& "!" &G$2 & G$3)} -> 4 | H13: {=INDIRECT( "'" & $A13 & "'"& "!" &H$2 & H$3)} -> 7 | I13: {=INDIRECT( "'" & $A13 & "'"& "!" &I$2 & I$3)} -> 3 | ... AG13: {=INDIRECT( "'" & $A13 & "'"& "!" &AG$2 & AG$3)} -> 3 | AI13: =B13+C13+D13+E13+J13+K13+L13+M13+F13+G13+N13+O13 -> 171 | AJ13: =R13+S13+T13+U13+Z13+AA13+AB13+AC13+V13+W13+AD13+AE13 -> 111 | AK13: =AL13/AI13 -> 0.46783626 | AL13: =D13+E13+L13+M13 -> 80 | AM13: =AN13/AI13 -> 0.35087719 | AN13: =C13+E13+K13+M13+G13+O13 -> 60 | AO13: =AP13/AN13 -> 0.56666667 | AP13: =E13+M13 -> 34 | AQ13: =F13+G13+N13+O13 -> 14 | AR13: =V13+W13+AD13+AE13 -> 9 | AS13: =H13+I13+P13+Q13 -> 14 | AT13: =X13+Y13+AF13+AG13 -> 11 | AU13: =SUM(B13:I13) -> 163 | AV13: =SUM(R13:Y13) -> 104 | AW13: =SUM(J13:Q13) -> 22 | AX13: =SUM(Z13:AG13) -> 18
A14: Mategnin Total | B14: {=INDIRECT( "'" & $A14 & "'"& "!" &B$2 & B$3)} -> 146 | C14: {=INDIRECT( "'" & $A14 & "'"& "!" &C$2 & C$3)} -> 49 | D14: {=INDIRECT( "'" & $A14 & "'"& "!" &D$2 & D$3)} -> 114 | E14: {=INDIRECT( "'" & $A14 & "'"& "!" &E$2 & E$3)} -> 81 | F14: {=INDIRECT( "'" & $A14 & "'"& "!" &F$2 & F$3)} -> 28 | G14: {=INDIRECT( "'" & $A14 & "'"& "!" &G$2 & G$3)} -> 7 | H14: {=INDIRECT( "'" & $A14 & "'"& "!" &H$2 & H$3)} -> 14 | I14: {=INDIRECT( "'" & $A14 & "'"& "!" &I$2 & I$3)} -> 14 | ... AG14: {=INDIRECT( "'" & $A14 & "'"& "!" &AG$2 & AG$3)} -> 5 | AI14: =B14+C14+D14+E14+J14+K14+L14+M14+F14+G14+N14+O14 -> 470 | AJ14: =R14+S14+T14+U14+Z14+AA14+AB14+AC14+V14+W14+AD14+AE14 -> 252 | AK14: =AL14/AI14 -> 0.45957447 | AL14: =D14+E14+L14+M14 -> 216 | AM14: =AN14/AI14 -> 0.31702128 | AN14: =C14+E14+K14+M14+G14+O14 -> 149 | AO14: =AP14/AN14 -> 0.59731544 | AP14: =E14+M14 -> 89 | AQ14: =F14+G14+N14+O14 -> 37 | AR14: =V14+W14+AD14+AE14 -> 16 | AS14: =H14+I14+P14+Q14 -> 38 | AT14: =X14+Y14+AF14+AG14 -> 21 | AU14: =SUM(B14:I14) -> 453 | AV14: =SUM(R14:Y14) -> 241 | AW14: =SUM(J14:Q14) -> 55 | AX14: =SUM(Z14:AG14) -> 32
A15: Versonnex | B15: {=INDIRECT( "'" & $A15 & "'"& "!" &B$2 & B$3)} -> 17 | C15: {=INDIRECT( "'" & $A15 & "'"& "!" &C$2 & C$3)} -> 3 | D15: {=INDIRECT( "'" & $A15 & "'"& "!" &D$2 & D$3)} -> 21 | E15: {=INDIRECT( "'" & $A15 & "'"& "!" &E$2 & E$3)} -> 18 | F15: {=INDIRECT( "'" & $A15 & "'"& "!" &F$2 & F$3)} -> 0 | G15: {=INDIRECT( "'" & $A15 & "'"& "!" &G$2 & G$3)} -> 0 | H15: {=INDIRECT( "'" & $A15 & "'"& "!" &H$2 & H$3)} -> 1 | I15: {=INDIRECT( "'" & $A15 & "'"& "!" &I$2 & I$3)} -> 0 | ... AG15: {=INDIRECT( "'" & $A15 & "'"& "!" &AG$2 & AG$3)} -> 0 | AI15: =B15+C15+D15+E15+J15+K15+L15+M15+F15+G15+N15+O15 -> 64 | AJ15: =R15+S15+T15+U15+Z15+AA15+AB15+AC15+V15+W15+AD15+AE15 -> 31 | AK15: =AL15/AI15 -> 0.640625 | AL15: =D15+E15+L15+M15 -> 41 | AM15: =AN15/AI15 -> 0.328125 | AN15: =C15+E15+K15+M15+G15+O15 -> 21 | AO15: =AP15/AN15 -> 0.85714286 | AP15: =E15+M15 -> 18 | AQ15: =F15+G15+N15+O15 -> 0 | AR15: =V15+W15+AD15+AE15 -> 0 | AS15: =H15+I15+P15+Q15 -> 1 | AT15: =X15+Y15+AF15+AG15 -> 0 | AU15: =SUM(B15:I15) -> 60 | AV15: =SUM(R15:Y15) -> 26 | AW15: =SUM(J15:Q15) -> 5 | AX15: =SUM(Z15:AG15) -> 5
A16: Grilly | B16: {=INDIRECT( "'" & $A16 & "'"& "!" &B$2 & B$3)} -> 0 | C16: {=INDIRECT( "'" & $A16 & "'"& "!" &C$2 & C$3)} -> 0 | D16: {=INDIRECT( "'" & $A16 & "'"& "!" &D$2 & D$3)} -> 0 | E16: {=INDIRECT( "'" & $A16 & "'"& "!" &E$2 & E$3)} -> 0 | F16: {=INDIRECT( "'" & $A16 & "'"& "!" &F$2 & F$3)} -> 0 | G16: {=INDIRECT( "'" & $A16 & "'"& "!" &G$2 & G$3)} -> 0 | H16: {=INDIRECT( "'" & $A16 & "'"& "!" &H$2 & H$3)} -> 0 | I16: {=INDIRECT( "'" & $A16 & "'"& "!" &I$2 & I$3)} -> 0 | ... AG16: {=INDIRECT( "'" & $A16 & "'"& "!" &AG$2 & AG$3)} -> 0 | AI16: =B16+C16+D16+E16+J16+K16+L16+M16+F16+G16+N16+O16 -> 0 | AJ16: =R16+S16+T16+U16+Z16+AA16+AB16+AC16+V16+W16+AD16+AE16 -> 0 | AK16: =AL16/AI16 -> #DIV/0! | AL16: =D16+E16+L16+M16 -> 0 | AM16: =AN16/AI16 -> #DIV/0! | AN16: =C16+E16+K16+M16+G16+O16 -> 0 | AO16: =AP16/AN16 -> #DIV/0! | AP16: =E16+M16 -> 0 | AQ16: =F16+G16+N16+O16 -> 0 | AR16: =V16+W16+AD16+AE16 -> 0 | AS16: =H16+I16+P16+Q16 -> 0 | AT16: =X16+Y16+AF16+AG16 -> 0 | AU16: =SUM(B16:I16) -> 0 | AV16: =SUM(R16:Y16) -> 0 | AW16: =SUM(J16:Q16) -> 0 | AX16: =SUM(Z16:AG16) -> 0
A17: Sauverny | B17: {=INDIRECT( "'" & $A17 & "'"& "!" &B$2 & B$3)} -> 15 | C17: {=INDIRECT( "'" & $A17 & "'"& "!" &C$2 & C$3)} -> 3 | D17: {=INDIRECT( "'" & $A17 & "'"& "!" &D$2 & D$3)} -> 9 | E17: {=INDIRECT( "'" & $A17 & "'"& "!" &E$2 & E$3)} -> 9 | F17: {=INDIRECT( "'" & $A17 & "'"& "!" &F$2 & F$3)} -> 0 | G17: {=INDIRECT( "'" & $A17 & "'"& "!" &G$2 & G$3)} -> 1 | H17: {=INDIRECT( "'" & $A17 & "'"& "!" &H$2 & H$3)} -> 12 | I17: {=INDIRECT( "'" & $A17 & "'"& "!" &I$2 & I$3)} -> 12 | ... AG17: {=INDIRECT( "'" & $A17 & "'"& "!" &AG$2 & AG$3)} -> 0 | AI17: =B17+C17+D17+E17+J17+K17+L17+M17+F17+G17+N17+O17 -> 43 | AJ17: =R17+S17+T17+U17+Z17+AA17+AB17+AC17+V17+W17+AD17+AE17 -> 20 | AK17: =AL17/AI17 -> 0.41860465 | AL17: =D17+E17+L17+M17 -> 18 | AM17: =AN17/AI17 -> 0.3255814 | AN17: =C17+E17+K17+M17+G17+O17 -> 14 | AO17: =AP17/AN17 -> 0.64285714 | AP17: =E17+M17 -> 9 | AQ17: =F17+G17+N17+O17 -> 1 | AR17: =V17+W17+AD17+AE17 -> 1 | AS17: =H17+I17+P17+Q17 -> 26 | AT17: =X17+Y17+AF17+AG17 -> 16 | AU17: =SUM(B17:I17) -> 61 | AV17: =SUM(R17:Y17) -> 32 | AW17: =SUM(J17:Q17) -> 8 | AX17: =SUM(Z17:AG17) -> 4
... A22: APiCy total | B22: {=INDIRECT( "'" & $A22 & "'"& "!" &B$2 & B$3)} -> 633 | C22: {=INDIRECT( "'" & $A22 & "'"& "!" &C$2 & C$3)} -> 208 | D22: {=INDIRECT( "'" & $A22 & "'"& "!" &D$2 & D$3)} -> 393 | E22: {=INDIRECT( "'" & $A22 & "'"& "!" &E$2 & E$3)} -> 358 | F22: {=INDIRECT( "'" & $A22 & "'"& "!" &F$2 & F$3)} -> 97 | G22: {=INDIRECT( "'" & $A22 & "'"& "!" &G$2 & G$3)} -> 26 | H22: {=INDIRECT( "'" & $A22 & "'"& "!" &H$2 & H$3)} -> 107 | I22: {=INDIRECT( "'" & $A22 & "'"& "!" &I$2 & I$3)} -> 67 | ... AG22: {=INDIRECT( "'" & $A22 & "'"& "!" &AG$2 & AG$3)} -> 14 | AI22: =B22+C22+D22+E22+J22+K22+L22+M22+F22+G22+N22+O22 -> 1886 | AJ22: =R22+S22+T22+U22+Z22+AA22+AB22+AC22+V22+W22+AD22+AE22 -> 1014 | AK22: =AL22/AI22 -> 0.42895016 | AL22: =D22+E22+L22+M22 -> 809 | AM22: =AN22/AI22 -> 0.33775186 | AN22: =C22+E22+K22+M22+G22+O22 -> 637 | AO22: =AP22/AN22 -> 0.59340659 | AP22: =E22+M22 -> 378 | AQ22: =F22+G22+N22+O22 -> 132 | AR22: =V22+W22+AD22+AE22 -> 71 | AS22: =H22+I22+P22+Q22 -> 223 | AT22: =X22+Y22+AF22+AG22 -> 110 | AU22: =SUM(B22:I22) -> 1889 | AV22: =SUM(R22:Y22) -> 989 | AW22: =SUM(J22:Q22) -> 220 | AX22: =SUM(Z22:AG22) -> 135

Sheet APiCy total
A1: 2024 | B1: Lieu: | C1: {=MID(CELL("filename",A1),FIND("]",CELL("filename",A1))+1,255)} -> #VALUE! | AV1: 2023 | AW1: Lieu: | AX1: {=MID(CELL("filename",AV1),FIND("]",CELL("filename",AV1))+1,255)} -> #VALUE! | CQ1: 2022 | CR1: Lieu: | CS1: {=MID(CELL("filename",CQ1),FIND("]",CELL("filename",CQ1))+1,255)} -> #VALUE! | EL1: 2021 | EM1: Lieu: | EN1: APiCy Frontière Total
B2: France -> Suisse | J2: Suisse -> France | S2: ="Totaux 2023 " & $AX1 -> Totaux 2023 APiCy total | AH2: ="Changement depuis 2022 " & $AX1 -> Changement depuis 2022 APiCy total | AW2: France -> Suisse | BE2: Suisse -> France | BN2: ="Totaux 2023 " & $AX1 -> Totaux 2023 APiCy total | CC2: ="Changement depuis 2022 " & $AX1 -> Changement depuis 2022 APiCy total | CR2: France -> Suisse | CZ2: Suisse -> France | DI2: ="Totaux 2022 " & $CS1 -> Totaux 2022 APiCy total | DX2: ="Changement depuis 2021 " & $CS1 -> Changement depuis 2021 APiCy total | EM2: France -> Suisse | EU2: Suisse -> France | FD2: ="Totaux 2021 " & $EN1 -> Totaux 2021 APiCy Frontière Total | FR2: ="Totaux 2020 " & $EN1 -> Totaux 2020 APiCy Frontière Total | GF2: ="Changement depuis 2020 " & $EN1 -> Changement depuis 2020 APiCy Frontière Total
B3: Vélo traditionel | D3: VAE | F3: Mode Nouveau Electrique | H3: Piéton/ne | J3: Vélo traditionel | L3: VAE | N3: Mode Nouveau Electrique | P3: Piéton/ne | S3: Hommes | T3: Femmes | U3: %Femmes | V3: VT | W3: VAE | X3: Nouveau | Y3: 2r | Z3: %VAE | AA3: %Nouveau | AB3: Piétons | AC3: >CH | AD3: >FR | AE3: TOT | AH3: Hommes | AI3: Femmes | AJ3: %Femmes | AK3: VT | AL3: VAE | AM3: Nouveau | AN3: 2r | AO3: %VAE | AP3: %Nouveau | AQ3: Piétons | AR3: >CH | AS3: >FR | AT3: TOT | AW3: Vélo traditionel | AY3: VAE | BA3: Mode Nouveau Electrique | BC3: Piéton/ne | BE3: Vélo traditionel | BG3: VAE | BI3: Mode Nouveau Electrique | BK3: Piéton/ne | BN3: Hommes | BO3: Femmes | BP3: %Femmes | BQ3: VT | BR3: VAE | BS3: Nouveau | BT3: 2r | BU3: %VAE | BV3: %Nouveau | BW3: Piétons | BX3: >CH | BY3: >FR | BZ3: TOT | CC3: Hommes | CD3: Femmes | CE3: %Femmes | CF3: VT | CG3: VAE | CH3: Nouveau | CI3: 2r | CJ3: %VAE | CK3: %Nouveau | CL3: Piétons | CM3: >CH | CN3: >FR | CO3: TOT | CR3: Vélo traditionel | CT3: VAE | CV3: Mode Nouveau Electrique | CX3: Piéton/ne | CZ3: Vélo traditionel | DB3: VAE | DD3: Mode Nouveau Electrique | DF3: Piéton/ne | DI3: Hommes | DJ3: Femmes | DK3: %Femmes | DL3: VT | DM3: VAE | DN3: Nouveau | DO3: 2r | DP3: %VAE | DQ3: %Nouveau | DR3: Piétons | DS3: >CH | DT3: >FR | DU3: TOT | DX3: Hommes | DY3: Femmes | DZ3: %Femmes | EA3: VT | EB3: VAE | EC3: Nouveau | ED3: 2r | EE3: %VAE | EF3: %Nouveau | EG3: Piétons | EH3: >CH | EI3: >FR | EJ3: TOT | EM3: Vélo traditionel | EO3: VAE | EQ3: Mode Nouveau Electrique | ES3: Piéton/ne | EU3: Vélo traditionel | EW3: VAE | EY3: Mode Nouveau Electrique (trotinette, scateboard , …) | FA3: Piéton/ne | FD3: Hommes | FE3: Femmes | FF3: %Femmes | FG3: VT | FH3: VAE | FI3: Nouveau | FJ3: 2r | FK3: %VAE | FL3: %Nouveau | FM3: Piétons | FN3: >CH | FO3: >FR | FP3: TOT | FR3: Hommes | FS3: Femmes | FT3: %Femmes | FU3: VT | FV3: VAE | FW3: Nouveau | FX3: 2r | FY3: %VAE | FZ3: %Nouveau | GA3: Piétons | GB3: >CH | GC3: >FR | GD3: TOT | GF3: Hommes | GG3: Femmes | GH3: %Femmes | GI3: VT | GJ3: VAE | GK3: Nouveau | GL3: 2r | GM3: %VAE | GN3: %Nouveau | GO3: Piétons | GP3: >CH | GQ3: >FR | GR3: TOT
A4: Heure | B4: H | C4: F | D4: H | E4: F | F4: H | G4: F | H4: H | I4: F | J4: H | K4: F | L4: H | M4: F | N4: H | O4: F | P4: H | Q4: F | AV4: Heure | AW4: H | AX4: F | AY4: H | AZ4: F | BA4: H | BB4: F | BC4: H | BD4: F | BE4: H | BF4: F | BG4: H | BH4: F | BI4: H | BJ4: F | BK4: H | BL4: F | CQ4: Heure | CR4: H | CS4: F | CT4: H | CU4: F | CV4: H | CW4: F | CX4: H | CY4: F | CZ4: H | DA4: F | DB4: H | DC4: F | DD4: H | DE4: F | DF4: H | DG4: F | EL4: Heure | EM4: H | EN4: F | EO4: H | EP4: F | EQ4: H | ER4: F | ES4: H | ET4: F | EU4: H | EV4: F | EW4: H | EX4: F | EY4: H | EZ4: F | FA4: H | FB4: F
A5: 0.29166667 | B5: ='Ferney->Genève'!B5+'StGenis total'!B5+'Mategnin Total'!B5+'PdG Nord Total'!B5+'PdG Sud Total'!B5 -> 52 | C5: ='Ferney->Genève'!C5+'StGenis total'!C5+'Mategnin Total'!C5+'PdG Nord Total'!C5+'PdG Sud Total'!C5 -> 18 | D5: ='Ferney->Genève'!D5+'StGenis total'!D5+'Mategnin Total'!D5+'PdG Nord Total'!D5+'PdG Sud Total'!D5 -> 35 | E5: ='Ferney->Genève'!E5+'StGenis total'!E5+'Mategnin Total'!E5+'PdG Nord Total'!E5+'PdG Sud Total'!E5 -> 32 | F5: ='Ferney->Genève'!F5+'StGenis total'!F5+'Mategnin Total'!F5+'PdG Nord Total'!F5+'PdG Sud Total'!F5 -> 13 | G5: ='Ferney->Genève'!G5+'StGenis total'!G5+'Mategnin Total'!G5+'PdG Nord Total'!G5+'PdG Sud Total'!G5 -> 5 | H5: ='Ferney->Genève'!H5+'StGenis total'!H5+'Mategnin Total'!H5+'PdG Nord Total'!H5+'PdG Sud Total'!H5 -> 7 | I5: ='Ferney->Genève'!I5+'StGenis total'!I5+'Mategnin Total'!I5+'PdG Nord Total'!I5+'PdG Sud Total'!I5 -> 11 | ... Q5: ='Ferney->Genève'!Q5+'StGenis total'!Q5+'Mategnin Total'!Q5+'PdG Nord Total'!Q5+'PdG Sud Total'!Q5 -> 2 | S5: =B5+D5+F5+H5+J5+L5+N5+P5 -> 117 | T5: =C5+E5+G5+I5+K5+M5+O5+Q5 -> 69 | U5: =T5/(T5+S5) -> 0.37096774 | V5: =B5+C5+J5+K5 -> 76 | W5: =D5+E5+L5+M5 -> 69 | X5: =F5+G5+N5+O5 -> 18 | Y5: =SUM(V5:X5) -> 163 | Z5: =W5/Y5 -> 0.42331288 | AA5: =X5/Y5 -> 0.11042945 | AB5: =H5+I5+P5+Q5 -> 23 | AC5: =SUM(B5:I5) -> 173 | AD5: =SUM(J5:Q5) -> 13 | AE5: =SUM(B5:Q5) -> 186 | AH5: =(S5/BN5) - 1 -> -0.13333333 | AI5: =(T5/BO5) - 1 -> 0.23214286 | AJ5: =(U5/BP5) - 1 -> 0.26526498 | AK5: =(V5/BQ5) - 1 -> -0.084337349 | AL5: =(W5/BR5) - 1 -> -0.092105263 | AM5: =(X5/BS5) - 1 -> 0.28571429 | AN5: =(Y5/BT5) - 1 -> -0.057803468 | AO5: =(Z5/BU5) - 1 -> -0.0364062 | ... AT5: =(AE5/BZ5) - 1 -> -0.02617801 | AV5: 0.29166667 | AW5: ='Ferney->Genève'!AW5+'StGenis total'!AW5+'Mategnin Total'!AW5+'PdG Nord Total'!AW5+'PdG Sud Total'!AW5 -> 62 | AX5: ='Ferney->Genève'!AX5+'StGenis total'!AX5+'Mategnin Total'!AX5+'PdG Nord Total'!AX5+'PdG Sud Total'!AX5 -> 13 | AY5: ='Ferney->Genève'!AY5+'StGenis total'!AY5+'Mategnin Total'!AY5+'PdG Nord Total'!AY5+'PdG Sud Total'!AY5 -> 38 | AZ5: ='Ferney->Genève'!AZ5+'StGenis total'!AZ5+'Mategnin Total'!AZ5+'PdG Nord Total'!AZ5+'PdG Sud Total'!AZ5 -> 33 | BA5: ='Ferney->Genève'!BA5+'StGenis total'!BA5+'Mategnin Total'!BA5+'PdG Nord Total'!BA5+'PdG Sud Total'!BA5 -> 9 | BB5: ='Ferney->Genève'!BB5+'StGenis total'!BB5+'Mategnin Total'!BB5+'PdG Nord Total'!BB5+'PdG Sud Total'!BB5 -> 1 | BC5: ='Ferney->Genève'!BC5+'StGenis total'!BC5+'Mategnin Total'!BC5+'PdG Nord Total'!BC5+'PdG Sud Total'!BC5 -> 12 | BD5: ='Ferney->Genève'!BD5+'StGenis total'!BD5+'Mategnin Total'!BD5+'PdG Nord Total'!BD5+'PdG Sud Total'!BD5 -> 4 | ... BL5: ='Ferney->Genève'!BL5+'StGenis total'!BL5+'Mategnin Total'!BL5+'PdG Nord Total'!BL5+'PdG Sud Total'!BL5 -> 1 | BN5: =AW5+AY5+BA5+BC5+BE5+BG5+BI5+BK5 -> 135 | BO5: =AX5+AZ5+BB5+BD5+BF5+BH5+BJ5+BL5 -> 56 | BP5: =BO5/(BO5+BN5) -> 0.29319372 | BQ5: =AW5+AX5+BE5+BF5 -> 83 | BR5: =AY5+AZ5+BG5+BH5 -> 76 | BS5: =BA5+BB5+BI5+BJ5 -> 14 | BT5: =SUM(BQ5:BS5) -> 173 | BU5: =BR5/BT5 -> 0.43930636 | BV5: =BS5/BT5 -> 0.080924855 | BW5: =BC5+BD5+BK5+BL5 -> 18 | BX5: =SUM(AW5:BD5) -> 172 | BY5: =SUM(BE5:BL5) -> 19 | BZ5: =SUM(AW5:BL5) -> 191 | CC5: =(BN5/DI5) - 1 -> 0.51685393 | CD5: =(BO5/DJ5) - 1 -> 0.19148936 | CE5: =(BP5/DK5) - 1 -> -0.15160967 | CF5: =(BQ5/DL5) - 1 -> 0.22058824 | CG5: =(BR5/DM5) - 1 -> 0.85365854 | CH5: =(BS5/DN5) - 1 -> 1 | CI5: =(BT5/DO5) - 1 -> 0.49137931 | CJ5: =(BU5/DP5) - 1 -> 0.24291555 | ... CO5: =(BZ5/DU5) - 1 -> 0.40441176 | CQ5: 0.29166667 | CR5: ='Ferney->Genève'!CR5+'StGenis total'!CR5+'Mategnin Total'!CR5+'PdG Nord Total'!CR5+'PdG Sud Total'!CR5 -> 44 | CS5: ='Ferney->Genève'!CS5+'StGenis total'!CS5+'Mategnin Total'!CS5+'PdG Nord Total'!CS5+'PdG Sud Total'!CS5 -> 21 | CT5: ='Ferney->Genève'!CT5+'StGenis total'!CT5+'Mategnin Total'!CT5+'PdG Nord Total'!CT5+'PdG Sud Total'!CT5 -> 20 | CU5: ='Ferney->Genève'!CU5+'StGenis total'!CU5+'Mategnin Total'!CU5+'PdG Nord Total'!CU5+'PdG Sud Total'!CU5 -> 18 | CV5: ='Ferney->Genève'!CV5+'StGenis total'!CV5+'Mategnin Total'!CV5+'PdG Nord Total'!CV5+'PdG Sud Total'!CV5 -> 5 | CW5: ='Ferney->Genève'!CW5+'StGenis total'!CW5+'Mategnin Total'!CW5+'PdG Nord Total'!CW5+'PdG Sud Total'!CW5 -> 0 | CX5: ='Ferney->Genève'!CX5+'StGenis total'!CX5+'Mategnin Total'!CX5+'PdG Nord Total'!CX5+'PdG Sud Total'!CX5 -> 12 | CY5: ='Ferney->Genève'!CY5+'StGenis total'!CY5+'Mategnin Total'!CY5+'PdG Nord Total'!CY5+'PdG Sud Total'!CY5 -> 7 | ... DG5: ='Ferney->Genève'!DG5+'StGenis total'!DG5+'Mategnin Total'!DG5+'PdG Nord Total'!DG5+'PdG Sud Total'!DG5 -> 0 | DI5: =CR5+CT5+CV5+CX5+CZ5+DB5+DD5+DF5 -> 89 | DJ5: =CS5+CU5+CW5+CY5+DA5+DC5+DE5+DG5 -> 47 | DK5: =DJ5/(DJ5+DI5) -> 0.34558824 | DL5: =CR5+CS5+CZ5+DA5 -> 68 | DM5: =CT5+CU5+DB5+DC5 -> 41 | DN5: =CV5+CW5+DD5+DE5 -> 7 | DO5: =SUM(DL5:DN5) -> 116 | DP5: =DM5/DO5 -> 0.35344828 | DQ5: =DN5/DO5 -> 0.060344828 | DR5: =CX5+CY5+DF5+DG5 -> 20 | DS5: =SUM(CR5:CY5) -> 127 | DT5: =SUM(CZ5:DG5) -> 9 | DU5: =SUM(CR5:DG5) -> 136 | DX5: =(DI5/FD5) - 1 -> 0.28985507 | DY5: =(DJ5/FE5) - 1 -> 0.74074074 | DZ5: =(DK5/FF5) - 1 -> 0.22875817 | EA5: =(DL5/FG5) - 1 -> 0.25925926 | EB5: =(DM5/FH5) - 1 -> 0.24242424 | EC5: =(DN5/FI5) - 1 -> 0 | ED5: =(DO5/FJ5) - 1 -> 0.23404255 | EE5: =(DP5/FK5) - 1 -> 0.0067920585 | ... EJ5: =(DU5/FP5) - 1 -> 0.41666667 | EL5: 0.29166667 | EM5: =#REF!+'StGenis total'!EM5+'Mategnin Total'!EM5+'PdG Nord Total'!EM5 -> #REF! | EN5: =#REF!+'StGenis total'!EN5+'Mategnin Total'!EN5+'PdG Nord Total'!EN5 -> #REF! | EO5: =#REF!+'StGenis total'!EO5+'Mategnin Total'!EO5+'PdG Nord Total'!EO5 -> #REF! | EP5: =#REF!+'StGenis total'!EP5+'Mategnin Total'!EP5+'PdG Nord Total'!EP5 -> #REF! | EQ5: =#REF!+'StGenis total'!EQ5+'Mategnin Total'!EQ5+'PdG Nord Total'!EQ5 -> #REF! | ER5: =#REF!+'StGenis total'!ER5+'Mategnin Total'!ER5+'PdG Nord Total'!ER5 -> #REF! | ES5: =#REF!+'StGenis total'!ES5+'Mategnin Total'!ES5+'PdG Nord Total'!ES5 -> #REF! | ET5: =#REF!+'StGenis total'!ET5+'Mategnin Total'!ET5+'PdG Nord Total'!ET5 -> #REF! | ... FB5: =#REF!+'StGenis total'!FB5+'Mategnin Total'!FB5+'PdG Nord Total'!FB5 -> #REF! | FD5: 69 | FE5: 27 | FF5: 0.28125 | FG5: 54 | FH5: 33 | FI5: 7 | FJ5: 94 | FK5: 0.35106383 | FL5: 0.074468085 | FM5: 2 | FN5: 89 | FO5: 7 | FP5: 96 | FR5: 43 | FS5: 26 | FT5: 0.37681159 | FU5: 35 | FV5: 25 | FW5: 3 | FX5: 63 | FY5: 0.3968254 | FZ5: 0.047619048 | GA5: 6 | GB5: 63 | GC5: 6 | GD5: 69 | GF5: =(FD5/FR5) - 1 -> 0.60465116 | GG5: =(FE5/FS5) - 1 -> 0.038461538 | GH5: =(FF5/FT5) - 1 -> -0.25360577 | GI5: =(FG5/FU5) - 1 -> 0.54285714 | GJ5: =(FH5/FV5) - 1 -> 0.32 | GK5: =(FI5/FW5) - 1 -> 1.3333333 | GL5: =(FJ5/FX5) - 1 -> 0.49206349 | GM5: =(FK5/FY5) - 1 -> -0.11531915 | ... GR5: =(FP5/GD5) - 1 -> 0.39130435
A6: 0.30208333 | B6: ='Ferney->Genève'!B6+'StGenis total'!B6+'Mategnin Total'!B6+'PdG Nord Total'!B6+'PdG Sud Total'!B6 -> 56 | C6: ='Ferney->Genève'!C6+'StGenis total'!C6+'Mategnin Total'!C6+'PdG Nord Total'!C6+'PdG Sud Total'!C6 -> 23 | D6: ='Ferney->Genève'!D6+'StGenis total'!D6+'Mategnin Total'!D6+'PdG Nord Total'!D6+'PdG Sud Total'!D6 -> 43 | E6: ='Ferney->Genève'!E6+'StGenis total'!E6+'Mategnin Total'!E6+'PdG Nord Total'!E6+'PdG Sud Total'!E6 -> 34 | F6: ='Ferney->Genève'!F6+'StGenis total'!F6+'Mategnin Total'!F6+'PdG Nord Total'!F6+'PdG Sud Total'!F6 -> 14 | G6: ='Ferney->Genève'!G6+'StGenis total'!G6+'Mategnin Total'!G6+'PdG Nord Total'!G6+'PdG Sud Total'!G6 -> 2 | H6: ='Ferney->Genève'!H6+'StGenis total'!H6+'Mategnin Total'!H6+'PdG Nord Total'!H6+'PdG Sud Total'!H6 -> 14 | I6: ='Ferney->Genève'!I6+'StGenis total'!I6+'Mategnin Total'!I6+'PdG Nord Total'!I6+'PdG Sud Total'!I6 -> 7 | ... Q6: ='Ferney->Genève'!Q6+'StGenis total'!Q6+'Mategnin Total'!Q6+'PdG Nord Total'!Q6+'PdG Sud Total'!Q6 -> 1 | S6: =B6+D6+F6+H6+J6+L6+N6+P6 -> 138 | T6: =C6+E6+G6+I6+K6+M6+O6+Q6 -> 67 | U6: =T6/(T6+S6) -> 0.32682927 | V6: =B6+C6+J6+K6 -> 86 | W6: =D6+E6+L6+M6 -> 79 | X6: =F6+G6+N6+O6 -> 16 | Y6: =SUM(V6:X6) -> 181 | Z6: =W6/Y6 -> 0.43646409 | AA6: =X6/Y6 -> 0.08839779 | AB6: =H6+I6+P6+Q6 -> 24 | AC6: =SUM(B6:I6) -> 193 | AD6: =SUM(J6:Q6) -> 12 | AE6: =SUM(B6:Q6) -> 205 | AH6: =(S6/BN6) - 1 -> 0.069767442 | AI6: =(T6/BO6) - 1 -> 0.19642857 | AJ6: =(U6/BP6) - 1 -> 0.079703833 | AK6: =(V6/BQ6) - 1 -> -0.094736842 | AL6: =(W6/BR6) - 1 -> 0.067567568 | AM6: =(X6/BS6) - 1 -> 0.77777778 | AN6: =(Y6/BT6) - 1 -> 0.016853933 | AO6: =(Z6/BU6) - 1 -> 0.049873077 | ... AT6: =(AE6/BZ6) - 1 -> 0.10810811 | AV6: 0.30208333 | AW6: ='Ferney->Genève'!AW6+'StGenis total'!AW6+'Mategnin Total'!AW6+'PdG Nord Total'!AW6+'PdG Sud Total'!AW6 -> 66 | AX6: ='Ferney->Genève'!AX6+'StGenis total'!AX6+'Mategnin Total'!AX6+'PdG Nord Total'!AX6+'PdG Sud Total'!AX6 -> 18 | AY6: ='Ferney->Genève'!AY6+'StGenis total'!AY6+'Mategnin Total'!AY6+'PdG Nord Total'!AY6+'PdG Sud Total'!AY6 -> 38 | AZ6: ='Ferney->Genève'!AZ6+'StGenis total'!AZ6+'Mategnin Total'!AZ6+'PdG Nord Total'!AZ6+'PdG Sud Total'!AZ6 -> 32 | BA6: ='Ferney->Genève'!BA6+'StGenis total'!BA6+'Mategnin Total'!BA6+'PdG Nord Total'!BA6+'PdG Sud Total'!BA6 -> 8 | BB6: ='Ferney->Genève'!BB6+'StGenis total'!BB6+'Mategnin Total'!BB6+'PdG Nord Total'!BB6+'PdG Sud Total'!BB6 -> 1 | BC6: ='Ferney->Genève'!BC6+'StGenis total'!BC6+'Mategnin Total'!BC6+'PdG Nord Total'!BC6+'PdG Sud Total'!BC6 -> 2 | BD6: ='Ferney->Genève'!BD6+'StGenis total'!BD6+'Mategnin Total'!BD6+'PdG Nord Total'!BD6+'PdG Sud Total'!BD6 -> 2 | ... BL6: ='Ferney->Genève'!BL6+'StGenis total'!BL6+'Mategnin Total'!BL6+'PdG Nord Total'!BL6+'PdG Sud Total'!BL6 -> 0 | BN6: =AW6+AY6+BA6+BC6+BE6+BG6+BI6+BK6 -> 129 | BO6: =AX6+AZ6+BB6+BD6+BF6+BH6+BJ6+BL6 -> 56 | BP6: =BO6/(BO6+BN6) -> 0.3027027 | BQ6: =AW6+AX6+BE6+BF6 -> 95 | BR6: =AY6+AZ6+BG6+BH6 -> 74 | BS6: =BA6+BB6+BI6+BJ6 -> 9 | BT6: =SUM(BQ6:BS6) -> 178 | BU6: =BR6/BT6 -> 0.41573034 | BV6: =BS6/BT6 -> 0.050561798 | BW6: =BC6+BD6+BK6+BL6 -> 7 | BX6: =SUM(AW6:BD6) -> 167 | BY6: =SUM(BE6:BL6) -> 18 | BZ6: =SUM(AW6:BL6) -> 185 | CC6: =(BN6/DI6) - 1 -> 0.21698113 | CD6: =(BO6/DJ6) - 1 -> 0.056603774 | CE6: =(BP6/DK6) - 1 -> -0.091891892 | CF6: =(BQ6/DL6) - 1 -> 0.11764706 | CG6: =(BR6/DM6) - 1 -> 0.34545455 | CH6: =(BS6/DN6) - 1 -> 0.125 | CI6: =(BT6/DO6) - 1 -> 0.2027027 | CJ6: =(BU6/DP6) - 1 -> 0.11869254 | ... CO6: =(BZ6/DU6) - 1 -> 0.16352201 | CQ6: 0.30208333 | CR6: ='Ferney->Genève'!CR6+'StGenis total'!CR6+'Mategnin Total'!CR6+'PdG Nord Total'!CR6+'PdG Sud Total'!CR6 -> 47 | CS6: ='Ferney->Genève'!CS6+'StGenis total'!CS6+'Mategnin Total'!CS6+'PdG Nord Total'!CS6+'PdG Sud Total'!CS6 -> 26 | CT6: ='Ferney->Genève'!CT6+'StGenis total'!CT6+'Mategnin Total'!CT6+'PdG Nord Total'!CT6+'PdG Sud Total'!CT6 -> 30 | CU6: ='Ferney->Genève'!CU6+'StGenis total'!CU6+'Mategnin Total'!CU6+'PdG Nord Total'!CU6+'PdG Sud Total'!CU6 -> 23 | CV6: ='Ferney->Genève'!CV6+'StGenis total'!CV6+'Mategnin Total'!CV6+'PdG Nord Total'!CV6+'PdG Sud Total'!CV6 -> 6 | CW6: ='Ferney->Genève'!CW6+'StGenis total'!CW6+'Mategnin Total'!CW6+'PdG Nord Total'!CW6+'PdG Sud Total'!CW6 -> 1 | CX6: ='Ferney->Genève'!CX6+'StGenis total'!CX6+'Mategnin Total'!CX6+'PdG Nord Total'!CX6+'PdG Sud Total'!CX6 -> 6 | CY6: ='Ferney->Genève'!CY6+'StGenis total'!CY6+'Mategnin Total'!CY6+'PdG Nord Total'!CY6+'PdG Sud Total'!CY6 -> 2 | ... DG6: ='Ferney->Genève'!DG6+'StGenis total'!DG6+'Mategnin Total'!DG6+'PdG Nord Total'!DG6+'PdG Sud Total'!DG6 -> 0 | DI6: =CR6+CT6+CV6+CX6+CZ6+DB6+DD6+DF6 -> 106 | DJ6: =CS6+CU6+CW6+CY6+DA6+DC6+DE6+DG6 -> 53 | DK6: =DJ6/(DJ6+DI6) -> 0.33333333 | DL6: =CR6+CS6+CZ6+DA6 -> 85 | DM6: =CT6+CU6+DB6+DC6 -> 55 | DN6: =CV6+CW6+DD6+DE6 -> 8 | DO6: =SUM(DL6:DN6) -> 148 | DP6: =DM6/DO6 -> 0.37162162 | DQ6: =DN6/DO6 -> 0.054054054 | DR6: =CX6+CY6+DF6+DG6 -> 11 | DS6: =SUM(CR6:CY6) -> 141 | DT6: =SUM(CZ6:DG6) -> 18 | DU6: =SUM(CR6:DG6) -> 159 | DX6: =(DI6/FD6) - 1 -> 0.24705882 | DY6: =(DJ6/FE6) - 1 -> 0.65625 | DZ6: =(DK6/FF6) - 1 -> 0.21875 | EA6: =(DL6/FG6) - 1 -> 0.328125 | EB6: =(DM6/FH6) - 1 -> 0.25 | EC6: =(DN6/FI6) - 1 -> 0.6 | ED6: =(DO6/FJ6) - 1 -> 0.30973451 | EE6: =(DP6/FK6) - 1 -> -0.045608108 | ... EJ6: =(DU6/FP6) - 1 -> 0.35897436 | EL6: 0.30208333 | EM6: =#REF!+'StGenis total'!EM6+'Mategnin Total'!EM6+'PdG Nord Total'!EM6 -> #REF! | EN6: =#REF!+'StGenis total'!EN6+'Mategnin Total'!EN6+'PdG Nord Total'!EN6 -> #REF! | EO6: =#REF!+'StGenis total'!EO6+'Mategnin Total'!EO6+'PdG Nord Total'!EO6 -> #REF! | EP6: =#REF!+'StGenis total'!EP6+'Mategnin Total'!EP6+'PdG Nord Total'!EP6 -> #REF! | EQ6: =#REF!+'StGenis total'!EQ6+'Mategnin Total'!EQ6+'PdG Nord Total'!EQ6 -> #REF! | ER6: =#REF!+'StGenis total'!ER6+'Mategnin Total'!ER6+'PdG Nord Total'!ER6 -> #REF! | ES6: =#REF!+'StGenis total'!ES6+'Mategnin Total'!ES6+'PdG Nord Total'!ES6 -> #REF! | ET6: =#REF!+'StGenis total'!ET6+'Mategnin Total'!ET6+'PdG Nord Total'!ET6 -> #REF! | ... FB6: =#REF!+'StGenis total'!FB6+'Mategnin Total'!FB6+'PdG Nord Total'!FB6 -> #REF! | FD6: 85 | FE6: 32 | FF6: 0.27350427 | FG6: 64 | FH6: 44 | FI6: 5 | FJ6: 113 | FK6: 0.38938053 | FL6: 0.044247788 | FM6: 4 | FN6: 108 | FO6: 9 | FP6: 117 | FR6: 67 | FS6: 30 | FT6: 0.30927835 | FU6: 54 | FV6: 28 | FW6: 5 | FX6: 87 | FY6: 0.32183908 | FZ6: 0.057471264 | GA6: 10 | GB6: 87 | GC6: 10 | GD6: 97 | GF6: =(FD6/FR6) - 1 -> 0.26865672 | GG6: =(FE6/FS6) - 1 -> 0.066666667 | GH6: =(FF6/FT6) - 1 -> -0.11566952 | GI6: =(FG6/FU6) - 1 -> 0.18518519 | GJ6: =(FH6/FV6) - 1 -> 0.57142857 | GK6: =(FI6/FW6) - 1 -> 0 | GL6: =(FJ6/FX6) - 1 -> 0.29885057 | GM6: =(FK6/FY6) - 1 -> 0.20986094 | ... GR6: =(FP6/GD6) - 1 -> 0.20618557
A7: 0.3125 | B7: ='Ferney->Genève'!B7+'StGenis total'!B7+'Mategnin Total'!B7+'PdG Nord Total'!B7+'PdG Sud Total'!B7 -> 79 | C7: ='Ferney->Genève'!C7+'StGenis total'!C7+'Mategnin Total'!C7+'PdG Nord Total'!C7+'PdG Sud Total'!C7 -> 28 | D7: ='Ferney->Genève'!D7+'StGenis total'!D7+'Mategnin Total'!D7+'PdG Nord Total'!D7+'PdG Sud Total'!D7 -> 57 | E7: ='Ferney->Genève'!E7+'StGenis total'!E7+'Mategnin Total'!E7+'PdG Nord Total'!E7+'PdG Sud Total'!E7 -> 40 | F7: ='Ferney->Genève'!F7+'StGenis total'!F7+'Mategnin Total'!F7+'PdG Nord Total'!F7+'PdG Sud Total'!F7 -> 14 | G7: ='Ferney->Genève'!G7+'StGenis total'!G7+'Mategnin Total'!G7+'PdG Nord Total'!G7+'PdG Sud Total'!G7 -> 2 | H7: ='Ferney->Genève'!H7+'StGenis total'!H7+'Mategnin Total'!H7+'PdG Nord Total'!H7+'PdG Sud Total'!H7 -> 12 | I7: ='Ferney->Genève'!I7+'StGenis total'!I7+'Mategnin Total'!I7+'PdG Nord Total'!I7+'PdG Sud Total'!I7 -> 14 | ... Q7: ='Ferney->Genève'!Q7+'StGenis total'!Q7+'Mategnin Total'!Q7+'PdG Nord Total'!Q7+'PdG Sud Total'!Q7 -> 3 | S7: =B7+D7+F7+H7+J7+L7+N7+P7 -> 180 | T7: =C7+E7+G7+I7+K7+M7+O7+Q7 -> 96 | U7: =T7/(T7+S7) -> 0.34782609 | V7: =B7+C7+J7+K7 -> 123 | W7: =D7+E7+L7+M7 -> 103 | X7: =F7+G7+N7+O7 -> 17 | Y7: =SUM(V7:X7) -> 243 | Z7: =W7/Y7 -> 0.42386831 | AA7: =X7/Y7 -> 0.069958848 | AB7: =H7+I7+P7+Q7 -> 33 | AC7: =SUM(B7:I7) -> 246 | AD7: =SUM(J7:Q7) -> 30 | AE7: =SUM(B7:Q7) -> 276 | AH7: =(S7/BN7) - 1 -> 0.17647059 | AI7: =(T7/BO7) - 1 -> 0.010526316 | AJ7: =(U7/BP7) - 1 -> -0.091990847 | AK7: =(V7/BQ7) - 1 -> 0.069565217 | AL7: =(W7/BR7) - 1 -> 0.03 | AM7: =(X7/BS7) - 1 -> 0.21428571 | AN7: =(Y7/BT7) - 1 -> 0.061135371 | AO7: =(Z7/BU7) - 1 -> -0.029341564 | ... AT7: =(AE7/BZ7) - 1 -> 0.11290323 | AV7: 0.3125 | AW7: ='Ferney->Genève'!AW7+'StGenis total'!AW7+'Mategnin Total'!AW7+'PdG Nord Total'!AW7+'PdG Sud Total'!AW7 -> 72 | AX7: ='Ferney->Genève'!AX7+'StGenis total'!AX7+'Mategnin Total'!AX7+'PdG Nord Total'!AX7+'PdG Sud Total'!AX7 -> 26 | AY7: ='Ferney->Genève'!AY7+'StGenis total'!AY7+'Mategnin Total'!AY7+'PdG Nord Total'!AY7+'PdG Sud Total'!AY7 -> 39 | AZ7: ='Ferney->Genève'!AZ7+'StGenis total'!AZ7+'Mategnin Total'!AZ7+'PdG Nord Total'!AZ7+'PdG Sud Total'!AZ7 -> 54 | BA7: ='Ferney->Genève'!BA7+'StGenis total'!BA7+'Mategnin Total'!BA7+'PdG Nord Total'!BA7+'PdG Sud Total'!BA7 -> 11 | BB7: ='Ferney->Genève'!BB7+'StGenis total'!BB7+'Mategnin Total'!BB7+'PdG Nord Total'!BB7+'PdG Sud Total'!BB7 -> 2 | BC7: ='Ferney->Genève'!BC7+'StGenis total'!BC7+'Mategnin Total'!BC7+'PdG Nord Total'!BC7+'PdG Sud Total'!BC7 -> 8 | BD7: ='Ferney->Genève'!BD7+'StGenis total'!BD7+'Mategnin Total'!BD7+'PdG Nord Total'!BD7+'PdG Sud Total'!BD7 -> 7 | ... BL7: ='Ferney->Genève'!BL7+'StGenis total'!BL7+'Mategnin Total'!BL7+'PdG Nord Total'!BL7+'PdG Sud Total'!BL7 -> 1 | BN7: =AW7+AY7+BA7+BC7+BE7+BG7+BI7+BK7 -> 153 | BO7: =AX7+AZ7+BB7+BD7+BF7+BH7+BJ7+BL7 -> 95 | BP7: =BO7/(BO7+BN7) -> 0.38306452 | BQ7: =AW7+AX7+BE7+BF7 -> 115 | BR7: =AY7+AZ7+BG7+BH7 -> 100 | BS7: =BA7+BB7+BI7+BJ7 -> 14 | BT7: =SUM(BQ7:BS7) -> 229 | BU7: =BR7/BT7 -> 0.43668122 | BV7: =BS7/BT7 -> 0.061135371 | BW7: =BC7+BD7+BK7+BL7 -> 19 | BX7: =SUM(AW7:BD7) -> 219 | BY7: =SUM(BE7:BL7) -> 29 | BZ7: =SUM(AW7:BL7) -> 248 | CC7: =(BN7/DI7) - 1 -> 0.40366972 | CD7: =(BO7/DJ7) - 1 -> 0.61016949 | CE7: =(BP7/DK7) - 1 -> 0.090759978 | CF7: =(BQ7/DL7) - 1 -> 0.4556962 | CG7: =(BR7/DM7) - 1 -> 0.58730159 | CH7: =(BS7/DN7) - 1 -> 0.16666667 | CI7: =(BT7/DO7) - 1 -> 0.48701299 | CJ7: =(BU7/DP7) - 1 -> 0.067442989 | ... CO7: =(BZ7/DU7) - 1 -> 0.47619048 | CQ7: 0.3125 | CR7: ='Ferney->Genève'!CR7+'StGenis total'!CR7+'Mategnin Total'!CR7+'PdG Nord Total'!CR7+'PdG Sud Total'!CR7 -> 54 | CS7: ='Ferney->Genève'!CS7+'StGenis total'!CS7+'Mategnin Total'!CS7+'PdG Nord Total'!CS7+'PdG Sud Total'!CS7 -> 21 | CT7: ='Ferney->Genève'!CT7+'StGenis total'!CT7+'Mategnin Total'!CT7+'PdG Nord Total'!CT7+'PdG Sud Total'!CT7 -> 35 | CU7: ='Ferney->Genève'!CU7+'StGenis total'!CU7+'Mategnin Total'!CU7+'PdG Nord Total'!CU7+'PdG Sud Total'!CU7 -> 22 | CV7: ='Ferney->Genève'!CV7+'StGenis total'!CV7+'Mategnin Total'!CV7+'PdG Nord Total'!CV7+'PdG Sud Total'!CV7 -> 6 | CW7: ='Ferney->Genève'!CW7+'StGenis total'!CW7+'Mategnin Total'!CW7+'PdG Nord Total'!CW7+'PdG Sud Total'!CW7 -> 4 | CX7: ='Ferney->Genève'!CX7+'StGenis total'!CX7+'Mategnin Total'!CX7+'PdG Nord Total'!CX7+'PdG Sud Total'!CX7 -> 6 | CY7: ='Ferney->Genève'!CY7+'StGenis total'!CY7+'Mategnin Total'!CY7+'PdG Nord Total'!CY7+'PdG Sud Total'!CY7 -> 6 | ... DG7: ='Ferney->Genève'!DG7+'StGenis total'!DG7+'Mategnin Total'!DG7+'PdG Nord Total'!DG7+'PdG Sud Total'!DG7 -> 0 | DI7: =CR7+CT7+CV7+CX7+CZ7+DB7+DD7+DF7 -> 109 | DJ7: =CS7+CU7+CW7+CY7+DA7+DC7+DE7+DG7 -> 59 | DK7: =DJ7/(DJ7+DI7) -> 0.35119048 | DL7: =CR7+CS7+CZ7+DA7 -> 79 | DM7: =CT7+CU7+DB7+DC7 -> 63 | DN7: =CV7+CW7+DD7+DE7 -> 12 | DO7: =SUM(DL7:DN7) -> 154 | DP7: =DM7/DO7 -> 0.40909091 | DQ7: =DN7/DO7 -> 0.077922078 | DR7: =CX7+CY7+DF7+DG7 -> 14 | DS7: =SUM(CR7:CY7) -> 154 | DT7: =SUM(CZ7:DG7) -> 14 | DU7: =SUM(CR7:DG7) -> 168 | DX7: =(DI7/FD7) - 1 -> 0.1122449 | DY7: =(DJ7/FE7) - 1 -> 0.475 | DZ7: =(DK7/FF7) - 1 -> 0.21160714 | EA7: =(DL7/FG7) - 1 -> 0.25396825 | EB7: =(DM7/FH7) - 1 -> 0.16666667 | EC7: =(DN7/FI7) - 1 -> 2 | ED7: =(DO7/FJ7) - 1 -> 0.27272727 | EE7: =(DP7/FK7) - 1 -> -0.083333333 | ... EJ7: =(DU7/FP7) - 1 -> 0.2173913 | EL7: 0.3125 | EM7: =#REF!+'StGenis total'!EM7+'Mategnin Total'!EM7+'PdG Nord Total'!EM7 -> #REF! | EN7: =#REF!+'StGenis total'!EN7+'Mategnin Total'!EN7+'PdG Nord Total'!EN7 -> #REF! | EO7: =#REF!+'StGenis total'!EO7+'Mategnin Total'!EO7+'PdG Nord Total'!EO7 -> #REF! | EP7: =#REF!+'StGenis total'!EP7+'Mategnin Total'!EP7+'PdG Nord Total'!EP7 -> #REF! | EQ7: =#REF!+'StGenis total'!EQ7+'Mategnin Total'!EQ7+'PdG Nord Total'!EQ7 -> #REF! | ER7: =#REF!+'StGenis total'!ER7+'Mategnin Total'!ER7+'PdG Nord Total'!ER7 -> #REF! | ES7: =#REF!+'StGenis total'!ES7+'Mategnin Total'!ES7+'PdG Nord Total'!ES7 -> #REF! | ET7: =#REF!+'StGenis total'!ET7+'Mategnin Total'!ET7+'PdG Nord Total'!ET7 -> #REF! | ... FB7: =#REF!+'StGenis total'!FB7+'Mategnin Total'!FB7+'PdG Nord Total'!FB7 -> #REF! | FD7: 98 | FE7: 40 | FF7: 0.28985507 | FG7: 63 | FH7: 54 | FI7: 4 | FJ7: 121 | FK7: 0.44628099 | FL7: 0.033057851 | FM7: 17 | FN7: 123 | FO7: 15 | FP7: 138 | FR7: 55 | FS7: 23 | FT7: 0.29487179 | FU7: 52 | FV7: 20 | FW7: 2 | FX7: 74 | FY7: 0.27027027 | FZ7: 0.027027027 | GA7: 4 | GB7: 70 | GC7: 8 | GD7: 78 | GF7: =(FD7/FR7) - 1 -> 0.78181818 | GG7: =(FE7/FS7) - 1 -> 0.73913043 | GH7: =(FF7/FT7) - 1 -> -0.017013233 | GI7: =(FG7/FU7) - 1 -> 0.21153846 | GJ7: =(FH7/FV7) - 1 -> 1.7 | GK7: =(FI7/FW7) - 1 -> 1 | GL7: =(FJ7/FX7) - 1 -> 0.63513514 | GM7: =(FK7/FY7) - 1 -> 0.65123967 | ... GR7: =(FP7/GD7) - 1 -> 0.76923077
A8: 0.32291667 | B8: ='Ferney->Genève'!B8+'StGenis total'!B8+'Mategnin Total'!B8+'PdG Nord Total'!B8+'PdG Sud Total'!B8 -> 71 | C8: ='Ferney->Genève'!C8+'StGenis total'!C8+'Mategnin Total'!C8+'PdG Nord Total'!C8+'PdG Sud Total'!C8 -> 24 | D8: ='Ferney->Genève'!D8+'StGenis total'!D8+'Mategnin Total'!D8+'PdG Nord Total'!D8+'PdG Sud Total'!D8 -> 44 | E8: ='Ferney->Genève'!E8+'StGenis total'!E8+'Mategnin Total'!E8+'PdG Nord Total'!E8+'PdG Sud Total'!E8 -> 43 | F8: ='Ferney->Genève'!F8+'StGenis total'!F8+'Mategnin Total'!F8+'PdG Nord Total'!F8+'PdG Sud Total'!F8 -> 9 | G8: ='Ferney->Genève'!G8+'StGenis total'!G8+'Mategnin Total'!G8+'PdG Nord Total'!G8+'PdG Sud Total'!G8 -> 1 | H8: ='Ferney->Genève'!H8+'StGenis total'!H8+'Mategnin Total'!H8+'PdG Nord Total'!H8+'PdG Sud Total'!H8 -> 8 | I8: ='Ferney->Genève'!I8+'StGenis total'!I8+'Mategnin Total'!I8+'PdG Nord Total'!I8+'PdG Sud Total'!I8 -> 2 | ... Q8: ='Ferney->Genève'!Q8+'StGenis total'!Q8+'Mategnin Total'!Q8+'PdG Nord Total'!Q8+'PdG Sud Total'!Q8 -> 7 | S8: =B8+D8+F8+H8+J8+L8+N8+P8 -> 160 | T8: =C8+E8+G8+I8+K8+M8+O8+Q8 -> 83 | U8: =T8/(T8+S8) -> 0.34156379 | V8: =B8+C8+J8+K8 -> 111 | W8: =D8+E8+L8+M8 -> 94 | X8: =F8+G8+N8+O8 -> 11 | Y8: =SUM(V8:X8) -> 216 | Z8: =W8/Y8 -> 0.43518519 | AA8: =X8/Y8 -> 0.050925926 | AB8: =H8+I8+P8+Q8 -> 27 | AC8: =SUM(B8:I8) -> 202 | AD8: =SUM(J8:Q8) -> 41 | AE8: =SUM(B8:Q8) -> 243 | AH8: =(S8/BN8) - 1 -> 0.045751634 | AI8: =(T8/BO8) - 1 -> -0.011904762 | AJ8: =(U8/BP8) - 1 -> -0.036302175 | AK8: =(V8/BQ8) - 1 -> -0.10483871 | AL8: =(W8/BR8) - 1 -> 0.044444444 | AM8: =(X8/BS8) - 1 -> -0.26666667 | AN8: =(Y8/BT8) - 1 -> -0.056768559 | AO8: =(Z8/BU8) - 1 -> 0.10730453 | ... AT8: =(AE8/BZ8) - 1 -> 0.025316456 | AV8: 0.32291667 | AW8: ='Ferney->Genève'!AW8+'StGenis total'!AW8+'Mategnin Total'!AW8+'PdG Nord Total'!AW8+'PdG Sud Total'!AW8 -> 90 | AX8: ='Ferney->Genève'!AX8+'StGenis total'!AX8+'Mategnin Total'!AX8+'PdG Nord Total'!AX8+'PdG Sud Total'!AX8 -> 25 | AY8: ='Ferney->Genève'!AY8+'StGenis total'!AY8+'Mategnin Total'!AY8+'PdG Nord Total'!AY8+'PdG Sud Total'!AY8 -> 42 | AZ8: ='Ferney->Genève'!AZ8+'StGenis total'!AZ8+'Mategnin Total'!AZ8+'PdG Nord Total'!AZ8+'PdG Sud Total'!AZ8 -> 40 | BA8: ='Ferney->Genève'!BA8+'StGenis total'!BA8+'Mategnin Total'!BA8+'PdG Nord Total'!BA8+'PdG Sud Total'!BA8 -> 9 | BB8: ='Ferney->Genève'!BB8+'StGenis total'!BB8+'Mategnin Total'!BB8+'PdG Nord Total'!BB8+'PdG Sud Total'!BB8 -> 5 | BC8: ='Ferney->Genève'!BC8+'StGenis total'!BC8+'Mategnin Total'!BC8+'PdG Nord Total'!BC8+'PdG Sud Total'!BC8 -> 2 | BD8: ='Ferney->Genève'!BD8+'StGenis total'!BD8+'Mategnin Total'!BD8+'PdG Nord Total'!BD8+'PdG Sud Total'!BD8 -> 5 | ... BL8: ='Ferney->Genève'!BL8+'StGenis total'!BL8+'Mategnin Total'!BL8+'PdG Nord Total'!BL8+'PdG Sud Total'!BL8 -> 0 | BN8: =AW8+AY8+BA8+BC8+BE8+BG8+BI8+BK8 -> 153 | BO8: =AX8+AZ8+BB8+BD8+BF8+BH8+BJ8+BL8 -> 84 | BP8: =BO8/(BO8+BN8) -> 0.35443038 | BQ8: =AW8+AX8+BE8+BF8 -> 124 | BR8: =AY8+AZ8+BG8+BH8 -> 90 | BS8: =BA8+BB8+BI8+BJ8 -> 15 | BT8: =SUM(BQ8:BS8) -> 229 | BU8: =BR8/BT8 -> 0.3930131 | BV8: =BS8/BT8 -> 0.065502183 | BW8: =BC8+BD8+BK8+BL8 -> 8 | BX8: =SUM(AW8:BD8) -> 218 | BY8: =SUM(BE8:BL8) -> 19 | BZ8: =SUM(AW8:BL8) -> 237 | CC8: =(BN8/DI8) - 1 -> 0.1953125 | CD8: =(BO8/DJ8) - 1 -> 0.29230769 | CE8: =(BP8/DK8) - 1 -> 0.052385589 | CF8: =(BQ8/DL8) - 1 -> 0.37777778 | CG8: =(BR8/DM8) - 1 -> 0.125 | CH8: =(BS8/DN8) - 1 -> 1.1428571 | CI8: =(BT8/DO8) - 1 -> 0.29378531 | CJ8: =(BU8/DP8) - 1 -> -0.13045852 | ... CO8: =(BZ8/DU8) - 1 -> 0.22797927 | CQ8: 0.32291667 | CR8: ='Ferney->Genève'!CR8+'StGenis total'!CR8+'Mategnin Total'!CR8+'PdG Nord Total'!CR8+'PdG Sud Total'!CR8 -> 55 | CS8: ='Ferney->Genève'!CS8+'StGenis total'!CS8+'Mategnin Total'!CS8+'PdG Nord Total'!CS8+'PdG Sud Total'!CS8 -> 28 | CT8: ='Ferney->Genève'!CT8+'StGenis total'!CT8+'Mategnin Total'!CT8+'PdG Nord Total'!CT8+'PdG Sud Total'!CT8 -> 47 | CU8: ='Ferney->Genève'!CU8+'StGenis total'!CU8+'Mategnin Total'!CU8+'PdG Nord Total'!CU8+'PdG Sud Total'!CU8 -> 28 | CV8: ='Ferney->Genève'!CV8+'StGenis total'!CV8+'Mategnin Total'!CV8+'PdG Nord Total'!CV8+'PdG Sud Total'!CV8 -> 5 | CW8: ='Ferney->Genève'!CW8+'StGenis total'!CW8+'Mategnin Total'!CW8+'PdG Nord Total'!CW8+'PdG Sud Total'!CW8 -> 1 | CX8: ='Ferney->Genève'!CX8+'StGenis total'!CX8+'Mategnin Total'!CX8+'PdG Nord Total'!CX8+'PdG Sud Total'!CX8 -> 5 | CY8: ='Ferney->Genève'!CY8+'StGenis total'!CY8+'Mategnin Total'!CY8+'PdG Nord Total'!CY8+'PdG Sud Total'!CY8 -> 5 | ... DG8: ='Ferney->Genève'!DG8+'StGenis total'!DG8+'Mategnin Total'!DG8+'PdG Nord Total'!DG8+'PdG Sud Total'!DG8 -> 1 | DI8: =CR8+CT8+CV8+CX8+CZ8+DB8+DD8+DF8 -> 128 | DJ8: =CS8+CU8+CW8+CY8+DA8+DC8+DE8+DG8 -> 65 | DK8: =DJ8/(DJ8+DI8) -> 0.33678756 | DL8: =CR8+CS8+CZ8+DA8 -> 90 | DM8: =CT8+CU8+DB8+DC8 -> 80 | DN8: =CV8+CW8+DD8+DE8 -> 7 | DO8: =SUM(DL8:DN8) -> 177 | DP8: =DM8/DO8 -> 0.4519774 | DQ8: =DN8/DO8 -> 0.039548023 | DR8: =CX8+CY8+DF8+DG8 -> 16 | DS8: =SUM(CR8:CY8) -> 174 | DT8: =SUM(CZ8:DG8) -> 19 | DU8: =SUM(CR8:DG8) -> 193 | DX8: =(DI8/FD8) - 1 -> 0.33333333 | DY8: =(DJ8/FE8) - 1 -> 0.2745098 | DZ8: =(DK8/FF8) - 1 -> -0.029259372 | EA8: =(DL8/FG8) - 1 -> 0.26760563 | EB8: =(DM8/FH8) - 1 -> 0.45454545 | EC8: =(DN8/FI8) - 1 -> 0 | ED8: =(DO8/FJ8) - 1 -> 0.33082707 | EE8: =(DP8/FK8) - 1 -> 0.092963534 | ... EJ8: =(DU8/FP8) - 1 -> 0.31292517 | EL8: 0.32291667 | EM8: =#REF!+'StGenis total'!EM8+'Mategnin Total'!EM8+'PdG Nord Total'!EM8 -> #REF! | EN8: =#REF!+'StGenis total'!EN8+'Mategnin Total'!EN8+'PdG Nord Total'!EN8 -> #REF! | EO8: =#REF!+'StGenis total'!EO8+'Mategnin Total'!EO8+'PdG Nord Total'!EO8 -> #REF! | EP8: =#REF!+'StGenis total'!EP8+'Mategnin Total'!EP8+'PdG Nord Total'!EP8 -> #REF! | EQ8: =#REF!+'StGenis total'!EQ8+'Mategnin Total'!EQ8+'PdG Nord Total'!EQ8 -> #REF! | ER8: =#REF!+'StGenis total'!ER8+'Mategnin Total'!ER8+'PdG Nord Total'!ER8 -> #REF! | ES8: =#REF!+'StGenis total'!ES8+'Mategnin Total'!ES8+'PdG Nord Total'!ES8 -> #REF! | ET8: =#REF!+'StGenis total'!ET8+'Mategnin Total'!ET8+'PdG Nord Total'!ET8 -> #REF! | ... FB8: =#REF!+'StGenis total'!FB8+'Mategnin Total'!FB8+'PdG Nord Total'!FB8 -> #REF! | FD8: 96 | FE8: 51 | FF8: 0.34693878 | FG8: 71 | FH8: 55 | FI8: 7 | FJ8: 133 | FK8: 0.41353383 | FL8: 0.052631579 | FM8: 14 | FN8: 132 | FO8: 15 | FP8: 147 | FR8: 45 | FS8: 30 | FT8: 0.4 | FU8: 38 | FV8: 24 | FW8: 6 | FX8: 68 | FY8: 0.35294118 | FZ8: 0.088235294 | GA8: 7 | GB8: 68 | GC8: 7 | GD8: 75 | GF8: =(FD8/FR8) - 1 -> 1.1333333 | GG8: =(FE8/FS8) - 1 -> 0.7 | GH8: =(FF8/FT8) - 1 -> -0.13265306 | GI8: =(FG8/FU8) - 1 -> 0.86842105 | GJ8: =(FH8/FV8) - 1 -> 1.2916667 | GK8: =(FI8/FW8) - 1 -> 0.16666667 | GL8: =(FJ8/FX8) - 1 -> 0.95588235 | GM8: =(FK8/FY8) - 1 -> 0.1716792 | ... GR8: =(FP8/GD8) - 1 -> 0.96
A9: 0.33333333 | B9: ='Ferney->Genève'!B9+'StGenis total'!B9+'Mategnin Total'!B9+'PdG Nord Total'!B9+'PdG Sud Total'!B9 -> 89 | C9: ='Ferney->Genève'!C9+'StGenis total'!C9+'Mategnin Total'!C9+'PdG Nord Total'!C9+'PdG Sud Total'!C9 -> 26 | D9: ='Ferney->Genève'!D9+'StGenis total'!D9+'Mategnin Total'!D9+'PdG Nord Total'!D9+'PdG Sud Total'!D9 -> 64 | E9: ='Ferney->Genève'!E9+'StGenis total'!E9+'Mategnin Total'!E9+'PdG Nord Total'!E9+'PdG Sud Total'!E9 -> 62 | F9: ='Ferney->Genève'!F9+'StGenis total'!F9+'Mategnin Total'!F9+'PdG Nord Total'!F9+'PdG Sud Total'!F9 -> 9 | G9: ='Ferney->Genève'!G9+'StGenis total'!G9+'Mategnin Total'!G9+'PdG Nord Total'!G9+'PdG Sud Total'!G9 -> 7 | H9: ='Ferney->Genève'!H9+'StGenis total'!H9+'Mategnin Total'!H9+'PdG Nord Total'!H9+'PdG Sud Total'!H9 -> 16 | I9: ='Ferney->Genève'!I9+'StGenis total'!I9+'Mategnin Total'!I9+'PdG Nord Total'!I9+'PdG Sud Total'!I9 -> 5 | ... Q9: ='Ferney->Genève'!Q9+'StGenis total'!Q9+'Mategnin Total'!Q9+'PdG Nord Total'!Q9+'PdG Sud Total'!Q9 -> 3 | S9: =B9+D9+F9+H9+J9+L9+N9+P9 -> 205 | T9: =C9+E9+G9+I9+K9+M9+O9+Q9 -> 114 | U9: =T9/(T9+S9) -> 0.35736677 | V9: =B9+C9+J9+K9 -> 138 | W9: =D9+E9+L9+M9 -> 137 | X9: =F9+G9+N9+O9 -> 18 | Y9: =SUM(V9:X9) -> 293 | Z9: =W9/Y9 -> 0.46757679 | AA9: =X9/Y9 -> 0.061433447 | AB9: =H9+I9+P9+Q9 -> 26 | AC9: =SUM(B9:I9) -> 278 | AD9: =SUM(J9:Q9) -> 41 | AE9: =SUM(B9:Q9) -> 319 | AH9: =(S9/BN9) - 1 -> 0.062176166 | AI9: =(T9/BO9) - 1 -> 0.15151515 | AJ9: =(U9/BP9) - 1 -> 0.054051487 | AK9: =(V9/BQ9) - 1 -> 0.053435115 | AL9: =(W9/BR9) - 1 -> 0.18103448 | AM9: =(X9/BS9) - 1 -> 0 | AN9: =(Y9/BT9) - 1 -> 0.10566038 | AO9: =(Z9/BU9) - 1 -> 0.068171119 | ... AT9: =(AE9/BZ9) - 1 -> 0.092465753 | AV9: 0.33333333 | AW9: ='Ferney->Genève'!AW9+'StGenis total'!AW9+'Mategnin Total'!AW9+'PdG Nord Total'!AW9+'PdG Sud Total'!AW9 -> 91 | AX9: ='Ferney->Genève'!AX9+'StGenis total'!AX9+'Mategnin Total'!AX9+'PdG Nord Total'!AX9+'PdG Sud Total'!AX9 -> 27 | AY9: ='Ferney->Genève'!AY9+'StGenis total'!AY9+'Mategnin Total'!AY9+'PdG Nord Total'!AY9+'PdG Sud Total'!AY9 -> 52 | AZ9: ='Ferney->Genève'!AZ9+'StGenis total'!AZ9+'Mategnin Total'!AZ9+'PdG Nord Total'!AZ9+'PdG Sud Total'!AZ9 -> 54 | BA9: ='Ferney->Genève'!BA9+'StGenis total'!BA9+'Mategnin Total'!BA9+'PdG Nord Total'!BA9+'PdG Sud Total'!BA9 -> 12 | BB9: ='Ferney->Genève'!BB9+'StGenis total'!BB9+'Mategnin Total'!BB9+'PdG Nord Total'!BB9+'PdG Sud Total'!BB9 -> 4 | BC9: ='Ferney->Genève'!BC9+'StGenis total'!BC9+'Mategnin Total'!BC9+'PdG Nord Total'!BC9+'PdG Sud Total'!BC9 -> 16 | BD9: ='Ferney->Genève'!BD9+'StGenis total'!BD9+'Mategnin Total'!BD9+'PdG Nord Total'!BD9+'PdG Sud Total'!BD9 -> 8 | ... BL9: ='Ferney->Genève'!BL9+'StGenis total'!BL9+'Mategnin Total'!BL9+'PdG Nord Total'!BL9+'PdG Sud Total'!BL9 -> 2 | BN9: =AW9+AY9+BA9+BC9+BE9+BG9+BI9+BK9 -> 193 | BO9: =AX9+AZ9+BB9+BD9+BF9+BH9+BJ9+BL9 -> 99 | BP9: =BO9/(BO9+BN9) -> 0.3390411 | BQ9: =AW9+AX9+BE9+BF9 -> 131 | BR9: =AY9+AZ9+BG9+BH9 -> 116 | BS9: =BA9+BB9+BI9+BJ9 -> 18 | BT9: =SUM(BQ9:BS9) -> 265 | BU9: =BR9/BT9 -> 0.43773585 | BV9: =BS9/BT9 -> 0.067924528 | BW9: =BC9+BD9+BK9+BL9 -> 27 | BX9: =SUM(AW9:BD9) -> 264 | BY9: =SUM(BE9:BL9) -> 28 | BZ9: =SUM(AW9:BL9) -> 292 | CC9: =(BN9/DI9) - 1 -> 0.5078125 | CD9: =(BO9/DJ9) - 1 -> 0.45588235 | CE9: =(BP9/DK9) - 1 -> -0.0227639 | CF9: =(BQ9/DL9) - 1 -> 0.37894737 | CG9: =(BR9/DM9) - 1 -> 0.73134328 | CH9: =(BS9/DN9) - 1 -> 0.8 | CI9: =(BT9/DO9) - 1 -> 0.54069767 | CJ9: =(BU9/DP9) - 1 -> 0.12373979 | ... CO9: =(BZ9/DU9) - 1 -> 0.48979592 | CQ9: 0.33333333 | CR9: ='Ferney->Genève'!CR9+'StGenis total'!CR9+'Mategnin Total'!CR9+'PdG Nord Total'!CR9+'PdG Sud Total'!CR9 -> 62 | CS9: ='Ferney->Genève'!CS9+'StGenis total'!CS9+'Mategnin Total'!CS9+'PdG Nord Total'!CS9+'PdG Sud Total'!CS9 -> 22 | CT9: ='Ferney->Genève'!CT9+'StGenis total'!CT9+'Mategnin Total'!CT9+'PdG Nord Total'!CT9+'PdG Sud Total'!CT9 -> 33 | CU9: ='Ferney->Genève'!CU9+'StGenis total'!CU9+'Mategnin Total'!CU9+'PdG Nord Total'!CU9+'PdG Sud Total'!CU9 -> 26 | CV9: ='Ferney->Genève'!CV9+'StGenis total'!CV9+'Mategnin Total'!CV9+'PdG Nord Total'!CV9+'PdG Sud Total'!CV9 -> 9 | CW9: ='Ferney->Genève'!CW9+'StGenis total'!CW9+'Mategnin Total'!CW9+'PdG Nord Total'!CW9+'PdG Sud Total'!CW9 -> 1 | CX9: ='Ferney->Genève'!CX9+'StGenis total'!CX9+'Mategnin Total'!CX9+'PdG Nord Total'!CX9+'PdG Sud Total'!CX9 -> 9 | CY9: ='Ferney->Genève'!CY9+'StGenis total'!CY9+'Mategnin Total'!CY9+'PdG Nord Total'!CY9+'PdG Sud Total'!CY9 -> 10 | ... DG9: ='Ferney->Genève'!DG9+'StGenis total'!DG9+'Mategnin Total'!DG9+'PdG Nord Total'!DG9+'PdG Sud Total'!DG9 -> 4 | DI9: =CR9+CT9+CV9+CX9+CZ9+DB9+DD9+DF9 -> 128 | DJ9: =CS9+CU9+CW9+CY9+DA9+DC9+DE9+DG9 -> 68 | DK9: =DJ9/(DJ9+DI9) -> 0.34693878 | DL9: =CR9+CS9+CZ9+DA9 -> 95 | DM9: =CT9+CU9+DB9+DC9 -> 67 | DN9: =CV9+CW9+DD9+DE9 -> 10 | DO9: =SUM(DL9:DN9) -> 172 | DP9: =DM9/DO9 -> 0.38953488 | DQ9: =DN9/DO9 -> 0.058139535 | DR9: =CX9+CY9+DF9+DG9 -> 24 | DS9: =SUM(CR9:CY9) -> 172 | DT9: =SUM(CZ9:DG9) -> 24 | DU9: =SUM(CR9:DG9) -> 196 | DX9: =(DI9/FD9) - 1 -> 0.17431193 | DY9: =(DJ9/FE9) - 1 -> 0.83783784 | DZ9: =(DK9/FF9) - 1 -> 0.36900165 | EA9: =(DL9/FG9) - 1 -> 0.13095238 | EB9: =(DM9/FH9) - 1 -> 0.71794872 | EC9: =(DN9/FI9) - 1 -> 1 | ED9: =(DO9/FJ9) - 1 -> 0.34375 | EE9: =(DP9/FK9) - 1 -> 0.27847346 | ... EJ9: =(DU9/FP9) - 1 -> 0.34246575 | EL9: 0.33333333 | EM9: =#REF!+'StGenis total'!EM9+'Mategnin Total'!EM9+'PdG Nord Total'!EM9 -> #REF! | EN9: =#REF!+'StGenis total'!EN9+'Mategnin Total'!EN9+'PdG Nord Total'!EN9 -> #REF! | EO9: =#REF!+'StGenis total'!EO9+'Mategnin Total'!EO9+'PdG Nord Total'!EO9 -> #REF! | EP9: =#REF!+'StGenis total'!EP9+'Mategnin Total'!EP9+'PdG Nord Total'!EP9 -> #REF! | EQ9: =#REF!+'StGenis total'!EQ9+'Mategnin Total'!EQ9+'PdG Nord Total'!EQ9 -> #REF! | ER9: =#REF!+'StGenis total'!ER9+'Mategnin Total'!ER9+'PdG Nord Total'!ER9 -> #REF! | ES9: =#REF!+'StGenis total'!ES9+'Mategnin Total'!ES9+'PdG Nord Total'!ES9 -> #REF! | ET9: =#REF!+'StGenis total'!ET9+'Mategnin Total'!ET9+'PdG Nord Total'!ET9 -> #REF! | ... FB9: =#REF!+'StGenis total'!FB9+'Mategnin Total'!FB9+'PdG Nord Total'!FB9 -> #REF! | FD9: 109 | FE9: 37 | FF9: 0.25342466 | FG9: 84 | FH9: 39 | FI9: 5 | FJ9: 128 | FK9: 0.3046875 | FL9: 0.0390625 | FM9: 18 | FN9: 129 | FO9: 17 | FP9: 146 | FR9: 47 | FS9: 24 | FT9: 0.33802817 | FU9: 40 | FV9: 20 | FW9: 2 | FX9: 62 | FY9: 0.32258065 | FZ9: 0.032258065 | GA9: 9 | GB9: 63 | GC9: 8 | GD9: 71 | GF9: =(FD9/FR9) - 1 -> 1.3191489 | GG9: =(FE9/FS9) - 1 -> 0.54166667 | GH9: =(FF9/FT9) - 1 -> -0.25028539 | GI9: =(FG9/FU9) - 1 -> 1.1 | GJ9: =(FH9/FV9) - 1 -> 0.95 | GK9: =(FI9/FW9) - 1 -> 1.5 | GL9: =(FJ9/FX9) - 1 -> 1.0645161 | GM9: =(FK9/FY9) - 1 -> -0.05546875 | ... GR9: =(FP9/GD9) - 1 -> 1.056338
A10: 0.34375 | B10: ='Ferney->Genève'!B10+'StGenis total'!B10+'Mategnin Total'!B10+'PdG Nord Total'!B10+'PdG Sud Total'!B10 -> 89 | C10: ='Ferney->Genève'!C10+'StGenis total'!C10+'Mategnin Total'!C10+'PdG Nord Total'!C10+'PdG Sud Total'!C10 -> 26 | D10: ='Ferney->Genève'!D10+'StGenis total'!D10+'Mategnin Total'!D10+'PdG Nord Total'!D10+'PdG Sud Total'!D10 -> 45 | E10: ='Ferney->Genève'!E10+'StGenis total'!E10+'Mategnin Total'!E10+'PdG Nord Total'!E10+'PdG Sud Total'!E10 -> 59 | F10: ='Ferney->Genève'!F10+'StGenis total'!F10+'Mategnin Total'!F10+'PdG Nord Total'!F10+'PdG Sud Total'!F10 -> 19 | G10: ='Ferney->Genève'!G10+'StGenis total'!G10+'Mategnin Total'!G10+'PdG Nord Total'!G10+'PdG Sud Total'!G10 -> 4 | H10: ='Ferney->Genève'!H10+'StGenis total'!H10+'Mategnin Total'!H10+'PdG Nord Total'!H10+'PdG Sud Total'!H10 -> 14 | I10: ='Ferney->Genève'!I10+'StGenis total'!I10+'Mategnin Total'!I10+'PdG Nord Total'!I10+'PdG Sud Total'!I10 -> 7 | ... Q10: ='Ferney->Genève'!Q10+'StGenis total'!Q10+'Mategnin Total'!Q10+'PdG Nord Total'!Q10+'PdG Sud Total'!Q10 -> 1 | S10: =B10+D10+F10+H10+J10+L10+N10+P10 -> 183 | T10: =C10+E10+G10+I10+K10+M10+O10+Q10 -> 103 | U10: =T10/(T10+S10) -> 0.36013986 | V10: =B10+C10+J10+K10 -> 122 | W10: =D10+E10+L10+M10 -> 115 | X10: =F10+G10+N10+O10 -> 25 | Y10: =SUM(V10:X10) -> 262 | Z10: =W10/Y10 -> 0.4389313 | AA10: =X10/Y10 -> 0.095419847 | AB10: =H10+I10+P10+Q10 -> 24 | AC10: =SUM(B10:I10) -> 263 | AD10: =SUM(J10:Q10) -> 23 | AE10: =SUM(B10:Q10) -> 286 | AH10: =(S10/BN10) - 1 -> -0.12857143 | AI10: =(T10/BO10) - 1 -> -0.028301887 | AJ10: =(U10/BP10) - 1 -> 0.073624489 | AK10: =(V10/BQ10) - 1 -> -0.24223602 | AL10: =(W10/BR10) - 1 -> 0.074766355 | AM10: =(X10/BS10) - 1 -> 0.5625 | AN10: =(Y10/BT10) - 1 -> -0.077464789 | AO10: =(Z10/BU10) - 1 -> 0.16501391 | ... AT10: =(AE10/BZ10) - 1 -> -0.094936709 | AV10: 0.34375 | AW10: ='Ferney->Genève'!AW10+'StGenis total'!AW10+'Mategnin Total'!AW10+'PdG Nord Total'!AW10+'PdG Sud Total'!AW10 -> 113 | AX10: ='Ferney->Genève'!AX10+'StGenis total'!AX10+'Mategnin Total'!AX10+'PdG Nord Total'!AX10+'PdG Sud Total'!AX10 -> 36 | AY10: ='Ferney->Genève'!AY10+'StGenis total'!AY10+'Mategnin Total'!AY10+'PdG Nord Total'!AY10+'PdG Sud Total'!AY10 -> 54 | AZ10: ='Ferney->Genève'!AZ10+'StGenis total'!AZ10+'Mategnin Total'!AZ10+'PdG Nord Total'!AZ10+'PdG Sud Total'!AZ10 -> 46 | BA10: ='Ferney->Genève'!BA10+'StGenis total'!BA10+'Mategnin Total'!BA10+'PdG Nord Total'!BA10+'PdG Sud Total'!BA10 -> 13 | BB10: ='Ferney->Genève'!BB10+'StGenis total'!BB10+'Mategnin Total'!BB10+'PdG Nord Total'!BB10+'PdG Sud Total'!BB10 -> 2 | BC10: ='Ferney->Genève'!BC10+'StGenis total'!BC10+'Mategnin Total'!BC10+'PdG Nord Total'!BC10+'PdG Sud Total'!BC10 -> 16 | BD10: ='Ferney->Genève'!BD10+'StGenis total'!BD10+'Mategnin Total'!BD10+'PdG Nord Total'!BD10+'PdG Sud Total'!BD10 -> 9 | ... BL10: ='Ferney->Genève'!BL10+'StGenis total'!BL10+'Mategnin Total'!BL10+'PdG Nord Total'!BL10+'PdG Sud Total'!BL10 -> 4 | BN10: =AW10+AY10+BA10+BC10+BE10+BG10+BI10+BK10 -> 210 | BO10: =AX10+AZ10+BB10+BD10+BF10+BH10+BJ10+BL10 -> 106 | BP10: =BO10/(BO10+BN10) -> 0.33544304 | BQ10: =AW10+AX10+BE10+BF10 -> 161 | BR10: =AY10+AZ10+BG10+BH10 -> 107 | BS10: =BA10+BB10+BI10+BJ10 -> 16 | BT10: =SUM(BQ10:BS10) -> 284 | BU10: =BR10/BT10 -> 0.37676056 | BV10: =BS10/BT10 -> 0.056338028 | BW10: =BC10+BD10+BK10+BL10 -> 32 | BX10: =SUM(AW10:BD10) -> 289 | BY10: =SUM(BE10:BL10) -> 27 | BZ10: =SUM(AW10:BL10) -> 316 | CC10: =(BN10/DI10) - 1 -> 0.2962963 | CD10: =(BO10/DJ10) - 1 -> 0.43243243 | CE10: =(BP10/DK10) - 1 -> 0.06979131 | CF10: =(BQ10/DL10) - 1 -> 0.31967213 | CG10: =(BR10/DM10) - 1 -> 0.28915663 | CH10: =(BS10/DN10) - 1 -> 1.2857143 | CI10: =(BT10/DO10) - 1 -> 0.33962264 | CJ10: =(BU10/DP10) - 1 -> -0.037671814 | ... CO10: =(BZ10/DU10) - 1 -> 0.33898305 | CQ10: 0.34375 | CR10: ='Ferney->Genève'!CR10+'StGenis total'!CR10+'Mategnin Total'!CR10+'PdG Nord Total'!CR10+'PdG Sud Total'!CR10 -> 88 | CS10: ='Ferney->Genève'!CS10+'StGenis total'!CS10+'Mategnin Total'!CS10+'PdG Nord Total'!CS10+'PdG Sud Total'!CS10 -> 22 | CT10: ='Ferney->Genève'!CT10+'StGenis total'!CT10+'Mategnin Total'!CT10+'PdG Nord Total'!CT10+'PdG Sud Total'!CT10 -> 42 | CU10: ='Ferney->Genève'!CU10+'StGenis total'!CU10+'Mategnin Total'!CU10+'PdG Nord Total'!CU10+'PdG Sud Total'!CU10 -> 37 | CV10: ='Ferney->Genève'!CV10+'StGenis total'!CV10+'Mategnin Total'!CV10+'PdG Nord Total'!CV10+'PdG Sud Total'!CV10 -> 4 | CW10: ='Ferney->Genève'!CW10+'StGenis total'!CW10+'Mategnin Total'!CW10+'PdG Nord Total'!CW10+'PdG Sud Total'!CW10 -> 3 | CX10: ='Ferney->Genève'!CX10+'StGenis total'!CX10+'Mategnin Total'!CX10+'PdG Nord Total'!CX10+'PdG Sud Total'!CX10 -> 12 | CY10: ='Ferney->Genève'!CY10+'StGenis total'!CY10+'Mategnin Total'!CY10+'PdG Nord Total'!CY10+'PdG Sud Total'!CY10 -> 3 | ... DG10: ='Ferney->Genève'!DG10+'StGenis total'!DG10+'Mategnin Total'!DG10+'PdG Nord Total'!DG10+'PdG Sud Total'!DG10 -> 5 | DI10: =CR10+CT10+CV10+CX10+CZ10+DB10+DD10+DF10 -> 162 | DJ10: =CS10+CU10+CW10+CY10+DA10+DC10+DE10+DG10 -> 74 | DK10: =DJ10/(DJ10+DI10) -> 0.31355932 | DL10: =CR10+CS10+CZ10+DA10 -> 122 | DM10: =CT10+CU10+DB10+DC10 -> 83 | DN10: =CV10+CW10+DD10+DE10 -> 7 | DO10: =SUM(DL10:DN10) -> 212 | DP10: =DM10/DO10 -> 0.39150943 | DQ10: =DN10/DO10 -> 0.033018868 | DR10: =CX10+CY10+DF10+DG10 -> 24 | DS10: =SUM(CR10:CY10) -> 211 | DT10: =SUM(CZ10:DG10) -> 25 | DU10: =SUM(CR10:DG10) -> 236 | DX10: =(DI10/FD10) - 1 -> 0.57281553 | DY10: =(DJ10/FE10) - 1 -> 0.94736842 | DZ10: =(DK10/FF10) - 1 -> 0.16347012 | EA10: =(DL10/FG10) - 1 -> 0.79411765 | EB10: =(DM10/FH10) - 1 -> 0.97619048 | EC10: =(DN10/FI10) - 1 -> 0.16666667 | ED10: =(DO10/FJ10) - 1 -> 0.82758621 | EE10: =(DP10/FK10) - 1 -> 0.08131177 | ... EJ10: =(DU10/FP10) - 1 -> 0.67375887 | EL10: 0.34375 | EM10: =#REF!+'StGenis total'!EM10+'Mategnin Total'!EM10+'PdG Nord Total'!EM10 -> #REF! | EN10: =#REF!+'StGenis total'!EN10+'Mategnin Total'!EN10+'PdG Nord Total'!EN10 -> #REF! | EO10: =#REF!+'StGenis total'!EO10+'Mategnin Total'!EO10+'PdG Nord Total'!EO10 -> #REF! | EP10: =#REF!+'StGenis total'!EP10+'Mategnin Total'!EP10+'PdG Nord Total'!EP10 -> #REF! | EQ10: =#REF!+'StGenis total'!EQ10+'Mategnin Total'!EQ10+'PdG Nord Total'!EQ10 -> #REF! | ER10: =#REF!+'StGenis total'!ER10+'Mategnin Total'!ER10+'PdG Nord Total'!ER10 -> #REF! | ES10: =#REF!+'StGenis total'!ES10+'Mategnin Total'!ES10+'PdG Nord Total'!ES10 -> #REF! | ET10: =#REF!+'StGenis total'!ET10+'Mategnin Total'!ET10+'PdG Nord Total'!ET10 -> #REF! | ... FB10: =#REF!+'StGenis total'!FB10+'Mategnin Total'!FB10+'PdG Nord Total'!FB10 -> #REF! | FD10: 103 | FE10: 38 | FF10: 0.26950355 | FG10: 68 | FH10: 42 | FI10: 6 | FJ10: 116 | FK10: 0.36206897 | FL10: 0.051724138 | FM10: 25 | FN10: 121 | FO10: 20 | FP10: 141 | FR10: 48 | FS10: 39 | FT10: 0.44827586 | FU10: 40 | FV10: 27 | FW10: 6 | FX10: 73 | FY10: 0.36986301 | FZ10: 0.082191781 | GA10: 14 | GB10: 74 | GC10: 13 | GD10: 87 | GF10: =(FD10/FR10) - 1 -> 1.1458333 | GG10: =(FE10/FS10) - 1 -> -0.025641026 | GH10: =(FF10/FT10) - 1 -> -0.39879978 | GI10: =(FG10/FU10) - 1 -> 0.7 | GJ10: =(FH10/FV10) - 1 -> 0.55555556 | GK10: =(FI10/FW10) - 1 -> 0 | GL10: =(FJ10/FX10) - 1 -> 0.5890411 | GM10: =(FK10/FY10) - 1 -> -0.021072797 | ... GR10: =(FP10/GD10) - 1 -> 0.62068966
A11: 0.35416667 | B11: ='Ferney->Genève'!B11+'StGenis total'!B11+'Mategnin Total'!B11+'PdG Nord Total'!B11+'PdG Sud Total'!B11 -> 106 | C11: ='Ferney->Genève'!C11+'StGenis total'!C11+'Mategnin Total'!C11+'PdG Nord Total'!C11+'PdG Sud Total'!C11 -> 29 | D11: ='Ferney->Genève'!D11+'StGenis total'!D11+'Mategnin Total'!D11+'PdG Nord Total'!D11+'PdG Sud Total'!D11 -> 65 | E11: ='Ferney->Genève'!E11+'StGenis total'!E11+'Mategnin Total'!E11+'PdG Nord Total'!E11+'PdG Sud Total'!E11 -> 57 | F11: ='Ferney->Genève'!F11+'StGenis total'!F11+'Mategnin Total'!F11+'PdG Nord Total'!F11+'PdG Sud Total'!F11 -> 9 | G11: ='Ferney->Genève'!G11+'StGenis total'!G11+'Mategnin Total'!G11+'PdG Nord Total'!G11+'PdG Sud Total'!G11 -> 3 | H11: ='Ferney->Genève'!H11+'StGenis total'!H11+'Mategnin Total'!H11+'PdG Nord Total'!H11+'PdG Sud Total'!H11 -> 15 | I11: ='Ferney->Genève'!I11+'StGenis total'!I11+'Mategnin Total'!I11+'PdG Nord Total'!I11+'PdG Sud Total'!I11 -> 4 | ... Q11: ='Ferney->Genève'!Q11+'StGenis total'!Q11+'Mategnin Total'!Q11+'PdG Nord Total'!Q11+'PdG Sud Total'!Q11 -> 1 | S11: =B11+D11+F11+H11+J11+L11+N11+P11 -> 223 | T11: =C11+E11+G11+I11+K11+M11+O11+Q11 -> 103 | U11: =T11/(T11+S11) -> 0.31595092 | V11: =B11+C11+J11+K11 -> 155 | W11: =D11+E11+L11+M11 -> 132 | X11: =F11+G11+N11+O11 -> 15 | Y11: =SUM(V11:X11) -> 302 | Z11: =W11/Y11 -> 0.43708609 | AA11: =X11/Y11 -> 0.049668874 | AB11: =H11+I11+P11+Q11 -> 24 | AC11: =SUM(B11:I11) -> 288 | AD11: =SUM(J11:Q11) -> 38 | AE11: =SUM(B11:Q11) -> 326 | AH11: =(S11/BN11) - 1 -> 0.042056075 | AI11: =(T11/BO11) - 1 -> 0.051020408 | AJ11: =(U11/BP11) - 1 -> 0.0058845624 | AK11: =(V11/BQ11) - 1 -> -0.03125 | AL11: =(W11/BR11) - 1 -> 0.29411765 | AM11: =(X11/BS11) - 1 -> 0.15384615 | AN11: =(Y11/BT11) - 1 -> 0.098181818 | AO11: =(Z11/BU11) - 1 -> 0.17841839 | ... AT11: =(AE11/BZ11) - 1 -> 0.044871795 | AV11: 0.35416667 | AW11: ='Ferney->Genève'!AW11+'StGenis total'!AW11+'Mategnin Total'!AW11+'PdG Nord Total'!AW11+'PdG Sud Total'!AW11 -> 118 | AX11: ='Ferney->Genève'!AX11+'StGenis total'!AX11+'Mategnin Total'!AX11+'PdG Nord Total'!AX11+'PdG Sud Total'!AX11 -> 30 | AY11: ='Ferney->Genève'!AY11+'StGenis total'!AY11+'Mategnin Total'!AY11+'PdG Nord Total'!AY11+'PdG Sud Total'!AY11 -> 49 | AZ11: ='Ferney->Genève'!AZ11+'StGenis total'!AZ11+'Mategnin Total'!AZ11+'PdG Nord Total'!AZ11+'PdG Sud Total'!AZ11 -> 47 | BA11: ='Ferney->Genève'!BA11+'StGenis total'!BA11+'Mategnin Total'!BA11+'PdG Nord Total'!BA11+'PdG Sud Total'!BA11 -> 10 | BB11: ='Ferney->Genève'!BB11+'StGenis total'!BB11+'Mategnin Total'!BB11+'PdG Nord Total'!BB11+'PdG Sud Total'!BB11 -> 2 | BC11: ='Ferney->Genève'!BC11+'StGenis total'!BC11+'Mategnin Total'!BC11+'PdG Nord Total'!BC11+'PdG Sud Total'!BC11 -> 19 | BD11: ='Ferney->Genève'!BD11+'StGenis total'!BD11+'Mategnin Total'!BD11+'PdG Nord Total'!BD11+'PdG Sud Total'!BD11 -> 11 | ... BL11: ='Ferney->Genève'!BL11+'StGenis total'!BL11+'Mategnin Total'!BL11+'PdG Nord Total'!BL11+'PdG Sud Total'!BL11 -> 3 | BN11: =AW11+AY11+BA11+BC11+BE11+BG11+BI11+BK11 -> 214 | BO11: =AX11+AZ11+BB11+BD11+BF11+BH11+BJ11+BL11 -> 98 | BP11: =BO11/(BO11+BN11) -> 0.31410256 | BQ11: =AW11+AX11+BE11+BF11 -> 160 | BR11: =AY11+AZ11+BG11+BH11 -> 102 | BS11: =BA11+BB11+BI11+BJ11 -> 13 | BT11: =SUM(BQ11:BS11) -> 275 | BU11: =BR11/BT11 -> 0.37090909 | BV11: =BS11/BT11 -> 0.047272727 | BW11: =BC11+BD11+BK11+BL11 -> 37 | BX11: =SUM(AW11:BD11) -> 286 | BY11: =SUM(BE11:BL11) -> 26 | BZ11: =SUM(AW11:BL11) -> 312 | CC11: =(BN11/DI11) - 1 -> 0.39869281 | CD11: =(BO11/DJ11) - 1 -> 0.63333333 | CE11: =(BP11/DK11) - 1 -> 0.1150641 | CF11: =(BQ11/DL11) - 1 -> 0.40350877 | CG11: =(BR11/DM11) - 1 -> 0.52238806 | CH11: =(BS11/DN11) - 1 -> 0.44444444 | CI11: =(BT11/DO11) - 1 -> 0.44736842 | CJ11: =(BU11/DP11) - 1 -> 0.05183175 | ... CO11: =(BZ11/DU11) - 1 -> 0.46478873 | CQ11: 0.35416667 | CR11: ='Ferney->Genève'!CR11+'StGenis total'!CR11+'Mategnin Total'!CR11+'PdG Nord Total'!CR11+'PdG Sud Total'!CR11 -> 79 | CS11: ='Ferney->Genève'!CS11+'StGenis total'!CS11+'Mategnin Total'!CS11+'PdG Nord Total'!CS11+'PdG Sud Total'!CS11 -> 29 | CT11: ='Ferney->Genève'!CT11+'StGenis total'!CT11+'Mategnin Total'!CT11+'PdG Nord Total'!CT11+'PdG Sud Total'!CT11 -> 41 | CU11: ='Ferney->Genève'!CU11+'StGenis total'!CU11+'Mategnin Total'!CU11+'PdG Nord Total'!CU11+'PdG Sud Total'!CU11 -> 20 | CV11: ='Ferney->Genève'!CV11+'StGenis total'!CV11+'Mategnin Total'!CV11+'PdG Nord Total'!CV11+'PdG Sud Total'!CV11 -> 8 | CW11: ='Ferney->Genève'!CW11+'StGenis total'!CW11+'Mategnin Total'!CW11+'PdG Nord Total'!CW11+'PdG Sud Total'!CW11 -> 1 | CX11: ='Ferney->Genève'!CX11+'StGenis total'!CX11+'Mategnin Total'!CX11+'PdG Nord Total'!CX11+'PdG Sud Total'!CX11 -> 14 | CY11: ='Ferney->Genève'!CY11+'StGenis total'!CY11+'Mategnin Total'!CY11+'PdG Nord Total'!CY11+'PdG Sud Total'!CY11 -> 5 | ... DG11: ='Ferney->Genève'!DG11+'StGenis total'!DG11+'Mategnin Total'!DG11+'PdG Nord Total'!DG11+'PdG Sud Total'!DG11 -> 1 | DI11: =CR11+CT11+CV11+CX11+CZ11+DB11+DD11+DF11 -> 153 | DJ11: =CS11+CU11+CW11+CY11+DA11+DC11+DE11+DG11 -> 60 | DK11: =DJ11/(DJ11+DI11) -> 0.28169014 | DL11: =CR11+CS11+CZ11+DA11 -> 114 | DM11: =CT11+CU11+DB11+DC11 -> 67 | DN11: =CV11+CW11+DD11+DE11 -> 9 | DO11: =SUM(DL11:DN11) -> 190 | DP11: =DM11/DO11 -> 0.35263158 | DQ11: =DN11/DO11 -> 0.047368421 | DR11: =CX11+CY11+DF11+DG11 -> 23 | DS11: =SUM(CR11:CY11) -> 197 | DT11: =SUM(CZ11:DG11) -> 16 | DU11: =SUM(CR11:DG11) -> 213 | DX11: =(DI11/FD11) - 1 -> 0.44339623 | DY11: =(DJ11/FE11) - 1 -> 0.71428571 | DZ11: =(DK11/FF11) - 1 -> 0.13480885 | EA11: =(DL11/FG11) - 1 -> 0.37349398 | EB11: =(DM11/FH11) - 1 -> 0.97058824 | EC11: =(DN11/FI11) - 1 -> 0.28571429 | ED11: =(DO11/FJ11) - 1 -> 0.53225806 | EE11: =(DP11/FK11) - 1 -> 0.28606811 | ... EJ11: =(DU11/FP11) - 1 -> 0.5106383 | EL11: 0.35416667 | EM11: =#REF!+'StGenis total'!EM11+'Mategnin Total'!EM11+'PdG Nord Total'!EM11 -> #REF! | EN11: =#REF!+'StGenis total'!EN11+'Mategnin Total'!EN11+'PdG Nord Total'!EN11 -> #REF! | EO11: =#REF!+'StGenis total'!EO11+'Mategnin Total'!EO11+'PdG Nord Total'!EO11 -> #REF! | EP11: =#REF!+'StGenis total'!EP11+'Mategnin Total'!EP11+'PdG Nord Total'!EP11 -> #REF! | EQ11: =#REF!+'StGenis total'!EQ11+'Mategnin Total'!EQ11+'PdG Nord Total'!EQ11 -> #REF! | ER11: =#REF!+'StGenis total'!ER11+'Mategnin Total'!ER11+'PdG Nord Total'!ER11 -> #REF! | ES11: =#REF!+'StGenis total'!ES11+'Mategnin Total'!ES11+'PdG Nord Total'!ES11 -> #REF! | ET11: =#REF!+'StGenis total'!ET11+'Mategnin Total'!ET11+'PdG Nord Total'!ET11 -> #REF! | ... FB11: =#REF!+'StGenis total'!FB11+'Mategnin Total'!FB11+'PdG Nord Total'!FB11 -> #REF! | FD11: 106 | FE11: 35 | FF11: 0.24822695 | FG11: 83 | FH11: 34 | FI11: 7 | FJ11: 124 | FK11: 0.27419355 | FL11: 0.056451613 | FM11: 17 | FN11: 126 | FO11: 15 | FP11: 141 | FR11: 66 | FS11: 24 | FT11: 0.26666667 | FU11: 50 | FV11: 19 | FW11: 11 | FX11: 80 | FY11: 0.2375 | FZ11: 0.1375 | GA11: 10 | GB11: 79 | GC11: 11 | GD11: 90 | GF11: =(FD11/FR11) - 1 -> 0.60606061 | GG11: =(FE11/FS11) - 1 -> 0.45833333 | GH11: =(FF11/FT11) - 1 -> -0.069148936 | GI11: =(FG11/FU11) - 1 -> 0.66 | GJ11: =(FH11/FV11) - 1 -> 0.78947368 | GK11: =(FI11/FW11) - 1 -> -0.36363636 | GL11: =(FJ11/FX11) - 1 -> 0.55 | GM11: =(FK11/FY11) - 1 -> 0.15449915 | ... GR11: =(FP11/GD11) - 1 -> 0.56666667
A12: 0.36458333 | B12: ='Ferney->Genève'!B12+'StGenis total'!B12+'Mategnin Total'!B12+'PdG Nord Total'!B12+'PdG Sud Total'!B12 -> 91 | C12: ='Ferney->Genève'!C12+'StGenis total'!C12+'Mategnin Total'!C12+'PdG Nord Total'!C12+'PdG Sud Total'!C12 -> 34 | D12: ='Ferney->Genève'!D12+'StGenis total'!D12+'Mategnin Total'!D12+'PdG Nord Total'!D12+'PdG Sud Total'!D12 -> 40 | E12: ='Ferney->Genève'!E12+'StGenis total'!E12+'Mategnin Total'!E12+'PdG Nord Total'!E12+'PdG Sud Total'!E12 -> 31 | F12: ='Ferney->Genève'!F12+'StGenis total'!F12+'Mategnin Total'!F12+'PdG Nord Total'!F12+'PdG Sud Total'!F12 -> 10 | G12: ='Ferney->Genève'!G12+'StGenis total'!G12+'Mategnin Total'!G12+'PdG Nord Total'!G12+'PdG Sud Total'!G12 -> 2 | H12: ='Ferney->Genève'!H12+'StGenis total'!H12+'Mategnin Total'!H12+'PdG Nord Total'!H12+'PdG Sud Total'!H12 -> 21 | I12: ='Ferney->Genève'!I12+'StGenis total'!I12+'Mategnin Total'!I12+'PdG Nord Total'!I12+'PdG Sud Total'!I12 -> 17 | ... Q12: ='Ferney->Genève'!Q12+'StGenis total'!Q12+'Mategnin Total'!Q12+'PdG Nord Total'!Q12+'PdG Sud Total'!Q12 -> 3 | S12: =B12+D12+F12+H12+J12+L12+N12+P12 -> 178 | T12: =C12+E12+G12+I12+K12+M12+O12+Q12 -> 90 | U12: =T12/(T12+S12) -> 0.3358209 | V12: =B12+C12+J12+K12 -> 134 | W12: =D12+E12+L12+M12 -> 80 | X12: =F12+G12+N12+O12 -> 12 | Y12: =SUM(V12:X12) -> 226 | Z12: =W12/Y12 -> 0.3539823 | AA12: =X12/Y12 -> 0.053097345 | AB12: =H12+I12+P12+Q12 -> 42 | AC12: =SUM(B12:I12) -> 246 | AD12: =SUM(J12:Q12) -> 22 | AE12: =SUM(B12:Q12) -> 268 | AH12: =(S12/BN12) - 1 -> -0.082474227 | AI12: =(T12/BO12) - 1 -> -0.052631579 | AJ12: =(U12/BP12) - 1 -> 0.021602514 | AK12: =(V12/BQ12) - 1 -> -0.094594595 | AL12: =(W12/BR12) - 1 -> -0.08045977 | AM12: =(X12/BS12) - 1 -> -0.25 | AN12: =(Y12/BT12) - 1 -> -0.099601594 | AO12: =(Z12/BU12) - 1 -> 0.021259282 | ... AT12: =(AE12/BZ12) - 1 -> -0.07266436 | AV12: 0.36458333 | AW12: ='Ferney->Genève'!AW12+'StGenis total'!AW12+'Mategnin Total'!AW12+'PdG Nord Total'!AW12+'PdG Sud Total'!AW12 -> 93 | AX12: ='Ferney->Genève'!AX12+'StGenis total'!AX12+'Mategnin Total'!AX12+'PdG Nord Total'!AX12+'PdG Sud Total'!AX12 -> 39 | AY12: ='Ferney->Genève'!AY12+'StGenis total'!AY12+'Mategnin Total'!AY12+'PdG Nord Total'!AY12+'PdG Sud Total'!AY12 -> 44 | AZ12: ='Ferney->Genève'!AZ12+'StGenis total'!AZ12+'Mategnin Total'!AZ12+'PdG Nord Total'!AZ12+'PdG Sud Total'!AZ12 -> 31 | BA12: ='Ferney->Genève'!BA12+'StGenis total'!BA12+'Mategnin Total'!BA12+'PdG Nord Total'!BA12+'PdG Sud Total'!BA12 -> 14 | BB12: ='Ferney->Genève'!BB12+'StGenis total'!BB12+'Mategnin Total'!BB12+'PdG Nord Total'!BB12+'PdG Sud Total'!BB12 -> 1 | BC12: ='Ferney->Genève'!BC12+'StGenis total'!BC12+'Mategnin Total'!BC12+'PdG Nord Total'!BC12+'PdG Sud Total'!BC12 -> 18 | BD12: ='Ferney->Genève'!BD12+'StGenis total'!BD12+'Mategnin Total'!BD12+'PdG Nord Total'!BD12+'PdG Sud Total'!BD12 -> 4 | ... BL12: ='Ferney->Genève'!BL12+'StGenis total'!BL12+'Mategnin Total'!BL12+'PdG Nord Total'!BL12+'PdG Sud Total'!BL12 -> 10 | BN12: =AW12+AY12+BA12+BC12+BE12+BG12+BI12+BK12 -> 194 | BO12: =AX12+AZ12+BB12+BD12+BF12+BH12+BJ12+BL12 -> 95 | BP12: =BO12/(BO12+BN12) -> 0.32871972 | BQ12: =AW12+AX12+BE12+BF12 -> 148 | BR12: =AY12+AZ12+BG12+BH12 -> 87 | BS12: =BA12+BB12+BI12+BJ12 -> 16 | BT12: =SUM(BQ12:BS12) -> 251 | BU12: =BR12/BT12 -> 0.34661355 | BV12: =BS12/BT12 -> 0.06374502 | BW12: =BC12+BD12+BK12+BL12 -> 38 | BX12: =SUM(AW12:BD12) -> 244 | BY12: =SUM(BE12:BL12) -> 45 | BZ12: =SUM(AW12:BL12) -> 289 | CC12: =(BN12/DI12) - 1 -> 0.44776119 | CD12: =(BO12/DJ12) - 1 -> 0.69642857 | CE12: =(BP12/DK12) - 1 -> 0.11529906 | CF12: =(BQ12/DL12) - 1 -> 0.49494949 | CG12: =(BR12/DM12) - 1 -> 1.0714286 | CH12: =(BS12/DN12) - 1 -> 1 | CI12: =(BT12/DO12) - 1 -> 0.68456376 | CJ12: =(BU12/DP12) - 1 -> 0.22965282 | ... CO12: =(BZ12/DU12) - 1 -> 0.52105263 | CQ12: 0.36458333 | CR12: ='Ferney->Genève'!CR12+'StGenis total'!CR12+'Mategnin Total'!CR12+'PdG Nord Total'!CR12+'PdG Sud Total'!CR12 -> 66 | CS12: ='Ferney->Genève'!CS12+'StGenis total'!CS12+'Mategnin Total'!CS12+'PdG Nord Total'!CS12+'PdG Sud Total'!CS12 -> 25 | CT12: ='Ferney->Genève'!CT12+'StGenis total'!CT12+'Mategnin Total'!CT12+'PdG Nord Total'!CT12+'PdG Sud Total'!CT12 -> 23 | CU12: ='Ferney->Genève'!CU12+'StGenis total'!CU12+'Mategnin Total'!CU12+'PdG Nord Total'!CU12+'PdG Sud Total'!CU12 -> 15 | CV12: ='Ferney->Genève'!CV12+'StGenis total'!CV12+'Mategnin Total'!CV12+'PdG Nord Total'!CV12+'PdG Sud Total'!CV12 -> 6 | CW12: ='Ferney->Genève'!CW12+'StGenis total'!CW12+'Mategnin Total'!CW12+'PdG Nord Total'!CW12+'PdG Sud Total'!CW12 -> 1 | CX12: ='Ferney->Genève'!CX12+'StGenis total'!CX12+'Mategnin Total'!CX12+'PdG Nord Total'!CX12+'PdG Sud Total'!CX12 -> 27 | CY12: ='Ferney->Genève'!CY12+'StGenis total'!CY12+'Mategnin Total'!CY12+'PdG Nord Total'!CY12+'PdG Sud Total'!CY12 -> 7 | ... DG12: ='Ferney->Genève'!DG12+'StGenis total'!DG12+'Mategnin Total'!DG12+'PdG Nord Total'!DG12+'PdG Sud Total'!DG12 -> 5 | DI12: =CR12+CT12+CV12+CX12+CZ12+DB12+DD12+DF12 -> 134 | DJ12: =CS12+CU12+CW12+CY12+DA12+DC12+DE12+DG12 -> 56 | DK12: =DJ12/(DJ12+DI12) -> 0.29473684 | DL12: =CR12+CS12+CZ12+DA12 -> 99 | DM12: =CT12+CU12+DB12+DC12 -> 42 | DN12: =CV12+CW12+DD12+DE12 -> 8 | DO12: =SUM(DL12:DN12) -> 149 | DP12: =DM12/DO12 -> 0.28187919 | DQ12: =DN12/DO12 -> 0.053691275 | DR12: =CX12+CY12+DF12+DG12 -> 41 | DS12: =SUM(CR12:CY12) -> 170 | DT12: =SUM(CZ12:DG12) -> 20 | DU12: =SUM(CR12:DG12) -> 190 | DX12: =(DI12/FD12) - 1 -> 0.63414634 | DY12: =(DJ12/FE12) - 1 -> 0.19148936 | DZ12: =(DK12/FF12) - 1 -> -0.19104143 | EA12: =(DL12/FG12) - 1 -> 0.22222222 | EB12: =(DM12/FH12) - 1 -> 0.27272727 | EC12: =(DN12/FI12) - 1 -> 1 | ED12: =(DO12/FJ12) - 1 -> 0.26271186 | EE12: =(DP12/FK12) - 1 -> 0.0079316656 | ... EJ12: =(DU12/FP12) - 1 -> 0.47286822 | EL12: 0.36458333 | EM12: =#REF!+'StGenis total'!EM12+'Mategnin Total'!EM12+'PdG Nord Total'!EM12 -> #REF! | EN12: =#REF!+'StGenis total'!EN12+'Mategnin Total'!EN12+'PdG Nord Total'!EN12 -> #REF! | EO12: =#REF!+'StGenis total'!EO12+'Mategnin Total'!EO12+'PdG Nord Total'!EO12 -> #REF! | EP12: =#REF!+'StGenis total'!EP12+'Mategnin Total'!EP12+'PdG Nord Total'!EP12 -> #REF! | EQ12: =#REF!+'StGenis total'!EQ12+'Mategnin Total'!EQ12+'PdG Nord Total'!EQ12 -> #REF! | ER12: =#REF!+'StGenis total'!ER12+'Mategnin Total'!ER12+'PdG Nord Total'!ER12 -> #REF! | ES12: =#REF!+'StGenis total'!ES12+'Mategnin Total'!ES12+'PdG Nord Total'!ES12 -> #REF! | ET12: =#REF!+'StGenis total'!ET12+'Mategnin Total'!ET12+'PdG Nord Total'!ET12 -> #REF! | ... FB12: =#REF!+'StGenis total'!FB12+'Mategnin Total'!FB12+'PdG Nord Total'!FB12 -> #REF! | FD12: 82 | FE12: 47 | FF12: 0.36434109 | FG12: 81 | FH12: 33 | FI12: 4 | FJ12: 118 | FK12: 0.27966102 | FL12: 0.033898305 | FM12: 11 | FN12: 116 | FO12: 13 | FP12: 129 | FR12: 43 | FS12: 28 | FT12: 0.3943662 | FU12: 35 | FV12: 12 | FW12: 7 | FX12: 54 | FY12: 0.22222222 | FZ12: 0.12962963 | GA12: 17 | GB12: 55 | GC12: 16 | GD12: 71 | GF12: =(FD12/FR12) - 1 -> 0.90697674 | GG12: =(FE12/FS12) - 1 -> 0.67857143 | GH12: =(FF12/FT12) - 1 -> -0.076135105 | GI12: =(FG12/FU12) - 1 -> 1.3142857 | GJ12: =(FH12/FV12) - 1 -> 1.75 | GK12: =(FI12/FW12) - 1 -> -0.42857143 | GL12: =(FJ12/FX12) - 1 -> 1.1851852 | GM12: =(FK12/FY12) - 1 -> 0.25847458 | ... GR12: =(FP12/GD12) - 1 -> 0.81690141
A13: 0.375 | B13: ='Ferney->Genève'!B13+'StGenis total'!B13+'Mategnin Total'!B13+'PdG Nord Total'!B13+'PdG Sud Total'!B13 -> 52 | C13: ='Ferney->Genève'!C13+'StGenis total'!C13+'Mategnin Total'!C13+'PdG Nord Total'!C13+'PdG Sud Total'!C13 -> 10 | D13: ='Ferney->Genève'!D13+'StGenis total'!D13+'Mategnin Total'!D13+'PdG Nord Total'!D13+'PdG Sud Total'!D13 -> 17 | E13: ='Ferney->Genève'!E13+'StGenis total'!E13+'Mategnin Total'!E13+'PdG Nord Total'!E13+'PdG Sud Total'!E13 -> 19 | F13: ='Ferney->Genève'!F13+'StGenis total'!F13+'Mategnin Total'!F13+'PdG Nord Total'!F13+'PdG Sud Total'!F13 -> 5 | G13: ='Ferney->Genève'!G13+'StGenis total'!G13+'Mategnin Total'!G13+'PdG Nord Total'!G13+'PdG Sud Total'!G13 -> 2 | H13: ='Ferney->Genève'!H13+'StGenis total'!H13+'Mategnin Total'!H13+'PdG Nord Total'!H13+'PdG Sud Total'!H13 -> 10 | I13: ='Ferney->Genève'!I13+'StGenis total'!I13+'Mategnin Total'!I13+'PdG Nord Total'!I13+'PdG Sud Total'!I13 -> 2 | ... Q13: ='Ferney->Genève'!Q13+'StGenis total'!Q13+'Mategnin Total'!Q13+'PdG Nord Total'!Q13+'PdG Sud Total'!Q13 -> 1 | AV13: 0.375 | AW13: ='Ferney->Genève'!AW13+'StGenis total'!AW13+'Mategnin Total'!AW13+'PdG Nord Total'!AW13+'PdG Sud Total'!AW13 -> 0 | AX13: ='Ferney->Genève'!AX13+'StGenis total'!AX13+'Mategnin Total'!AX13+'PdG Nord Total'!AX13+'PdG Sud Total'!AX13 -> 0 | AY13: ='Ferney->Genève'!AY13+'StGenis total'!AY13+'Mategnin Total'!AY13+'PdG Nord Total'!AY13+'PdG Sud Total'!AY13 -> 0 | AZ13: ='Ferney->Genève'!AZ13+'StGenis total'!AZ13+'Mategnin Total'!AZ13+'PdG Nord Total'!AZ13+'PdG Sud Total'!AZ13 -> 0 | BA13: ='Ferney->Genève'!BA13+'StGenis total'!BA13+'Mategnin Total'!BA13+'PdG Nord Total'!BA13+'PdG Sud Total'!BA13 -> 0 | BB13: ='Ferney->Genève'!BB13+'StGenis total'!BB13+'Mategnin Total'!BB13+'PdG Nord Total'!BB13+'PdG Sud Total'!BB13 -> 0 | BC13: ='Ferney->Genève'!BC13+'StGenis total'!BC13+'Mategnin Total'!BC13+'PdG Nord Total'!BC13+'PdG Sud Total'!BC13 -> 0 | BD13: ='Ferney->Genève'!BD13+'StGenis total'!BD13+'Mategnin Total'!BD13+'PdG Nord Total'!BD13+'PdG Sud Total'!BD13 -> 0 | ... BL13: ='Ferney->Genève'!BL13+'StGenis total'!BL13+'Mategnin Total'!BL13+'PdG Nord Total'!BL13+'PdG Sud Total'!BL13 -> 0 | CQ13: 0.375 | CR13: ='Ferney->Genève'!CR13+'StGenis total'!CR13+'Mategnin Total'!CR13+'PdG Nord Total'!CR13+'PdG Sud Total'!CR13 -> 0 | CS13: ='Ferney->Genève'!CS13+'StGenis total'!CS13+'Mategnin Total'!CS13+'PdG Nord Total'!CS13+'PdG Sud Total'!CS13 -> 0 | CT13: ='Ferney->Genève'!CT13+'StGenis total'!CT13+'Mategnin Total'!CT13+'PdG Nord Total'!CT13+'PdG Sud Total'!CT13 -> 0 | CU13: ='Ferney->Genève'!CU13+'StGenis total'!CU13+'Mategnin Total'!CU13+'PdG Nord Total'!CU13+'PdG Sud Total'!CU13 -> 0 | CV13: ='Ferney->Genève'!CV13+'StGenis total'!CV13+'Mategnin Total'!CV13+'PdG Nord Total'!CV13+'PdG Sud Total'!CV13 -> 0 | CW13: ='Ferney->Genève'!CW13+'StGenis total'!CW13+'Mategnin Total'!CW13+'PdG Nord Total'!CW13+'PdG Sud Total'!CW13 -> 0 | CX13: ='Ferney->Genève'!CX13+'StGenis total'!CX13+'Mategnin Total'!CX13+'PdG Nord Total'!CX13+'PdG Sud Total'!CX13 -> 0 | CY13: ='Ferney->Genève'!CY13+'StGenis total'!CY13+'Mategnin Total'!CY13+'PdG Nord Total'!CY13+'PdG Sud Total'!CY13 -> 0 | ... DG13: ='Ferney->Genève'!DG13+'StGenis total'!DG13+'Mategnin Total'!DG13+'PdG Nord Total'!DG13+'PdG Sud Total'!DG13 -> 0 | EL13: 0.375 | EM13: =#REF!+'StGenis total'!EM13+'Mategnin Total'!EM13+'PdG Nord Total'!EM13 -> #REF! | EN13: =#REF!+'StGenis total'!EN13+'Mategnin Total'!EN13+'PdG Nord Total'!EN13 -> #REF! | EO13: =#REF!+'StGenis total'!EO13+'Mategnin Total'!EO13+'PdG Nord Total'!EO13 -> #REF! | EP13: =#REF!+'StGenis total'!EP13+'Mategnin Total'!EP13+'PdG Nord Total'!EP13 -> #REF! | EQ13: =#REF!+'StGenis total'!EQ13+'Mategnin Total'!EQ13+'PdG Nord Total'!EQ13 -> #REF! | ER13: =#REF!+'StGenis total'!ER13+'Mategnin Total'!ER13+'PdG Nord Total'!ER13 -> #REF! | ES13: =#REF!+'StGenis total'!ES13+'Mategnin Total'!ES13+'PdG Nord Total'!ES13 -> #REF! | ET13: =#REF!+'StGenis total'!ET13+'Mategnin Total'!ET13+'PdG Nord Total'!ET13 -> #REF! | ... FB13: =#REF!+'StGenis total'!FB13+'Mategnin Total'!FB13+'PdG Nord Total'!FB13 -> #REF!
A14: Total | B14: =SUM(B5:B12) -> 633 | C14: =SUM(C5:C12) -> 208 | D14: =SUM(D5:D12) -> 393 | E14: =SUM(E5:E12) -> 358 | F14: =SUM(F5:F12) -> 97 | G14: =SUM(G5:G12) -> 26 | H14: =SUM(H5:H12) -> 107 | I14: =SUM(I5:I12) -> 67 | ... Q14: =SUM(Q5:Q12) -> 21 | S14: =B14+D14+F14+H14+J14+L14+N14+P14 -> 1384 | T14: =C14+E14+G14+I14+K14+M14+O14+Q14 -> 725 | U14: =T14/(T14+S14) -> 0.34376482 | V14: =B14+C14+J14+K14 -> 945 | W14: =D14+E14+L14+M14 -> 809 | X14: =F14+G14+N14+O14 -> 132 | Y14: =SUM(V14:X14) -> 1886 | Z14: =W14/Y14 -> 0.42895016 | AA14: =X14/Y14 -> 0.069989396 | AB14: =H14+I14+P14+Q14 -> 223 | AC14: =SUM(B14:I14) -> 1889 | AD14: =SUM(J14:Q14) -> 220 | AE14: =SUM(B14:Q14) -> 2109 | AH14: =(S14/BN14) - 1 -> 0.0021723389 | AI14: =(T14/BO14) - 1 -> 0.052249637 | AJ14: =(U14/BP14) - 1 -> 0.032791251 | AK14: =(V14/BQ14) - 1 -> -0.07079646 | AL14: =(W14/BR14) - 1 -> 0.075797872 | AM14: =(X14/BS14) - 1 -> 0.14782609 | AN14: =(Y14/BT14) - 1 -> 0.0010615711 | AO14: =(Z14/BU14) - 1 -> 0.074657047 | ... AT14: =(AE14/BZ14) - 1 -> 0.01884058 | AV14: Total | AW14: =SUM(AW5:AW12) -> 705 | AX14: =SUM(AX5:AX12) -> 214 | AY14: =SUM(AY5:AY12) -> 356 | AZ14: =SUM(AZ5:AZ12) -> 337 | BA14: =SUM(BA5:BA12) -> 86 | BB14: =SUM(BB5:BB12) -> 18 | BC14: =SUM(BC5:BC12) -> 93 | BD14: =SUM(BD5:BD12) -> 50 | ... BL14: =SUM(BL5:BL12) -> 21 | BN14: =AW14+AY14+BA14+BC14+BE14+BG14+BI14+BK14 -> 1381 | BO14: =AX14+AZ14+BB14+BD14+BF14+BH14+BJ14+BL14 -> 689 | BP14: =BO14/(BO14+BN14) -> 0.33285024 | BQ14: =AW14+AX14+BE14+BF14 -> 1017 | BR14: =AY14+AZ14+BG14+BH14 -> 752 | BS14: =BA14+BB14+BI14+BJ14 -> 115 | BT14: =SUM(BQ14:BS14) -> 1884 | BU14: =BR14/BT14 -> 0.39915074 | BV14: =BS14/BT14 -> 0.06104034 | BW14: =BC14+BD14+BK14+BL14 -> 186 | BX14: =SUM(AW14:BD14) -> 1859 | BY14: =SUM(BE14:BL14) -> 211 | BZ14: =SUM(AW14:BL14) -> 2070 | CC14: =(BN14/DI14) - 1 -> 0.36868186 | CD14: =(BO14/DJ14) - 1 -> 0.42946058 | CE14: =(BP14/DK14) - 1 -> 0.029625955 | CF14: =(BQ14/DL14) - 1 -> 0.35239362 | CG14: =(BR14/DM14) - 1 -> 0.51004016 | CH14: =(BS14/DN14) - 1 -> 0.69117647 | CI14: =(BT14/DO14) - 1 -> 0.42943854 | CJ14: =(BU14/DP14) - 1 -> 0.056386906 | ... CO14: =(BZ14/DU14) - 1 -> 0.38832998 | CQ14: Total | CR14: =SUM(CR5:CR12) -> 495 | CS14: =SUM(CS5:CS12) -> 194 | CT14: =SUM(CT5:CT12) -> 271 | CU14: =SUM(CU5:CU12) -> 189 | CV14: =SUM(CV5:CV12) -> 49 | CW14: =SUM(CW5:CW12) -> 12 | CX14: =SUM(CX5:CX12) -> 91 | CY14: =SUM(CY5:CY12) -> 45 | ... DG14: =SUM(DG5:DG12) -> 16 | DI14: =CR14+CT14+CV14+CX14+CZ14+DB14+DD14+DF14 -> 1009 | DJ14: =CS14+CU14+CW14+CY14+DA14+DC14+DE14+DG14 -> 482 | DK14: =DJ14/(DJ14+DI14) -> 0.32327297 | DL14: =CR14+CS14+CZ14+DA14 -> 752 | DM14: =CT14+CU14+DB14+DC14 -> 498 | DN14: =CV14+CW14+DD14+DE14 -> 68 | DO14: =SUM(DL14:DN14) -> 1318 | DP14: =DM14/DO14 -> 0.37784522 | DQ14: =DN14/DO14 -> 0.051593323 | DR14: =CX14+CY14+DF14+DG14 -> 173 | DS14: =SUM(CR14:CY14) -> 1346 | DT14: =SUM(CZ14:DG14) -> 145 | DU14: =SUM(CR14:DG14) -> 1491 | DX14: =(DI14/FD14) - 1 -> 0.32763158 | DY14: =(DJ14/FE14) - 1 -> 0.52531646 | DZ14: =(DK14/FF14) - 1 -> 0.10076493 | EA14: =(DL14/FG14) - 1 -> 0.29209622 | EB14: =(DM14/FH14) - 1 -> 0.47774481 | EC14: =(DN14/FI14) - 1 -> 0.47826087 | ED14: =(DO14/FJ14) - 1 -> 0.36580311 | EE14: =(DP14/FK14) - 1 -> 0.081960348 | ... EJ14: =(DU14/FP14) - 1 -> 0.38568773 | EL14: Total | EM14: =SUM(EM5:EM13) -> #REF! | EN14: =SUM(EN5:EN13) -> #REF! | EO14: =SUM(EO5:EO13) -> #REF! | EP14: =SUM(EP5:EP13) -> #REF! | EQ14: =SUM(EQ5:EQ13) -> #REF! | ER14: =SUM(ER5:ER13) -> #REF! | ES14: =SUM(ES5:ES13) -> #REF! | ET14: =SUM(ET5:ET13) -> #REF! | ... FB14: =SUM(FB5:FB13) -> #REF! | FD14: 760 | FE14: 316 | FF14: 0.2936803 | FG14: 582 | FH14: 337 | FI14: 46 | FJ14: 965 | FK14: 0.3492228 | FL14: 0.047668394 | FM14: 111 | FN14: 959 | FO14: 117 | FP14: 1076 | FR14: 414 | FS14: 224 | FT14: 0.35109718 | FU14: 344 | FV14: 175 | FW14: 42 | FX14: 561 | FY14: 0.31194296 | FZ14: 0.07486631 | GA14: 77 | GB14: 559 | GC14: 79 | GD14: 638 | GF14: =(FD14/FR14) - 1 -> 0.83574879 | GG14: =(FE14/FS14) - 1 -> 0.41071429 | GH14: =(FF14/FT14) - 1 -> -0.16353558 | GI14: =(FG14/FU14) - 1 -> 0.69186047 | GJ14: =(FH14/FV14) - 1 -> 0.92571429 | GK14: =(FI14/FW14) - 1 -> 0.095238095 | GL14: =(FJ14/FX14) - 1 -> 0.7201426 | GM14: =(FK14/FY14) - 1 -> 0.11950851 | ... GR14: =(FP14/GD14) - 1 -> 0.68652038
A15: Total HP | B15: =SUM(B7:B10) -> 328 | C15: =SUM(C7:C10) -> 104 | D15: =SUM(D7:D10) -> 210 | E15: =SUM(E7:E10) -> 204 | F15: =SUM(F7:F10) -> 51 | G15: =SUM(G7:G10) -> 14 | H15: =SUM(H7:H10) -> 50 | I15: =SUM(I7:I10) -> 28 | ... Q15: =SUM(Q7:Q10) -> 14 | S15: =B15+D15+F15+H15+J15+L15+N15+P15 -> 728 | T15: =C15+E15+G15+I15+K15+M15+O15+Q15 -> 396 | U15: =T15/(T15+S15) -> 0.35231317 | V15: =B15+C15+J15+K15 -> 494 | W15: =D15+E15+L15+M15 -> 449 | X15: =F15+G15+N15+O15 -> 71 | Y15: =SUM(V15:X15) -> 1014 | Z15: =W15/Y15 -> 0.44280079 | AA15: =X15/Y15 -> 0.070019724 | AB15: =H15+I15+P15+Q15 -> 110 | AC15: =SUM(B15:I15) -> 989 | AD15: =SUM(J15:Q15) -> 135 | AE15: =SUM(B15:Q15) -> 1124 | AH15: =(S15/BN15) - 1 -> 0.026798307 | AI15: =(T15/BO15) - 1 -> 0.03125 | AJ15: =(U15/BP15) - 1 -> 0.0028080516 | AK15: =(V15/BQ15) - 1 -> -0.069679849 | AL15: =(W15/BR15) - 1 -> 0.08716707 | AM15: =(X15/BS15) - 1 -> 0.12698413 | AN15: =(Y15/BT15) - 1 -> 0.0069513406 | AO15: =(Z15/BU15) - 1 -> 0.079661972 | ... AT15: =(AE15/BZ15) - 1 -> 0.028362306 | AV15: Total HP | AW15: =SUM(AW7:AW10) -> 366 | AX15: =SUM(AX7:AX10) -> 114 | AY15: =SUM(AY7:AY10) -> 187 | AZ15: =SUM(AZ7:AZ10) -> 194 | BA15: =SUM(BA7:BA10) -> 45 | BB15: =SUM(BB7:BB10) -> 13 | BC15: =SUM(BC7:BC10) -> 42 | BD15: =SUM(BD7:BD10) -> 29 | ... BL15: =SUM(BL7:BL10) -> 7 | BN15: =AW15+AY15+BA15+BC15+BE15+BG15+BI15+BK15 -> 709 | BO15: =AX15+AZ15+BB15+BD15+BF15+BH15+BJ15+BL15 -> 384 | BP15: =BO15/(BO15+BN15) -> 0.35132662 | BQ15: =AW15+AX15+BE15+BF15 -> 531 | BR15: =AY15+AZ15+BG15+BH15 -> 413 | BS15: =BA15+BB15+BI15+BJ15 -> 63 | BT15: =SUM(BQ15:BS15) -> 1007 | BU15: =BR15/BT15 -> 0.4101291 | BV15: =BS15/BT15 -> 0.062562066 | BW15: =BC15+BD15+BK15+BL15 -> 86 | BX15: =SUM(AW15:BD15) -> 990 | BY15: =SUM(BE15:BL15) -> 103 | BZ15: =SUM(AW15:BL15) -> 1093 | CC15: =(BN15/DI15) - 1 -> 0.34535104 | CD15: =(BO15/DJ15) - 1 -> 0.44360902 | CE15: =(BP15/DK15) - 1 -> 0.047375988 | CF15: =(BQ15/DL15) - 1 -> 0.37564767 | CG15: =(BR15/DM15) - 1 -> 0.40955631 | CH15: =(BS15/DN15) - 1 -> 0.75 | CI15: =(BT15/DO15) - 1 -> 0.40839161 | CJ15: =(BU15/DP15) - 1 -> 0.00082697568 | ... CO15: =(BZ15/DU15) - 1 -> 0.37831021 | CQ15: Total HP | CR15: =SUM(CR7:CR10) -> 259 | CS15: =SUM(CS7:CS10) -> 93 | CT15: =SUM(CT7:CT10) -> 157 | CU15: =SUM(CU7:CU10) -> 113 | CV15: =SUM(CV7:CV10) -> 24 | CW15: =SUM(CW7:CW10) -> 9 | CX15: =SUM(CX7:CX10) -> 32 | CY15: =SUM(CY7:CY10) -> 24 | ... DG15: =SUM(DG7:DG10) -> 10 | DI15: =CR15+CT15+CV15+CX15+CZ15+DB15+DD15+DF15 -> 527 | DJ15: =CS15+CU15+CW15+CY15+DA15+DC15+DE15+DG15 -> 266 | DK15: =DJ15/(DJ15+DI15) -> 0.33543506 | DL15: =CR15+CS15+CZ15+DA15 -> 386 | DM15: =CT15+CU15+DB15+DC15 -> 293 | DN15: =CV15+CW15+DD15+DE15 -> 36 | DO15: =SUM(DL15:DN15) -> 715 | DP15: =DM15/DO15 -> 0.40979021 | DQ15: =DN15/DO15 -> 0.05034965 | DR15: =CX15+CY15+DF15+DG15 -> 78 | DS15: =SUM(CR15:CY15) -> 711 | DT15: =SUM(CZ15:DG15) -> 82 | DU15: =SUM(CR15:DG15) -> 793 | DX15: =(DI15/FD15) - 1 -> 0.29802956 | DY15: =(DJ15/FE15) - 1 -> 0.60240964 | DZ15: =(DK15/FF15) - 1 -> 0.15583646 | EA15: =(DL15/FG15) - 1 -> 0.34965035 | EB15: =(DM15/FH15) - 1 -> 0.54210526 | EC15: =(DN15/FI15) - 1 -> 0.63636364 | ED15: =(DO15/FJ15) - 1 -> 0.43574297 | EE15: =(DP15/FK15) - 1 -> 0.074081708 | ... EJ15: =(DU15/FP15) - 1 -> 0.38636364 | EL15: Total HP | EM15: =SUM(EM7:EM10) -> #REF! | EN15: =SUM(EN7:EN10) -> #REF! | EO15: =SUM(EO7:EO10) -> #REF! | EP15: =SUM(EP7:EP10) -> #REF! | EQ15: =SUM(EQ7:EQ10) -> #REF! | ER15: =SUM(ER7:ER10) -> #REF! | ES15: =SUM(ES7:ES10) -> #REF! | ET15: =SUM(ET7:ET10) -> #REF! | ... FB15: =SUM(FB7:FB10) -> #REF! | FD15: 406 | FE15: 166 | FF15: 0.29020979 | FG15: 286 | FH15: 190 | FI15: 22 | FJ15: 498 | FK15: 0.3815261 | FL15: 0.044176707 | FM15: 74 | FN15: 505 | FO15: 67 | FP15: 572 | FR15: 195 | FS15: 116 | FT15: 0.37299035 | FU15: 170 | FV15: 91 | FW15: 16 | FX15: 277 | FY15: 0.32851986 | FZ15: 0.057761733 | GA15: 34 | GB15: 275 | GC15: 36 | GD15: 311 | GF15: =(FD15/FR15) - 1 -> 1.0820513 | GG15: =(FE15/FS15) - 1 -> 0.43103448 | GH15: =(FF15/FT15) - 1 -> -0.22193755 | GI15: =(FG15/FU15) - 1 -> 0.68235294 | GJ15: =(FH15/FV15) - 1 -> 1.0879121 | GK15: =(FI15/FW15) - 1 -> 0.375 | GL15: =(FJ15/FX15) - 1 -> 0.79783394 | GM15: =(FK15/FY15) - 1 -> 0.16134869 | ... GR15: =(FP15/GD15) - 1 -> 0.8392283
A17: Tot 7h | B17: =SUM(B5:B8) -> 258 | C17: =SUM(C5:C8) -> 93 | D17: =SUM(D5:D8) -> 179 | E17: =SUM(E5:E8) -> 149 | F17: =SUM(F5:F8) -> 50 | G17: =SUM(G5:G8) -> 10 | H17: =SUM(H5:H8) -> 41 | I17: =SUM(I5:I8) -> 34 | ... Q17: =SUM(Q5:Q8) -> 13 | AV17: Tot 7h | AW17: =SUM(AW5:AW8) -> 290 | AX17: =SUM(AX5:AX8) -> 82 | AY17: =SUM(AY5:AY8) -> 157 | AZ17: =SUM(AZ5:AZ8) -> 159 | BA17: =SUM(BA5:BA8) -> 37 | BB17: =SUM(BB5:BB8) -> 9 | BC17: =SUM(BC5:BC8) -> 24 | BD17: =SUM(BD5:BD8) -> 18 | ... BL17: =SUM(BL5:BL8) -> 2 | CQ17: Tot 7h | CR17: =SUM(CR5:CR8) -> 200 | CS17: =SUM(CS5:CS8) -> 96 | CT17: =SUM(CT5:CT8) -> 132 | CU17: =SUM(CU5:CU8) -> 91 | CV17: =SUM(CV5:CV8) -> 22 | CW17: =SUM(CW5:CW8) -> 6 | CX17: =SUM(CX5:CX8) -> 29 | CY17: =SUM(CY5:CY8) -> 20 | ... DG17: =SUM(DG5:DG8) -> 1 | EL17: Tot 7h | EM17: =SUM(EM5:EM8) -> #REF! | EN17: =SUM(EN5:EN8) -> #REF! | EO17: =SUM(EO5:EO8) -> #REF! | EP17: =SUM(EP5:EP8) -> #REF! | EQ17: =SUM(EQ5:EQ8) -> #REF! | ER17: =SUM(ER5:ER8) -> #REF! | ES17: =SUM(ES5:ES8) -> #REF! | ET17: =SUM(ET5:ET8) -> #REF! | ... FB17: =SUM(FB5:FB8) -> #REF!
A18: Tot 8h | B18: =SUM(B9:B12) -> 375 | C18: =SUM(C9:C12) -> 115 | D18: =SUM(D9:D12) -> 214 | E18: =SUM(E9:E12) -> 209 | F18: =SUM(F9:F12) -> 47 | G18: =SUM(G9:G12) -> 16 | H18: =SUM(H9:H12) -> 66 | I18: =SUM(I9:I12) -> 33 | ... Q18: =SUM(Q9:Q12) -> 8 | AV18: Tot 8h | AW18: =SUM(AW9:AW12) -> 415 | AX18: =SUM(AX9:AX12) -> 132 | AY18: =SUM(AY9:AY12) -> 199 | AZ18: =SUM(AZ9:AZ12) -> 178 | BA18: =SUM(BA9:BA12) -> 49 | BB18: =SUM(BB9:BB12) -> 9 | BC18: =SUM(BC9:BC12) -> 69 | BD18: =SUM(BD9:BD12) -> 32 | ... BL18: =SUM(BL9:BL12) -> 19 | CQ18: Tot 8h | CR18: =SUM(CR9:CR12) -> 295 | CS18: =SUM(CS9:CS12) -> 98 | CT18: =SUM(CT9:CT12) -> 139 | CU18: =SUM(CU9:CU12) -> 98 | CV18: =SUM(CV9:CV12) -> 27 | CW18: =SUM(CW9:CW12) -> 6 | CX18: =SUM(CX9:CX12) -> 62 | CY18: =SUM(CY9:CY12) -> 25 | ... DG18: =SUM(DG9:DG12) -> 15 | EL18: Tot 8h | EM18: =SUM(EM9:EM12) -> #REF! | EN18: =SUM(EN9:EN12) -> #REF! | EO18: =SUM(EO9:EO12) -> #REF! | EP18: =SUM(EP9:EP12) -> #REF! | EQ18: =SUM(EQ9:EQ12) -> #REF! | ER18: =SUM(ER9:ER12) -> #REF! | ES18: =SUM(ES9:ES12) -> #REF! | ET18: =SUM(ET9:ET12) -> #REF! | ... FB18: =SUM(FB9:FB12) -> #REF! | FP18: =FP14/#REF! -> #REF!
FD21: =FD14/#REF! -> #REF! | FE21: =FE14/#REF! -> #REF!
S23: Velos total | T23: Vélos HP | U23: % VAE dans le total | V23: NB VAE dans le total | W23: % femmes dans le total | X23: NB de femmes dans le total | Y23: % de VAE chez les femmes | Z23: NB de VAE chez les femmes | AA23: Autres modes total | AB23: Autres Modes HP | AC23: Pietons total | AD23: Pietons HP | AE23: >CH total | AF23: >CH HP | AG23: >FR total | AH23: >FR HP | BN23: Velos total | BO23: Vélos HP | BP23: % VAE dans le total | BQ23: NB VAE dans le total | BR23: % femmes dans le total | BS23: NB de femmes dans le total | BT23: % de VAE chez les femmes | BU23: NB de VAE chez les femmes | BV23: Autres modes total | BW23: Autres Modes HP | BX23: Pietons total | BY23: Pietons HP | BZ23: >CH total | CA23: >CH HP | CB23: >FR total | CC23: >FR HP
S24: =Y14 -> 1886 | T24: =Y15 -> 1014 | U24: =V24/S24 -> 0.42895016 | V24: =W14 -> 809 | W24: =X24/S24 -> 0.33775186 | X24: =C14+E14+G14+K14+M14+O14 -> 637 | Y24: =Z24/X24 -> 0.59340659 | Z24: =E14+M14 -> 378 | AA24: =X14 -> 132 | AB24: =X15 -> 71 | AC24: =AB14 -> 223 | AD24: =AB15 -> 110 | AE24: =AC14 -> 1889 | AF24: =AC15 -> 989 | AG24: =AD14 -> 220 | AH24: =AD15 -> 135 | BN24: =BT14 -> 1884 | BO24: =BT15 -> 1007 | BP24: =BQ24/BN24 -> 0.39915074 | BQ24: =BR14 -> 752 | BR24: =BS24/BN24 -> 0.32802548 | BS24: =AX14+AZ14+BB14+BF14+BH14+BJ14 -> 618 | BT24: =BU24/BS24 -> 0.58414239 | BU24: =AZ14+BH14 -> 361 | BV24: =BS14 -> 115 | BW24: =BS15 -> 63 | BX24: =BW14 -> 186 | BY24: =BW15 -> 86 | BZ24: =BX14 -> 1859 | CA24: =BX15 -> 990 | CB24: =BY14 -> 211 | CC24: =BY15 -> 103

Sheet PdG Centre Total
A1: 2024 | B1: Lieu: | C1: {=MID(CELL("filename",A1),FIND("]",CELL("filename",A1))+1,255)} -> #VALUE! | AV1: 2023 | AW1: Lieu: | AX1: {=MID(CELL("filename",AV1),FIND("]",CELL("filename",AV1))+1,255)} -> #VALUE! | CQ1: 2022 | CR1: Lieu: | CS1: {=MID(CELL("filename",CQ1),FIND("]",CELL("filename",CQ1))+1,255)} -> #VALUE! | EL1: 2021 | EM1: Lieu:
B2: France -> Suisse | J2: Suisse -> France | S2: ="Totaux 2023 " & $AX1 -> Totaux 2023 PdG Centre Total | AH2: ="Changement depuis 2022 " & $AX1 -> Changement depuis 2022 PdG Centre Total | AW2: France -> Suisse | BE2: Suisse -> France | BN2: ="Totaux 2023 " & $AX1 -> Totaux 2023 PdG Centre Total | CC2: ="Changement depuis 2022 " & $AX1 -> Changement depuis 2022 PdG Centre Total | CR2: France -> Suisse | CZ2: Suisse -> France | DI2: ="Totaux 2022 " & $CS1 -> Totaux 2022 PdG Centre Total | DX2: ="Changement depuis 2021 " & $CS1 -> Changement depuis 2021 PdG Centre Total | EM2: France -> Suisse | EU2: Suisse -> France | FD2: ="Totaux 2021 " & $EN1 -> Totaux 2021 | FR2: ="Totaux 2020 " & $EN1 -> Totaux 2020 | GF2: ="Changement depuis 2020 " & $EN1 -> Changement depuis 2020
B3: Vélo traditionel | D3: VAE | F3: Mode Nouveau Electrique | H3: Piéton/ne | J3: Vélo traditionel | L3: VAE | N3: Mode Nouveau Electrique | P3: Piéton/ne | S3: Hommes | T3: Femmes | U3: %Femmes | V3: VT | W3: VAE | X3: Nouveau | Y3: 2r | Z3: %VAE | AA3: %Nouveau | AB3: Piétons | AC3: >CH | AD3: >FR | AE3: TOT | AH3: Hommes | AI3: Femmes | AJ3: %Femmes | AK3: VT | AL3: VAE | AM3: Nouveau | AN3: 2r | AO3: %VAE | AP3: %Nouveau | AQ3: Piétons | AR3: >CH | AS3: >FR | AT3: TOT | AW3: Vélo traditionel | AY3: VAE | BA3: Mode Nouveau Electrique | BC3: Piéton/ne | BE3: Vélo traditionel | BG3: VAE | BI3: Mode Nouveau Electrique | BK3: Piéton/ne | BN3: Hommes | BO3: Femmes | BP3: %Femmes | BQ3: VT | BR3: VAE | BS3: Nouveau | BT3: 2r | BU3: %VAE | BV3: %Nouveau | BW3: Piétons | BX3: >CH | BY3: >FR | BZ3: TOT | CC3: Hommes | CD3: Femmes | CE3: %Femmes | CF3: VT | CG3: VAE | CH3: Nouveau | CI3: 2r | CJ3: %VAE | CK3: %Nouveau | CL3: Piétons | CM3: >CH | CN3: >FR | CO3: TOT | CR3: Vélo traditionel | CT3: VAE | CV3: Mode Nouveau Electrique | CX3: Piéton/ne | CZ3: Vélo traditionel | DB3: VAE | DD3: Mode Nouveau Electrique | DF3: Piéton/ne | DI3: Hommes | DJ3: Femmes | DK3: %Femmes | DL3: VT | DM3: VAE | DN3: Nouveau | DO3: 2r | DP3: %VAE | DQ3: %Nouveau | DR3: Piétons | DS3: >CH | DT3: >FR | DU3: TOT | DX3: Hommes | DY3: Femmes | DZ3: %Femmes | EA3: VT | EB3: VAE | EC3: Nouveau | ED3: 2r | EE3: %VAE | EF3: %Nouveau | EG3: Piétons | EH3: >CH | EI3: >FR | EJ3: TOT | EM3: Vélo traditionel | EO3: VAE | EQ3: Mode Nouveau Electrique | ES3: Piéton/ne | EU3: Vélo traditionel | EW3: VAE | EY3: Mode Nouveau Electrique (trotinette, scateboard , …) | FA3: Piéton/ne | FD3: Hommes | FE3: Femmes | FF3: %Femmes | FG3: VT | FH3: VAE | FI3: Nouveau | FJ3: 2r | FK3: %VAE | FL3: %Nouveau | FM3: Piétons | FN3: >CH | FO3: >FR | FP3: TOT | GF3: Hommes | GG3: Femmes | GH3: %Femmes | GI3: VT | GJ3: VAE | GK3: Nouveau | GL3: 2r | GM3: %VAE | GN3: %Nouveau | GO3: Piétons | GP3: >CH | GQ3: >FR | GR3: TOT
A4: Heure | B4: H | C4: F | D4: H | E4: F | F4: H | G4: F | H4: H | I4: F | J4: H | K4: F | L4: H | M4: F | N4: H | O4: F | P4: H | Q4: F | AV4: Heure | AW4: H | AX4: F | AY4: H | AZ4: F | BA4: H | BB4: F | BC4: H | BD4: F | BE4: H | BF4: F | BG4: H | BH4: F | BI4: H | BJ4: F | BK4: H | BL4: F | CQ4: Heure | CR4: H | CS4: F | CT4: H | CU4: F | CV4: H | CW4: F | CX4: H | CY4: F | CZ4: H | DA4: F | DB4: H | DC4: F | DD4: H | DE4: F | DF4: H | DG4: F | EL4: Heure | EM4: H | EN4: F | EO4: H | EP4: F | EQ4: H | ER4: F | ES4: H | ET4: F | EU4: H | EV4: F | EW4: H | EX4: F | EY4: H | EZ4: F | FA4: H | FB4: F
A5: 0.29166667 | B5: ='Ferney->Genève'!B5+'StGenis total'!B5+'Mategnin Total'!B5 -> 42 | C5: ='Ferney->Genève'!C5+'StGenis total'!C5+'Mategnin Total'!C5 -> 12 | D5: ='Ferney->Genève'!D5+'StGenis total'!D5+'Mategnin Total'!D5 -> 30 | E5: ='Ferney->Genève'!E5+'StGenis total'!E5+'Mategnin Total'!E5 -> 24 | F5: ='Ferney->Genève'!F5+'StGenis total'!F5+'Mategnin Total'!F5 -> 13 | G5: ='Ferney->Genève'!G5+'StGenis total'!G5+'Mategnin Total'!G5 -> 5 | H5: ='Ferney->Genève'!H5+'StGenis total'!H5+'Mategnin Total'!H5 -> 2 | I5: ='Ferney->Genève'!I5+'StGenis total'!I5+'Mategnin Total'!I5 -> 2 | ... Q5: ='Ferney->Genève'!Q5+'StGenis total'!Q5+'Mategnin Total'!Q5 -> 0 | S5: =B5+D5+F5+H5+J5+L5+N5+P5 -> 91 | T5: =C5+E5+G5+I5+K5+M5+O5+Q5 -> 43 | U5: =T5/(T5+S5) -> 0.32089552 | V5: =B5+C5+J5+K5 -> 56 | W5: =D5+E5+L5+M5 -> 55 | X5: =F5+G5+N5+O5 -> 18 | Y5: =SUM(V5:X5) -> 129 | Z5: =W5/Y5 -> 0.42635659 | AA5: =X5/Y5 -> 0.13953488 | AB5: =H5+I5+P5+Q5 -> 5 | AC5: =SUM(B5:I5) -> 130 | AD5: =SUM(J5:Q5) -> 4 | AE5: =SUM(B5:Q5) -> 134 | AH5: =(S5/BN5) - 1 -> -0.10784314 | AI5: =(T5/BO5) - 1 -> 0.075 | AJ5: =(U5/BP5) - 1 -> 0.1391791 | AK5: =(V5/BQ5) - 1 -> -0.066666667 | AL5: =(W5/BR5) - 1 -> -0.12698413 | AM5: =(X5/BS5) - 1 -> 0.5 | AN5: =(Y5/BT5) - 1 -> -0.044444444 | AO5: =(Z5/BU5) - 1 -> -0.086378738 | ... AT5: =(AE5/BZ5) - 1 -> -0.056338028 | AV5: 0.29166667 | AW5: ='Ferney->Genève'!AW5+'StGenis total'!AW5+'Mategnin Total'!AW5 -> 50 | AX5: ='Ferney->Genève'!AX5+'StGenis total'!AX5+'Mategnin Total'!AX5 -> 7 | AY5: ='Ferney->Genève'!AY5+'StGenis total'!AY5+'Mategnin Total'!AY5 -> 34 | AZ5: ='Ferney->Genève'!AZ5+'StGenis total'!AZ5+'Mategnin Total'!AZ5 -> 26 | BA5: ='Ferney->Genève'!BA5+'StGenis total'!BA5+'Mategnin Total'!BA5 -> 7 | BB5: ='Ferney->Genève'!BB5+'StGenis total'!BB5+'Mategnin Total'!BB5 -> 1 | BC5: ='Ferney->Genève'!BC5+'StGenis total'!BC5+'Mategnin Total'!BC5 -> 3 | BD5: ='Ferney->Genève'!BD5+'StGenis total'!BD5+'Mategnin Total'!BD5 -> 2 | ... BL5: ='Ferney->Genève'!BL5+'StGenis total'!BL5+'Mategnin Total'!BL5 -> 1 | BN5: =AW5+AY5+BA5+BC5+BE5+BG5+BI5+BK5 -> 102 | BO5: =AX5+AZ5+BB5+BD5+BF5+BH5+BJ5+BL5 -> 40 | BP5: =BO5/(BO5+BN5) -> 0.28169014 | BQ5: =AW5+AX5+BE5+BF5 -> 60 | BR5: =AY5+AZ5+BG5+BH5 -> 63 | BS5: =BA5+BB5+BI5+BJ5 -> 12 | BT5: =SUM(BQ5:BS5) -> 135 | BU5: =BR5/BT5 -> 0.46666667 | BV5: =BS5/BT5 -> 0.088888889 | BW5: =BC5+BD5+BK5+BL5 -> 7 | BX5: =SUM(AW5:BD5) -> 130 | BY5: =SUM(BE5:BL5) -> 12 | BZ5: =SUM(AW5:BL5) -> 142 | CC5: =(BN5/DI5) - 1 -> 0.72881356 | CD5: =(BO5/DJ5) - 1 -> 0.37931034 | CE5: =(BP5/DK5) - 1 -> -0.14521612 | CF5: =(BQ5/DL5) - 1 -> 0.27659574 | CG5: =(BR5/DM5) - 1 -> 1.52 | CH5: =(BS5/DN5) - 1 -> 0.71428571 | CI5: =(BT5/DO5) - 1 -> 0.70886076 | CJ5: =(BU5/DP5) - 1 -> 0.47466667 | ... CO5: =(BZ5/DU5) - 1 -> 0.61363636 | CQ5: 0.29166667 | CR5: ='Ferney->Genève'!CR5+'StGenis total'!CR5+'Mategnin Total'!CR5 -> 30 | CS5: ='Ferney->Genève'!CS5+'StGenis total'!CS5+'Mategnin Total'!CS5 -> 17 | CT5: ='Ferney->Genève'!CT5+'StGenis total'!CT5+'Mategnin Total'!CT5 -> 14 | CU5: ='Ferney->Genève'!CU5+'StGenis total'!CU5+'Mategnin Total'!CU5 -> 10 | CV5: ='Ferney->Genève'!CV5+'StGenis total'!CV5+'Mategnin Total'!CV5 -> 5 | CW5: ='Ferney->Genève'!CW5+'StGenis total'!CW5+'Mategnin Total'!CW5 -> 0 | CX5: ='Ferney->Genève'!CX5+'StGenis total'!CX5+'Mategnin Total'!CX5 -> 6 | CY5: ='Ferney->Genève'!CY5+'StGenis total'!CY5+'Mategnin Total'!CY5 -> 2 | ... DG5: ='Ferney->Genève'!DG5+'StGenis total'!DG5+'Mategnin Total'!DG5 -> 0 | DI5: =CR5+CT5+CV5+CX5+CZ5+DB5+DD5+DF5 -> 59 | DJ5: =CS5+CU5+CW5+CY5+DA5+DC5+DE5+DG5 -> 29 | DK5: =DJ5/(DJ5+DI5) -> 0.32954545 | DL5: =CR5+CS5+CZ5+DA5 -> 47 | DM5: =CT5+CU5+DB5+DC5 -> 25 | DN5: =CV5+CW5+DD5+DE5 -> 7 | DO5: =SUM(DL5:DN5) -> 79 | DP5: =DM5/DO5 -> 0.3164557 | DQ5: =DN5/DO5 -> 0.088607595 | DR5: =CX5+CY5+DF5+DG5 -> 9 | DS5: =SUM(CR5:CY5) -> 84 | DT5: =SUM(CZ5:DG5) -> 4 | DU5: =SUM(CR5:DG5) -> 88 | DX5: =(DI5/FD5) - 1 -> 0.035087719 | DY5: =(DJ5/FE5) - 1 -> 0.31818182 | DZ5: =(DK5/FF5) - 1 -> 0.18336777 | EA5: =(DL5/FG5) - 1 -> 0.068181818 | EB5: =(DM5/FH5) - 1 -> -0.074074074 | EC5: =(DN5/FI5) - 1 -> 0.16666667 | ED5: =(DO5/FJ5) - 1 -> 0.025974026 | EE5: =(DP5/FK5) - 1 -> -0.097515237 | ... EJ5: =(DU5/FP5) - 1 -> 0.11392405 | EL5: 0.29166667 | EM5: ='Ferney->Genève'!EM5+'StGenis total'!EM5+'Mategnin Total'!EM5 -> 31 | EN5: ='Ferney->Genève'!EN5+'StGenis total'!EN5+'Mategnin Total'!EN5 -> 10 | EO5: ='Ferney->Genève'!EO5+'StGenis total'!EO5+'Mategnin Total'!EO5 -> 15 | EP5: ='Ferney->Genève'!EP5+'StGenis total'!EP5+'Mategnin Total'!EP5 -> 10 | EQ5: ='Ferney->Genève'!EQ5+'StGenis total'!EQ5+'Mategnin Total'!EQ5 -> 6 | ER5: ='Ferney->Genève'!ER5+'StGenis total'!ER5+'Mategnin Total'!ER5 -> 0 | ES5: ='Ferney->Genève'!ES5+'StGenis total'!ES5+'Mategnin Total'!ES5 -> 2 | ET5: ='Ferney->Genève'!ET5+'StGenis total'!ET5+'Mategnin Total'!ET5 -> 0 | ... FB5: ='Ferney->Genève'!FB5+'StGenis total'!FB5+'Mategnin Total'!FB5 -> 0 | FD5: =EM5+EO5+EQ5+ES5+EU5+EW5+EY5+FA5 -> 57 | FE5: =EN5+EP5+ER5+ET5+EV5+EX5+EZ5+FB5 -> 22 | FF5: =FE5/(FE5+FD5) -> 0.27848101 | FG5: =EM5+EN5+EU5+EV5 -> 44 | FH5: =EO5+EP5+EW5+EX5 -> 27 | FI5: =EQ5+ER5+EY5+EZ5 -> 6 | FJ5: =SUM(FG5:FI5) -> 77 | FK5: =FH5/FJ5 -> 0.35064935 | FL5: =FI5/FJ5 -> 0.077922078 | FM5: =ES5+ET5+FA5+FB5 -> 2 | FN5: =SUM(EM5:ET5) -> 74 | FO5: =SUM(EU5:FB5) -> 5 | FP5: =SUM(EM5:FB5) -> 79 | GF5: =(FD5/FR5) - 1 -> #DIV/0! | GG5: =(FE5/FS5) - 1 -> #DIV/0! | GH5: =(FF5/FT5) - 1 -> #DIV/0! | GI5: =(FG5/FU5) - 1 -> #DIV/0! | GJ5: =(FH5/FV5) - 1 -> #DIV/0! | GK5: =(FI5/FW5) - 1 -> #DIV/0! | GL5: =(FJ5/FX5) - 1 -> #DIV/0! | GM5: =(FK5/FY5) - 1 -> #DIV/0! | ... GR5: =(FP5/GD5) - 1 -> #DIV/0!
A6: 0.30208333 | B6: ='Ferney->Genève'!B6+'StGenis total'!B6+'Mategnin Total'!B6 -> 45 | C6: ='Ferney->Genève'!C6+'StGenis total'!C6+'Mategnin Total'!C6 -> 19 | D6: ='Ferney->Genève'!D6+'StGenis total'!D6+'Mategnin Total'!D6 -> 31 | E6: ='Ferney->Genève'!E6+'StGenis total'!E6+'Mategnin Total'!E6 -> 27 | F6: ='Ferney->Genève'!F6+'StGenis total'!F6+'Mategnin Total'!F6 -> 12 | G6: ='Ferney->Genève'!G6+'StGenis total'!G6+'Mategnin Total'!G6 -> 1 | H6: ='Ferney->Genève'!H6+'StGenis total'!H6+'Mategnin Total'!H6 -> 11 | I6: ='Ferney->Genève'!I6+'StGenis total'!I6+'Mategnin Total'!I6 -> 5 | ... Q6: ='Ferney->Genève'!Q6+'StGenis total'!Q6+'Mategnin Total'!Q6 -> 0 | S6: =B6+D6+F6+H6+J6+L6+N6+P6 -> 103 | T6: =C6+E6+G6+I6+K6+M6+O6+Q6 -> 52 | U6: =T6/(T6+S6) -> 0.33548387 | V6: =B6+C6+J6+K6 -> 68 | W6: =D6+E6+L6+M6 -> 58 | X6: =F6+G6+N6+O6 -> 13 | Y6: =SUM(V6:X6) -> 139 | Z6: =W6/Y6 -> 0.41726619 | AA6: =X6/Y6 -> 0.09352518 | AB6: =H6+I6+P6+Q6 -> 16 | AC6: =SUM(B6:I6) -> 151 | AD6: =SUM(J6:Q6) -> 4 | AE6: =SUM(B6:Q6) -> 155 | AH6: =(S6/BN6) - 1 -> 0.06185567 | AI6: =(T6/BO6) - 1 -> 0.20930233 | AJ6: =(U6/BP6) - 1 -> 0.092273068 | AK6: =(V6/BQ6) - 1 -> -0.014492754 | AL6: =(W6/BR6) - 1 -> 0.054545455 | AM6: =(X6/BS6) - 1 -> 0.44444444 | AN6: =(Y6/BT6) - 1 -> 0.045112782 | AO6: =(Z6/BU6) - 1 -> 0.0090255069 | ... AT6: =(AE6/BZ6) - 1 -> 0.10714286 | AV6: 0.30208333 | AW6: ='Ferney->Genève'!AW6+'StGenis total'!AW6+'Mategnin Total'!AW6 -> 53 | AX6: ='Ferney->Genève'!AX6+'StGenis total'!AX6+'Mategnin Total'!AX6 -> 12 | AY6: ='Ferney->Genève'!AY6+'StGenis total'!AY6+'Mategnin Total'!AY6 -> 26 | AZ6: ='Ferney->Genève'!AZ6+'StGenis total'!AZ6+'Mategnin Total'!AZ6 -> 27 | BA6: ='Ferney->Genève'!BA6+'StGenis total'!BA6+'Mategnin Total'!BA6 -> 8 | BB6: ='Ferney->Genève'!BB6+'StGenis total'!BB6+'Mategnin Total'!BB6 -> 1 | BC6: ='Ferney->Genève'!BC6+'StGenis total'!BC6+'Mategnin Total'!BC6 -> 2 | BD6: ='Ferney->Genève'!BD6+'StGenis total'!BD6+'Mategnin Total'!BD6 -> 2 | ... BL6: ='Ferney->Genève'!BL6+'StGenis total'!BL6+'Mategnin Total'!BL6 -> 0 | BN6: =AW6+AY6+BA6+BC6+BE6+BG6+BI6+BK6 -> 97 | BO6: =AX6+AZ6+BB6+BD6+BF6+BH6+BJ6+BL6 -> 43 | BP6: =BO6/(BO6+BN6) -> 0.30714286 | BQ6: =AW6+AX6+BE6+BF6 -> 69 | BR6: =AY6+AZ6+BG6+BH6 -> 55 | BS6: =BA6+BB6+BI6+BJ6 -> 9 | BT6: =SUM(BQ6:BS6) -> 133 | BU6: =BR6/BT6 -> 0.41353383 | BV6: =BS6/BT6 -> 0.067669173 | BW6: =BC6+BD6+BK6+BL6 -> 7 | BX6: =SUM(AW6:BD6) -> 131 | BY6: =SUM(BE6:BL6) -> 9 | BZ6: =SUM(AW6:BL6) -> 140 | CC6: =(BN6/DI6) - 1 -> 0.27631579 | CD6: =(BO6/DJ6) - 1 -> 0.048780488 | CE6: =(BP6/DK6) - 1 -> -0.12351916 | CF6: =(BQ6/DL6) - 1 -> 0.16949153 | CG6: =(BR6/DM6) - 1 -> 0.34146341 | CH6: =(BS6/DN6) - 1 -> 0.125 | CI6: =(BT6/DO6) - 1 -> 0.23148148 | CJ6: =(BU6/DP6) - 1 -> 0.089308637 | ... CO6: =(BZ6/DU6) - 1 -> 0.1965812 | CQ6: 0.30208333 | CR6: ='Ferney->Genève'!CR6+'StGenis total'!CR6+'Mategnin Total'!CR6 -> 34 | CS6: ='Ferney->Genève'!CS6+'StGenis total'!CS6+'Mategnin Total'!CS6 -> 21 | CT6: ='Ferney->Genève'!CT6+'StGenis total'!CT6+'Mategnin Total'!CT6 -> 22 | CU6: ='Ferney->Genève'!CU6+'StGenis total'!CU6+'Mategnin Total'!CU6 -> 18 | CV6: ='Ferney->Genève'!CV6+'StGenis total'!CV6+'Mategnin Total'!CV6 -> 6 | CW6: ='Ferney->Genève'!CW6+'StGenis total'!CW6+'Mategnin Total'!CW6 -> 1 | CX6: ='Ferney->Genève'!CX6+'StGenis total'!CX6+'Mategnin Total'!CX6 -> 6 | CY6: ='Ferney->Genève'!CY6+'StGenis total'!CY6+'Mategnin Total'!CY6 -> 1 | ... DG6: ='Ferney->Genève'!DG6+'StGenis total'!DG6+'Mategnin Total'!DG6 -> 0 | DI6: =CR6+CT6+CV6+CX6+CZ6+DB6+DD6+DF6 -> 76 | DJ6: =CS6+CU6+CW6+CY6+DA6+DC6+DE6+DG6 -> 41 | DK6: =DJ6/(DJ6+DI6) -> 0.35042735 | DL6: =CR6+CS6+CZ6+DA6 -> 59 | DM6: =CT6+CU6+DB6+DC6 -> 41 | DN6: =CV6+CW6+DD6+DE6 -> 8 | DO6: =SUM(DL6:DN6) -> 108 | DP6: =DM6/DO6 -> 0.37962963 | DQ6: =DN6/DO6 -> 0.074074074 | DR6: =CX6+CY6+DF6+DG6 -> 9 | DS6: =SUM(CR6:CY6) -> 109 | DT6: =SUM(CZ6:DG6) -> 8 | DU6: =SUM(CR6:DG6) -> 117 | DX6: =(DI6/FD6) - 1 -> 0.085714286 | DY6: =(DJ6/FE6) - 1 -> 0.64 | DZ6: =(DK6/FF6) - 1 -> 0.33162393 | EA6: =(DL6/FG6) - 1 -> 0.18 | EB6: =(DM6/FH6) - 1 -> 0.10810811 | EC6: =(DN6/FI6) - 1 -> 0.6 | ED6: =(DO6/FJ6) - 1 -> 0.17391304 | EE6: =(DP6/FK6) - 1 -> -0.056056056 | ... EJ6: =(DU6/FP6) - 1 -> 0.23157895 | EL6: 0.30208333 | EM6: ='Ferney->Genève'!EM6+'StGenis total'!EM6+'Mategnin Total'!EM6 -> 39 | EN6: ='Ferney->Genève'!EN6+'StGenis total'!EN6+'Mategnin Total'!EN6 -> 8 | EO6: ='Ferney->Genève'!EO6+'StGenis total'!EO6+'Mategnin Total'!EO6 -> 21 | EP6: ='Ferney->Genève'!EP6+'StGenis total'!EP6+'Mategnin Total'!EP6 -> 14 | EQ6: ='Ferney->Genève'!EQ6+'StGenis total'!EQ6+'Mategnin Total'!EQ6 -> 2 | ER6: ='Ferney->Genève'!ER6+'StGenis total'!ER6+'Mategnin Total'!ER6 -> 3 | ES6: ='Ferney->Genève'!ES6+'StGenis total'!ES6+'Mategnin Total'!ES6 -> 2 | ET6: ='Ferney->Genève'!ET6+'StGenis total'!ET6+'Mategnin Total'!ET6 -> 0 | ... FB6: ='Ferney->Genève'!FB6+'StGenis total'!FB6+'Mategnin Total'!FB6 -> 0 | FD6: =EM6+EO6+EQ6+ES6+EU6+EW6+EY6+FA6 -> 70 | FE6: =EN6+EP6+ER6+ET6+EV6+EX6+EZ6+FB6 -> 25 | FF6: =FE6/(FE6+FD6) -> 0.26315789 | FG6: =EM6+EN6+EU6+EV6 -> 50 | FH6: =EO6+EP6+EW6+EX6 -> 37 | FI6: =EQ6+ER6+EY6+EZ6 -> 5 | FJ6: =SUM(FG6:FI6) -> 92 | FK6: =FH6/FJ6 -> 0.40217391 | FL6: =FI6/FJ6 -> 0.054347826 | FM6: =ES6+ET6+FA6+FB6 -> 3 | FN6: =SUM(EM6:ET6) -> 89 | FO6: =SUM(EU6:FB6) -> 6 | FP6: =SUM(EM6:FB6) -> 95 | GF6: =(FD6/FR6) - 1 -> #DIV/0! | GG6: =(FE6/FS6) - 1 -> #DIV/0! | GH6: =(FF6/FT6) - 1 -> #DIV/0! | GI6: =(FG6/FU6) - 1 -> #DIV/0! | GJ6: =(FH6/FV6) - 1 -> #DIV/0! | GK6: =(FI6/FW6) - 1 -> #DIV/0! | GL6: =(FJ6/FX6) - 1 -> #DIV/0! | GM6: =(FK6/FY6) - 1 -> #DIV/0! | ... GR6: =(FP6/GD6) - 1 -> #DIV/0!
A7: 0.3125 | B7: ='Ferney->Genève'!B7+'StGenis total'!B7+'Mategnin Total'!B7 -> 62 | C7: ='Ferney->Genève'!C7+'StGenis total'!C7+'Mategnin Total'!C7 -> 21 | D7: ='Ferney->Genève'!D7+'StGenis total'!D7+'Mategnin Total'!D7 -> 42 | E7: ='Ferney->Genève'!E7+'StGenis total'!E7+'Mategnin Total'!E7 -> 33 | F7: ='Ferney->Genève'!F7+'StGenis total'!F7+'Mategnin Total'!F7 -> 12 | G7: ='Ferney->Genève'!G7+'StGenis total'!G7+'Mategnin Total'!G7 -> 2 | H7: ='Ferney->Genève'!H7+'StGenis total'!H7+'Mategnin Total'!H7 -> 5 | I7: ='Ferney->Genève'!I7+'StGenis total'!I7+'Mategnin Total'!I7 -> 6 | ... Q7: ='Ferney->Genève'!Q7+'StGenis total'!Q7+'Mategnin Total'!Q7 -> 1 | S7: =B7+D7+F7+H7+J7+L7+N7+P7 -> 125 | T7: =C7+E7+G7+I7+K7+M7+O7+Q7 -> 67 | U7: =T7/(T7+S7) -> 0.34895833 | V7: =B7+C7+J7+K7 -> 86 | W7: =D7+E7+L7+M7 -> 79 | X7: =F7+G7+N7+O7 -> 15 | Y7: =SUM(V7:X7) -> 180 | Z7: =W7/Y7 -> 0.43888889 | AA7: =X7/Y7 -> 0.083333333 | AB7: =H7+I7+P7+Q7 -> 12 | AC7: =SUM(B7:I7) -> 183 | AD7: =SUM(J7:Q7) -> 9 | AE7: =SUM(B7:Q7) -> 192 | AH7: =(S7/BN7) - 1 -> 0.13636364 | AI7: =(T7/BO7) - 1 -> 0.030769231 | AJ7: =(U7/BP7) - 1 -> -0.060496795 | AK7: =(V7/BQ7) - 1 -> 0.023809524 | AL7: =(W7/BR7) - 1 -> 0.097222222 | AM7: =(X7/BS7) - 1 -> 0.66666667 | AN7: =(Y7/BT7) - 1 -> 0.090909091 | AO7: =(Z7/BU7) - 1 -> 0.005787037 | ... AT7: =(AE7/BZ7) - 1 -> 0.097142857 | AV7: 0.3125 | AW7: ='Ferney->Genève'!AW7+'StGenis total'!AW7+'Mategnin Total'!AW7 -> 58 | AX7: ='Ferney->Genève'!AX7+'StGenis total'!AX7+'Mategnin Total'!AX7 -> 18 | AY7: ='Ferney->Genève'!AY7+'StGenis total'!AY7+'Mategnin Total'!AY7 -> 30 | AZ7: ='Ferney->Genève'!AZ7+'StGenis total'!AZ7+'Mategnin Total'!AZ7 -> 40 | BA7: ='Ferney->Genève'!BA7+'StGenis total'!BA7+'Mategnin Total'!BA7 -> 8 | BB7: ='Ferney->Genève'!BB7+'StGenis total'!BB7+'Mategnin Total'!BB7 -> 1 | BC7: ='Ferney->Genève'!BC7+'StGenis total'!BC7+'Mategnin Total'!BC7 -> 4 | BD7: ='Ferney->Genève'!BD7+'StGenis total'!BD7+'Mategnin Total'!BD7 -> 3 | ... BL7: ='Ferney->Genève'!BL7+'StGenis total'!BL7+'Mategnin Total'!BL7 -> 1 | BN7: =AW7+AY7+BA7+BC7+BE7+BG7+BI7+BK7 -> 110 | BO7: =AX7+AZ7+BB7+BD7+BF7+BH7+BJ7+BL7 -> 65 | BP7: =BO7/(BO7+BN7) -> 0.37142857 | BQ7: =AW7+AX7+BE7+BF7 -> 84 | BR7: =AY7+AZ7+BG7+BH7 -> 72 | BS7: =BA7+BB7+BI7+BJ7 -> 9 | BT7: =SUM(BQ7:BS7) -> 165 | BU7: =BR7/BT7 -> 0.43636364 | BV7: =BS7/BT7 -> 0.054545455 | BW7: =BC7+BD7+BK7+BL7 -> 10 | BX7: =SUM(AW7:BD7) -> 162 | BY7: =SUM(BE7:BL7) -> 13 | BZ7: =SUM(AW7:BL7) -> 175 | CC7: =(BN7/DI7) - 1 -> 0.30952381 | CD7: =(BO7/DJ7) - 1 -> 0.58536585 | CE7: =(BP7/DK7) - 1 -> 0.13240418 | CF7: =(BQ7/DL7) - 1 -> 0.44827586 | CG7: =(BR7/DM7) - 1 -> 0.5 | CH7: =(BS7/DN7) - 1 -> -0.1 | CI7: =(BT7/DO7) - 1 -> 0.42241379 | CJ7: =(BU7/DP7) - 1 -> 0.054545455 | ... CO7: =(BZ7/DU7) - 1 -> 0.4 | CQ7: 0.3125 | CR7: ='Ferney->Genève'!CR7+'StGenis total'!CR7+'Mategnin Total'!CR7 -> 42 | CS7: ='Ferney->Genève'!CS7+'StGenis total'!CS7+'Mategnin Total'!CS7 -> 15 | CT7: ='Ferney->Genève'!CT7+'StGenis total'!CT7+'Mategnin Total'!CT7 -> 28 | CU7: ='Ferney->Genève'!CU7+'StGenis total'!CU7+'Mategnin Total'!CU7 -> 17 | CV7: ='Ferney->Genève'!CV7+'StGenis total'!CV7+'Mategnin Total'!CV7 -> 5 | CW7: ='Ferney->Genève'!CW7+'StGenis total'!CW7+'Mategnin Total'!CW7 -> 3 | CX7: ='Ferney->Genève'!CX7+'StGenis total'!CX7+'Mategnin Total'!CX7 -> 5 | CY7: ='Ferney->Genève'!CY7+'StGenis total'!CY7+'Mategnin Total'!CY7 -> 3 | ... DG7: ='Ferney->Genève'!DG7+'StGenis total'!DG7+'Mategnin Total'!DG7 -> 0 | DI7: =CR7+CT7+CV7+CX7+CZ7+DB7+DD7+DF7 -> 84 | DJ7: =CS7+CU7+CW7+CY7+DA7+DC7+DE7+DG7 -> 41 | DK7: =DJ7/(DJ7+DI7) -> 0.328 | DL7: =CR7+CS7+CZ7+DA7 -> 58 | DM7: =CT7+CU7+DB7+DC7 -> 48 | DN7: =CV7+CW7+DD7+DE7 -> 10 | DO7: =SUM(DL7:DN7) -> 116 | DP7: =DM7/DO7 -> 0.4137931 | DQ7: =DN7/DO7 -> 0.086206897 | DR7: =CX7+CY7+DF7+DG7 -> 9 | DS7: =SUM(CR7:CY7) -> 118 | DT7: =SUM(CZ7:DG7) -> 7 | DU7: =SUM(CR7:DG7) -> 125 | DX7: =(DI7/FD7) - 1 -> 0.2173913 | DY7: =(DJ7/FE7) - 1 -> 0.51851852 | DZ7: =(DK7/FF7) - 1 -> 0.16622222 | EA7: =(DL7/FG7) - 1 -> 0.20833333 | EB7: =(DM7/FH7) - 1 -> 0.33333333 | EC7: =(DN7/FI7) - 1 -> 1.5 | ED7: =(DO7/FJ7) - 1 -> 0.31818182 | EE7: =(DP7/FK7) - 1 -> 0.011494253 | ... EJ7: =(DU7/FP7) - 1 -> 0.30208333 | EL7: 0.3125 | EM7: ='Ferney->Genève'!EM7+'StGenis total'!EM7+'Mategnin Total'!EM7 -> 29 | EN7: ='Ferney->Genève'!EN7+'StGenis total'!EN7+'Mategnin Total'!EN7 -> 11 | EO7: ='Ferney->Genève'!EO7+'StGenis total'!EO7+'Mategnin Total'!EO7 -> 19 | EP7: ='Ferney->Genève'!EP7+'StGenis total'!EP7+'Mategnin Total'!EP7 -> 14 | EQ7: ='Ferney->Genève'!EQ7+'StGenis total'!EQ7+'Mategnin Total'!EQ7 -> 4 | ER7: ='Ferney->Genève'!ER7+'StGenis total'!ER7+'Mategnin Total'!ER7 -> 0 | ES7: ='Ferney->Genève'!ES7+'StGenis total'!ES7+'Mategnin Total'!ES7 -> 6 | ET7: ='Ferney->Genève'!ET7+'StGenis total'!ET7+'Mategnin Total'!ET7 -> 1 | ... FB7: ='Ferney->Genève'!FB7+'StGenis total'!FB7+'Mategnin Total'!FB7 -> 0 | FD7: =EM7+EO7+EQ7+ES7+EU7+EW7+EY7+FA7 -> 69 | FE7: =EN7+EP7+ER7+ET7+EV7+EX7+EZ7+FB7 -> 27 | FF7: =FE7/(FE7+FD7) -> 0.28125 | FG7: =EM7+EN7+EU7+EV7 -> 48 | FH7: =EO7+EP7+EW7+EX7 -> 36 | FI7: =EQ7+ER7+EY7+EZ7 -> 4 | FJ7: =SUM(FG7:FI7) -> 88 | FK7: =FH7/FJ7 -> 0.40909091 | FL7: =FI7/FJ7 -> 0.045454545 | FM7: =ES7+ET7+FA7+FB7 -> 8 | FN7: =SUM(EM7:ET7) -> 84 | FO7: =SUM(EU7:FB7) -> 12 | FP7: =SUM(EM7:FB7) -> 96 | GF7: =(FD7/FR7) - 1 -> #DIV/0! | GG7: =(FE7/FS7) - 1 -> #DIV/0! | GH7: =(FF7/FT7) - 1 -> #DIV/0! | GI7: =(FG7/FU7) - 1 -> #DIV/0! | GJ7: =(FH7/FV7) - 1 -> #DIV/0! | GK7: =(FI7/FW7) - 1 -> #DIV/0! | GL7: =(FJ7/FX7) - 1 -> #DIV/0! | GM7: =(FK7/FY7) - 1 -> #DIV/0! | ... GR7: =(FP7/GD7) - 1 -> #DIV/0!
A8: 0.32291667 | B8: ='Ferney->Genève'!B8+'StGenis total'!B8+'Mategnin Total'!B8 -> 64 | C8: ='Ferney->Genève'!C8+'StGenis total'!C8+'Mategnin Total'!C8 -> 22 | D8: ='Ferney->Genève'!D8+'StGenis total'!D8+'Mategnin Total'!D8 -> 39 | E8: ='Ferney->Genève'!E8+'StGenis total'!E8+'Mategnin Total'!E8 -> 35 | F8: ='Ferney->Genève'!F8+'StGenis total'!F8+'Mategnin Total'!F8 -> 9 | G8: ='Ferney->Genève'!G8+'StGenis total'!G8+'Mategnin Total'!G8 -> 1 | H8: ='Ferney->Genève'!H8+'StGenis total'!H8+'Mategnin Total'!H8 -> 6 | I8: ='Ferney->Genève'!I8+'StGenis total'!I8+'Mategnin Total'!I8 -> 1 | ... Q8: ='Ferney->Genève'!Q8+'StGenis total'!Q8+'Mategnin Total'!Q8 -> 2 | S8: =B8+D8+F8+H8+J8+L8+N8+P8 -> 124 | T8: =C8+E8+G8+I8+K8+M8+O8+Q8 -> 63 | U8: =T8/(T8+S8) -> 0.3368984 | V8: =B8+C8+J8+K8 -> 91 | W8: =D8+E8+L8+M8 -> 75 | X8: =F8+G8+N8+O8 -> 10 | Y8: =SUM(V8:X8) -> 176 | Z8: =W8/Y8 -> 0.42613636 | AA8: =X8/Y8 -> 0.056818182 | AB8: =H8+I8+P8+Q8 -> 11 | AC8: =SUM(B8:I8) -> 177 | AD8: =SUM(J8:Q8) -> 10 | AE8: =SUM(B8:Q8) -> 187 | AH8: =(S8/BN8) - 1 -> 0.16981132 | AI8: =(T8/BO8) - 1 -> 0.016129032 | AJ8: =(U8/BP8) - 1 -> -0.087114024 | AK8: =(V8/BQ8) - 1 -> 0.12345679 | AL8: =(W8/BR8) - 1 -> 0.056338028 | AM8: =(X8/BS8) - 1 -> -0.090909091 | AN8: =(Y8/BT8) - 1 -> 0.079754601 | AO8: =(Z8/BU8) - 1 -> -0.02168694 | ... AT8: =(AE8/BZ8) - 1 -> 0.11309524 | AV8: 0.32291667 | AW8: ='Ferney->Genève'!AW8+'StGenis total'!AW8+'Mategnin Total'!AW8 -> 65 | AX8: ='Ferney->Genève'!AX8+'StGenis total'!AX8+'Mategnin Total'!AX8 -> 15 | AY8: ='Ferney->Genève'!AY8+'StGenis total'!AY8+'Mategnin Total'!AY8 -> 29 | AZ8: ='Ferney->Genève'!AZ8+'StGenis total'!AZ8+'Mategnin Total'!AZ8 -> 36 | BA8: ='Ferney->Genève'!BA8+'StGenis total'!BA8+'Mategnin Total'!BA8 -> 7 | BB8: ='Ferney->Genève'!BB8+'StGenis total'!BB8+'Mategnin Total'!BB8 -> 4 | BC8: ='Ferney->Genève'!BC8+'StGenis total'!BC8+'Mategnin Total'!BC8 -> 1 | BD8: ='Ferney->Genève'!BD8+'StGenis total'!BD8+'Mategnin Total'!BD8 -> 4 | ... BL8: ='Ferney->Genève'!BL8+'StGenis total'!BL8+'Mategnin Total'!BL8 -> 0 | BN8: =AW8+AY8+BA8+BC8+BE8+BG8+BI8+BK8 -> 106 | BO8: =AX8+AZ8+BB8+BD8+BF8+BH8+BJ8+BL8 -> 62 | BP8: =BO8/(BO8+BN8) -> 0.36904762 | BQ8: =AW8+AX8+BE8+BF8 -> 81 | BR8: =AY8+AZ8+BG8+BH8 -> 71 | BS8: =BA8+BB8+BI8+BJ8 -> 11 | BT8: =SUM(BQ8:BS8) -> 163 | BU8: =BR8/BT8 -> 0.43558282 | BV8: =BS8/BT8 -> 0.067484663 | BW8: =BC8+BD8+BK8+BL8 -> 5 | BX8: =SUM(AW8:BD8) -> 161 | BY8: =SUM(BE8:BL8) -> 7 | BZ8: =SUM(AW8:BL8) -> 168 | CC8: =(BN8/DI8) - 1 -> 0.081632653 | CD8: =(BO8/DJ8) - 1 -> 0.24 | CE8: =(BP8/DK8) - 1 -> 0.092380952 | CF8: =(BQ8/DL8) - 1 -> 0.22727273 | CG8: =(BR8/DM8) - 1 -> 0.075757576 | CH8: =(BS8/DN8) - 1 -> 2.6666667 | CI8: =(BT8/DO8) - 1 -> 0.20740741 | CJ8: =(BU8/DP8) - 1 -> -0.10903514 | ... CO8: =(BZ8/DU8) - 1 -> 0.13513514 | CQ8: 0.32291667 | CR8: ='Ferney->Genève'!CR8+'StGenis total'!CR8+'Mategnin Total'!CR8 -> 42 | CS8: ='Ferney->Genève'!CS8+'StGenis total'!CS8+'Mategnin Total'!CS8 -> 19 | CT8: ='Ferney->Genève'!CT8+'StGenis total'!CT8+'Mategnin Total'!CT8 -> 40 | CU8: ='Ferney->Genève'!CU8+'StGenis total'!CU8+'Mategnin Total'!CU8 -> 24 | CV8: ='Ferney->Genève'!CV8+'StGenis total'!CV8+'Mategnin Total'!CV8 -> 3 | CW8: ='Ferney->Genève'!CW8+'StGenis total'!CW8+'Mategnin Total'!CW8 -> 0 | CX8: ='Ferney->Genève'!CX8+'StGenis total'!CX8+'Mategnin Total'!CX8 -> 5 | CY8: ='Ferney->Genève'!CY8+'StGenis total'!CY8+'Mategnin Total'!CY8 -> 4 | ... DG8: ='Ferney->Genève'!DG8+'StGenis total'!DG8+'Mategnin Total'!DG8 -> 1 | DI8: =CR8+CT8+CV8+CX8+CZ8+DB8+DD8+DF8 -> 98 | DJ8: =CS8+CU8+CW8+CY8+DA8+DC8+DE8+DG8 -> 50 | DK8: =DJ8/(DJ8+DI8) -> 0.33783784 | DL8: =CR8+CS8+CZ8+DA8 -> 66 | DM8: =CT8+CU8+DB8+DC8 -> 66 | DN8: =CV8+CW8+DD8+DE8 -> 3 | DO8: =SUM(DL8:DN8) -> 135 | DP8: =DM8/DO8 -> 0.48888889 | DQ8: =DN8/DO8 -> 0.022222222 | DR8: =CX8+CY8+DF8+DG8 -> 13 | DS8: =SUM(CR8:CY8) -> 137 | DT8: =SUM(CZ8:DG8) -> 11 | DU8: =SUM(CR8:DG8) -> 148 | DX8: =(DI8/FD8) - 1 -> 0.25641026 | DY8: =(DJ8/FE8) - 1 -> 0.31578947 | DZ8: =(DK8/FF8) - 1 -> 0.031294452 | EA8: =(DL8/FG8) - 1 -> 0.22222222 | EB8: =(DM8/FH8) - 1 -> 0.46666667 | EC8: =(DN8/FI8) - 1 -> -0.5 | ED8: =(DO8/FJ8) - 1 -> 0.28571429 | EE8: =(DP8/FK8) - 1 -> 0.14074074 | ... EJ8: =(DU8/FP8) - 1 -> 0.27586207 | EL8: 0.32291667 | EM8: ='Ferney->Genève'!EM8+'StGenis total'!EM8+'Mategnin Total'!EM8 -> 39 | EN8: ='Ferney->Genève'!EN8+'StGenis total'!EN8+'Mategnin Total'!EN8 -> 11 | EO8: ='Ferney->Genève'!EO8+'StGenis total'!EO8+'Mategnin Total'!EO8 -> 22 | EP8: ='Ferney->Genève'!EP8+'StGenis total'!EP8+'Mategnin Total'!EP8 -> 21 | EQ8: ='Ferney->Genève'!EQ8+'StGenis total'!EQ8+'Mategnin Total'!EQ8 -> 6 | ER8: ='Ferney->Genève'!ER8+'StGenis total'!ER8+'Mategnin Total'!ER8 -> 0 | ES8: ='Ferney->Genève'!ES8+'StGenis total'!ES8+'Mategnin Total'!ES8 -> 6 | ET8: ='Ferney->Genève'!ET8+'StGenis total'!ET8+'Mategnin Total'!ET8 -> 3 | ... FB8: ='Ferney->Genève'!FB8+'StGenis total'!FB8+'Mategnin Total'!FB8 -> 1 | FD8: =EM8+EO8+EQ8+ES8+EU8+EW8+EY8+FA8 -> 78 | FE8: =EN8+EP8+ER8+ET8+EV8+EX8+EZ8+FB8 -> 38 | FF8: =FE8/(FE8+FD8) -> 0.32758621 | FG8: =EM8+EN8+EU8+EV8 -> 54 | FH8: =EO8+EP8+EW8+EX8 -> 45 | FI8: =EQ8+ER8+EY8+EZ8 -> 6 | FJ8: =SUM(FG8:FI8) -> 105 | FK8: =FH8/FJ8 -> 0.42857143 | FL8: =FI8/FJ8 -> 0.057142857 | FM8: =ES8+ET8+FA8+FB8 -> 11 | FN8: =SUM(EM8:ET8) -> 108 | FO8: =SUM(EU8:FB8) -> 8 | FP8: =SUM(EM8:FB8) -> 116 | GF8: =(FD8/FR8) - 1 -> #DIV/0! | GG8: =(FE8/FS8) - 1 -> #DIV/0! | GH8: =(FF8/FT8) - 1 -> #DIV/0! | GI8: =(FG8/FU8) - 1 -> #DIV/0! | GJ8: =(FH8/FV8) - 1 -> #DIV/0! | GK8: =(FI8/FW8) - 1 -> #DIV/0! | GL8: =(FJ8/FX8) - 1 -> #DIV/0! | GM8: =(FK8/FY8) - 1 -> #DIV/0! | ... GR8: =(FP8/GD8) - 1 -> #DIV/0!
A9: 0.33333333 | B9: ='Ferney->Genève'!B9+'StGenis total'!B9+'Mategnin Total'!B9 -> 74 | C9: ='Ferney->Genève'!C9+'StGenis total'!C9+'Mategnin Total'!C9 -> 23 | D9: ='Ferney->Genève'!D9+'StGenis total'!D9+'Mategnin Total'!D9 -> 51 | E9: ='Ferney->Genève'!E9+'StGenis total'!E9+'Mategnin Total'!E9 -> 50 | F9: ='Ferney->Genève'!F9+'StGenis total'!F9+'Mategnin Total'!F9 -> 8 | G9: ='Ferney->Genève'!G9+'StGenis total'!G9+'Mategnin Total'!G9 -> 5 | H9: ='Ferney->Genève'!H9+'StGenis total'!H9+'Mategnin Total'!H9 -> 10 | I9: ='Ferney->Genève'!I9+'StGenis total'!I9+'Mategnin Total'!I9 -> 4 | ... Q9: ='Ferney->Genève'!Q9+'StGenis total'!Q9+'Mategnin Total'!Q9 -> 3 | S9: =B9+D9+F9+H9+J9+L9+N9+P9 -> 157 | T9: =C9+E9+G9+I9+K9+M9+O9+Q9 -> 87 | U9: =T9/(T9+S9) -> 0.35655738 | V9: =B9+C9+J9+K9 -> 105 | W9: =D9+E9+L9+M9 -> 106 | X9: =F9+G9+N9+O9 -> 14 | Y9: =SUM(V9:X9) -> 225 | Z9: =W9/Y9 -> 0.47111111 | AA9: =X9/Y9 -> 0.062222222 | AB9: =H9+I9+P9+Q9 -> 19 | AC9: =SUM(B9:I9) -> 225 | AD9: =SUM(J9:Q9) -> 19 | AE9: =SUM(B9:Q9) -> 244 | AH9: =(S9/BN9) - 1 -> 0.082758621 | AI9: =(T9/BO9) - 1 -> 0.27941176 | AJ9: =(U9/BP9) - 1 -> 0.11686355 | AK9: =(V9/BQ9) - 1 -> 0 | AL9: =(W9/BR9) - 1 -> 0.35897436 | AM9: =(X9/BS9) - 1 -> 0.4 | AN9: =(Y9/BT9) - 1 -> 0.16580311 | AO9: =(Z9/BU9) - 1 -> 0.16569801 | ... AT9: =(AE9/BZ9) - 1 -> 0.14553991 | AV9: 0.33333333 | AW9: ='Ferney->Genève'!AW9+'StGenis total'!AW9+'Mategnin Total'!AW9 -> 77 | AX9: ='Ferney->Genève'!AX9+'StGenis total'!AX9+'Mategnin Total'!AX9 -> 22 | AY9: ='Ferney->Genève'!AY9+'StGenis total'!AY9+'Mategnin Total'!AY9 -> 37 | AZ9: ='Ferney->Genève'!AZ9+'StGenis total'!AZ9+'Mategnin Total'!AZ9 -> 35 | BA9: ='Ferney->Genève'!BA9+'StGenis total'!BA9+'Mategnin Total'!BA9 -> 6 | BB9: ='Ferney->Genève'!BB9+'StGenis total'!BB9+'Mategnin Total'!BB9 -> 3 | BC9: ='Ferney->Genève'!BC9+'StGenis total'!BC9+'Mategnin Total'!BC9 -> 14 | BD9: ='Ferney->Genève'!BD9+'StGenis total'!BD9+'Mategnin Total'!BD9 -> 6 | ... BL9: ='Ferney->Genève'!BL9+'StGenis total'!BL9+'Mategnin Total'!BL9 -> 0 | BN9: =AW9+AY9+BA9+BC9+BE9+BG9+BI9+BK9 -> 145 | BO9: =AX9+AZ9+BB9+BD9+BF9+BH9+BJ9+BL9 -> 68 | BP9: =BO9/(BO9+BN9) -> 0.31924883 | BQ9: =AW9+AX9+BE9+BF9 -> 105 | BR9: =AY9+AZ9+BG9+BH9 -> 78 | BS9: =BA9+BB9+BI9+BJ9 -> 10 | BT9: =SUM(BQ9:BS9) -> 193 | BU9: =BR9/BT9 -> 0.40414508 | BV9: =BS9/BT9 -> 0.051813472 | BW9: =BC9+BD9+BK9+BL9 -> 20 | BX9: =SUM(AW9:BD9) -> 200 | BY9: =SUM(BE9:BL9) -> 13 | BZ9: =SUM(AW9:BL9) -> 213 | CC9: =(BN9/DI9) - 1 -> 0.43564356 | CD9: =(BO9/DJ9) - 1 -> 0.3877551 | CE9: =(BP9/DK9) - 1 -> -0.022707675 | CF9: =(BQ9/DL9) - 1 -> 0.36363636 | CG9: =(BR9/DM9) - 1 -> 0.52941176 | CH9: =(BS9/DN9) - 1 -> 0.11111111 | CI9: =(BT9/DO9) - 1 -> 0.40875912 | CJ9: =(BU9/DP9) - 1 -> 0.085644621 | ... CO9: =(BZ9/DU9) - 1 -> 0.42 | CQ9: 0.33333333 | CR9: ='Ferney->Genève'!CR9+'StGenis total'!CR9+'Mategnin Total'!CR9 -> 52 | CS9: ='Ferney->Genève'!CS9+'StGenis total'!CS9+'Mategnin Total'!CS9 -> 19 | CT9: ='Ferney->Genève'!CT9+'StGenis total'!CT9+'Mategnin Total'!CT9 -> 27 | CU9: ='Ferney->Genève'!CU9+'StGenis total'!CU9+'Mategnin Total'!CU9 -> 21 | CV9: ='Ferney->Genève'!CV9+'StGenis total'!CV9+'Mategnin Total'!CV9 -> 8 | CW9: ='Ferney->Genève'!CW9+'StGenis total'!CW9+'Mategnin Total'!CW9 -> 1 | CX9: ='Ferney->Genève'!CX9+'StGenis total'!CX9+'Mategnin Total'!CX9 -> 8 | CY9: ='Ferney->Genève'!CY9+'StGenis total'!CY9+'Mategnin Total'!CY9 -> 3 | ... DG9: ='Ferney->Genève'!DG9+'StGenis total'!DG9+'Mategnin Total'!DG9 -> 2 | DI9: =CR9+CT9+CV9+CX9+CZ9+DB9+DD9+DF9 -> 101 | DJ9: =CS9+CU9+CW9+CY9+DA9+DC9+DE9+DG9 -> 49 | DK9: =DJ9/(DJ9+DI9) -> 0.32666667 | DL9: =CR9+CS9+CZ9+DA9 -> 77 | DM9: =CT9+CU9+DB9+DC9 -> 51 | DN9: =CV9+CW9+DD9+DE9 -> 9 | DO9: =SUM(DL9:DN9) -> 137 | DP9: =DM9/DO9 -> 0.37226277 | DQ9: =DN9/DO9 -> 0.065693431 | DR9: =CX9+CY9+DF9+DG9 -> 13 | DS9: =SUM(CR9:CY9) -> 139 | DT9: =SUM(CZ9:DG9) -> 11 | DU9: =SUM(CR9:DG9) -> 150 | DX9: =(DI9/FD9) - 1 -> 0.31168831 | DY9: =(DJ9/FE9) - 1 -> 0.68965517 | DZ9: =(DK9/FF9) - 1 -> 0.19402299 | EA9: =(DL9/FG9) - 1 -> 0.30508475 | EB9: =(DM9/FH9) - 1 -> 0.7 | EC9: =(DN9/FI9) - 1 -> 0.8 | ED9: =(DO9/FJ9) - 1 -> 0.45744681 | EE9: =(DP9/FK9) - 1 -> 0.16642336 | ... EJ9: =(DU9/FP9) - 1 -> 0.41509434 | EL9: 0.33333333 | EM9: ='Ferney->Genève'!EM9+'StGenis total'!EM9+'Mategnin Total'!EM9 -> 43 | EN9: ='Ferney->Genève'!EN9+'StGenis total'!EN9+'Mategnin Total'!EN9 -> 14 | EO9: ='Ferney->Genève'!EO9+'StGenis total'!EO9+'Mategnin Total'!EO9 -> 17 | EP9: ='Ferney->Genève'!EP9+'StGenis total'!EP9+'Mategnin Total'!EP9 -> 8 | EQ9: ='Ferney->Genève'!EQ9+'StGenis total'!EQ9+'Mategnin Total'!EQ9 -> 2 | ER9: ='Ferney->Genève'!ER9+'StGenis total'!ER9+'Mategnin Total'!ER9 -> 3 | ES9: ='Ferney->Genève'!ES9+'StGenis total'!ES9+'Mategnin Total'!ES9 -> 9 | ET9: ='Ferney->Genève'!ET9+'StGenis total'!ET9+'Mategnin Total'!ET9 -> 2 | ... FB9: ='Ferney->Genève'!FB9+'StGenis total'!FB9+'Mategnin Total'!FB9 -> 1 | FD9: =EM9+EO9+EQ9+ES9+EU9+EW9+EY9+FA9 -> 77 | FE9: =EN9+EP9+ER9+ET9+EV9+EX9+EZ9+FB9 -> 29 | FF9: =FE9/(FE9+FD9) -> 0.27358491 | FG9: =EM9+EN9+EU9+EV9 -> 59 | FH9: =EO9+EP9+EW9+EX9 -> 30 | FI9: =EQ9+ER9+EY9+EZ9 -> 5 | FJ9: =SUM(FG9:FI9) -> 94 | FK9: =FH9/FJ9 -> 0.31914894 | FL9: =FI9/FJ9 -> 0.053191489 | FM9: =ES9+ET9+FA9+FB9 -> 12 | FN9: =SUM(EM9:ET9) -> 98 | FO9: =SUM(EU9:FB9) -> 8 | FP9: =SUM(EM9:FB9) -> 106 | GF9: =(FD9/FR9) - 1 -> #DIV/0! | GG9: =(FE9/FS9) - 1 -> #DIV/0! | GH9: =(FF9/FT9) - 1 -> #DIV/0! | GI9: =(FG9/FU9) - 1 -> #DIV/0! | GJ9: =(FH9/FV9) - 1 -> #DIV/0! | GK9: =(FI9/FW9) - 1 -> #DIV/0! | GL9: =(FJ9/FX9) - 1 -> #DIV/0! | GM9: =(FK9/FY9) - 1 -> #DIV/0! | ... GR9: =(FP9/GD9) - 1 -> #DIV/0!
A10: 0.34375 | B10: ='Ferney->Genève'!B10+'StGenis total'!B10+'Mategnin Total'!B10 -> 79 | C10: ='Ferney->Genève'!C10+'StGenis total'!C10+'Mategnin Total'!C10 -> 20 | D10: ='Ferney->Genève'!D10+'StGenis total'!D10+'Mategnin Total'!D10 -> 35 | E10: ='Ferney->Genève'!E10+'StGenis total'!E10+'Mategnin Total'!E10 -> 47 | F10: ='Ferney->Genève'!F10+'StGenis total'!F10+'Mategnin Total'!F10 -> 18 | G10: ='Ferney->Genève'!G10+'StGenis total'!G10+'Mategnin Total'!G10 -> 4 | H10: ='Ferney->Genève'!H10+'StGenis total'!H10+'Mategnin Total'!H10 -> 13 | I10: ='Ferney->Genève'!I10+'StGenis total'!I10+'Mategnin Total'!I10 -> 6 | ... Q10: ='Ferney->Genève'!Q10+'StGenis total'!Q10+'Mategnin Total'!Q10 -> 0 | S10: =B10+D10+F10+H10+J10+L10+N10+P10 -> 154 | T10: =C10+E10+G10+I10+K10+M10+O10+Q10 -> 80 | U10: =T10/(T10+S10) -> 0.34188034 | V10: =B10+C10+J10+K10 -> 103 | W10: =D10+E10+L10+M10 -> 87 | X10: =F10+G10+N10+O10 -> 24 | Y10: =SUM(V10:X10) -> 214 | Z10: =W10/Y10 -> 0.40654206 | AA10: =X10/Y10 -> 0.11214953 | AB10: =H10+I10+P10+Q10 -> 20 | AC10: =SUM(B10:I10) -> 222 | AD10: =SUM(J10:Q10) -> 12 | AE10: =SUM(B10:Q10) -> 234 | AH10: =(S10/BN10) - 1 -> -0.13483146 | AI10: =(T10/BO10) - 1 -> 0.012658228 | AJ10: =(U10/BP10) - 1 -> 0.11219301 | AK10: =(V10/BQ10) - 1 -> -0.22556391 | AL10: =(W10/BR10) - 1 -> 0.074074074 | AM10: =(X10/BS10) - 1 -> 0.71428571 | AN10: =(Y10/BT10) - 1 -> -0.061403509 | AO10: =(Z10/BU10) - 1 -> 0.1443406 | ... AT10: =(AE10/BZ10) - 1 -> -0.089494163 | AV10: 0.34375 | AW10: ='Ferney->Genève'!AW10+'StGenis total'!AW10+'Mategnin Total'!AW10 -> 101 | AX10: ='Ferney->Genève'!AX10+'StGenis total'!AX10+'Mategnin Total'!AX10 -> 28 | AY10: ='Ferney->Genève'!AY10+'StGenis total'!AY10+'Mategnin Total'!AY10 -> 43 | AZ10: ='Ferney->Genève'!AZ10+'StGenis total'!AZ10+'Mategnin Total'!AZ10 -> 35 | BA10: ='Ferney->Genève'!BA10+'StGenis total'!BA10+'Mategnin Total'!BA10 -> 12 | BB10: ='Ferney->Genève'!BB10+'StGenis total'!BB10+'Mategnin Total'!BB10 -> 1 | BC10: ='Ferney->Genève'!BC10+'StGenis total'!BC10+'Mategnin Total'!BC10 -> 14 | BD10: ='Ferney->Genève'!BD10+'StGenis total'!BD10+'Mategnin Total'!BD10 -> 9 | ... BL10: ='Ferney->Genève'!BL10+'StGenis total'!BL10+'Mategnin Total'!BL10 -> 3 | BN10: =AW10+AY10+BA10+BC10+BE10+BG10+BI10+BK10 -> 178 | BO10: =AX10+AZ10+BB10+BD10+BF10+BH10+BJ10+BL10 -> 79 | BP10: =BO10/(BO10+BN10) -> 0.307393 | BQ10: =AW10+AX10+BE10+BF10 -> 133 | BR10: =AY10+AZ10+BG10+BH10 -> 81 | BS10: =BA10+BB10+BI10+BJ10 -> 14 | BT10: =SUM(BQ10:BS10) -> 228 | BU10: =BR10/BT10 -> 0.35526316 | BV10: =BS10/BT10 -> 0.061403509 | BW10: =BC10+BD10+BK10+BL10 -> 29 | BX10: =SUM(AW10:BD10) -> 243 | BY10: =SUM(BE10:BL10) -> 14 | BZ10: =SUM(AW10:BL10) -> 257 | CC10: =(BN10/DI10) - 1 -> 0.33834586 | CD10: =(BO10/DJ10) - 1 -> 0.234375 | CE10: =(BP10/DK10) - 1 -> -0.053805934 | CF10: =(BQ10/DL10) - 1 -> 0.41489362 | CG10: =(BR10/DM10) - 1 -> 0.125 | CH10: =(BS10/DN10) - 1 -> 1 | CI10: =(BT10/DO10) - 1 -> 0.31791908 | CJ10: =(BU10/DP10) - 1 -> -0.14638158 | ... CO10: =(BZ10/DU10) - 1 -> 0.30456853 | CQ10: 0.34375 | CR10: ='Ferney->Genève'!CR10+'StGenis total'!CR10+'Mategnin Total'!CR10 -> 72 | CS10: ='Ferney->Genève'!CS10+'StGenis total'!CS10+'Mategnin Total'!CS10 -> 18 | CT10: ='Ferney->Genève'!CT10+'StGenis total'!CT10+'Mategnin Total'!CT10 -> 35 | CU10: ='Ferney->Genève'!CU10+'StGenis total'!CU10+'Mategnin Total'!CU10 -> 33 | CV10: ='Ferney->Genève'!CV10+'StGenis total'!CV10+'Mategnin Total'!CV10 -> 4 | CW10: ='Ferney->Genève'!CW10+'StGenis total'!CW10+'Mategnin Total'!CW10 -> 3 | CX10: ='Ferney->Genève'!CX10+'StGenis total'!CX10+'Mategnin Total'!CX10 -> 12 | CY10: ='Ferney->Genève'!CY10+'StGenis total'!CY10+'Mategnin Total'!CY10 -> 3 | ... DG10: ='Ferney->Genève'!DG10+'StGenis total'!DG10+'Mategnin Total'!DG10 -> 5 | DI10: =CR10+CT10+CV10+CX10+CZ10+DB10+DD10+DF10 -> 133 | DJ10: =CS10+CU10+CW10+CY10+DA10+DC10+DE10+DG10 -> 64 | DK10: =DJ10/(DJ10+DI10) -> 0.3248731 | DL10: =CR10+CS10+CZ10+DA10 -> 94 | DM10: =CT10+CU10+DB10+DC10 -> 72 | DN10: =CV10+CW10+DD10+DE10 -> 7 | DO10: =SUM(DL10:DN10) -> 173 | DP10: =DM10/DO10 -> 0.41618497 | DQ10: =DN10/DO10 -> 0.040462428 | DR10: =CX10+CY10+DF10+DG10 -> 24 | DS10: =SUM(CR10:CY10) -> 180 | DT10: =SUM(CZ10:DG10) -> 17 | DU10: =SUM(CR10:DG10) -> 197 | DX10: =(DI10/FD10) - 1 -> 0.41489362 | DY10: =(DJ10/FE10) - 1 -> 1.0645161 | DZ10: =(DK10/FF10) - 1 -> 0.30997216 | EA10: =(DL10/FG10) - 1 -> 0.67857143 | EB10: =(DM10/FH10) - 1 -> 0.89473684 | EC10: =(DN10/FI10) - 1 -> 0.16666667 | ED10: =(DO10/FJ10) - 1 -> 0.73 | EE10: =(DP10/FK10) - 1 -> 0.095223608 | ... EJ10: =(DU10/FP10) - 1 -> 0.576 | EL10: 0.34375 | EM10: ='Ferney->Genève'!EM10+'StGenis total'!EM10+'Mategnin Total'!EM10 -> 37 | EN10: ='Ferney->Genève'!EN10+'StGenis total'!EN10+'Mategnin Total'!EN10 -> 11 | EO10: ='Ferney->Genève'!EO10+'StGenis total'!EO10+'Mategnin Total'!EO10 -> 22 | EP10: ='Ferney->Genève'!EP10+'StGenis total'!EP10+'Mategnin Total'!EP10 -> 10 | EQ10: ='Ferney->Genève'!EQ10+'StGenis total'!EQ10+'Mategnin Total'!EQ10 -> 6 | ER10: ='Ferney->Genève'!ER10+'StGenis total'!ER10+'Mategnin Total'!ER10 -> 0 | ES10: ='Ferney->Genève'!ES10+'StGenis total'!ES10+'Mategnin Total'!ES10 -> 19 | ET10: ='Ferney->Genève'!ET10+'StGenis total'!ET10+'Mategnin Total'!ET10 -> 2 | ... FB10: ='Ferney->Genève'!FB10+'StGenis total'!FB10+'Mategnin Total'!FB10 -> 2 | FD10: =EM10+EO10+EQ10+ES10+EU10+EW10+EY10+FA10 -> 94 | FE10: =EN10+EP10+ER10+ET10+EV10+EX10+EZ10+FB10 -> 31 | FF10: =FE10/(FE10+FD10) -> 0.248 | FG10: =EM10+EN10+EU10+EV10 -> 56 | FH10: =EO10+EP10+EW10+EX10 -> 38 | FI10: =EQ10+ER10+EY10+EZ10 -> 6 | FJ10: =SUM(FG10:FI10) -> 100 | FK10: =FH10/FJ10 -> 0.38 | FL10: =FI10/FJ10 -> 0.06 | FM10: =ES10+ET10+FA10+FB10 -> 25 | FN10: =SUM(EM10:ET10) -> 107 | FO10: =SUM(EU10:FB10) -> 18 | FP10: =SUM(EM10:FB10) -> 125 | GF10: =(FD10/FR10) - 1 -> #DIV/0! | GG10: =(FE10/FS10) - 1 -> #DIV/0! | GH10: =(FF10/FT10) - 1 -> #DIV/0! | GI10: =(FG10/FU10) - 1 -> #DIV/0! | GJ10: =(FH10/FV10) - 1 -> #DIV/0! | GK10: =(FI10/FW10) - 1 -> #DIV/0! | GL10: =(FJ10/FX10) - 1 -> #DIV/0! | GM10: =(FK10/FY10) - 1 -> #DIV/0! | ... GR10: =(FP10/GD10) - 1 -> #DIV/0!
A11: 0.35416667 | B11: ='Ferney->Genève'!B11+'StGenis total'!B11+'Mategnin Total'!B11 -> 93 | C11: ='Ferney->Genève'!C11+'StGenis total'!C11+'Mategnin Total'!C11 -> 23 | D11: ='Ferney->Genève'!D11+'StGenis total'!D11+'Mategnin Total'!D11 -> 54 | E11: ='Ferney->Genève'!E11+'StGenis total'!E11+'Mategnin Total'!E11 -> 48 | F11: ='Ferney->Genève'!F11+'StGenis total'!F11+'Mategnin Total'!F11 -> 7 | G11: ='Ferney->Genève'!G11+'StGenis total'!G11+'Mategnin Total'!G11 -> 3 | H11: ='Ferney->Genève'!H11+'StGenis total'!H11+'Mategnin Total'!H11 -> 11 | I11: ='Ferney->Genève'!I11+'StGenis total'!I11+'Mategnin Total'!I11 -> 4 | ... Q11: ='Ferney->Genève'!Q11+'StGenis total'!Q11+'Mategnin Total'!Q11 -> 1 | S11: =B11+D11+F11+H11+J11+L11+N11+P11 -> 186 | T11: =C11+E11+G11+I11+K11+M11+O11+Q11 -> 81 | U11: =T11/(T11+S11) -> 0.30337079 | V11: =B11+C11+J11+K11 -> 126 | W11: =D11+E11+L11+M11 -> 109 | X11: =F11+G11+N11+O11 -> 13 | Y11: =SUM(V11:X11) -> 248 | Z11: =W11/Y11 -> 0.43951613 | AA11: =X11/Y11 -> 0.052419355 | AB11: =H11+I11+P11+Q11 -> 19 | AC11: =SUM(B11:I11) -> 243 | AD11: =SUM(J11:Q11) -> 24 | AE11: =SUM(B11:Q11) -> 267 | AH11: =(S11/BN11) - 1 -> 0.027624309 | AI11: =(T11/BO11) - 1 -> 0.0125 | AJ11: =(U11/BP11) - 1 -> -0.010252809 | AK11: =(V11/BQ11) - 1 -> -0.045454545 | AL11: =(W11/BR11) - 1 -> 0.26744186 | AM11: =(X11/BS11) - 1 -> 0.083333333 | AN11: =(Y11/BT11) - 1 -> 0.07826087 | AO11: =(Z11/BU11) - 1 -> 0.17545011 | ... AT11: =(AE11/BZ11) - 1 -> 0.022988506 | AV11: 0.35416667 | AW11: ='Ferney->Genève'!AW11+'StGenis total'!AW11+'Mategnin Total'!AW11 -> 104 | AX11: ='Ferney->Genève'!AX11+'StGenis total'!AX11+'Mategnin Total'!AX11 -> 24 | AY11: ='Ferney->Genève'!AY11+'StGenis total'!AY11+'Mategnin Total'!AY11 -> 41 | AZ11: ='Ferney->Genève'!AZ11+'StGenis total'!AZ11+'Mategnin Total'!AZ11 -> 41 | BA11: ='Ferney->Genève'!BA11+'StGenis total'!BA11+'Mategnin Total'!BA11 -> 9 | BB11: ='Ferney->Genève'!BB11+'StGenis total'!BB11+'Mategnin Total'!BB11 -> 2 | BC11: ='Ferney->Genève'!BC11+'StGenis total'!BC11+'Mategnin Total'!BC11 -> 16 | BD11: ='Ferney->Genève'!BD11+'StGenis total'!BD11+'Mategnin Total'!BD11 -> 9 | ... BL11: ='Ferney->Genève'!BL11+'StGenis total'!BL11+'Mategnin Total'!BL11 -> 3 | BN11: =AW11+AY11+BA11+BC11+BE11+BG11+BI11+BK11 -> 181 | BO11: =AX11+AZ11+BB11+BD11+BF11+BH11+BJ11+BL11 -> 80 | BP11: =BO11/(BO11+BN11) -> 0.30651341 | BQ11: =AW11+AX11+BE11+BF11 -> 132 | BR11: =AY11+AZ11+BG11+BH11 -> 86 | BS11: =BA11+BB11+BI11+BJ11 -> 12 | BT11: =SUM(BQ11:BS11) -> 230 | BU11: =BR11/BT11 -> 0.37391304 | BV11: =BS11/BT11 -> 0.052173913 | BW11: =BC11+BD11+BK11+BL11 -> 31 | BX11: =SUM(AW11:BD11) -> 246 | BY11: =SUM(BE11:BL11) -> 15 | BZ11: =SUM(AW11:BL11) -> 261 | CC11: =(BN11/DI11) - 1 -> 0.29285714 | CD11: =(BO11/DJ11) - 1 -> 0.6 | CE11: =(BP11/DK11) - 1 -> 0.16475096 | CF11: =(BQ11/DL11) - 1 -> 0.29411765 | CG11: =(BR11/DM11) - 1 -> 0.43333333 | CH11: =(BS11/DN11) - 1 -> 0.5 | CI11: =(BT11/DO11) - 1 -> 0.35294118 | CJ11: =(BU11/DP11) - 1 -> 0.05942029 | ... CO11: =(BZ11/DU11) - 1 -> 0.37368421 | CQ11: 0.35416667 | CR11: ='Ferney->Genève'!CR11+'StGenis total'!CR11+'Mategnin Total'!CR11 -> 74 | CS11: ='Ferney->Genève'!CS11+'StGenis total'!CS11+'Mategnin Total'!CS11 -> 24 | CT11: ='Ferney->Genève'!CT11+'StGenis total'!CT11+'Mategnin Total'!CT11 -> 40 | CU11: ='Ferney->Genève'!CU11+'StGenis total'!CU11+'Mategnin Total'!CU11 -> 18 | CV11: ='Ferney->Genève'!CV11+'StGenis total'!CV11+'Mategnin Total'!CV11 -> 7 | CW11: ='Ferney->Genève'!CW11+'StGenis total'!CW11+'Mategnin Total'!CW11 -> 1 | CX11: ='Ferney->Genève'!CX11+'StGenis total'!CX11+'Mategnin Total'!CX11 -> 13 | CY11: ='Ferney->Genève'!CY11+'StGenis total'!CY11+'Mategnin Total'!CY11 -> 3 | ... DG11: ='Ferney->Genève'!DG11+'StGenis total'!DG11+'Mategnin Total'!DG11 -> 1 | DI11: =CR11+CT11+CV11+CX11+CZ11+DB11+DD11+DF11 -> 140 | DJ11: =CS11+CU11+CW11+CY11+DA11+DC11+DE11+DG11 -> 50 | DK11: =DJ11/(DJ11+DI11) -> 0.26315789 | DL11: =CR11+CS11+CZ11+DA11 -> 102 | DM11: =CT11+CU11+DB11+DC11 -> 60 | DN11: =CV11+CW11+DD11+DE11 -> 8 | DO11: =SUM(DL11:DN11) -> 170 | DP11: =DM11/DO11 -> 0.35294118 | DQ11: =DN11/DO11 -> 0.047058824 | DR11: =CX11+CY11+DF11+DG11 -> 20 | DS11: =SUM(CR11:CY11) -> 180 | DT11: =SUM(CZ11:DG11) -> 10 | DU11: =SUM(CR11:DG11) -> 190 | DX11: =(DI11/FD11) - 1 -> 0.47368421 | DY11: =(DJ11/FE11) - 1 -> 0.66666667 | DZ11: =(DK11/FF11) - 1 -> 0.096491228 | EA11: =(DL11/FG11) - 1 -> 0.43661972 | EB11: =(DM11/FH11) - 1 -> 0.875 | EC11: =(DN11/FI11) - 1 -> 0.14285714 | ED11: =(DO11/FJ11) - 1 -> 0.54545455 | EE11: =(DP11/FK11) - 1 -> 0.21323529 | ... EJ11: =(DU11/FP11) - 1 -> 0.52 | EL11: 0.35416667 | EM11: ='Ferney->Genève'!EM11+'StGenis total'!EM11+'Mategnin Total'!EM11 -> 56 | EN11: ='Ferney->Genève'!EN11+'StGenis total'!EN11+'Mategnin Total'!EN11 -> 9 | EO11: ='Ferney->Genève'!EO11+'StGenis total'!EO11+'Mategnin Total'!EO11 -> 22 | EP11: ='Ferney->Genève'!EP11+'StGenis total'!EP11+'Mategnin Total'!EP11 -> 9 | EQ11: ='Ferney->Genève'!EQ11+'StGenis total'!EQ11+'Mategnin Total'!EQ11 -> 4 | ER11: ='Ferney->Genève'!ER11+'StGenis total'!ER11+'Mategnin Total'!ER11 -> 3 | ES11: ='Ferney->Genève'!ES11+'StGenis total'!ES11+'Mategnin Total'!ES11 -> 6 | ET11: ='Ferney->Genève'!ET11+'StGenis total'!ET11+'Mategnin Total'!ET11 -> 7 | ... FB11: ='Ferney->Genève'!FB11+'StGenis total'!FB11+'Mategnin Total'!FB11 -> 0 | FD11: =EM11+EO11+EQ11+ES11+EU11+EW11+EY11+FA11 -> 95 | FE11: =EN11+EP11+ER11+ET11+EV11+EX11+EZ11+FB11 -> 30 | FF11: =FE11/(FE11+FD11) -> 0.24 | FG11: =EM11+EN11+EU11+EV11 -> 71 | FH11: =EO11+EP11+EW11+EX11 -> 32 | FI11: =EQ11+ER11+EY11+EZ11 -> 7 | FJ11: =SUM(FG11:FI11) -> 110 | FK11: =FH11/FJ11 -> 0.29090909 | FL11: =FI11/FJ11 -> 0.063636364 | FM11: =ES11+ET11+FA11+FB11 -> 15 | FN11: =SUM(EM11:ET11) -> 116 | FO11: =SUM(EU11:FB11) -> 9 | FP11: =SUM(EM11:FB11) -> 125 | GF11: =(FD11/FR11) - 1 -> #DIV/0! | GG11: =(FE11/FS11) - 1 -> #DIV/0! | GH11: =(FF11/FT11) - 1 -> #DIV/0! | GI11: =(FG11/FU11) - 1 -> #DIV/0! | GJ11: =(FH11/FV11) - 1 -> #DIV/0! | GK11: =(FI11/FW11) - 1 -> #DIV/0! | GL11: =(FJ11/FX11) - 1 -> #DIV/0! | GM11: =(FK11/FY11) - 1 -> #DIV/0! | ... GR11: =(FP11/GD11) - 1 -> #DIV/0!
