Workbook

Sheet Resume
B1: Hommes | C1: Femmes | D1: %Femmes | E1: VT | F1: VAE | G1: Nouveau | H1: 2r | I1: %VAE | J1: %Nouveau | K1: Piétons | L1: >CH | M1: >FR | N1: TOT
A2: Ferney | B2: =Ferney!S14 -> 140 | C2: =Ferney!T14 -> 71 | D2: =Ferney!U14 -> 0.33649289 | E2: =Ferney!V14 -> 102 | F2: =Ferney!W14 -> 85 | G2: =Ferney!X14 -> 20 | H2: =Ferney!Y14 -> 207 | I2: =Ferney!Z14 -> 0.41062802 | ... N2: =Ferney!AE14 -> 211
A4: StGenis-> Meyrin | B4: ='StGenis->Meyrin'!S14 -> 145 | C4: ='StGenis->Meyrin'!T14 -> 61 | D4: ='StGenis->Meyrin'!U14 -> 0.2961165 | E4: ='StGenis->Meyrin'!V14 -> 98 | F4: ='StGenis->Meyrin'!W14 -> 87 | G4: ='StGenis->Meyrin'!X14 -> 8 | H4: ='StGenis->Meyrin'!Y14 -> 193 | I4: ='StGenis->Meyrin'!Z14 -> 0.4507772 | ... N4: ='StGenis->Meyrin'!AE14 -> 206
A5: StGenis->Bourdigny | B5: ='StGenis->Bourdigny'!S14 -> 24 | C5: ='StGenis->Bourdigny'!T14 -> 4 | D5: ='StGenis->Bourdigny'!U14 -> 0.14285714 | E5: ='StGenis->Bourdigny'!V14 -> 19 | F5: ='StGenis->Bourdigny'!W14 -> 9 | G5: ='StGenis->Bourdigny'!X14 -> 0 | H5: ='StGenis->Bourdigny'!Y14 -> 28 | I5: ='StGenis->Bourdigny'!Z14 -> 0.32142857 | ... N5: ='StGenis->Bourdigny'!AE14 -> 28
A6: StGenis->CERN | B6: ='StGenis->CERN'!S14 -> 125 | C6: ='StGenis->CERN'!T14 -> 25 | D6: ='StGenis->CERN'!U14 -> 0.16666667 | E6: ='StGenis->CERN'!V14 -> 100 | F6: ='StGenis->CERN'!W14 -> 10 | G6: ='StGenis->CERN'!X14 -> 3 | H6: ='StGenis->CERN'!Y14 -> 113 | I6: ='StGenis->CERN'!Z14 -> 0.088495575 | ... N6: ='StGenis->CERN'!AE14 -> 150
A7: RteEurope->Meyrin | B7: ='RteEurope->Meyrin'!S14 -> 12 | C7: ='RteEurope->Meyrin'!T14 -> 0 | D7: ='RteEurope->Meyrin'!U14 -> 0 | E7: ='RteEurope->Meyrin'!V14 -> 9 | F7: ='RteEurope->Meyrin'!W14 -> 3 | G7: ='RteEurope->Meyrin'!X14 -> 0 | H7: ='RteEurope->Meyrin'!Y14 -> 12 | I7: ='RteEurope->Meyrin'!Z14 -> 0.25 | ... N7: ='RteEurope->Meyrin'!AE14 -> 12
A8: Total StGenis | B8: =SUM(B4:B7) -> 306 | C8: =SUM(C4:C6) -> 90 | D8: =C8/(C8+B8) -> 0.22727273 | E8: =SUM(E4:E7) -> 226 | F8: =SUM(F4:F7) -> 109 | G8: =SUM(G4:G7) -> 11 | H8: =SUM(H4:H7) -> 346 | I8: =F8/H8 -> 0.3150289 | J8: =G8/H8 -> 0.031791908 | K8: =SUM(K4:K7) -> 50 | L8: =SUM(L4:L7) -> 374 | M8: =SUM(M4:M7) -> 22 | N8: =SUM(N4:N7) -> 396
A10: MategninAnneaux | B10: =MategninAnneaux!S14 -> 111 | C10: =MategninAnneaux!T14 -> 66 | D10: =MategninAnneaux!U14 -> 0.37288136 | E10: =MategninAnneaux!V14 -> 85 | F10: =MategninAnneaux!W14 -> 61 | G10: =MategninAnneaux!X14 -> 11 | H10: =MategninAnneaux!Y14 -> 157 | I10: =MategninAnneaux!Z14 -> 0.38853503 | ... N10: =MategninAnneaux!AE14 -> 177
A11: MategninDouane | B11: =MategninDouane!S14 -> 70 | C11: =MategninDouane!T14 -> 28 | D11: =MategninDouane!U14 -> 0.28571429 | E11: =MategninDouane!V14 -> 56 | F11: =MategninDouane!W14 -> 24 | G11: =MategninDouane!X14 -> 2 | H11: =MategninDouane!Y14 -> 82 | I11: =MategninDouane!Z14 -> 0.29268293 | ... N11: =MategninDouane!AE14 -> 98
A12: Total Mategnin | B12: =SUM(B10:B11) -> 181 | C12: =SUM(C10:C11) -> 94 | D12: =C12/(C12+B12) -> 0.34181818 | E12: =SUM(E10:E11) -> 141 | F12: =SUM(F10:F11) -> 85 | G12: =SUM(G10:G11) -> 13 | H12: =SUM(H10:H11) -> 239 | I12: =F12/H12 -> 0.35564854 | J12: =G12/H12 -> 0.054393305 | K12: =SUM(K10:K11) -> 36 | L12: =SUM(L10:L11) -> 228 | M12: =SUM(M10:M11) -> 47 | N12: =SUM(N10:N11) -> 275
A14: Versonnex | B14: =Versonnex!S14 -> 27 | C14: =Versonnex!T14 -> 13 | D14: =Versonnex!U14 -> 0.325 | E14: =Versonnex!V14 -> 25 | F14: =Versonnex!W14 -> 15 | G14: =Versonnex!X14 -> 0 | H14: =Versonnex!Y14 -> 40 | I14: =Versonnex!Z14 -> 0.375 | ... N14: =Versonnex!AE14 -> 40
A15: Sauverny | B15: =Sauverny!S14 -> 22 | C15: =Sauverny!T14 -> 12 | D15: =Sauverny!U14 -> 0.35294118 | E15: =Sauverny!V14 -> 12 | F15: =Sauverny!W14 -> 11 | G15: =Sauverny!X14 -> 1 | H15: =Sauverny!Y14 -> 24 | I15: =Sauverny!Z14 -> 0.45833333 | ... N15: =Sauverny!AE14 -> 34
A16: Divonne (Chavanne) | B16: ='Divonne->Chavanne'!S14 -> 0
A17: Crassy | B17: =Crassy!S14 -> 0
A18: Total Pays de Gex Nord | B18: =SUM(B14:B17) -> 49 | C18: =SUM(C14:C16) -> 25 | D18: =C18/(C18+B18) -> 0.33783784 | E18: =SUM(E14:E16) -> 37 | F18: =SUM(F14:F16) -> 26 | G18: =SUM(G14:G16) -> 1 | H18: =SUM(H14:H16) -> 64 | I18: =F18/H18 -> 0.40625 | J18: =G18/H18 -> 0.015625 | K18: =SUM(K14:K16) -> 10 | L18: =SUM(L14:L16) -> 60 | M18: =SUM(M14:M16) -> 14 | N18: =SUM(N14:N16) -> 74
A19: TOTAL | B19: =B18+B12+B8+B2 -> 676 | C19: =C18+C12+C8+C2 -> 280 | D19: =C19/(C19+B19) -> 0.29288703 | E19: =E18+E12+E8+E2 -> 506 | F19: =F18+F12+F8+F2 -> 305 | G19: =G18+G12+G8+G2 -> 45 | H19: =H18+H12+H8+H2 -> 856 | I19: =F19/H19 -> 0.35630841 | J19: =G19/H19 -> 0.052570093 | K19: =K18+K12+K8+K2 -> 100 | L19: =L18+L12+L8+L2 -> 865 | M19: =M18+M12+M8+M2 -> 91 | N19: =N18+N12+N8+N2 -> 956

Sheet Resume (HP)
B1: Hommes | C1: Femmes | D1: %Femmes | E1: VT | F1: VAE | G1: Nouveau | H1: 2r | I1: %VAE | J1: %Nouveau | K1: Piétons | L1: >CH | M1: >FR | N1: TOT
A2: Ferney | B2: =Ferney!S15 -> 66 | C2: =Ferney!T15 -> 36 | D2: =Ferney!U15 -> 0.35294118 | E2: =Ferney!V15 -> 44 | F2: =Ferney!W15 -> 46 | G2: =Ferney!X15 -> 9 | H2: =Ferney!Y15 -> 99 | I2: =Ferney!Z15 -> 0.46464646 | ... N2: =Ferney!AE15 -> 102
A4: StGenis-> Meyrin | B4: ='StGenis->Meyrin'!S15 -> 78 | C4: ='StGenis->Meyrin'!T15 -> 33 | D4: ='StGenis->Meyrin'!U15 -> 0.2972973 | E4: ='StGenis->Meyrin'!V15 -> 43 | F4: ='StGenis->Meyrin'!W15 -> 53 | G4: ='StGenis->Meyrin'!X15 -> 6 | H4: ='StGenis->Meyrin'!Y15 -> 102 | I4: ='StGenis->Meyrin'!Z15 -> 0.51960784 | ... N4: ='StGenis->Meyrin'!AE15 -> 111
A5: StGenis->Bourdigny | B5: ='StGenis->Bourdigny'!S15 -> 12 | C5: ='StGenis->Bourdigny'!T15 -> 2 | D5: ='StGenis->Bourdigny'!U15 -> 0.14285714 | E5: ='StGenis->Bourdigny'!V15 -> 12 | F5: ='StGenis->Bourdigny'!W15 -> 2 | G5: ='StGenis->Bourdigny'!X15 -> 0 | H5: ='StGenis->Bourdigny'!Y15 -> 14 | I5: ='StGenis->Bourdigny'!Z15 -> 0.14285714 | ... N5: ='StGenis->Bourdigny'!AE15 -> 14
A6: StGenis->CERN | B6: ='StGenis->CERN'!S15 -> 67 | C6: ='StGenis->CERN'!T15 -> 11 | D6: ='StGenis->CERN'!U15 -> 0.14102564 | E6: ='StGenis->CERN'!V15 -> 48 | F6: ='StGenis->CERN'!W15 -> 2 | G6: ='StGenis->CERN'!X15 -> 1 | H6: ='StGenis->CERN'!Y15 -> 51 | I6: ='StGenis->CERN'!Z15 -> 0.039215686 | ... N6: ='StGenis->CERN'!AE15 -> 78
A7: RteEurope->Meyrin | B7: ='RteEurope->Meyrin'!S15 -> 7 | C7: ='RteEurope->Meyrin'!T15 -> 0 | D7: ='RteEurope->Meyrin'!U15 -> 0 | E7: ='RteEurope->Meyrin'!V15 -> 6 | F7: ='RteEurope->Meyrin'!W15 -> 1 | G7: ='RteEurope->Meyrin'!X15 -> 0 | H7: ='RteEurope->Meyrin'!Y15 -> 7 | I7: ='RteEurope->Meyrin'!Z15 -> 0.14285714 | ... N7: ='RteEurope->Meyrin'!AE15 -> 7
A8: Total StGenis | B8: =SUM(B4:B7) -> 164 | C8: =SUM(C4:C6) -> 46 | D8: =C8/(C8+B8) -> 0.21904762 | E8: =SUM(E4:E7) -> 109 | F8: =SUM(F4:F7) -> 58 | G8: =SUM(G4:G7) -> 7 | H8: =SUM(H4:H7) -> 174 | I8: =F8/H8 -> 0.33333333 | J8: =G8/H8 -> 0.040229885 | K8: =SUM(K4:K7) -> 36 | L8: =SUM(L4:L7) -> 195 | M8: =SUM(M4:M7) -> 15 | N8: =SUM(N4:N7) -> 210
A10: MategninAnneaux | B10: =MategninAnneaux!S15 -> 58 | C10: =MategninAnneaux!T15 -> 28 | D10: =MategninAnneaux!U15 -> 0.3255814 | E10: =MategninAnneaux!V15 -> 39 | F10: =MategninAnneaux!W15 -> 34 | G10: =MategninAnneaux!X15 -> 5 | H10: =MategninAnneaux!Y15 -> 78 | I10: =MategninAnneaux!Z15 -> 0.43589744 | ... N10: =MategninAnneaux!AE15 -> 86
A11: MategninDouane | B11: =MategninDouane!S15 -> 30 | C11: =MategninDouane!T15 -> 15 | D11: =MategninDouane!U15 -> 0.33333333 | E11: =MategninDouane!V15 -> 25 | F11: =MategninDouane!W15 -> 11 | G11: =MategninDouane!X15 -> 0 | H11: =MategninDouane!Y15 -> 36 | I11: =MategninDouane!Z15 -> 0.30555556 | ... N11: =MategninDouane!AE15 -> 45
A12: Total Mategnin | B12: =SUM(B10:B11) -> 88 | C12: =SUM(C10:C11) -> 43 | D12: =C12/(C12+B12) -> 0.32824427 | E12: =SUM(E10:E11) -> 64 | F12: =SUM(F10:F11) -> 45 | G12: =SUM(G10:G11) -> 5 | H12: =SUM(H10:H11) -> 114 | I12: =F12/H12 -> 0.39473684 | J12: =G12/H12 -> 0.043859649 | K12: =SUM(K10:K11) -> 17 | L12: =SUM(L10:L11) -> 105 | M12: =SUM(M10:M11) -> 26 | N12: =SUM(N10:N11) -> 131
A14: Versonnex | B14: =Versonnex!S15 -> 11 | C14: =Versonnex!T15 -> 9 | D14: =Versonnex!U15 -> 0.45 | E14: =Versonnex!V15 -> 10 | F14: =Versonnex!W15 -> 10 | G14: =Versonnex!X15 -> 0 | H14: =Versonnex!Y15 -> 20 | I14: =Versonnex!Z15 -> 0.5 | ... N14: =Versonnex!AE15 -> 20
A15: Sauverny | B15: =Sauverny!S15 -> 19 | C15: =Sauverny!T15 -> 8 | D15: =Sauverny!U15 -> 0.2962963 | E15: =Sauverny!V15 -> 9 | F15: =Sauverny!W15 -> 8 | G15: =Sauverny!X15 -> 1 | H15: =Sauverny!Y15 -> 18 | I15: =Sauverny!Z15 -> 0.44444444 | ... N15: =Sauverny!AE15 -> 27
A16: Divonne (Chavanne) | B16: ='Divonne->Chavanne'!S15 -> 0
A17: Crassy | B17: =Crassy!S15 -> 0
A18: Total Pays de Gex Nord | B18: =SUM(B14:B17) -> 30 | C18: =SUM(C14:C16) -> 17 | D18: =C18/(C18+B18) -> 0.36170213 | E18: =SUM(E14:E16) -> 19 | F18: =SUM(F14:F16) -> 18 | G18: =SUM(G14:G16) -> 1 | H18: =SUM(H14:H16) -> 38 | I18: =F18/H18 -> 0.47368421 | J18: =G18/H18 -> 0.026315789 | K18: =SUM(K14:K16) -> 9 | L18: =SUM(L14:L16) -> 40 | M18: =SUM(M14:M16) -> 7 | N18: =SUM(N14:N16) -> 47
A19: TOTAL | B19: =B18+B12+B8+B2 -> 348 | C19: =C18+C12+C8+C2 -> 142 | D19: =C19/(C19+B19) -> 0.28979592 | E19: =E18+E12+E8+E2 -> 236 | F19: =F18+F12+F8+F2 -> 167 | G19: =G18+G12+G8+G2 -> 22 | H19: =H18+H12+H8+H2 -> 425 | I19: =F19/H19 -> 0.39294118 | J19: =G19/H19 -> 0.051764706 | K19: =K18+K12+K8+K2 -> 65 | L19: =L18+L12+L8+L2 -> 437 | M19: =M18+M12+M8+M2 -> 53 | N19: =N18+N12+N8+N2 -> 490

Sheet APiCy total
B1: Lieu: | C1: APiCy Frontière Total
B2: France -> Suisse | J2: Suisse -> France | S2: ="Totaux 2021 " & $C1 -> Totaux 2021 APiCy Frontière Total | AG2: ="Totaux 2020 " & $C1 -> Totaux 2020 APiCy Frontière Total | AU2: ="Changement depuis 2020 " & $C1 -> Changement depuis 2020 APiCy Frontière Total
B3: Vélo traditionel | D3: VAE | F3: Mode Nouveau Electrique | H3: Piéton/ne | J3: Vélo traditionel | L3: VAE | N3: Mode Nouveau Electrique (trotinette, scateboard , …) | P3: Piéton/ne | S3: Hommes | T3: Femmes | U3: %Femmes | V3: VT | W3: VAE | X3: Nouveau | Y3: 2r | Z3: %VAE | AA3: %Nouveau | AB3: Piétons | AC3: >CH | AD3: >FR | AE3: TOT | AG3: Hommes | AH3: Femmes | AI3: %Femmes | AJ3: VT | AK3: VAE | AL3: Nouveau | AM3: 2r | AN3: %VAE | AO3: %Nouveau | AP3: Piétons | AQ3: >CH | AR3: >FR | AS3: TOT | AU3: Hommes | AV3: Femmes | AW3: %Femmes | AX3: VT | AY3: VAE | AZ3: Nouveau | BA3: 2r | BB3: %VAE | BC3: %Nouveau | BD3: Piétons | BE3: >CH | BF3: >FR | BG3: TOT
A4: Heure | B4: H | C4: F | D4: H | E4: F | F4: H | G4: F | H4: H | I4: F | J4: H | K4: F | L4: H | M4: F | N4: H | O4: F | P4: H | Q4: F
A5: 0.29166667 | B5: =Ferney!B5+'StGenis total'!B5+'PdG Nord'!B5+'Mategnin Total'!B5 -> 33 | C5: =Ferney!C5+'StGenis total'!C5+'PdG Nord'!C5+'Mategnin Total'!C5 -> 10 | D5: =Ferney!D5+'StGenis total'!D5+'PdG Nord'!D5+'Mategnin Total'!D5 -> 17 | E5: =Ferney!E5+'StGenis total'!E5+'PdG Nord'!E5+'Mategnin Total'!E5 -> 11 | F5: =Ferney!F5+'StGenis total'!F5+'PdG Nord'!F5+'Mategnin Total'!F5 -> 6 | G5: =Ferney!G5+'StGenis total'!G5+'PdG Nord'!G5+'Mategnin Total'!G5 -> 0 | H5: =Ferney!H5+'StGenis total'!H5+'PdG Nord'!H5+'Mategnin Total'!H5 -> 2 | I5: =Ferney!I5+'StGenis total'!I5+'PdG Nord'!I5+'Mategnin Total'!I5 -> 0 | ... Q5: =Ferney!Q5+'StGenis total'!Q5+'PdG Nord'!Q5+'Mategnin Total'!Q5 -> 0 | S5: =B5+D5+F5+H5+J5+L5+N5+P5 -> 61 | T5: =C5+E5+G5+I5+K5+M5+O5+Q5 -> 23 | U5: =T5/(T5+S5) -> 0.27380952 | V5: =B5+C5+J5+K5 -> 46 | W5: =D5+E5+L5+M5 -> 30 | X5: =F5+G5+N5+O5 -> 6 | Y5: =SUM(V5:X5) -> 82 | Z5: =W5/Y5 -> 0.36585366 | AA5: =X5/Y5 -> 0.073170732 | AB5: =H5+I5+P5+Q5 -> 2 | AC5: =SUM(B5:I5) -> 79 | AD5: =SUM(J5:Q5) -> 5 | AE5: =SUM(B5:Q5) -> 84 | AG5: 43 | AH5: 26 | AI5: 0.37681159 | AJ5: 35 | AK5: 25 | AL5: 3 | AM5: 63 | AN5: 0.3968254 | AO5: 0.047619048 | AP5: 6 | AQ5: 63 | AR5: 6 | AS5: 69 | AU5: =(S5/AG5) - 1 -> 0.41860465 | AV5: =(T5/AH5) - 1 -> -0.11538462 | AW5: =(U5/AI5) - 1 -> -0.27335165 | AX5: =(V5/AJ5) - 1 -> 0.31428571 | AY5: =(W5/AK5) - 1 -> 0.2 | AZ5: =(X5/AL5) - 1 -> 1 | BA5: =(Y5/AM5) - 1 -> 0.3015873 | BB5: =(Z5/AN5) - 1 -> -0.07804878 | ... BG5: =(AE5/AS5) - 1 -> 0.2173913
A6: 0.30208333 | B6: =Ferney!B6+'StGenis total'!B6+'PdG Nord'!B6+'Mategnin Total'!B6 -> 43 | C6: =Ferney!C6+'StGenis total'!C6+'PdG Nord'!C6+'Mategnin Total'!C6 -> 11 | D6: =Ferney!D6+'StGenis total'!D6+'PdG Nord'!D6+'Mategnin Total'!D6 -> 23 | E6: =Ferney!E6+'StGenis total'!E6+'PdG Nord'!E6+'Mategnin Total'!E6 -> 15 | F6: =Ferney!F6+'StGenis total'!F6+'PdG Nord'!F6+'Mategnin Total'!F6 -> 2 | G6: =Ferney!G6+'StGenis total'!G6+'PdG Nord'!G6+'Mategnin Total'!G6 -> 3 | H6: =Ferney!H6+'StGenis total'!H6+'PdG Nord'!H6+'Mategnin Total'!H6 -> 2 | I6: =Ferney!I6+'StGenis total'!I6+'PdG Nord'!I6+'Mategnin Total'!I6 -> 1 | ... Q6: =Ferney!Q6+'StGenis total'!Q6+'PdG Nord'!Q6+'Mategnin Total'!Q6 -> 0 | S6: =B6+D6+F6+H6+J6+L6+N6+P6 -> 77 | T6: =C6+E6+G6+I6+K6+M6+O6+Q6 -> 30 | U6: =T6/(T6+S6) -> 0.28037383 | V6: =B6+C6+J6+K6 -> 58 | W6: =D6+E6+L6+M6 -> 40 | X6: =F6+G6+N6+O6 -> 5 | Y6: =SUM(V6:X6) -> 103 | Z6: =W6/Y6 -> 0.38834951 | AA6: =X6/Y6 -> 0.048543689 | AB6: =H6+I6+P6+Q6 -> 4 | AC6: =SUM(B6:I6) -> 100 | AD6: =SUM(J6:Q6) -> 7 | AE6: =SUM(B6:Q6) -> 107 | AG6: 67 | AH6: 30 | AI6: 0.30927835 | AJ6: 54 | AK6: 28 | AL6: 5 | AM6: 87 | AN6: 0.32183908 | AO6: 0.057471264 | AP6: 10 | AQ6: 87 | AR6: 10 | AS6: 97 | AU6: =(S6/AG6) - 1 -> 0.14925373 | AV6: =(T6/AH6) - 1 -> 0 | AW6: =(U6/AI6) - 1 -> -0.093457944 | AX6: =(V6/AJ6) - 1 -> 0.074074074 | AY6: =(W6/AK6) - 1 -> 0.42857143 | AZ6: =(X6/AL6) - 1 -> 0 | BA6: =(Y6/AM6) - 1 -> 0.18390805 | BB6: =(Z6/AN6) - 1 -> 0.20665742 | ... BG6: =(AE6/AS6) - 1 -> 0.10309278
A7: 0.3125 | B7: =Ferney!B7+'StGenis total'!B7+'PdG Nord'!B7+'Mategnin Total'!B7 -> 32 | C7: =Ferney!C7+'StGenis total'!C7+'PdG Nord'!C7+'Mategnin Total'!C7 -> 11 | D7: =Ferney!D7+'StGenis total'!D7+'PdG Nord'!D7+'Mategnin Total'!D7 -> 22 | E7: =Ferney!E7+'StGenis total'!E7+'PdG Nord'!E7+'Mategnin Total'!E7 -> 17 | F7: =Ferney!F7+'StGenis total'!F7+'PdG Nord'!F7+'Mategnin Total'!F7 -> 4 | G7: =Ferney!G7+'StGenis total'!G7+'PdG Nord'!G7+'Mategnin Total'!G7 -> 0 | H7: =Ferney!H7+'StGenis total'!H7+'PdG Nord'!H7+'Mategnin Total'!H7 -> 10 | I7: =Ferney!I7+'StGenis total'!I7+'PdG Nord'!I7+'Mategnin Total'!I7 -> 1 | ... Q7: =Ferney!Q7+'StGenis total'!Q7+'PdG Nord'!Q7+'Mategnin Total'!Q7 -> 0 | S7: =B7+D7+F7+H7+J7+L7+N7+P7 -> 80 | T7: =C7+E7+G7+I7+K7+M7+O7+Q7 -> 30 | U7: =T7/(T7+S7) -> 0.27272727 | V7: =B7+C7+J7+K7 -> 52 | W7: =D7+E7+L7+M7 -> 42 | X7: =F7+G7+N7+O7 -> 4 | Y7: =SUM(V7:X7) -> 98 | Z7: =W7/Y7 -> 0.42857143 | AA7: =X7/Y7 -> 0.040816327 | AB7: =H7+I7+P7+Q7 -> 12 | AC7: =SUM(B7:I7) -> 97 | AD7: =SUM(J7:Q7) -> 13 | AE7: =SUM(B7:Q7) -> 110 | AG7: 55 | AH7: 23 | AI7: 0.29487179 | AJ7: 52 | AK7: 20 | AL7: 2 | AM7: 74 | AN7: 0.27027027 | AO7: 0.027027027 | AP7: 4 | AQ7: 70 | AR7: 8 | AS7: 78 | AU7: =(S7/AG7) - 1 -> 0.45454545 | AV7: =(T7/AH7) - 1 -> 0.30434783 | AW7: =(U7/AI7) - 1 -> -0.075098814 | AX7: =(V7/AJ7) - 1 -> 0 | AY7: =(W7/AK7) - 1 -> 1.1 | AZ7: =(X7/AL7) - 1 -> 1 | BA7: =(Y7/AM7) - 1 -> 0.32432432 | BB7: =(Z7/AN7) - 1 -> 0.58571429 | ... BG7: =(AE7/AS7) - 1 -> 0.41025641
A8: 0.32291667 | B8: =Ferney!B8+'StGenis total'!B8+'PdG Nord'!B8+'Mategnin Total'!B8 -> 40 | C8: =Ferney!C8+'StGenis total'!C8+'PdG Nord'!C8+'Mategnin Total'!C8 -> 13 | D8: =Ferney!D8+'StGenis total'!D8+'PdG Nord'!D8+'Mategnin Total'!D8 -> 25 | E8: =Ferney!E8+'StGenis total'!E8+'PdG Nord'!E8+'Mategnin Total'!E8 -> 23 | F8: =Ferney!F8+'StGenis total'!F8+'PdG Nord'!F8+'Mategnin Total'!F8 -> 6 | G8: =Ferney!G8+'StGenis total'!G8+'PdG Nord'!G8+'Mategnin Total'!G8 -> 1 | H8: =Ferney!H8+'StGenis total'!H8+'PdG Nord'!H8+'Mategnin Total'!H8 -> 6 | I8: =Ferney!I8+'StGenis total'!I8+'PdG Nord'!I8+'Mategnin Total'!I8 -> 6 | ... Q8: =Ferney!Q8+'StGenis total'!Q8+'PdG Nord'!Q8+'Mategnin Total'!Q8 -> 1 | S8: =B8+D8+F8+H8+J8+L8+N8+P8 -> 85 | T8: =C8+E8+G8+I8+K8+M8+O8+Q8 -> 46 | U8: =T8/(T8+S8) -> 0.35114504 | V8: =B8+C8+J8+K8 -> 59 | W8: =D8+E8+L8+M8 -> 51 | X8: =F8+G8+N8+O8 -> 7 | Y8: =SUM(V8:X8) -> 117 | Z8: =W8/Y8 -> 0.43589744 | AA8: =X8/Y8 -> 0.05982906 | AB8: =H8+I8+P8+Q8 -> 14 | AC8: =SUM(B8:I8) -> 120 | AD8: =SUM(J8:Q8) -> 11 | AE8: =SUM(B8:Q8) -> 131 | AG8: 45 | AH8: 30 | AI8: 0.4 | AJ8: 38 | AK8: 24 | AL8: 6 | AM8: 68 | AN8: 0.35294118 | AO8: 0.088235294 | AP8: 7 | AQ8: 68 | AR8: 7 | AS8: 75 | AU8: =(S8/AG8) - 1 -> 0.88888889 | AV8: =(T8/AH8) - 1 -> 0.53333333 | AW8: =(U8/AI8) - 1 -> -0.1221374 | AX8: =(V8/AJ8) - 1 -> 0.55263158 | AY8: =(W8/AK8) - 1 -> 1.125 | AZ8: =(X8/AL8) - 1 -> 0.16666667 | BA8: =(Y8/AM8) - 1 -> 0.72058824 | BB8: =(Z8/AN8) - 1 -> 0.23504274 | ... BG8: =(AE8/AS8) - 1 -> 0.74666667
A9: 0.33333333 | B9: =Ferney!B9+'StGenis total'!B9+'PdG Nord'!B9+'Mategnin Total'!B9 -> 47 | C9: =Ferney!C9+'StGenis total'!C9+'PdG Nord'!C9+'Mategnin Total'!C9 -> 15 | D9: =Ferney!D9+'StGenis total'!D9+'PdG Nord'!D9+'Mategnin Total'!D9 -> 19 | E9: =Ferney!E9+'StGenis total'!E9+'PdG Nord'!E9+'Mategnin Total'!E9 -> 9 | F9: =Ferney!F9+'StGenis total'!F9+'PdG Nord'!F9+'Mategnin Total'!F9 -> 2 | G9: =Ferney!G9+'StGenis total'!G9+'PdG Nord'!G9+'Mategnin Total'!G9 -> 3 | H9: =Ferney!H9+'StGenis total'!H9+'PdG Nord'!H9+'Mategnin Total'!H9 -> 11 | I9: =Ferney!I9+'StGenis total'!I9+'PdG Nord'!I9+'Mategnin Total'!I9 -> 2 | ... Q9: =Ferney!Q9+'StGenis total'!Q9+'PdG Nord'!Q9+'Mategnin Total'!Q9 -> 1 | S9: =B9+D9+F9+H9+J9+L9+N9+P9 -> 86 | T9: =C9+E9+G9+I9+K9+M9+O9+Q9 -> 32 | U9: =T9/(T9+S9) -> 0.27118644 | V9: =B9+C9+J9+K9 -> 65 | W9: =D9+E9+L9+M9 -> 34 | X9: =F9+G9+N9+O9 -> 5 | Y9: =SUM(V9:X9) -> 104 | Z9: =W9/Y9 -> 0.32692308 | AA9: =X9/Y9 -> 0.048076923 | AB9: =H9+I9+P9+Q9 -> 14 | AC9: =SUM(B9:I9) -> 108 | AD9: =SUM(J9:Q9) -> 10 | AE9: =SUM(B9:Q9) -> 118 | AG9: 47 | AH9: 24 | AI9: 0.33802817 | AJ9: 40 | AK9: 20 | AL9: 2 | AM9: 62 | AN9: 0.32258065 | AO9: 0.032258065 | AP9: 9 | AQ9: 63 | AR9: 8 | AS9: 71 | AU9: =(S9/AG9) - 1 -> 0.82978723 | AV9: =(T9/AH9) - 1 -> 0.33333333 | AW9: =(U9/AI9) - 1 -> -0.19774011 | AX9: =(V9/AJ9) - 1 -> 0.625 | AY9: =(W9/AK9) - 1 -> 0.7 | AZ9: =(X9/AL9) - 1 -> 1.5 | BA9: =(Y9/AM9) - 1 -> 0.67741935 | BB9: =(Z9/AN9) - 1 -> 0.013461538 | ... BG9: =(AE9/AS9) - 1 -> 0.66197183
A10: 0.34375 | B10: =Ferney!B10+'StGenis total'!B10+'PdG Nord'!B10+'Mategnin Total'!B10 -> 39 | C10: =Ferney!C10+'StGenis total'!C10+'PdG Nord'!C10+'Mategnin Total'!C10 -> 12 | D10: =Ferney!D10+'StGenis total'!D10+'PdG Nord'!D10+'Mategnin Total'!D10 -> 22 | E10: =Ferney!E10+'StGenis total'!E10+'PdG Nord'!E10+'Mategnin Total'!E10 -> 12 | F10: =Ferney!F10+'StGenis total'!F10+'PdG Nord'!F10+'Mategnin Total'!F10 -> 6 | G10: =Ferney!G10+'StGenis total'!G10+'PdG Nord'!G10+'Mategnin Total'!G10 -> 0 | H10: =Ferney!H10+'StGenis total'!H10+'PdG Nord'!H10+'Mategnin Total'!H10 -> 19 | I10: =Ferney!I10+'StGenis total'!I10+'PdG Nord'!I10+'Mategnin Total'!I10 -> 2 | ... Q10: =Ferney!Q10+'StGenis total'!Q10+'PdG Nord'!Q10+'Mategnin Total'!Q10 -> 2 | S10: =B10+D10+F10+H10+J10+L10+N10+P10 -> 97 | T10: =C10+E10+G10+I10+K10+M10+O10+Q10 -> 34 | U10: =T10/(T10+S10) -> 0.25954198 | V10: =B10+C10+J10+K10 -> 60 | W10: =D10+E10+L10+M10 -> 40 | X10: =F10+G10+N10+O10 -> 6 | Y10: =SUM(V10:X10) -> 106 | Z10: =W10/Y10 -> 0.37735849 | AA10: =X10/Y10 -> 0.056603774 | AB10: =H10+I10+P10+Q10 -> 25 | AC10: =SUM(B10:I10) -> 112 | AD10: =SUM(J10:Q10) -> 19 | AE10: =SUM(B10:Q10) -> 131 | AG10: 48 | AH10: 39 | AI10: 0.44827586 | AJ10: 40 | AK10: 27 | AL10: 6 | AM10: 73 | AN10: 0.36986301 | AO10: 0.082191781 | AP10: 14 | AQ10: 74 | AR10: 13 | AS10: 87 | AU10: =(S10/AG10) - 1 -> 1.0208333 | AV10: =(T10/AH10) - 1 -> -0.12820513 | AW10: =(U10/AI10) - 1 -> -0.42102173 | AX10: =(V10/AJ10) - 1 -> 0.5 | AY10: =(W10/AK10) - 1 -> 0.48148148 | AZ10: =(X10/AL10) - 1 -> 0 | BA10: =(Y10/AM10) - 1 -> 0.45205479 | BB10: =(Z10/AN10) - 1 -> 0.020265549 | ... BG10: =(AE10/AS10) - 1 -> 0.50574713
A11: 0.35416667 | B11: =Ferney!B11+'StGenis total'!B11+'PdG Nord'!B11+'Mategnin Total'!B11 -> 57 | C11: =Ferney!C11+'StGenis total'!C11+'PdG Nord'!C11+'Mategnin Total'!C11 -> 10 | D11: =Ferney!D11+'StGenis total'!D11+'PdG Nord'!D11+'Mategnin Total'!D11 -> 23 | E11: =Ferney!E11+'StGenis total'!E11+'PdG Nord'!E11+'Mategnin Total'!E11 -> 9 | F11: =Ferney!F11+'StGenis total'!F11+'PdG Nord'!F11+'Mategnin Total'!F11 -> 4 | G11: =Ferney!G11+'StGenis total'!G11+'PdG Nord'!G11+'Mategnin Total'!G11 -> 3 | H11: =Ferney!H11+'StGenis total'!H11+'PdG Nord'!H11+'Mategnin Total'!H11 -> 6 | I11: =Ferney!I11+'StGenis total'!I11+'PdG Nord'!I11+'Mategnin Total'!I11 -> 7 | ... Q11: =Ferney!Q11+'StGenis total'!Q11+'PdG Nord'!Q11+'Mategnin Total'!Q11 -> 0 | S11: =B11+D11+F11+H11+J11+L11+N11+P11 -> 98 | T11: =C11+E11+G11+I11+K11+M11+O11+Q11 -> 31 | U11: =T11/(T11+S11) -> 0.24031008 | V11: =B11+C11+J11+K11 -> 74 | W11: =D11+E11+L11+M11 -> 33 | X11: =F11+G11+N11+O11 -> 7 | Y11: =SUM(V11:X11) -> 114 | Z11: =W11/Y11 -> 0.28947368 | AA11: =X11/Y11 -> 0.061403509 | AB11: =H11+I11+P11+Q11 -> 15 | AC11: =SUM(B11:I11) -> 119 | AD11: =SUM(J11:Q11) -> 10 | AE11: =SUM(B11:Q11) -> 129 | AG11: 66 | AH11: 24 | AI11: 0.26666667 | AJ11: 50 | AK11: 19 | AL11: 11 | AM11: 80 | AN11: 0.2375 | AO11: 0.1375 | AP11: 10 | AQ11: 79 | AR11: 11 | AS11: 90 | AU11: =(S11/AG11) - 1 -> 0.48484848 | AV11: =(T11/AH11) - 1 -> 0.29166667 | AW11: =(U11/AI11) - 1 -> -0.098837209 | AX11: =(V11/AJ11) - 1 -> 0.48 | AY11: =(W11/AK11) - 1 -> 0.73684211 | AZ11: =(X11/AL11) - 1 -> -0.36363636 | BA11: =(Y11/AM11) - 1 -> 0.425 | BB11: =(Z11/AN11) - 1 -> 0.21883657 | ... BG11: =(AE11/AS11) - 1 -> 0.43333333
A12: 0.36458333 | B12: =Ferney!B12+'StGenis total'!B12+'PdG Nord'!B12+'Mategnin Total'!B12 -> 47 | C12: =Ferney!C12+'StGenis total'!C12+'PdG Nord'!C12+'Mategnin Total'!C12 -> 24 | D12: =Ferney!D12+'StGenis total'!D12+'PdG Nord'!D12+'Mategnin Total'!D12 -> 18 | E12: =Ferney!E12+'StGenis total'!E12+'PdG Nord'!E12+'Mategnin Total'!E12 -> 12 | F12: =Ferney!F12+'StGenis total'!F12+'PdG Nord'!F12+'Mategnin Total'!F12 -> 3 | G12: =Ferney!G12+'StGenis total'!G12+'PdG Nord'!G12+'Mategnin Total'!G12 -> 1 | H12: =Ferney!H12+'StGenis total'!H12+'PdG Nord'!H12+'Mategnin Total'!H12 -> 4 | I12: =Ferney!I12+'StGenis total'!I12+'PdG Nord'!I12+'Mategnin Total'!I12 -> 6 | ... Q12: =Ferney!Q12+'StGenis total'!Q12+'PdG Nord'!Q12+'Mategnin Total'!Q12 -> 1 | S12: =B12+D12+F12+H12+J12+L12+N12+P12 -> 80 | T12: =C12+E12+G12+I12+K12+M12+O12+Q12 -> 45 | U12: =T12/(T12+S12) -> 0.36 | V12: =B12+C12+J12+K12 -> 78 | W12: =D12+E12+L12+M12 -> 32 | X12: =F12+G12+N12+O12 -> 4 | Y12: =SUM(V12:X12) -> 114 | Z12: =W12/Y12 -> 0.28070175 | AA12: =X12/Y12 -> 0.035087719 | AB12: =H12+I12+P12+Q12 -> 11 | AC12: =SUM(B12:I12) -> 115 | AD12: =SUM(J12:Q12) -> 10 | AE12: =SUM(B12:Q12) -> 125 | AG12: 43 | AH12: 28 | AI12: 0.3943662 | AJ12: 35 | AK12: 12 | AL12: 7 | AM12: 54 | AN12: 0.22222222 | AO12: 0.12962963 | AP12: 17 | AQ12: 55 | AR12: 16 | AS12: 71 | AU12: =(S12/AG12) - 1 -> 0.86046512 | AV12: =(T12/AH12) - 1 -> 0.60714286 | AW12: =(U12/AI12) - 1 -> -0.087142857 | AX12: =(V12/AJ12) - 1 -> 1.2285714 | AY12: =(W12/AK12) - 1 -> 1.6666667 | AZ12: =(X12/AL12) - 1 -> -0.42857143 | BA12: =(Y12/AM12) - 1 -> 1.1111111 | BB12: =(Z12/AN12) - 1 -> 0.26315789 | ... BG12: =(AE12/AS12) - 1 -> 0.76056338
A13: 0.375 | B13: =Ferney!B13+'StGenis total'!B13+'PdG Nord'!B13+'Mategnin Total'!B13 -> 4 | C13: =Ferney!C13+'StGenis total'!C13+'PdG Nord'!C13+'Mategnin Total'!C13 -> 6 | D13: =Ferney!D13+'StGenis total'!D13+'PdG Nord'!D13+'Mategnin Total'!D13 -> 1 | E13: =Ferney!E13+'StGenis total'!E13+'PdG Nord'!E13+'Mategnin Total'!E13 -> 2 | F13: =Ferney!F13+'StGenis total'!F13+'PdG Nord'!F13+'Mategnin Total'!F13 -> 1 | G13: =Ferney!G13+'StGenis total'!G13+'PdG Nord'!G13+'Mategnin Total'!G13 -> 0 | H13: =Ferney!H13+'StGenis total'!H13+'PdG Nord'!H13+'Mategnin Total'!H13 -> 1 | I13: =Ferney!I13+'StGenis total'!I13+'PdG Nord'!I13+'Mategnin Total'!I13 -> 0 | ... Q13: =Ferney!Q13+'StGenis total'!Q13+'PdG Nord'!Q13+'Mategnin Total'!Q13 -> 1
A14: Total | B14: =SUM(B5:B13) -> 342 | C14: =SUM(C5:C13) -> 112 | D14: =SUM(D5:D13) -> 170 | E14: =SUM(E5:E13) -> 110 | F14: =SUM(F5:F13) -> 34 | G14: =SUM(G5:G13) -> 11 | H14: =SUM(H5:H13) -> 61 | I14: =SUM(I5:I13) -> 25 | ... Q14: =SUM(Q5:Q13) -> 6 | S14: =B14+D14+F14+H14+J14+L14+N14+P14 -> 676 | T14: =C14+E14+G14+I14+K14+M14+O14+Q14 -> 280 | U14: =T14/(T14+S14) -> 0.29288703 | V14: =B14+C14+J14+K14 -> 506 | W14: =D14+E14+L14+M14 -> 305 | X14: =F14+G14+N14+O14 -> 45 | Y14: =SUM(V14:X14) -> 856 | Z14: =W14/Y14 -> 0.35630841 | AA14: =X14/Y14 -> 0.052570093 | AB14: =H14+I14+P14+Q14 -> 100 | AC14: =SUM(B14:I14) -> 865 | AD14: =SUM(J14:Q14) -> 91 | AE14: =SUM(B14:Q14) -> 956 | AG14: 414 | AH14: 224 | AI14: 0.35109718 | AJ14: 344 | AK14: 175 | AL14: 42 | AM14: 561 | AN14: 0.31194296 | AO14: 0.07486631 | AP14: 77 | AQ14: 559 | AR14: 79 | AS14: 638 | AU14: =(S14/AG14) - 1 -> 0.63285024 | AV14: =(T14/AH14) - 1 -> 0.25 | AW14: =(U14/AI14) - 1 -> -0.16579498 | AX14: =(V14/AJ14) - 1 -> 0.47093023 | AY14: =(W14/AK14) - 1 -> 0.74285714 | AZ14: =(X14/AL14) - 1 -> 0.071428571 | BA14: =(Y14/AM14) - 1 -> 0.5258467 | BB14: =(Z14/AN14) - 1 -> 0.14222296 | ... BG14: =(AE14/AS14) - 1 -> 0.4984326
A15: Total HP | B15: =SUM(B7:B10) -> 158 | C15: =SUM(C7:C10) -> 51 | D15: =SUM(D7:D10) -> 88 | E15: =SUM(E7:E10) -> 61 | F15: =SUM(F7:F10) -> 18 | G15: =SUM(G7:G10) -> 4 | H15: =SUM(H7:H10) -> 46 | I15: =SUM(I7:I10) -> 11 | ... Q15: =SUM(Q7:Q10) -> 4 | S15: =B15+D15+F15+H15+J15+L15+N15+P15 -> 348 | T15: =C15+E15+G15+I15+K15+M15+O15+Q15 -> 142 | U15: =T15/(T15+S15) -> 0.28979592 | V15: =B15+C15+J15+K15 -> 236 | W15: =D15+E15+L15+M15 -> 167 | X15: =F15+G15+N15+O15 -> 22 | Y15: =SUM(V15:X15) -> 425 | Z15: =W15/Y15 -> 0.39294118 | AA15: =X15/Y15 -> 0.051764706 | AB15: =H15+I15+P15+Q15 -> 65 | AC15: =SUM(B15:I15) -> 437 | AD15: =SUM(J15:Q15) -> 53 | AE15: =SUM(B15:Q15) -> 490 | AG15: 195 | AH15: 116 | AI15: 0.37299035 | AJ15: 170 | AK15: 91 | AL15: 16 | AM15: 277 | AN15: 0.32851986 | AO15: 0.057761733 | AP15: 34 | AQ15: 275 | AR15: 36 | AS15: 311 | AU15: =(S15/AG15) - 1 -> 0.78461538 | AV15: =(T15/AH15) - 1 -> 0.22413793 | AW15: =(U15/AI15) - 1 -> -0.22304715 | AX15: =(V15/AJ15) - 1 -> 0.38823529 | AY15: =(W15/AK15) - 1 -> 0.83516484 | AZ15: =(X15/AL15) - 1 -> 0.375 | BA15: =(Y15/AM15) - 1 -> 0.53429603 | BB15: =(Z15/AN15) - 1 -> 0.19609567 | ... BG15: =(AE15/AS15) - 1 -> 0.5755627
A17: Tot 7 | B17: =SUM(B5:B8) -> 148 | C17: =SUM(C5:C8) -> 45 | D17: =SUM(D5:D8) -> 87 | E17: =SUM(E5:E8) -> 66 | F17: =SUM(F5:F8) -> 18 | G17: =SUM(G5:G8) -> 4 | H17: =SUM(H5:H8) -> 20 | I17: =SUM(I5:I8) -> 8 | ... Q17: =SUM(Q5:Q8) -> 1
A18: Tot 8 | B18: =SUM(B9:B12) -> 190 | C18: =SUM(C9:C12) -> 61 | D18: =SUM(D9:D12) -> 82 | E18: =SUM(E9:E12) -> 42 | F18: =SUM(F9:F12) -> 15 | G18: =SUM(G9:G12) -> 7 | H18: =SUM(H9:H12) -> 40 | I18: =SUM(I9:I12) -> 17 | ... Q18: =SUM(Q9:Q12) -> 4 | AE18: =AE14/#REF! -> #REF!
S21: =S14/#REF! -> #REF! | T21: =T14/#REF! -> #REF!

Sheet Ferney
B1: Lieu: | C1: Ferney-Tunnel
B2: France -> Suisse | J2: Suisse -> France | S2: ="Totaux 2021 " & $C1 -> Totaux 2021 Ferney-Tunnel | AG2: ="Totaux 2020 " & $C1 -> Totaux 2020 Ferney-Tunnel | AU2: ="Changement depuis 2020 " & $C1 -> Changement depuis 2020 Ferney-Tunnel
B3: Vélo traditionel | D3: VAE | F3: Mode Nouveau Electrique | H3: Piéton/ne | J3: Vélo traditionel | L3: VAE | N3: Mode Nouveau Electrique (trotinette, scateboard , …) | P3: Piéton/ne | S3: Hommes | T3: Femmes | U3: %Femmes | V3: VT | W3: VAE | X3: Nouveau | Y3: 2r | Z3: %VAE | AA3: %Nouveau | AB3: Piétons | AC3: >CH | AD3: >FR | AE3: TOT | AG3: Hommes | AH3: Femmes | AI3: %Femmes | AJ3: VT | AK3: VAE | AL3: Nouveau | AM3: 2r | AN3: %VAE | AO3: %Nouveau | AP3: Piétons | AQ3: >CH | AR3: >FR | AS3: TOT | AU3: Hommes | AV3: Femmes | AW3: %Femmes | AX3: VT | AY3: VAE | AZ3: Nouveau | BA3: 2r | BB3: %VAE | BC3: %Nouveau | BD3: Piétons | BE3: >CH | BF3: >FR | BG3: TOT
A4: Heure | B4: H | C4: F | D4: H | E4: F | F4: H | G4: F | H4: H | I4: F | J4: H | K4: F | L4: H | M4: F | N4: H | O4: F | P4: H | Q4: F
A5: 0.29166667 | B5: 8 | C5: 2 | D5: 2 | E5: 1 | F5: 2 | G5: 0 | S5: =B5+D5+F5+H5+J5+L5+N5+P5 -> 12 | T5: =C5+E5+G5+I5+K5+M5+O5+Q5 -> 3 | U5: =T5/(T5+S5) -> 0.2 | V5: =B5+C5+J5+K5 -> 10 | W5: =D5+E5+L5+M5 -> 3 | X5: =F5+G5+N5+O5 -> 2 | Y5: =SUM(V5:X5) -> 15 | Z5: =W5/Y5 -> 0.2 | AA5: =X5/Y5 -> 0.13333333 | AB5: =H5+I5+P5+Q5 -> 0 | AC5: =SUM(B5:I5) -> 15 | AD5: =SUM(J5:Q5) -> 0 | AE5: =SUM(B5:Q5) -> 15 | AG5: 4 | AH5: 8 | AI5: 0.66666667 | AJ5: 7 | AK5: 5 | AL5: 0 | AM5: 12 | AN5: 0.41666667 | AO5: 0 | AP5: 0 | AQ5: 11 | AR5: 1 | AS5: 12 | AU5: =(S5/AG5) - 1 -> 2 | AV5: =(T5/AH5) - 1 -> -0.625 | AW5: =(U5/AI5) - 1 -> -0.7 | AX5: =(V5/AJ5) - 1 -> 0.42857143 | AY5: =(W5/AK5) - 1 -> -0.4 | AZ5: =(X5/AL5) - 1 -> #DIV/0! | BA5: =(Y5/AM5) - 1 -> 0.25 | BB5: =(Z5/AN5) - 1 -> -0.52 | ... BG5: =(AE5/AS5) - 1 -> 0.25
A6: 0.30208333 | B6: 9 | C6: 6 | D6: 8 | E6: 4 | F6: 1 | G6: 2 | J6: 1 | L6: 1 | S6: =B6+D6+F6+H6+J6+L6+N6+P6 -> 20 | T6: =C6+E6+G6+I6+K6+M6+O6+Q6 -> 12 | U6: =T6/(T6+S6) -> 0.375 | V6: =B6+C6+J6+K6 -> 16 | W6: =D6+E6+L6+M6 -> 13 | X6: =F6+G6+N6+O6 -> 3 | Y6: =SUM(V6:X6) -> 32 | Z6: =W6/Y6 -> 0.40625 | AA6: =X6/Y6 -> 0.09375 | AB6: =H6+I6+P6+Q6 -> 0 | AC6: =SUM(B6:I6) -> 30 | AD6: =SUM(J6:Q6) -> 2 | AE6: =SUM(B6:Q6) -> 32 | AG6: 9 | AH6: 4 | AI6: 0.30769231 | AJ6: 6 | AK6: 6 | AL6: 0 | AM6: 12 | AN6: 0.5 | AO6: 0 | AP6: 1 | AQ6: 13 | AR6: 0 | AS6: 13 | AU6: =(S6/AG6) - 1 -> 1.2222222 | AV6: =(T6/AH6) - 1 -> 2 | AW6: =(U6/AI6) - 1 -> 0.21875 | AX6: =(V6/AJ6) - 1 -> 1.6666667 | AY6: =(W6/AK6) - 1 -> 1.1666667 | AZ6: =(X6/AL6) - 1 -> #DIV/0! | BA6: =(Y6/AM6) - 1 -> 1.6666667 | BB6: =(Z6/AN6) - 1 -> -0.1875 | ... BG6: =(AE6/AS6) - 1 -> 1.4615385
A7: 0.3125 | B7: 6 | C7: 4 | D7: 6 | E7: 2 | F7: 1 | G7: 0 | S7: =B7+D7+F7+H7+J7+L7+N7+P7 -> 13 | T7: =C7+E7+G7+I7+K7+M7+O7+Q7 -> 6 | U7: =T7/(T7+S7) -> 0.31578947 | V7: =B7+C7+J7+K7 -> 10 | W7: =D7+E7+L7+M7 -> 8 | X7: =F7+G7+N7+O7 -> 1 | Y7: =SUM(V7:X7) -> 19 | Z7: =W7/Y7 -> 0.42105263 | AA7: =X7/Y7 -> 0.052631579 | AB7: =H7+I7+P7+Q7 -> 0 | AC7: =SUM(B7:I7) -> 19 | AD7: =SUM(J7:Q7) -> 0 | AE7: =SUM(B7:Q7) -> 19 | AG7: 14 | AH7: 5 | AI7: 0.26315789 | AJ7: 13 | AK7: 6 | AL7: 0 | AM7: 19 | AN7: 0.31578947 | AO7: 0 | AP7: 0 | AQ7: 18 | AR7: 1 | AS7: 19 | AU7: =(S7/AG7) - 1 -> -0.071428571 | AV7: =(T7/AH7) - 1 -> 0.2 | AW7: =(U7/AI7) - 1 -> 0.2 | AX7: =(V7/AJ7) - 1 -> -0.23076923 | AY7: =(W7/AK7) - 1 -> 0.33333333 | AZ7: =(X7/AL7) - 1 -> #DIV/0! | BA7: =(Y7/AM7) - 1 -> 0 | BB7: =(Z7/AN7) - 1 -> 0.33333333 | ... BG7: =(AE7/AS7) - 1 -> 0
A8: 0.32291667 | B8: 12 | C8: 5 | D8: 7 | E8: 9 | F8: 3 | G8: 0 | H8: 1 | I8: 1 | P8: 1 | S8: =B8+D8+F8+H8+J8+L8+N8+P8 -> 24 | T8: =C8+E8+G8+I8+K8+M8+O8+Q8 -> 15 | U8: =T8/(T8+S8) -> 0.38461538 | V8: =B8+C8+J8+K8 -> 17 | W8: =D8+E8+L8+M8 -> 16 | X8: =F8+G8+N8+O8 -> 3 | Y8: =SUM(V8:X8) -> 36 | Z8: =W8/Y8 -> 0.44444444 | AA8: =X8/Y8 -> 0.083333333 | AB8: =H8+I8+P8+Q8 -> 3 | AC8: =SUM(B8:I8) -> 38 | AD8: =SUM(J8:Q8) -> 1 | AE8: =SUM(B8:Q8) -> 39 | AG8: 11 | AH8: 6 | AI8: 0.35294118 | AJ8: 11 | AK8: 6 | AL8: 0 | AM8: 17 | AN8: 0.35294118 | AO8: 0 | AP8: 0 | AQ8: 17 | AR8: 0 | AS8: 17 | AU8: =(S8/AG8) - 1 -> 1.1818182 | AV8: =(T8/AH8) - 1 -> 1.5 | AW8: =(U8/AI8) - 1 -> 0.08974359 | AX8: =(V8/AJ8) - 1 -> 0.54545455 | AY8: =(W8/AK8) - 1 -> 1.6666667 | AZ8: =(X8/AL8) - 1 -> #DIV/0! | BA8: =(Y8/AM8) - 1 -> 1.1176471 | BB8: =(Z8/AN8) - 1 -> 0.25925926 | ... BG8: =(AE8/AS8) - 1 -> 1.2941176
A9: 0.33333333 | B9: 6 | C9: 3 | D9: 4 | E9: 3 | F9: 1 | G9: 1 | L9: 1 | S9: =B9+D9+F9+H9+J9+L9+N9+P9 -> 12 | T9: =C9+E9+G9+I9+K9+M9+O9+Q9 -> 7 | U9: =T9/(T9+S9) -> 0.36842105 | V9: =B9+C9+J9+K9 -> 9 | W9: =D9+E9+L9+M9 -> 8 | X9: =F9+G9+N9+O9 -> 2 | Y9: =SUM(V9:X9) -> 19 | Z9: =W9/Y9 -> 0.42105263 | AA9: =X9/Y9 -> 0.10526316 | AB9: =H9+I9+P9+Q9 -> 0 | AC9: =SUM(B9:I9) -> 18 | AD9: =SUM(J9:Q9) -> 1 | AE9: =SUM(B9:Q9) -> 19 | AG9: 13 | AH9: 12 | AI9: 0.48 | AJ9: 13 | AK9: 10 | AL9: 2 | AM9: 25 | AN9: 0.4 | AO9: 0.08 | AP9: 0 | AQ9: 23 | AR9: 2 | AS9: 25 | AU9: =(S9/AG9) - 1 -> -0.076923077 | AV9: =(T9/AH9) - 1 -> -0.41666667 | AW9: =(U9/AI9) - 1 -> -0.23245614 | AX9: =(V9/AJ9) - 1 -> -0.30769231 | AY9: =(W9/AK9) - 1 -> -0.2 | AZ9: =(X9/AL9) - 1 -> 0 | BA9: =(Y9/AM9) - 1 -> -0.24 | BB9: =(Z9/AN9) - 1 -> 0.052631579 | ... BG9: =(AE9/AS9) - 1 -> -0.24
A10: 0.34375 | B10: 5 | C10: 3 | D10: 7 | E10: 4 | F10: 3 | G10: 0 | L10: 2 | M10: 1 | S10: =B10+D10+F10+H10+J10+L10+N10+P10 -> 17 | T10: =C10+E10+G10+I10+K10+M10+O10+Q10 -> 8 | U10: =T10/(T10+S10) -> 0.32 | V10: =B10+C10+J10+K10 -> 8 | W10: =D10+E10+L10+M10 -> 14 | X10: =F10+G10+N10+O10 -> 3 | Y10: =SUM(V10:X10) -> 25 | Z10: =W10/Y10 -> 0.56 | AA10: =X10/Y10 -> 0.12 | AB10: =H10+I10+P10+Q10 -> 0 | AC10: =SUM(B10:I10) -> 22 | AD10: =SUM(J10:Q10) -> 3 | AE10: =SUM(B10:Q10) -> 25 | AG10: 13 | AH10: 14 | AI10: 0.51851852 | AJ10: 9 | AK10: 14 | AL10: 3 | AM10: 26 | AN10: 0.53846154 | AO10: 0.11538462 | AP10: 1 | AQ10: 23 | AR10: 4 | AS10: 27 | AU10: =(S10/AG10) - 1 -> 0.30769231 | AV10: =(T10/AH10) - 1 -> -0.42857143 | AW10: =(U10/AI10) - 1 -> -0.38285714 | AX10: =(V10/AJ10) - 1 -> -0.11111111 | AY10: =(W10/AK10) - 1 -> 0 | AZ10: =(X10/AL10) - 1 -> 0 | BA10: =(Y10/AM10) - 1 -> -0.038461538 | BB10: =(Z10/AN10) - 1 -> 0.04 | ... BG10: =(AE10/AS10) - 1 -> -0.074074074
A11: 0.35416667 | B11: 12 | C11: 1 | D11: 6 | E11: 2 | F11: 2 | G11: 2 | L11: 1 | S11: =B11+D11+F11+H11+J11+L11+N11+P11 -> 21 | T11: =C11+E11+G11+I11+K11+M11+O11+Q11 -> 5 | U11: =T11/(T11+S11) -> 0.19230769 | V11: =B11+C11+J11+K11 -> 13 | W11: =D11+E11+L11+M11 -> 9 | X11: =F11+G11+N11+O11 -> 4 | Y11: =SUM(V11:X11) -> 26 | Z11: =W11/Y11 -> 0.34615385 | AA11: =X11/Y11 -> 0.15384615 | AB11: =H11+I11+P11+Q11 -> 0 | AC11: =SUM(B11:I11) -> 25 | AD11: =SUM(J11:Q11) -> 1 | AE11: =SUM(B11:Q11) -> 26 | AG11: 21 | AH11: 9 | AI11: 0.3 | AJ11: 16 | AK11: 12 | AL11: 1 | AM11: 29 | AN11: 0.4137931 | AO11: 0.034482759 | AP11: 1 | AQ11: 27 | AR11: 3 | AS11: 30 | AU11: =(S11/AG11) - 1 -> 0 | AV11: =(T11/AH11) - 1 -> -0.44444444 | AW11: =(U11/AI11) - 1 -> -0.35897436 | AX11: =(V11/AJ11) - 1 -> -0.1875 | AY11: =(W11/AK11) - 1 -> -0.25 | AZ11: =(X11/AL11) - 1 -> 3 | BA11: =(Y11/AM11) - 1 -> -0.10344828 | BB11: =(Z11/AN11) - 1 -> -0.16346154 | ... BG11: =(AE11/AS11) - 1 -> -0.13333333
A12: 0.36458333 | B12: 11 | C12: 8 | D12: 8 | E12: 6 | F12: 2 | G12: 0 | I12: 1 | L12: 0 | S12: =B12+D12+F12+H12+J12+L12+N12+P12 -> 21 | T12: =C12+E12+G12+I12+K12+M12+O12+Q12 -> 15 | U12: =T12/(T12+S12) -> 0.41666667 | V12: =B12+C12+J12+K12 -> 19 | W12: =D12+E12+L12+M12 -> 14 | X12: =F12+G12+N12+O12 -> 2 | Y12: =SUM(V12:X12) -> 35 | Z12: =W12/Y12 -> 0.4 | AA12: =X12/Y12 -> 0.057142857 | AB12: =H12+I12+P12+Q12 -> 1 | AC12: =SUM(B12:I12) -> 36 | AD12: =SUM(J12:Q12) -> 0 | AE12: =SUM(B12:Q12) -> 36 | AG12: 13 | AH12: 4 | AI12: 0.23529412 | AJ12: 11 | AK12: 4 | AL12: 1 | AM12: 16 | AN12: 0.25 | AO12: 0.0625 | AP12: 1 | AQ12: 14 | AR12: 3 | AS12: 17 | AU12: =(S12/AG12) - 1 -> 0.61538462 | AV12: =(T12/AH12) - 1 -> 2.75 | AW12: =(U12/AI12) - 1 -> 0.77083333 | AX12: =(V12/AJ12) - 1 -> 0.72727273 | AY12: =(W12/AK12) - 1 -> 2.5 | AZ12: =(X12/AL12) - 1 -> 1 | BA12: =(Y12/AM12) - 1 -> 1.1875 | BB12: =(Z12/AN12) - 1 -> 0.6 | ... BG12: =(AE12/AS12) - 1 -> 1.1176471
A14: Total | B14: =SUM(B5:B12) -> 69 | C14: =SUM(C5:C12) -> 32 | D14: =SUM(D5:D12) -> 48 | E14: =SUM(E5:E12) -> 31 | F14: =SUM(F5:F12) -> 15 | G14: =SUM(G5:G12) -> 5 | H14: =SUM(H5:H12) -> 1 | I14: =SUM(I5:I12) -> 2 | ... Q14: =SUM(Q5:Q12) -> 0 | S14: =B14+D14+F14+H14+J14+L14+N14+P14 -> 140 | T14: =C14+E14+G14+I14+K14+M14+O14+Q14 -> 71 | U14: =T14/(T14+S14) -> 0.33649289 | V14: =B14+C14+J14+K14 -> 102 | W14: =D14+E14+L14+M14 -> 85 | X14: =F14+G14+N14+O14 -> 20 | Y14: =SUM(V14:X14) -> 207 | Z14: =W14/Y14 -> 0.41062802 | AA14: =X14/Y14 -> 0.096618357 | AB14: =H14+I14+P14+Q14 -> 4 | AC14: =SUM(B14:I14) -> 203 | AD14: =SUM(J14:Q14) -> 8 | AE14: =SUM(B14:Q14) -> 211 | AG14: 98 | AH14: 62 | AI14: 0.3875 | AJ14: 86 | AK14: 63 | AL14: 7 | AM14: 156 | AN14: 0.40384615 | AO14: 0.044871795 | AP14: 4 | AQ14: 146 | AR14: 14 | AS14: 160 | AU14: =(S14/AG14) - 1 -> 0.42857143 | AV14: =(T14/AH14) - 1 -> 0.14516129 | AW14: =(U14/AI14) - 1 -> -0.13163125 | AX14: =(V14/AJ14) - 1 -> 0.18604651 | AY14: =(W14/AK14) - 1 -> 0.34920635 | AZ14: =(X14/AL14) - 1 -> 1.8571429 | BA14: =(Y14/AM14) - 1 -> 0.32692308 | BB14: =(Z14/AN14) - 1 -> 0.016793191 | ... BG14: =(AE14/AS14) - 1 -> 0.31875
A15: Total HP | B15: =SUM(B7:B10) -> 29 | C15: =SUM(C7:C10) -> 15 | D15: =SUM(D7:D10) -> 24 | E15: =SUM(E7:E10) -> 18 | F15: =SUM(F7:F10) -> 8 | G15: =SUM(G7:G10) -> 1 | H15: =SUM(H7:H10) -> 1 | I15: =SUM(I7:I10) -> 1 | ... Q15: =SUM(Q7:Q10) -> 0 | S15: =B15+D15+F15+H15+J15+L15+N15+P15 -> 66 | T15: =C15+E15+G15+I15+K15+M15+O15+Q15 -> 36 | U15: =T15/(T15+S15) -> 0.35294118 | V15: =B15+C15+J15+K15 -> 44 | W15: =D15+E15+L15+M15 -> 46 | X15: =F15+G15+N15+O15 -> 9 | Y15: =SUM(V15:X15) -> 99 | Z15: =W15/Y15 -> 0.46464646 | AA15: =X15/Y15 -> 0.090909091 | AB15: =H15+I15+P15+Q15 -> 3 | AC15: =SUM(B15:I15) -> 97 | AD15: =SUM(J15:Q15) -> 5 | AE15: =SUM(B15:Q15) -> 102 | AG15: 51 | AH15: 37 | AI15: 0.42045455 | AJ15: 46 | AK15: 36 | AL15: 5 | AM15: 87 | AN15: 0.4137931 | AO15: 0.057471264 | AP15: 1 | AQ15: 81 | AR15: 7 | AS15: 88 | AU15: =(S15/AG15) - 1 -> 0.29411765 | AV15: =(T15/AH15) - 1 -> -0.027027027 | AW15: =(U15/AI15) - 1 -> -0.16057234 | AX15: =(V15/AJ15) - 1 -> -0.043478261 | AY15: =(W15/AK15) - 1 -> 0.27777778 | AZ15: =(X15/AL15) - 1 -> 0.8 | BA15: =(Y15/AM15) - 1 -> 0.13793103 | BB15: =(Z15/AN15) - 1 -> 0.12289562 | ... BG15: =(AE15/AS15) - 1 -> 0.15909091
A17: Tot 7 | B17: =SUM(B5:B8) -> 35 | C17: =SUM(C5:C8) -> 17 | D17: =SUM(D5:D8) -> 23 | E17: =SUM(E5:E8) -> 16 | F17: =SUM(F5:F8) -> 7 | G17: =SUM(G5:G8) -> 2 | H17: =SUM(H5:H8) -> 1 | I17: =SUM(I5:I8) -> 1 | ... Q17: =SUM(Q5:Q8) -> 0
A18: Tot 8 | B18: =SUM(B9:B12) -> 34 | C18: =SUM(C9:C12) -> 15 | D18: =SUM(D9:D12) -> 25 | E18: =SUM(E9:E12) -> 15 | F18: =SUM(F9:F12) -> 8 | G18: =SUM(G9:G12) -> 3 | H18: =SUM(H9:H12) -> 0 | I18: =SUM(I9:I12) -> 1 | ... Q18: =SUM(Q9:Q12) -> 0
S20: =S14/#REF! -> #REF! | T20: =T14/#REF! -> #REF! | AE20: =AE14/#REF! -> #REF! | AG20: 0.48039216 | AH20: 0.42465753 | AS20: 0.45714286

Sheet Ferney-BoisBrulé
B1: Lieu: | C1: Ferney-BoisBrûlé
B2: France -> Suisse | J2: Suisse -> France | S2: ="Totaux 2021 " & $C1 -> Totaux 2021 Ferney-BoisBrûlé | AG2: ="Totaux 2020 " & $C1 -> Totaux 2020 Ferney-BoisBrûlé
B3: Vélo traditionel | D3: VAE | F3: Mode Nouveau Electrique | H3: Piéton/ne | J3: Vélo traditionel | L3: VAE | N3: Mode Nouveau Electrique (trotinette, scateboard , …) | P3: Piéton/ne | S3: Hommes | T3: Femmes | U3: %Femmes | V3: VT | W3: VAE | X3: Nouveau | Y3: 2r | Z3: %VAE | AA3: %Nouveau | AB3: Piétons | AC3: >CH | AD3: >FR | AE3: TOT
A4: Heure | B4: H | C4: F | D4: H | E4: F | F4: H | G4: F | H4: H | I4: F | J4: H | K4: F | L4: H | M4: F | N4: H | O4: F | P4: H | Q4: F
A5: 0.29166667 | B5: 1 | C5: 1 | D5: 0 | E5: 1 | S5: =B5+D5+F5+H5+J5+L5+N5+P5 -> 1 | T5: =C5+E5+G5+I5+K5+M5+O5+Q5 -> 2 | U5: =T5/(T5+S5) -> 0.66666667 | V5: =B5+C5+J5+K5 -> 2 | W5: =D5+E5+L5+M5 -> 1 | X5: =F5+G5+N5+O5 -> 0 | Y5: =SUM(V5:X5) -> 3 | Z5: =W5/Y5 -> 0.33333333 | AA5: =X5/Y5 -> 0 | AB5: =H5+I5+P5+Q5 -> 0 | AC5: =SUM(B5:I5) -> 3 | AD5: =SUM(J5:Q5) -> 0 | AE5: =SUM(B5:Q5) -> 3
A6: 0.30208333 | B6: 0 | C6: 0 | D6: 0 | E6: 1 | S6: =B6+D6+F6+H6+J6+L6+N6+P6 -> 0 | T6: =C6+E6+G6+I6+K6+M6+O6+Q6 -> 1 | U6: =T6/(T6+S6) -> 1 | V6: =B6+C6+J6+K6 -> 0 | W6: =D6+E6+L6+M6 -> 1 | X6: =F6+G6+N6+O6 -> 0 | Y6: =SUM(V6:X6) -> 1 | Z6: =W6/Y6 -> 1 | AA6: =X6/Y6 -> 0 | AB6: =H6+I6+P6+Q6 -> 0 | AC6: =SUM(B6:I6) -> 1 | AD6: =SUM(J6:Q6) -> 0 | AE6: =SUM(B6:Q6) -> 1
A7: 0.3125 | B7: 4 | C7: 1 | D7: 3 | E7: 0 | S7: =B7+D7+F7+H7+J7+L7+N7+P7 -> 7 | T7: =C7+E7+G7+I7+K7+M7+O7+Q7 -> 1 | U7: =T7/(T7+S7) -> 0.125 | V7: =B7+C7+J7+K7 -> 5 | W7: =D7+E7+L7+M7 -> 3 | X7: =F7+G7+N7+O7 -> 0 | Y7: =SUM(V7:X7) -> 8 | Z7: =W7/Y7 -> 0.375 | AA7: =X7/Y7 -> 0 | AB7: =H7+I7+P7+Q7 -> 0 | AC7: =SUM(B7:I7) -> 8 | AD7: =SUM(J7:Q7) -> 0 | AE7: =SUM(B7:Q7) -> 8
A8: 0.32291667 | B8: 0 | C8: 0 | K8: 1 | S8: =B8+D8+F8+H8+J8+L8+N8+P8 -> 0 | T8: =C8+E8+G8+I8+K8+M8+O8+Q8 -> 1 | U8: =T8/(T8+S8) -> 1 | V8: =B8+C8+J8+K8 -> 1 | W8: =D8+E8+L8+M8 -> 0 | X8: =F8+G8+N8+O8 -> 0 | Y8: =SUM(V8:X8) -> 1 | Z8: =W8/Y8 -> 0 | AA8: =X8/Y8 -> 0 | AB8: =H8+I8+P8+Q8 -> 0 | AC8: =SUM(B8:I8) -> 0 | AD8: =SUM(J8:Q8) -> 1 | AE8: =SUM(B8:Q8) -> 1
A9: 0.33333333 | B9: 0 | J9: 1 | K9: 0 | L9: 1 | M9: 1 | S9: =B9+D9+F9+H9+J9+L9+N9+P9 -> 2 | T9: =C9+E9+G9+I9+K9+M9+O9+Q9 -> 1 | U9: =T9/(T9+S9) -> 0.33333333 | V9: =B9+C9+J9+K9 -> 1 | W9: =D9+E9+L9+M9 -> 2 | X9: =F9+G9+N9+O9 -> 0 | Y9: =SUM(V9:X9) -> 3 | Z9: =W9/Y9 -> 0.66666667 | AA9: =X9/Y9 -> 0 | AB9: =H9+I9+P9+Q9 -> 0 | AC9: =SUM(B9:I9) -> 0 | AD9: =SUM(J9:Q9) -> 3 | AE9: =SUM(B9:Q9) -> 3
A10: 0.34375 | B10: 1 | J10: 1 | K10: 0 | S10: =B10+D10+F10+H10+J10+L10+N10+P10 -> 2 | T10: =C10+E10+G10+I10+K10+M10+O10+Q10 -> 0 | U10: =T10/(T10+S10) -> 0 | V10: =B10+C10+J10+K10 -> 2 | W10: =D10+E10+L10+M10 -> 0 | X10: =F10+G10+N10+O10 -> 0 | Y10: =SUM(V10:X10) -> 2 | Z10: =W10/Y10 -> 0 | AA10: =X10/Y10 -> 0 | AB10: =H10+I10+P10+Q10 -> 0 | AC10: =SUM(B10:I10) -> 1 | AD10: =SUM(J10:Q10) -> 1 | AE10: =SUM(B10:Q10) -> 2
A11: 0.35416667 | J11: 2 | K11: 2 | S11: =B11+D11+F11+H11+J11+L11+N11+P11 -> 2 | T11: =C11+E11+G11+I11+K11+M11+O11+Q11 -> 2 | U11: =T11/(T11+S11) -> 0.5 | V11: =B11+C11+J11+K11 -> 4 | W11: =D11+E11+L11+M11 -> 0 | X11: =F11+G11+N11+O11 -> 0 | Y11: =SUM(V11:X11) -> 4 | Z11: =W11/Y11 -> 0 | AA11: =X11/Y11 -> 0 | AB11: =H11+I11+P11+Q11 -> 0 | AC11: =SUM(B11:I11) -> 0 | AD11: =SUM(J11:Q11) -> 4 | AE11: =SUM(B11:Q11) -> 4
A12: 0.36458333 | J12: 1 | S12: =B12+D12+F12+H12+J12+L12+N12+P12 -> 1 | T12: =C12+E12+G12+I12+K12+M12+O12+Q12 -> 0 | U12: =T12/(T12+S12) -> 0 | V12: =B12+C12+J12+K12 -> 1 | W12: =D12+E12+L12+M12 -> 0 | X12: =F12+G12+N12+O12 -> 0 | Y12: =SUM(V12:X12) -> 1 | Z12: =W12/Y12 -> 0 | AA12: =X12/Y12 -> 0 | AB12: =H12+I12+P12+Q12 -> 0 | AC12: =SUM(B12:I12) -> 0 | AD12: =SUM(J12:Q12) -> 1 | AE12: =SUM(B12:Q12) -> 1
A14: Total | B14: =SUM(B5:B12) -> 6 | C14: =SUM(C5:C12) -> 2 | D14: =SUM(D5:D12) -> 3 | E14: =SUM(E5:E12) -> 2 | F14: =SUM(F5:F12) -> 0 | G14: =SUM(G5:G12) -> 0 | H14: =SUM(H5:H12) -> 0 | I14: =SUM(I5:I12) -> 0 | ... Q14: =SUM(Q5:Q12) -> 0 | S14: =B14+D14+F14+H14+J14+L14+N14+P14 -> 15 | T14: =C14+E14+G14+I14+K14+M14+O14+Q14 -> 8 | U14: =T14/(T14+S14) -> 0.34782609 | V14: =B14+C14+J14+K14 -> 16 | W14: =D14+E14+L14+M14 -> 7 | X14: =F14+G14+N14+O14 -> 0 | Y14: =SUM(V14:X14) -> 23 | Z14: =W14/Y14 -> 0.30434783 | AA14: =X14/Y14 -> 0 | AB14: =H14+I14+P14+Q14 -> 0 | AC14: =SUM(B14:I14) -> 13 | AD14: =SUM(J14:Q14) -> 10 | AE14: =SUM(B14:Q14) -> 23
A15: Total HP | B15: =SUM(B7:B10) -> 5 | C15: =SUM(C7:C10) -> 1 | D15: =SUM(D7:D10) -> 3 | E15: =SUM(E7:E10) -> 0 | F15: =SUM(F7:F10) -> 0 | G15: =SUM(G7:G10) -> 0 | H15: =SUM(H7:H10) -> 0 | I15: =SUM(I7:I10) -> 0 | ... Q15: =SUM(Q7:Q10) -> 0 | S15: =B15+D15+F15+H15+J15+L15+N15+P15 -> 11 | T15: =C15+E15+G15+I15+K15+M15+O15+Q15 -> 3 | U15: =T15/(T15+S15) -> 0.21428571 | V15: =B15+C15+J15+K15 -> 9 | W15: =D15+E15+L15+M15 -> 5 | X15: =F15+G15+N15+O15 -> 0 | Y15: =SUM(V15:X15) -> 14 | Z15: =W15/Y15 -> 0.35714286 | AA15: =X15/Y15 -> 0 | AB15: =H15+I15+P15+Q15 -> 0 | AC15: =SUM(B15:I15) -> 9 | AD15: =SUM(J15:Q15) -> 5 | AE15: =SUM(B15:Q15) -> 14
A17: Tot 7 | B17: =SUM(B5:B8) -> 5 | C17: =SUM(C5:C8) -> 2 | D17: =SUM(D5:D8) -> 3 | E17: =SUM(E5:E8) -> 2 | F17: =SUM(F5:F8) -> 0 | G17: =SUM(G5:G8) -> 0 | H17: =SUM(H5:H8) -> 0 | I17: =SUM(I5:I8) -> 0 | ... Q17: =SUM(Q5:Q8) -> 0
A18: Tot 8 | B18: =SUM(B9:B12) -> 1 | C18: =SUM(C9:C12) -> 0 | D18: =SUM(D9:D12) -> 0 | E18: =SUM(E9:E12) -> 0 | F18: =SUM(F9:F12) -> 0 | G18: =SUM(G9:G12) -> 0 | H18: =SUM(H9:H12) -> 0 | I18: =SUM(I9:I12) -> 0 | ... Q18: =SUM(Q9:Q12) -> 0

Sheet StGenis total
B1: Lieu: | C1: StGenis Total
B2: France -> Suisse | J2: Suisse -> France | S2: ="Totaux 2021 " & $C1 -> Totaux 2021 StGenis Total | AG2: ="Totaux 2020 " & $C1 -> Totaux 2020 StGenis Total | AU2: ="Changement depuis 2020 " & $C1 -> Changement depuis 2020 StGenis Total
B3: Vélo traditionel | D3: VAE | F3: Mode Nouveau Electrique | H3: Piéton/ne | J3: Vélo traditionel | L3: VAE | N3: Mode Nouveau Electrique (trotinette, scateboard , …) | P3: Piéton/ne | S3: Hommes | T3: Femmes | U3: %Femmes | V3: VT | W3: VAE | X3: Nouveau | Y3: 2r | Z3: %VAE | AA3: %Nouveau | AB3: Piétons | AC3: >CH | AD3: >FR | AE3: TOT | AG3: Hommes | AH3: Femmes | AI3: %Femmes | AJ3: VT | AK3: VAE | AL3: Nouveau | AM3: 2r | AN3: %VAE | AO3: %Nouveau | AP3: Piétons | AQ3: >CH | AR3: >FR | AS3: TOT | AU3: Hommes | AV3: Femmes | AW3: %Femmes | AX3: VT | AY3: VAE | AZ3: Nouveau | BA3: 2r | BB3: %VAE | BC3: %Nouveau | BD3: Piétons | BE3: >CH | BF3: >FR | BG3: TOT
A4: Heure | B4: H | C4: F | D4: H | E4: F | F4: H | G4: F | H4: H | I4: F | J4: H | K4: F | L4: H | M4: F | N4: H | O4: F | P4: H | Q4: F
A5: 0.29166667 | B5: ='StGenis->Meyrin'!B5+'StGenis->Bourdigny'!B5+'RteEurope->Meyrin'!B5+'StGenis->CERN'!B5 -> 18 | C5: ='StGenis->Meyrin'!C5+'StGenis->Bourdigny'!C5+'RteEurope->Meyrin'!C5+'StGenis->CERN'!C5 -> 4 | D5: ='StGenis->Meyrin'!D5+'StGenis->Bourdigny'!D5+'RteEurope->Meyrin'!D5+'StGenis->CERN'!D5 -> 9 | E5: ='StGenis->Meyrin'!E5+'StGenis->Bourdigny'!E5+'RteEurope->Meyrin'!E5+'StGenis->CERN'!E5 -> 4 | F5: ='StGenis->Meyrin'!F5+'StGenis->Bourdigny'!F5+'RteEurope->Meyrin'!F5+'StGenis->CERN'!F5 -> 1 | G5: ='StGenis->Meyrin'!G5+'StGenis->Bourdigny'!G5+'RteEurope->Meyrin'!G5+'StGenis->CERN'!G5 -> 0 | H5: ='StGenis->Meyrin'!H5+'StGenis->Bourdigny'!H5+'RteEurope->Meyrin'!H5+'StGenis->CERN'!H5 -> 0 | I5: ='StGenis->Meyrin'!I5+'StGenis->Bourdigny'!I5+'RteEurope->Meyrin'!I5+'StGenis->CERN'!I5 -> 0 | ... Q5: ='StGenis->Meyrin'!Q5+'StGenis->Bourdigny'!Q5+'RteEurope->Meyrin'!Q5+'StGenis->CERN'!Q5 -> 0 | S5: =B5+D5+F5+H5+J5+L5+N5+P5 -> 29 | T5: =C5+E5+G5+I5+K5+M5+O5+Q5 -> 9 | U5: =T5/(T5+S5) -> 0.23684211 | V5: =B5+C5+J5+K5 -> 22 | W5: =D5+E5+L5+M5 -> 15 | X5: =F5+G5+N5+O5 -> 1 | Y5: =SUM(V5:X5) -> 38 | Z5: =W5/Y5 -> 0.39473684 | AA5: =X5/Y5 -> 0.026315789 | AB5: =H5+I5+P5+Q5 -> 0 | AC5: =SUM(B5:I5) -> 36 | AD5: =SUM(J5:Q5) -> 2 | AE5: =SUM(B5:Q5) -> 38 | AG5: 21 | AH5: 11 | AI5: 0.34375 | AJ5: 17 | AK5: 12 | AL5: 2 | AM5: 31 | AN5: 0.38709677 | AO5: 0.064516129 | AP5: 1 | AQ5: 31 | AR5: 1 | AS5: 32 | AU5: =(S5/AG5) - 1 -> 0.38095238 | AV5: =(T5/AH5) - 1 -> -0.18181818 | AW5: =(U5/AI5) - 1 -> -0.31100478 | AX5: =(V5/AJ5) - 1 -> 0.29411765 | AY5: =(W5/AK5) - 1 -> 0.25 | AZ5: =(X5/AL5) - 1 -> -0.5 | BA5: =(Y5/AM5) - 1 -> 0.22580645 | BB5: =(Z5/AN5) - 1 -> 0.019736842 | ... BG5: =(AE5/AS5) - 1 -> 0.1875
A6: 0.30208333 | B6: ='StGenis->Meyrin'!B6+'StGenis->Bourdigny'!B6+'RteEurope->Meyrin'!B6+'StGenis->CERN'!B6 -> 20 | C6: ='StGenis->Meyrin'!C6+'StGenis->Bourdigny'!C6+'RteEurope->Meyrin'!C6+'StGenis->CERN'!C6 -> 2 | D6: ='StGenis->Meyrin'!D6+'StGenis->Bourdigny'!D6+'RteEurope->Meyrin'!D6+'StGenis->CERN'!D6 -> 8 | E6: ='StGenis->Meyrin'!E6+'StGenis->Bourdigny'!E6+'RteEurope->Meyrin'!E6+'StGenis->CERN'!E6 -> 7 | F6: ='StGenis->Meyrin'!F6+'StGenis->Bourdigny'!F6+'RteEurope->Meyrin'!F6+'StGenis->CERN'!F6 -> 0 | G6: ='StGenis->Meyrin'!G6+'StGenis->Bourdigny'!G6+'RteEurope->Meyrin'!G6+'StGenis->CERN'!G6 -> 1 | H6: ='StGenis->Meyrin'!H6+'StGenis->Bourdigny'!H6+'RteEurope->Meyrin'!H6+'StGenis->CERN'!H6 -> 0 | I6: ='StGenis->Meyrin'!I6+'StGenis->Bourdigny'!I6+'RteEurope->Meyrin'!I6+'StGenis->CERN'!I6 -> 0 | ... Q6: ='StGenis->Meyrin'!Q6+'StGenis->Bourdigny'!Q6+'RteEurope->Meyrin'!Q6+'StGenis->CERN'!Q6 -> 0 | S6: =B6+D6+F6+H6+J6+L6+N6+P6 -> 29 | T6: =C6+E6+G6+I6+K6+M6+O6+Q6 -> 10 | U6: =T6/(T6+S6) -> 0.25641026 | V6: =B6+C6+J6+K6 -> 22 | W6: =D6+E6+L6+M6 -> 16 | X6: =F6+G6+N6+O6 -> 1 | Y6: =SUM(V6:X6) -> 39 | Z6: =W6/Y6 -> 0.41025641 | AA6: =X6/Y6 -> 0.025641026 | AB6: =H6+I6+P6+Q6 -> 0 | AC6: =SUM(B6:I6) -> 38 | AD6: =SUM(J6:Q6) -> 1 | AE6: =SUM(B6:Q6) -> 39 | AG6: 34 | AH6: 9 | AI6: 0.20930233 | AJ6: 19 | AK6: 18 | AL6: 2 | AM6: 39 | AN6: 0.46153846 | AO6: 0.051282051 | AP6: 4 | AQ6: 40 | AR6: 3 | AS6: 43 | AU6: =(S6/AG6) - 1 -> -0.14705882 | AV6: =(T6/AH6) - 1 -> 0.11111111 | AW6: =(U6/AI6) - 1 -> 0.22507123 | AX6: =(V6/AJ6) - 1 -> 0.15789474 | AY6: =(W6/AK6) - 1 -> -0.11111111 | AZ6: =(X6/AL6) - 1 -> -0.5 | BA6: =(Y6/AM6) - 1 -> 0 | BB6: =(Z6/AN6) - 1 -> -0.11111111 | ... BG6: =(AE6/AS6) - 1 -> -0.093023256
A7: 0.3125 | B7: ='StGenis->Meyrin'!B7+'StGenis->Bourdigny'!B7+'RteEurope->Meyrin'!B7+'StGenis->CERN'!B7 -> 18 | C7: ='StGenis->Meyrin'!C7+'StGenis->Bourdigny'!C7+'RteEurope->Meyrin'!C7+'StGenis->CERN'!C7 -> 2 | D7: ='StGenis->Meyrin'!D7+'StGenis->Bourdigny'!D7+'RteEurope->Meyrin'!D7+'StGenis->CERN'!D7 -> 6 | E7: ='StGenis->Meyrin'!E7+'StGenis->Bourdigny'!E7+'RteEurope->Meyrin'!E7+'StGenis->CERN'!E7 -> 9 | F7: ='StGenis->Meyrin'!F7+'StGenis->Bourdigny'!F7+'RteEurope->Meyrin'!F7+'StGenis->CERN'!F7 -> 3 | G7: ='StGenis->Meyrin'!G7+'StGenis->Bourdigny'!G7+'RteEurope->Meyrin'!G7+'StGenis->CERN'!G7 -> 0 | H7: ='StGenis->Meyrin'!H7+'StGenis->Bourdigny'!H7+'RteEurope->Meyrin'!H7+'StGenis->CERN'!H7 -> 4 | I7: ='StGenis->Meyrin'!I7+'StGenis->Bourdigny'!I7+'RteEurope->Meyrin'!I7+'StGenis->CERN'!I7 -> 0 | ... Q7: ='StGenis->Meyrin'!Q7+'StGenis->Bourdigny'!Q7+'RteEurope->Meyrin'!Q7+'StGenis->CERN'!Q7 -> 0 | S7: =B7+D7+F7+H7+J7+L7+N7+P7 -> 38 | T7: =C7+E7+G7+I7+K7+M7+O7+Q7 -> 12 | U7: =T7/(T7+S7) -> 0.24 | V7: =B7+C7+J7+K7 -> 26 | W7: =D7+E7+L7+M7 -> 17 | X7: =F7+G7+N7+O7 -> 3 | Y7: =SUM(V7:X7) -> 46 | Z7: =W7/Y7 -> 0.36956522 | AA7: =X7/Y7 -> 0.065217391 | AB7: =H7+I7+P7+Q7 -> 4 | AC7: =SUM(B7:I7) -> 42 | AD7: =SUM(J7:Q7) -> 8 | AE7: =SUM(B7:Q7) -> 50 | AG7: 20 | AH7: 9 | AI7: 0.31034483 | AJ7: 17 | AK7: 8 | AL7: 2 | AM7: 27 | AN7: 0.2962963 | AO7: 0.074074074 | AP7: 2 | AQ7: 29 | AR7: 0 | AS7: 29 | AU7: =(S7/AG7) - 1 -> 0.9 | AV7: =(T7/AH7) - 1 -> 0.33333333 | AW7: =(U7/AI7) - 1 -> -0.22666667 | AX7: =(V7/AJ7) - 1 -> 0.52941176 | AY7: =(W7/AK7) - 1 -> 1.125 | AZ7: =(X7/AL7) - 1 -> 0.5 | BA7: =(Y7/AM7) - 1 -> 0.7037037 | BB7: =(Z7/AN7) - 1 -> 0.24728261 | ... BG7: =(AE7/AS7) - 1 -> 0.72413793
A8: 0.32291667 | B8: ='StGenis->Meyrin'!B8+'StGenis->Bourdigny'!B8+'RteEurope->Meyrin'!B8+'StGenis->CERN'!B8 -> 18 | C8: ='StGenis->Meyrin'!C8+'StGenis->Bourdigny'!C8+'RteEurope->Meyrin'!C8+'StGenis->CERN'!C8 -> 4 | D8: ='StGenis->Meyrin'!D8+'StGenis->Bourdigny'!D8+'RteEurope->Meyrin'!D8+'StGenis->CERN'!D8 -> 9 | E8: ='StGenis->Meyrin'!E8+'StGenis->Bourdigny'!E8+'RteEurope->Meyrin'!E8+'StGenis->CERN'!E8 -> 5 | F8: ='StGenis->Meyrin'!F8+'StGenis->Bourdigny'!F8+'RteEurope->Meyrin'!F8+'StGenis->CERN'!F8 -> 0 | G8: ='StGenis->Meyrin'!G8+'StGenis->Bourdigny'!G8+'RteEurope->Meyrin'!G8+'StGenis->CERN'!G8 -> 0 | H8: ='StGenis->Meyrin'!H8+'StGenis->Bourdigny'!H8+'RteEurope->Meyrin'!H8+'StGenis->CERN'!H8 -> 5 | I8: ='StGenis->Meyrin'!I8+'StGenis->Bourdigny'!I8+'RteEurope->Meyrin'!I8+'StGenis->CERN'!I8 -> 1 | ... Q8: ='StGenis->Meyrin'!Q8+'StGenis->Bourdigny'!Q8+'RteEurope->Meyrin'!Q8+'StGenis->CERN'!Q8 -> 0 | S8: =B8+D8+F8+H8+J8+L8+N8+P8 -> 34 | T8: =C8+E8+G8+I8+K8+M8+O8+Q8 -> 11 | U8: =T8/(T8+S8) -> 0.24444444 | V8: =B8+C8+J8+K8 -> 24 | W8: =D8+E8+L8+M8 -> 15 | X8: =F8+G8+N8+O8 -> 0 | Y8: =SUM(V8:X8) -> 39 | Z8: =W8/Y8 -> 0.38461538 | AA8: =X8/Y8 -> 0 | AB8: =H8+I8+P8+Q8 -> 6 | AC8: =SUM(B8:I8) -> 42 | AD8: =SUM(J8:Q8) -> 3 | AE8: =SUM(B8:Q8) -> 45 | AG8: 12 | AH8: 13 | AI8: 0.52 | AJ8: 11 | AK8: 11 | AL8: 3 | AM8: 25 | AN8: 0.44 | AO8: 0.12 | AP8: 0 | AQ8: 25 | AR8: 0 | AS8: 25 | AU8: =(S8/AG8) - 1 -> 1.8333333 | AV8: =(T8/AH8) - 1 -> -0.15384615 | AW8: =(U8/AI8) - 1 -> -0.52991453 | AX8: =(V8/AJ8) - 1 -> 1.1818182 | AY8: =(W8/AK8) - 1 -> 0.36363636 | AZ8: =(X8/AL8) - 1 -> -1 | BA8: =(Y8/AM8) - 1 -> 0.56 | BB8: =(Z8/AN8) - 1 -> -0.12587413 | ... BG8: =(AE8/AS8) - 1 -> 0.8
A9: 0.33333333 | B9: ='StGenis->Meyrin'!B9+'StGenis->Bourdigny'!B9+'RteEurope->Meyrin'!B9+'StGenis->CERN'!B9 -> 21 | C9: ='StGenis->Meyrin'!C9+'StGenis->Bourdigny'!C9+'RteEurope->Meyrin'!C9+'StGenis->CERN'!C9 -> 4 | D9: ='StGenis->Meyrin'!D9+'StGenis->Bourdigny'!D9+'RteEurope->Meyrin'!D9+'StGenis->CERN'!D9 -> 6 | E9: ='StGenis->Meyrin'!E9+'StGenis->Bourdigny'!E9+'RteEurope->Meyrin'!E9+'StGenis->CERN'!E9 -> 3 | F9: ='StGenis->Meyrin'!F9+'StGenis->Bourdigny'!F9+'RteEurope->Meyrin'!F9+'StGenis->CERN'!F9 -> 1 | G9: ='StGenis->Meyrin'!G9+'StGenis->Bourdigny'!G9+'RteEurope->Meyrin'!G9+'StGenis->CERN'!G9 -> 1 | H9: ='StGenis->Meyrin'!H9+'StGenis->Bourdigny'!H9+'RteEurope->Meyrin'!H9+'StGenis->CERN'!H9 -> 6 | I9: ='StGenis->Meyrin'!I9+'StGenis->Bourdigny'!I9+'RteEurope->Meyrin'!I9+'StGenis->CERN'!I9 -> 1 | ... Q9: ='StGenis->Meyrin'!Q9+'StGenis->Bourdigny'!Q9+'RteEurope->Meyrin'!Q9+'StGenis->CERN'!Q9 -> 0 | S9: =B9+D9+F9+H9+J9+L9+N9+P9 -> 35 | T9: =C9+E9+G9+I9+K9+M9+O9+Q9 -> 9 | U9: =T9/(T9+S9) -> 0.20454545 | V9: =B9+C9+J9+K9 -> 25 | W9: =D9+E9+L9+M9 -> 10 | X9: =F9+G9+N9+O9 -> 2 | Y9: =SUM(V9:X9) -> 37 | Z9: =W9/Y9 -> 0.27027027 | AA9: =X9/Y9 -> 0.054054054 | AB9: =H9+I9+P9+Q9 -> 7 | AC9: =SUM(B9:I9) -> 43 | AD9: =SUM(J9:Q9) -> 1 | AE9: =SUM(B9:Q9) -> 44 | AG9: 21 | AH9: 9 | AI9: 0.3 | AJ9: 19 | AK9: 3 | AL9: 0 | AM9: 22 | AN9: 0.13636364 | AO9: 0 | AP9: 8 | AQ9: 28 | AR9: 2 | AS9: 30 | AU9: =(S9/AG9) - 1 -> 0.66666667 | AV9: =(T9/AH9) - 1 -> 0 | AW9: =(U9/AI9) - 1 -> -0.31818182 | AX9: =(V9/AJ9) - 1 -> 0.31578947 | AY9: =(W9/AK9) - 1 -> 2.3333333 | AZ9: =(X9/AL9) - 1 -> #DIV/0! | BA9: =(Y9/AM9) - 1 -> 0.68181818 | BB9: =(Z9/AN9) - 1 -> 0.98198198 | ... BG9: =(AE9/AS9) - 1 -> 0.46666667
A10: 0.34375 | B10: ='StGenis->Meyrin'!B10+'StGenis->Bourdigny'!B10+'RteEurope->Meyrin'!B10+'StGenis->CERN'!B10 -> 24 | C10: ='StGenis->Meyrin'!C10+'StGenis->Bourdigny'!C10+'RteEurope->Meyrin'!C10+'StGenis->CERN'!C10 -> 7 | D10: ='StGenis->Meyrin'!D10+'StGenis->Bourdigny'!D10+'RteEurope->Meyrin'!D10+'StGenis->CERN'!D10 -> 10 | E10: ='StGenis->Meyrin'!E10+'StGenis->Bourdigny'!E10+'RteEurope->Meyrin'!E10+'StGenis->CERN'!E10 -> 6 | F10: ='StGenis->Meyrin'!F10+'StGenis->Bourdigny'!F10+'RteEurope->Meyrin'!F10+'StGenis->CERN'!F10 -> 2 | G10: ='StGenis->Meyrin'!G10+'StGenis->Bourdigny'!G10+'RteEurope->Meyrin'!G10+'StGenis->CERN'!G10 -> 0 | H10: ='StGenis->Meyrin'!H10+'StGenis->Bourdigny'!H10+'RteEurope->Meyrin'!H10+'StGenis->CERN'!H10 -> 18 | I10: ='StGenis->Meyrin'!I10+'StGenis->Bourdigny'!I10+'RteEurope->Meyrin'!I10+'StGenis->CERN'!I10 -> 1 | ... Q10: ='StGenis->Meyrin'!Q10+'StGenis->Bourdigny'!Q10+'RteEurope->Meyrin'!Q10+'StGenis->CERN'!Q10 -> 0 | S10: =B10+D10+F10+H10+J10+L10+N10+P10 -> 57 | T10: =C10+E10+G10+I10+K10+M10+O10+Q10 -> 14 | U10: =T10/(T10+S10) -> 0.1971831 | V10: =B10+C10+J10+K10 -> 34 | W10: =D10+E10+L10+M10 -> 16 | X10: =F10+G10+N10+O10 -> 2 | Y10: =SUM(V10:X10) -> 52 | Z10: =W10/Y10 -> 0.30769231 | AA10: =X10/Y10 -> 0.038461538 | AB10: =H10+I10+P10+Q10 -> 19 | AC10: =SUM(B10:I10) -> 68 | AD10: =SUM(J10:Q10) -> 3 | AE10: =SUM(B10:Q10) -> 71 | AG10: 22 | AH10: 10 | AI10: 0.3125 | AJ10: 16 | AK10: 9 | AL10: 3 | AM10: 28 | AN10: 0.32142857 | AO10: 0.10714286 | AP10: 4 | AQ10: 30 | AR10: 2 | AS10: 32 | AU10: =(S10/AG10) - 1 -> 1.5909091 | AV10: =(T10/AH10) - 1 -> 0.4 | AW10: =(U10/AI10) - 1 -> -0.36901408 | AX10: =(V10/AJ10) - 1 -> 1.125 | AY10: =(W10/AK10) - 1 -> 0.77777778 | AZ10: =(X10/AL10) - 1 -> -0.33333333 | BA10: =(Y10/AM10) - 1 -> 0.85714286 | BB10: =(Z10/AN10) - 1 -> -0.042735043 | ... BG10: =(AE10/AS10) - 1 -> 1.21875
A11: 0.35416667 | B11: ='StGenis->Meyrin'!B11+'StGenis->Bourdigny'!B11+'RteEurope->Meyrin'!B11+'StGenis->CERN'!B11 -> 29 | C11: ='StGenis->Meyrin'!C11+'StGenis->Bourdigny'!C11+'RteEurope->Meyrin'!C11+'StGenis->CERN'!C11 -> 6 | D11: ='StGenis->Meyrin'!D11+'StGenis->Bourdigny'!D11+'RteEurope->Meyrin'!D11+'StGenis->CERN'!D11 -> 8 | E11: ='StGenis->Meyrin'!E11+'StGenis->Bourdigny'!E11+'RteEurope->Meyrin'!E11+'StGenis->CERN'!E11 -> 4 | F11: ='StGenis->Meyrin'!F11+'StGenis->Bourdigny'!F11+'RteEurope->Meyrin'!F11+'StGenis->CERN'!F11 -> 1 | G11: ='StGenis->Meyrin'!G11+'StGenis->Bourdigny'!G11+'RteEurope->Meyrin'!G11+'StGenis->CERN'!G11 -> 1 | H11: ='StGenis->Meyrin'!H11+'StGenis->Bourdigny'!H11+'RteEurope->Meyrin'!H11+'StGenis->CERN'!H11 -> 5 | I11: ='StGenis->Meyrin'!I11+'StGenis->Bourdigny'!I11+'RteEurope->Meyrin'!I11+'StGenis->CERN'!I11 -> 2 | ... Q11: ='StGenis->Meyrin'!Q11+'StGenis->Bourdigny'!Q11+'RteEurope->Meyrin'!Q11+'StGenis->CERN'!Q11 -> 0 | S11: =B11+D11+F11+H11+J11+L11+N11+P11 -> 45 | T11: =C11+E11+G11+I11+K11+M11+O11+Q11 -> 13 | U11: =T11/(T11+S11) -> 0.22413793 | V11: =B11+C11+J11+K11 -> 37 | W11: =D11+E11+L11+M11 -> 12 | X11: =F11+G11+N11+O11 -> 2 | Y11: =SUM(V11:X11) -> 51 | Z11: =W11/Y11 -> 0.23529412 | AA11: =X11/Y11 -> 0.039215686 | AB11: =H11+I11+P11+Q11 -> 7 | AC11: =SUM(B11:I11) -> 56 | AD11: =SUM(J11:Q11) -> 2 | AE11: =SUM(B11:Q11) -> 58 | AG11: 25 | AH11: 9 | AI11: 0.26470588 | AJ11: 17 | AK11: 1 | AL11: 10 | AM11: 28 | AN11: 0.035714286 | AO11: 0.35714286 | AP11: 6 | AQ11: 33 | AR11: 1 | AS11: 34 | AU11: =(S11/AG11) - 1 -> 0.8 | AV11: =(T11/AH11) - 1 -> 0.44444444 | AW11: =(U11/AI11) - 1 -> -0.1532567 | AX11: =(V11/AJ11) - 1 -> 1.1764706 | AY11: =(W11/AK11) - 1 -> 11 | AZ11: =(X11/AL11) - 1 -> -0.8 | BA11: =(Y11/AM11) - 1 -> 0.82142857 | BB11: =(Z11/AN11) - 1 -> 5.5882353 | ... BG11: =(AE11/AS11) - 1 -> 0.70588235
A12: 0.36458333 | B12: ='StGenis->Meyrin'!B12+'StGenis->Bourdigny'!B12+'RteEurope->Meyrin'!B12+'StGenis->CERN'!B12 -> 27 | C12: ='StGenis->Meyrin'!C12+'StGenis->Bourdigny'!C12+'RteEurope->Meyrin'!C12+'StGenis->CERN'!C12 -> 7 | D12: ='StGenis->Meyrin'!D12+'StGenis->Bourdigny'!D12+'RteEurope->Meyrin'!D12+'StGenis->CERN'!D12 -> 6 | E12: ='StGenis->Meyrin'!E12+'StGenis->Bourdigny'!E12+'RteEurope->Meyrin'!E12+'StGenis->CERN'!E12 -> 2 | F12: ='StGenis->Meyrin'!F12+'StGenis->Bourdigny'!F12+'RteEurope->Meyrin'!F12+'StGenis->CERN'!F12 -> 0 | G12: ='StGenis->Meyrin'!G12+'StGenis->Bourdigny'!G12+'RteEurope->Meyrin'!G12+'StGenis->CERN'!G12 -> 0 | H12: ='StGenis->Meyrin'!H12+'StGenis->Bourdigny'!H12+'RteEurope->Meyrin'!H12+'StGenis->CERN'!H12 -> 4 | I12: ='StGenis->Meyrin'!I12+'StGenis->Bourdigny'!I12+'RteEurope->Meyrin'!I12+'StGenis->CERN'!I12 -> 3 | ... Q12: ='StGenis->Meyrin'!Q12+'StGenis->Bourdigny'!Q12+'RteEurope->Meyrin'!Q12+'StGenis->CERN'!Q12 -> 0 | S12: =B12+D12+F12+H12+J12+L12+N12+P12 -> 39 | T12: =C12+E12+G12+I12+K12+M12+O12+Q12 -> 12 | U12: =T12/(T12+S12) -> 0.23529412 | V12: =B12+C12+J12+K12 -> 36 | W12: =D12+E12+L12+M12 -> 8 | X12: =F12+G12+N12+O12 -> 0 | Y12: =SUM(V12:X12) -> 44 | Z12: =W12/Y12 -> 0.18181818 | AA12: =X12/Y12 -> 0 | AB12: =H12+I12+P12+Q12 -> 7 | AC12: =SUM(B12:I12) -> 49 | AD12: =SUM(J12:Q12) -> 2 | AE12: =SUM(B12:Q12) -> 51 | AG12: 16 | AH12: 9 | AI12: 0.36 | AJ12: 12 | AK12: 0 | AL12: 5 | AM12: 17 | AN12: 0 | AO12: 0.29411765 | AP12: 8 | AQ12: 25 | AR12: 0 | AS12: 25 | AU12: =(S12/AG12) - 1 -> 1.4375 | AV12: =(T12/AH12) - 1 -> 0.33333333 | AW12: =(U12/AI12) - 1 -> -0.34640523 | AX12: =(V12/AJ12) - 1 -> 2 | AY12: =(W12/AK12) - 1 -> #DIV/0! | AZ12: =(X12/AL12) - 1 -> -1 | BA12: =(Y12/AM12) - 1 -> 1.5882353 | BB12: =(Z12/AN12) - 1 -> #DIV/0! | ... BG12: =(AE12/AS12) - 1 -> 1.04
B13: ='StGenis->Meyrin'!B13+'StGenis->Bourdigny'!B13+'RteEurope->Meyrin'!B13+'StGenis->CERN'!B13 -> 0 | C13: ='StGenis->Meyrin'!C13+'StGenis->Bourdigny'!C13+'RteEurope->Meyrin'!C13+'StGenis->CERN'!C13 -> 0 | D13: ='StGenis->Meyrin'!D13+'StGenis->Bourdigny'!D13+'RteEurope->Meyrin'!D13+'StGenis->CERN'!D13 -> 0 | E13: ='StGenis->Meyrin'!E13+'StGenis->Bourdigny'!E13+'RteEurope->Meyrin'!E13+'StGenis->CERN'!E13 -> 0 | F13: ='StGenis->Meyrin'!F13+'StGenis->Bourdigny'!F13+'RteEurope->Meyrin'!F13+'StGenis->CERN'!F13 -> 0 | G13: ='StGenis->Meyrin'!G13+'StGenis->Bourdigny'!G13+'RteEurope->Meyrin'!G13+'StGenis->CERN'!G13 -> 0 | H13: ='StGenis->Meyrin'!H13+'StGenis->Bourdigny'!H13+'RteEurope->Meyrin'!H13+'StGenis->CERN'!H13 -> 0 | I13: ='StGenis->Meyrin'!I13+'StGenis->Bourdigny'!I13+'RteEurope->Meyrin'!I13+'StGenis->CERN'!I13 -> 0 | ... Q13: ='StGenis->Meyrin'!Q13+'StGenis->Bourdigny'!Q13+'RteEurope->Meyrin'!Q13+'StGenis->CERN'!Q13 -> 0
A14: Total | B14: =SUM(B5:B12) -> 175 | C14: =SUM(C5:C12) -> 36 | D14: =SUM(D5:D12) -> 62 | E14: =SUM(E5:E12) -> 40 | F14: =SUM(F5:F12) -> 8 | G14: =SUM(G5:G12) -> 3 | H14: =SUM(H5:H12) -> 42 | I14: =SUM(I5:I12) -> 8 | ... Q14: =SUM(Q5:Q12) -> 0 | S14: =B14+D14+F14+H14+J14+L14+N14+P14 -> 306 | T14: =C14+E14+G14+I14+K14+M14+O14+Q14 -> 90 | U14: =T14/(T14+S14) -> 0.22727273 | V14: =B14+C14+J14+K14 -> 226 | W14: =D14+E14+L14+M14 -> 109 | X14: =F14+G14+N14+O14 -> 11 | Y14: =SUM(V14:X14) -> 346 | Z14: =W14/Y14 -> 0.3150289 | AA14: =X14/Y14 -> 0.031791908 | AB14: =H14+I14+P14+Q14 -> 50 | AC14: =SUM(B14:I14) -> 374 | AD14: =SUM(J14:Q14) -> 22 | AE14: =SUM(B14:Q14) -> 396 | AG14: 171 | AH14: 79 | AI14: 0.316 | AJ14: 128 | AK14: 62 | AL14: 27 | AM14: 217 | AN14: 0.28571429 | AO14: 0.12442396 | AP14: 33 | AQ14: 241 | AR14: 9 | AS14: 250 | AU14: =(S14/AG14) - 1 -> 0.78947368 | AV14: =(T14/AH14) - 1 -> 0.13924051 | AW14: =(U14/AI14) - 1 -> -0.28078251 | AX14: =(V14/AJ14) - 1 -> 0.765625 | AY14: =(W14/AK14) - 1 -> 0.75806452 | AZ14: =(X14/AL14) - 1 -> -0.59259259 | BA14: =(Y14/AM14) - 1 -> 0.59447005 | BB14: =(Z14/AN14) - 1 -> 0.10260116 | ... BG14: =(AE14/AS14) - 1 -> 0.584
A15: Total HP | B15: =SUM(B7:B10) -> 81 | C15: =SUM(C7:C10) -> 17 | D15: =SUM(D7:D10) -> 31 | E15: =SUM(E7:E10) -> 23 | F15: =SUM(F7:F10) -> 6 | G15: =SUM(G7:G10) -> 1 | H15: =SUM(H7:H10) -> 33 | I15: =SUM(I7:I10) -> 3 | ... Q15: =SUM(Q7:Q10) -> 0 | S15: =B15+D15+F15+H15+J15+L15+N15+P15 -> 164 | T15: =C15+E15+G15+I15+K15+M15+O15+Q15 -> 46 | U15: =T15/(T15+S15) -> 0.21904762 | V15: =B15+C15+J15+K15 -> 109 | W15: =D15+E15+L15+M15 -> 58 | X15: =F15+G15+N15+O15 -> 7 | Y15: =SUM(V15:X15) -> 174 | Z15: =W15/Y15 -> 0.33333333 | AA15: =X15/Y15 -> 0.040229885 | AB15: =H15+I15+P15+Q15 -> 36 | AC15: =SUM(B15:I15) -> 195 | AD15: =SUM(J15:Q15) -> 15 | AE15: =SUM(B15:Q15) -> 210 | AG15: 75 | AH15: 41 | AI15: 0.35344828 | AJ15: 63 | AK15: 31 | AL15: 8 | AM15: 102 | AN15: 0.30392157 | AO15: 0.078431373 | AP15: 14 | AQ15: 112 | AR15: 4 | AS15: 116 | AU15: =(S15/AG15) - 1 -> 1.1866667 | AV15: =(T15/AH15) - 1 -> 0.12195122 | AW15: =(U15/AI15) - 1 -> -0.38025552 | AX15: =(V15/AJ15) - 1 -> 0.73015873 | AY15: =(W15/AK15) - 1 -> 0.87096774 | AZ15: =(X15/AL15) - 1 -> -0.125 | BA15: =(Y15/AM15) - 1 -> 0.70588235 | BB15: =(Z15/AN15) - 1 -> 0.096774194 | ... BG15: =(AE15/AS15) - 1 -> 0.81034483
A17: Tot 7 | B17: =SUM(B5:B8) -> 74 | C17: =SUM(C5:C8) -> 12 | D17: =SUM(D5:D8) -> 32 | E17: =SUM(E5:E8) -> 25 | F17: =SUM(F5:F8) -> 4 | G17: =SUM(G5:G8) -> 1 | H17: =SUM(H5:H8) -> 9 | I17: =SUM(I5:I8) -> 1 | ... Q17: =SUM(Q5:Q8) -> 0
A18: Tot 8 | B18: =SUM(B9:B12) -> 101 | C18: =SUM(C9:C12) -> 24 | D18: =SUM(D9:D12) -> 30 | E18: =SUM(E9:E12) -> 15 | F18: =SUM(F9:F12) -> 4 | G18: =SUM(G9:G12) -> 2 | H18: =SUM(H9:H12) -> 33 | I18: =SUM(I9:I12) -> 7 | ... Q18: =SUM(Q9:Q12) -> 0

Sheet StGenis->Meyrin
B1: Lieu: | C1: STGenis -> Meyrin
B2: France -> Suisse | J2: Suisse -> France | S2: ="Totaux 2021 " & $C1 -> Totaux 2021 STGenis -> Meyrin | AG2: ="Totaux 2020 " & $C1 -> Totaux 2020 STGenis -> Meyrin | AU2: ="Changement depuis 2020 " & $C1 -> Changement depuis 2020 STGenis -> Meyrin
B3: Vélo traditionel | D3: VAE | F3: Mode Nouveau Electrique | H3: Piéton/ne | J3: Vélo traditionel | L3: VAE | N3: Mode Nouveau Electrique (trotinette, scateboard , …) | P3: Piéton/ne | S3: Hommes | T3: Femmes | U3: %Femmes | V3: VT | W3: VAE | X3: Nouveau | Y3: 2r | Z3: %VAE | AA3: %Nouveau | AB3: Piétons | AC3: >CH | AD3: >FR | AE3: TOT | AG3: Hommes | AH3: Femmes | AI3: %Femmes | AJ3: VT | AK3: VAE | AL3: Nouveau | AM3: 2r | AN3: %VAE | AO3: %Nouveau | AP3: Piétons | AQ3: >CH | AR3: >FR | AS3: TOT | AU3: Hommes | AV3: Femmes | AW3: %Femmes | AX3: VT | AY3: VAE | AZ3: Nouveau | BA3: 2r | BB3: %VAE | BC3: %Nouveau | BD3: Piétons | BE3: >CH | BF3: >FR | BG3: TOT
A4: Heure | B4: H | C4: F | D4: H | E4: F | F4: H | G4: F | H4: H | I4: F | J4: H | K4: F | L4: H | M4: F | N4: H | O4: F | P4: H | Q4: F
A5: 0.29166667 | B5: 10 | C5: 4 | D5: 3 | E5: 2 | F5: 1 | G5: 0 | H5: 0 | I5: 0 | J5: 0 | K5: 0 | L5: 1 | M5: 1 | N5: 0 | O5: 0 | P5: 0 | Q5: 0 | S5: =B5+D5+F5+H5+J5+L5+N5+P5 -> 15 | T5: =C5+E5+G5+I5+K5+M5+O5+Q5 -> 7 | U5: =T5/(T5+S5) -> 0.31818182 | V5: =B5+C5+J5+K5 -> 14 | W5: =D5+E5+L5+M5 -> 7 | X5: =F5+G5+N5+O5 -> 1 | Y5: =SUM(V5:X5) -> 22 | Z5: =W5/Y5 -> 0.31818182 | AA5: =X5/Y5 -> 0.045454545 | AB5: =H5+I5+P5+Q5 -> 0 | AC5: =SUM(B5:I5) -> 20 | AD5: =SUM(J5:Q5) -> 2 | AE5: =SUM(B5:Q5) -> 22 | AG5: 16 | AH5: 11 | AI5: 0.40740741 | AJ5: 14 | AK5: 11 | AL5: 2 | AM5: 27 | AN5: 0.40740741 | AO5: 0.074074074 | AP5: 0 | AQ5: 26 | AR5: 1 | AS5: 27 | AU5: =(S5/AG5) - 1 -> -0.0625 | AV5: =(T5/AH5) - 1 -> -0.36363636 | AW5: =(U5/AI5) - 1 -> -0.21900826 | AX5: =(V5/AJ5) - 1 -> 0 | AY5: =(W5/AK5) - 1 -> -0.36363636 | AZ5: =(X5/AL5) - 1 -> -0.5 | BA5: =(Y5/AM5) - 1 -> -0.18518519 | BB5: =(Z5/AN5) - 1 -> -0.21900826 | ... BG5: =(AE5/AS5) - 1 -> -0.18518519
A6: 0.30208333 | B6: 11 | C6: 2 | D6: 5 | E6: 6 | F6: 0 | G6: 1 | H6: 0 | I6: 0 | J6: 0 | K6: 0 | L6: 1 | M6: 0 | N6: 0 | O6: 0 | P6: 0 | Q6: 0 | S6: =B6+D6+F6+H6+J6+L6+N6+P6 -> 17 | T6: =C6+E6+G6+I6+K6+M6+O6+Q6 -> 9 | U6: =T6/(T6+S6) -> 0.34615385 | V6: =B6+C6+J6+K6 -> 13 | W6: =D6+E6+L6+M6 -> 12 | X6: =#REF!+#REF!+N6+O6 -> #REF! | Y6: =SUM(V6:X6) -> #REF! | Z6: =W6/Y6 -> #REF! | AA6: =X6/Y6 -> #REF! | AB6: =F6+G6+P6+Q6 -> 1 | AC6: =SUM(B6:G6) -> 25 | AD6: =SUM(J6:Q6) -> 1 | AE6: =SUM(B6:Q6) -> 26 | AG6: #REF! | AH6: #REF! | AI6: #REF! | AJ6: 9 | AK6: 14 | AL6: #REF! | AM6: #REF! | AN6: #REF! | AO6: #REF! | AP6: 2 | AQ6: 22 | AR6: 3 | AS6: 26 | AU6: =(S6/AG6) - 1 -> #REF! | AV6: =(T6/AH6) - 1 -> #REF! | AW6: =(U6/AI6) - 1 -> #REF! | AX6: =(V6/AJ6) - 1 -> 0.44444444 | AY6: =(W6/AK6) - 1 -> -0.14285714 | AZ6: =(X6/AL6) - 1 -> #REF! | BA6: =(Y6/AM6) - 1 -> #REF! | BB6: =(Z6/AN6) - 1 -> #REF! | ... BG6: =(AE6/AS6) - 1 -> 0
A7: 0.3125 | B7: 11 | C7: 2 | D7: 5 | E7: 9 | F7: 3 | G7: 0 | H7: 1 | I7: 0 | J7: 1 | K7: 0 | L7: 1 | M7: 1 | N7: 0 | O7: 0 | P7: 0 | Q7: 0 | S7: =B7+D7+F7+H7+J7+L7+N7+P7 -> 22 | T7: =C7+E7+G7+I7+K7+M7+O7+Q7 -> 12 | U7: =T7/(T7+S7) -> 0.35294118 | V7: =B7+C7+J7+K7 -> 14 | W7: =D7+E7+L7+M7 -> 16 | X7: =F7+G7+N7+O7 -> 3 | Y7: =SUM(V7:X7) -> 33 | Z7: =W7/Y7 -> 0.48484848 | AA7: =X7/Y7 -> 0.090909091 | AB7: =H7+I7+P7+Q7 -> 1 | AC7: =SUM(B7:I7) -> 31 | AD7: =SUM(J7:Q7) -> 3 | AE7: =SUM(B7:Q7) -> 34 | AG7: 15 | AH7: 8 | AI7: 0.34782609 | AJ7: 12 | AK7: 8 | AL7: 2 | AM7: 22 | AN7: 0.36363636 | AO7: 0.090909091 | AP7: 1 | AQ7: 23 | AR7: 0 | AS7: 23 | AU7: =(S7/AG7) - 1 -> 0.46666667 | AV7: =(T7/AH7) - 1 -> 0.5 | AW7: =(U7/AI7) - 1 -> 0.014705882 | AX7: =(V7/AJ7) - 1 -> 0.16666667 | AY7: =(W7/AK7) - 1 -> 1 | AZ7: =(X7/AL7) - 1 -> 0.5 | BA7: =(Y7/AM7) - 1 -> 0.5 | BB7: =(Z7/AN7) - 1 -> 0.33333333 | ... BG7: =(AE7/AS7) - 1 -> 0.47826087
A8: 0.32291667 | B8: 7 | C8: 1 | D8: 8 | E8: 4 | F8: 0 | G8: 0 | H8: 1 | I8: 1 | J8: 1 | K8: 0 | L8: 0 | M8: 1 | N8: 0 | O8: 0 | P8: 0 | Q8: 0 | S8: =B8+D8+F8+H8+J8+L8+N8+P8 -> 17 | T8: =C8+E8+G8+I8+K8+M8+O8+Q8 -> 7 | U8: =T8/(T8+S8) -> 0.29166667 | V8: =B8+C8+J8+K8 -> 9 | W8: =D8+E8+L8+M8 -> 13 | X8: =F8+G8+N8+O8 -> 0 | Y8: =SUM(V8:X8) -> 22 | Z8: =W8/Y8 -> 0.59090909 | AA8: =X8/Y8 -> 0 | AB8: =H8+I8+P8+Q8 -> 2 | AC8: =SUM(B8:I8) -> 22 | AD8: =SUM(J8:Q8) -> 2 | AE8: =SUM(B8:Q8) -> 24 | AG8: 11 | AH8: 10 | AI8: 0.47619048 | AJ8: 7 | AK8: 11 | AL8: 3 | AM8: 21 | AN8: 0.52380952 | AO8: 0.14285714 | AP8: 0 | AQ8: 21 | AR8: 0 | AS8: 21 | AU8: =(S8/AG8) - 1 -> 0.54545455 | AV8: =(T8/AH8) - 1 -> -0.3 | AW8: =(U8/AI8) - 1 -> -0.3875 | AX8: =(V8/AJ8) - 1 -> 0.28571429 | AY8: =(W8/AK8) - 1 -> 0.18181818 | AZ8: =(X8/AL8) - 1 -> -1 | BA8: =(Y8/AM8) - 1 -> 0.047619048 | BB8: =(Z8/AN8) - 1 -> 0.12809917 | ... BG8: =(AE8/AS8) - 1 -> 0.14285714
A9: 0.33333333 | B9: 6 | C9: 2 | D9: 6 | E9: 2 | F9: 1 | G9: 0 | H9: 1 | I9: 0 | J9: 0 | K9: 0 | L9: 1 | M9: 0 | N9: 0 | O9: 0 | P9: 0 | Q9: 0 | S9: =B9+D9+F9+H9+J9+L9+N9+P9 -> 15 | T9: =C9+E9+G9+I9+K9+M9+O9+Q9 -> 4 | U9: =T9/(T9+S9) -> 0.21052632 | V9: =B9+C9+J9+K9 -> 8 | W9: =D9+E9+L9+M9 -> 9 | X9: =F9+G9+N9+O9 -> 1 | Y9: =SUM(V9:X9) -> 18 | Z9: =W9/Y9 -> 0.5 | AA9: =X9/Y9 -> 0.055555556 | AB9: =H9+I9+P9+Q9 -> 1 | AC9: =SUM(B9:I9) -> 18 | AD9: =SUM(J9:Q9) -> 1 | AE9: =SUM(B9:Q9) -> 19 | AG9: 15 | AH9: 7 | AI9: 0.31818182 | AJ9: 15 | AK9: 2 | AL9: 0 | AM9: 17 | AN9: 0.11764706 | AO9: 0 | AP9: 5 | AQ9: 20 | AR9: 2 | AS9: 22 | AU9: =(S9/AG9) - 1 -> 0 | AV9: =(T9/AH9) - 1 -> -0.42857143 | AW9: =(U9/AI9) - 1 -> -0.33834586 | AX9: =(V9/AJ9) - 1 -> -0.46666667 | AY9: =(W9/AK9) - 1 -> 3.5 | AZ9: =(X9/AL9) - 1 -> #DIV/0! | BA9: =(Y9/AM9) - 1 -> 0.058823529 | BB9: =(Z9/AN9) - 1 -> 3.25 | ... BG9: =(AE9/AS9) - 1 -> -0.13636364
A10: 0.34375 | B10: 6 | C10: 4 | D10: 9 | E10: 6 | F10: 2 | G10: 0 | H10: 5 | I10: 0 | J10: 2 | K10: 0 | L10: 0 | M10: 0 | N10: 0 | O10: 0 | P10: 0 | Q10: 0 | S10: =B10+D10+F10+H10+J10+L10+N10+P10 -> 24 | T10: =C10+E10+G10+I10+K10+M10+O10+Q10 -> 10 | U10: =T10/(T10+S10) -> 0.29411765 | V10: =B10+C10+J10+K10 -> 12 | W10: =D10+E10+L10+M10 -> 15 | X10: =F10+G10+N10+O10 -> 2 | Y10: =SUM(V10:X10) -> 29 | Z10: =W10/Y10 -> 0.51724138 | AA10: =X10/Y10 -> 0.068965517 | AB10: =H10+I10+P10+Q10 -> 5 | AC10: =SUM(B10:I10) -> 32 | AD10: =SUM(J10:Q10) -> 2 | AE10: =SUM(B10:Q10) -> 34 | AG10: 14 | AH10: 8 | AI10: 0.36363636 | AJ10: 11 | AK10: 7 | AL10: 3 | AM10: 21 | AN10: 0.33333333 | AO10: 0.14285714 | AP10: 1 | AQ10: 20 | AR10: 2 | AS10: 22 | AU10: =(S10/AG10) - 1 -> 0.71428571 | AV10: =(T10/AH10) - 1 -> 0.25 | AW10: =(U10/AI10) - 1 -> -0.19117647 | AX10: =(V10/AJ10) - 1 -> 0.090909091 | AY10: =(W10/AK10) - 1 -> 1.1428571 | AZ10: =(X10/AL10) - 1 -> -0.33333333 | BA10: =(Y10/AM10) - 1 -> 0.38095238 | BB10: =(Z10/AN10) - 1 -> 0.55172414 | ... BG10: =(AE10/AS10) - 1 -> 0.54545455
A11: 0.35416667 | B11: 9 | C11: 3 | D11: 5 | E11: 4 | F11: 0 | G11: 0 | H11: 1 | I11: 1 | J11: 2 | K11: 0 | L11: 0 | M11: 0 | N11: 0 | O11: 0 | P11: 0 | Q11: 0 | S11: =B11+D11+F11+H11+J11+L11+N11+P11 -> 17 | T11: =C11+E11+G11+I11+K11+M11+O11+Q11 -> 8 | U11: =T11/(T11+S11) -> 0.32 | V11: =B11+C11+J11+K11 -> 14 | W11: =D11+E11+L11+M11 -> 9 | X11: =F11+G11+N11+O11 -> 0 | Y11: =SUM(V11:X11) -> 23 | Z11: =W11/Y11 -> 0.39130435 | AA11: =X11/Y11 -> 0 | AB11: =H11+I11+P11+Q11 -> 2 | AC11: =SUM(B11:I11) -> 23 | AD11: =SUM(J11:Q11) -> 2 | AE11: =SUM(B11:Q11) -> 25 | AG11: 15 | AH11: 8 | AI11: 0.34782609 | AJ11: 12 | AK11: 1 | AL11: 10 | AM11: 23 | AN11: 0.043478261 | AO11: 0.43478261 | AP11: 0 | AQ11: 22 | AR11: 1 | AS11: 23 | AU11: =(S11/AG11) - 1 -> 0.13333333 | AV11: =(T11/AH11) - 1 -> 0 | AW11: =(U11/AI11) - 1 -> -0.08 | AX11: =(V11/AJ11) - 1 -> 0.16666667 | AY11: =(W11/AK11) - 1 -> 8 | AZ11: =(X11/AL11) - 1 -> -1 | BA11: =(Y11/AM11) - 1 -> 0 | BB11: =(Z11/AN11) - 1 -> 8 | ... BG11: =(AE11/AS11) - 1 -> 0.086956522
A12: 0.36458333 | B12: 10 | C12: 2 | D12: 4 | E12: 2 | F12: 0 | G12: 0 | H12: 2 | I12: 0 | J12: 2 | K12: 0 | L12: 0 | M12: 0 | N12: 0 | O12: 0 | P12: 0 | Q12: 0 | S12: =B12+D12+F12+H12+J12+L12+N12+P12 -> 18 | T12: =C12+E12+G12+I12+K12+M12+O12+Q12 -> 4 | U12: =T12/(T12+S12) -> 0.18181818 | V12: =B12+C12+J12+K12 -> 14 | W12: =D12+E12+L12+M12 -> 6 | X12: =F12+G12+N12+O12 -> 0 | Y12: =SUM(V12:X12) -> 20 | Z12: =W12/Y12 -> 0.3 | AA12: =X12/Y12 -> 0 | AB12: =H12+I12+P12+Q12 -> 2 | AC12: =SUM(B12:I12) -> 20 | AD12: =SUM(J12:Q12) -> 2 | AE12: =SUM(B12:Q12) -> 22 | AG12: 5 | AH12: 5 | AI12: 0.5 | AJ12: 4 | AK12: 0 | AL12: 5 | AM12: 9 | AN12: 0 | AO12: 0.55555556 | AP12: 1 | AQ12: 10 | AR12: 0 | AS12: 10 | AU12: =(S12/AG12) - 1 -> 2.6 | AV12: =(T12/AH12) - 1 -> -0.2 | AW12: =(U12/AI12) - 1 -> -0.63636364 | AX12: =(V12/AJ12) - 1 -> 2.5 | AY12: =(W12/AK12) - 1 -> #DIV/0! | AZ12: =(X12/AL12) - 1 -> -1 | BA12: =(Y12/AM12) - 1 -> 1.2222222 | BB12: =(Z12/AN12) - 1 -> #DIV/0! | ... BG12: =(AE12/AS12) - 1 -> 1.2
A14: Total | B14: =SUM(B5:B12) -> 70 | C14: =SUM(C5:C12) -> 20 | D14: =SUM(D5:D12) -> 45 | E14: =SUM(E5:E12) -> 35 | F14: =SUM(F5:F12) -> 7 | G14: =SUM(G5:G12) -> 1 | H14: =SUM(H5:H12) -> 11 | I14: =SUM(I5:I12) -> 2 | ... Q14: =SUM(Q5:Q12) -> 0 | S14: =B14+D14+F14+H14+J14+L14+N14+P14 -> 145 | T14: =C14+E14+G14+I14+K14+M14+O14+Q14 -> 61 | U14: =T14/(T14+S14) -> 0.2961165 | V14: =B14+C14+J14+K14 -> 98 | W14: =D14+E14+L14+M14 -> 87 | X14: =F14+G14+N14+O14 -> 8 | Y14: =SUM(V14:X14) -> 193 | Z14: =W14/Y14 -> 0.4507772 | AA14: =X14/Y14 -> 0.041450777 | AB14: =H14+I14+P14+Q14 -> 13 | AC14: =SUM(B14:I14) -> 191 | AD14: =SUM(J14:Q14) -> 15 | AE14: =SUM(B14:Q14) -> 206 | AG14: 109 | AH14: 65 | AI14: 0.37356322 | AJ14: 84 | AK14: 54 | AL14: 27 | AM14: 165 | AN14: 0.32727273 | AO14: 0.16363636 | AP14: 9 | AQ14: 165 | AR14: 9 | AS14: 174 | AU14: =(S14/AG14) - 1 -> 0.33027523 | AV14: =(T14/AH14) - 1 -> -0.061538462 | AW14: =(U14/AI14) - 1 -> -0.20731889 | AX14: =(V14/AJ14) - 1 -> 0.16666667 | AY14: =(W14/AK14) - 1 -> 0.61111111 | AZ14: =(X14/AL14) - 1 -> -0.7037037 | BA14: =(Y14/AM14) - 1 -> 0.16969697 | BB14: =(Z14/AN14) - 1 -> 0.37737478 | ... BG14: =(AE14/AS14) - 1 -> 0.18390805
A15: Total HP | B15: =SUM(B7:B10) -> 30 | C15: =SUM(C7:C10) -> 9 | D15: =SUM(D7:D10) -> 28 | E15: =SUM(E7:E10) -> 21 | F15: =SUM(F7:F10) -> 6 | G15: =SUM(G7:G10) -> 0 | H15: =SUM(H7:H10) -> 8 | I15: =SUM(I7:I10) -> 1 | ... Q15: =SUM(Q7:Q10) -> 0 | S15: =B15+D15+F15+H15+J15+L15+N15+P15 -> 78 | T15: =C15+E15+G15+I15+K15+M15+O15+Q15 -> 33 | U15: =T15/(T15+S15) -> 0.2972973 | V15: =B15+C15+J15+K15 -> 43 | W15: =D15+E15+L15+M15 -> 53 | X15: =F15+G15+N15+O15 -> 6 | Y15: =SUM(V15:X15) -> 102 | Z15: =W15/Y15 -> 0.51960784 | AA15: =X15/Y15 -> 0.058823529 | AB15: =H15+I15+P15+Q15 -> 9 | AC15: =SUM(B15:I15) -> 103 | AD15: =SUM(J15:Q15) -> 8 | AE15: =SUM(B15:Q15) -> 111 | AG15: 55 | AH15: 33 | AI15: 0.375 | AJ15: 45 | AK15: 28 | AL15: 8 | AM15: 81 | AN15: 0.34567901 | AO15: 0.098765432 | AP15: 7 | AQ15: 84 | AR15: 4 | AS15: 88 | AU15: =(S15/AG15) - 1 -> 0.41818182 | AV15: =(T15/AH15) - 1 -> 0 | AW15: =(U15/AI15) - 1 -> -0.20720721 | AX15: =(V15/AJ15) - 1 -> -0.044444444 | AY15: =(W15/AK15) - 1 -> 0.89285714 | AZ15: =(X15/AL15) - 1 -> -0.25 | BA15: =(Y15/AM15) - 1 -> 0.25925926 | BB15: =(Z15/AN15) - 1 -> 0.50315126 | ... BG15: =(AE15/AS15) - 1 -> 0.26136364
A17: 7 | B17: =SUM(B5:B8) -> 39 | C17: =SUM(C5:C8) -> 9 | D17: =SUM(D5:D8) -> 21 | E17: =SUM(E5:E8) -> 21 | F17: =SUM(F5:F8) -> 4 | G17: =SUM(G5:G8) -> 1 | H17: =SUM(H5:H8) -> 2 | I17: =SUM(I5:I8) -> 1 | ... Q17: =SUM(Q5:Q8) -> 0
A18: 8 | B18: =SUM(B9:B12) -> 31 | C18: =SUM(C9:C12) -> 11 | D18: =SUM(D9:D12) -> 24 | E18: =SUM(E9:E12) -> 14 | F18: =SUM(F9:F12) -> 3 | G18: =SUM(G9:G12) -> 0 | H18: =SUM(H9:H12) -> 9 | I18: =SUM(I9:I12) -> 1 | ... Q18: =SUM(Q9:Q12) -> 0
S19: =S14/#REF! -> #REF! | T19: =T14/#REF! -> #REF! | AG19: 0.41132075 | AH19: 0.73863636

Sheet StGenis->Bourdigny
B1: Lieu: | C1: StGenis -> Bourdigny
B2: France -> Suisse | J2: Suisse -> France | S2: ="Totaux 2021 " & $C1 -> Totaux 2021 StGenis -> Bourdigny | AG2: ="Totaux 2020 " & $C1 -> Totaux 2020 StGenis -> Bourdigny | AU2: ="Changement depuis 2020 " & $C1 -> Changement depuis 2020 StGenis -> Bourdigny
B3: Vélo traditionel | D3: VAE | F3: Mode Nouveau Electrique | H3: Piéton/ne | J3: Vélo traditionel | L3: VAE | N3: Mode Nouveau Electrique (trotinette, scateboard , …) | P3: Piéton/ne | S3: Hommes | T3: Femmes | U3: %Femmes | V3: VT | W3: VAE | X3: Nouveau | Y3: TotVelo | Z3: %VAE | AA3: %Nouveau | AB3: Piétons | AC3: >CH | AD3: >FR | AE3: TOT | AG3: Hommes | AH3: Femmes | AI3: %Femmes | AJ3: VT | AK3: VAE | AL3: Nouveau | AM3: TotVelo | AN3: %VAE | AO3: %Nouveau | AP3: Piétons | AQ3: >CH | AR3: >FR | AS3: TOT | AU3: Hommes | AV3: Femmes | AW3: %Femmes | AX3: VT | AY3: VAE | AZ3: Nouveau | BA3: 2r | BB3: %VAE | BC3: %Nouveau | BD3: Piétons | BE3: >CH | BF3: >FR | BG3: TOT
A4: Heure | B4: H | C4: F | D4: H | E4: F | F4: H | G4: F | H4: H | I4: F | J4: H | K4: F | L4: H | M4: F | N4: H | O4: F | P4: H | Q4: F
A5: 0.29166667 | B5: 2 | D5: 5 | E5: 1 | S5: =B5+D5+F5+H5+J5+L5+N5+P5 -> 7 | T5: =C5+E5+G5+I5+K5+M5+O5+Q5 -> 1 | U5: =T5/(T5+S5) -> 0.125 | V5: =B5+C5+J5+K5 -> 2 | W5: =D5+E5+L5+M5 -> 6 | X5: =F5+G5+N5+O5 -> 0 | Y5: =SUM(V5:X5) -> 8 | Z5: =W5/Y5 -> 0.75 | AA5: =X5/Y5 -> 0 | AB5: =H5+I5+P5+Q5 -> 0 | AC5: =SUM(B5:I5) -> 8 | AD5: =SUM(J5:Q5) -> 0 | AE5: =SUM(B5:Q5) -> 8 | AG5: 1 | AH5: 0 | AI5: 0 | AJ5: 0 | AK5: 1 | AL5: 0 | AM5: 1 | AN5: 1 | AO5: 0 | AP5: 0 | AQ5: 1 | AR5: 0 | AS5: 1 | AU5: =(S5/AG5) - 1 -> 6 | AV5: =(T5/AH5) - 1 -> #DIV/0! | AW5: =(U5/AI5) - 1 -> #DIV/0! | AX5: =(V5/AJ5) - 1 -> #DIV/0! | AY5: =(W5/AK5) - 1 -> 5 | AZ5: =(X5/AL5) - 1 -> #DIV/0! | BA5: =(Y5/AM5) - 1 -> 7 | BB5: =(Z5/AN5) - 1 -> -0.25 | ... BG5: =(AE5/AS5) - 1 -> 7
A6: 0.30208333 | B6: 3 | E6: 1 | S6: =B6+D6+F6+H6+J6+L6+N6+P6 -> 3 | T6: =C6+E6+G6+I6+K6+M6+O6+Q6 -> 1 | U6: =T6/(T6+S6) -> 0.25 | V6: =B6+C6+J6+K6 -> 3 | W6: =D6+E6+L6+M6 -> 1 | X6: =F6+G6+N6+O6 -> 0 | Y6: =SUM(V6:X6) -> 4 | Z6: =W6/Y6 -> 0.25 | AA6: =X6/Y6 -> 0 | AB6: =H6+I6+P6+Q6 -> 0 | AC6: =SUM(B6:I6) -> 4 | AD6: =SUM(J6:Q6) -> 0 | AE6: =SUM(B6:Q6) -> 4 | AG6: 5 | AH6: 1 | AI6: 0.16666667 | AJ6: 2 | AK6: 4 | AL6: 0 | AM6: 6 | AN6: 0.66666667 | AO6: 0 | AP6: 0 | AQ6: 6 | AR6: 0 | AS6: 6 | AU6: =(S6/AG6) - 1 -> -0.4 | AV6: =(T6/AH6) - 1 -> 0 | AW6: =(U6/AI6) - 1 -> 0.5 | AX6: =(V6/AJ6) - 1 -> 0.5 | AY6: =(W6/AK6) - 1 -> -0.75 | AZ6: =(X6/AL6) - 1 -> #DIV/0! | BA6: =(Y6/AM6) - 1 -> -0.33333333 | BB6: =(Z6/AN6) - 1 -> -0.625 | ... BG6: =(AE6/AS6) - 1 -> -0.33333333
A7: 0.3125 | B7: 2 | S7: =B7+D7+F7+H7+J7+L7+N7+P7 -> 2 | T7: =C7+E7+G7+I7+K7+M7+O7+Q7 -> 0 | U7: =T7/(T7+S7) -> 0 | V7: =B7+C7+J7+K7 -> 2 | W7: =D7+E7+L7+M7 -> 0 | X7: =F7+G7+N7+O7 -> 0 | Y7: =SUM(V7:X7) -> 2 | Z7: =W7/Y7 -> 0 | AA7: =X7/Y7 -> 0 | AB7: =H7+I7+P7+Q7 -> 0 | AC7: =SUM(B7:I7) -> 2 | AD7: =SUM(J7:Q7) -> 0 | AE7: =SUM(B7:Q7) -> 2 | AG7: 1 | AH7: 0 | AI7: 0 | AJ7: 1 | AK7: 0 | AL7: 0 | AM7: 1 | AN7: 0 | AO7: 0 | AP7: 0 | AQ7: 1 | AR7: 0 | AS7: 1 | AU7: =(S7/AG7) - 1 -> 1 | AV7: =(T7/AH7) - 1 -> #DIV/0! | AW7: =(U7/AI7) - 1 -> #DIV/0! | AX7: =(V7/AJ7) - 1 -> 1 | AY7: =(W7/AK7) - 1 -> #DIV/0! | AZ7: =(X7/AL7) - 1 -> #DIV/0! | BA7: =(Y7/AM7) - 1 -> 1 | BB7: =(Z7/AN7) - 1 -> #DIV/0! | ... BG7: =(AE7/AS7) - 1 -> 1
A8: 0.32291667 | B8: 1 | C8: 1 | J8: 1 | S8: =B8+D8+F8+H8+J8+L8+N8+P8 -> 2 | T8: =C8+E8+G8+I8+K8+M8+O8+Q8 -> 1 | U8: =T8/(T8+S8) -> 0.33333333 | V8: =B8+C8+J8+K8 -> 3 | W8: =D8+E8+L8+M8 -> 0 | X8: =F8+G8+N8+O8 -> 0 | Y8: =SUM(V8:X8) -> 3 | Z8: =W8/Y8 -> 0 | AA8: =X8/Y8 -> 0 | AB8: =H8+I8+P8+Q8 -> 0 | AC8: =SUM(B8:I8) -> 2 | AD8: =SUM(J8:Q8) -> 1 | AE8: =SUM(B8:Q8) -> 3 | AG8: 1 | AH8: 2 | AI8: 0.66666667 | AJ8: 3 | AK8: 0 | AL8: 0 | AM8: 3 | AN8: 0 | AO8: 0 | AP8: 0 | AQ8: 3 | AR8: 0 | AS8: 3 | AU8: =(S8/AG8) - 1 -> 1 | AV8: =(T8/AH8) - 1 -> -0.5 | AW8: =(U8/AI8) - 1 -> -0.5 | AX8: =(V8/AJ8) - 1 -> 0 | AY8: =(W8/AK8) - 1 -> #DIV/0! | AZ8: =(X8/AL8) - 1 -> #DIV/0! | BA8: =(Y8/AM8) - 1 -> 0 | BB8: =(Z8/AN8) - 1 -> #DIV/0! | ... BG8: =(AE8/AS8) - 1 -> 0
A9: 0.33333333 | B9: 4 | E9: 1 | S9: =B9+D9+F9+H9+J9+L9+N9+P9 -> 4 | T9: =C9+E9+G9+I9+K9+M9+O9+Q9 -> 1 | U9: =T9/(T9+S9) -> 0.2 | V9: =B9+C9+J9+K9 -> 4 | W9: =D9+E9+L9+M9 -> 1 | X9: =F9+G9+N9+O9 -> 0 | Y9: =SUM(V9:X9) -> 5 | Z9: =W9/Y9 -> 0.2 | AA9: =X9/Y9 -> 0 | AB9: =H9+I9+P9+Q9 -> 0 | AC9: =SUM(B9:I9) -> 5 | AD9: =SUM(J9:Q9) -> 0 | AE9: =SUM(B9:Q9) -> 5 | AG9: 0 | AH9: 0 | AI9: #DIV/0! | AJ9: 0 | AK9: 0 | AL9: 0 | AM9: 0 | AN9: #DIV/0! | AO9: #DIV/0! | AP9: 0 | AQ9: 0 | AR9: 0 | AS9: 0 | AU9: =(S9/AG9) - 1 -> #DIV/0! | AV9: =(T9/AH9) - 1 -> #DIV/0! | AW9: =(U9/AI9) - 1 -> #DIV/0! | AX9: =(V9/AJ9) - 1 -> #DIV/0! | AY9: =(W9/AK9) - 1 -> #DIV/0! | AZ9: =(X9/AL9) - 1 -> #DIV/0! | BA9: =(Y9/AM9) - 1 -> #DIV/0! | BB9: =(Z9/AN9) - 1 -> #DIV/0! | ... BG9: =(AE9/AS9) - 1 -> #DIV/0!
A10: 0.34375 | B10: 2 | D10: 1 | J10: 1 | S10: =B10+D10+F10+H10+J10+L10+N10+P10 -> 4 | T10: =C10+E10+G10+I10+K10+M10+O10+Q10 -> 0 | U10: =T10/(T10+S10) -> 0 | V10: =B10+C10+J10+K10 -> 3 | W10: =D10+E10+L10+M10 -> 1 | X10: =F10+G10+N10+O10 -> 0 | Y10: =SUM(V10:X10) -> 4 | Z10: =W10/Y10 -> 0.25 | AA10: =X10/Y10 -> 0 | AB10: =H10+I10+P10+Q10 -> 0 | AC10: =SUM(B10:I10) -> 3 | AD10: =SUM(J10:Q10) -> 1 | AE10: =SUM(B10:Q10) -> 4 | AG10: 1 | AH10: 1 | AI10: 0.5 | AJ10: 0 | AK10: 2 | AL10: 0 | AM10: 2 | AN10: 1 | AO10: 0 | AP10: 0 | AQ10: 2 | AR10: 0 | AS10: 2 | AU10: =(S10/AG10) - 1 -> 3 | AV10: =(T10/AH10) - 1 -> -1 | AW10: =(U10/AI10) - 1 -> -1 | AX10: =(V10/AJ10) - 1 -> #DIV/0! | AY10: =(W10/AK10) - 1 -> -0.5 | AZ10: =(X10/AL10) - 1 -> #DIV/0! | BA10: =(Y10/AM10) - 1 -> 1 | BB10: =(Z10/AN10) - 1 -> -0.75 | ... BG10: =(AE10/AS10) - 1 -> 1
A11: 0.35416667 | B11: 2 | S11: =B11+D11+F11+#REF!+H11+L11+N11+P11 -> #REF! | T11: =C11+E11+G11+I11+K11+M11+O11+Q11 -> 0 | U11: =T11/(T11+S11) -> #REF! | V11: =B11+C11+H11+K11 -> 2 | W11: =D11+E11+L11+M11 -> 0 | X11: =F11+G11+N11+O11 -> 0 | Y11: =SUM(V11:X11) -> 2 | Z11: =W11/Y11 -> 0 | AA11: =X11/Y11 -> 0 | AB11: =#REF!+I11+P11+Q11 -> #REF! | AC11: =SUM(B11:I11) -> 2 | AD11: =SUM(H11:Q11) -> 0 | AE11: =SUM(B11:Q11) -> 2 | AG11: #REF! | AH11: 0 | AI11: #REF! | AJ11: 1 | AK11: 0 | AL11: 0 | AM11: 1 | AN11: 0 | AO11: 0 | AP11: #REF! | AQ11: 1 | AR11: 1 | AS11: 1 | AU11: =(S11/AG11) - 1 -> #REF! | AV11: =(T11/AH11) - 1 -> #DIV/0! | AW11: =(U11/AI11) - 1 -> #REF! | AX11: =(V11/AJ11) - 1 -> 1 | AY11: =(W11/AK11) - 1 -> #DIV/0! | AZ11: =(X11/AL11) - 1 -> #DIV/0! | BA11: =(Y11/AM11) - 1 -> 1 | BB11: =(Z11/AN11) - 1 -> #DIV/0! | ... BG11: =(AE11/AS11) - 1 -> 1
A12: 0.36458333 | S12: =B12+D12+F12+#REF!+H12+L12+N12+P12 -> #REF! | T12: =C12+E12+G12+I12+K12+M12+O12+Q12 -> 0 | U12: =T12/(T12+S12) -> #REF! | V12: =B12+C12+H12+K12 -> 0 | W12: =D12+E12+L12+M12 -> 0 | X12: =F12+G12+N12+O12 -> 0 | Y12: =SUM(V12:X12) -> 0 | Z12: =W12/Y12 -> #DIV/0! | AA12: =X12/Y12 -> #DIV/0! | AB12: =#REF!+I12+P12+Q12 -> #REF! | AC12: =SUM(B12:I12) -> 0 | AD12: =SUM(H12:Q12) -> 0 | AE12: =SUM(B12:Q12) -> 0 | AG12: #REF! | AH12: 0 | AI12: #REF! | AJ12: 1 | AK12: 0 | AL12: 0 | AM12: 1 | AN12: 0 | AO12: 0 | AP12: #REF! | AQ12: 1 | AR12: 1 | AS12: 1 | AU12: =(S12/AG12) - 1 -> #REF! | AV12: =(T12/AH12) - 1 -> #DIV/0! | AW12: =(U12/AI12) - 1 -> #REF! | AX12: =(V12/AJ12) - 1 -> -1 | AY12: =(W12/AK12) - 1 -> #DIV/0! | AZ12: =(X12/AL12) - 1 -> #DIV/0! | BA12: =(Y12/AM12) - 1 -> -1 | BB12: =(Z12/AN12) - 1 -> #DIV/0! | ... BG12: =(AE12/AS12) - 1 -> -1
A14: Total | B14: =SUM(B5:B12) -> 16 | C14: =SUM(C5:C12) -> 1 | D14: =SUM(D5:D12) -> 6 | E14: =SUM(E5:E12) -> 3 | F14: =SUM(F5:F12) -> 0 | G14: =SUM(G5:G12) -> 0 | H14: =SUM(H5:H12) -> 0 | I14: =SUM(I5:I12) -> 0 | ... Q14: =SUM(Q5:Q12) -> 0 | S14: =B14+D14+F14+H14+J14+L14+N14+P14 -> 24 | T14: =C14+E14+G14+I14+K14+M14+O14+Q14 -> 4 | U14: =T14/(T14+S14) -> 0.14285714 | V14: =B14+C14+J14+K14 -> 19 | W14: =D14+E14+L14+M14 -> 9 | X14: =F14+G14+N14+O14 -> 0 | Y14: =SUM(V14:X14) -> 28 | Z14: =W14/Y14 -> 0.32142857 | AA14: =X14/Y14 -> 0 | AB14: =H14+I14+P14+Q14 -> 0 | AC14: =SUM(B14:I14) -> 26 | AD14: =SUM(J14:Q14) -> 2 | AE14: =SUM(B14:Q14) -> 28 | AG14: 11 | AH14: 4 | AI14: 0.26666667 | AJ14: 6 | AK14: 7 | AL14: 0 | AM14: 13 | AN14: 0.53846154 | AO14: 0 | AP14: 2 | AQ14: 15 | AR14: 0 | AS14: 15 | AU14: =(S14/AG14) - 1 -> 1.1818182 | AV14: =(T14/AH14) - 1 -> 0 | AW14: =(U14/AI14) - 1 -> -0.46428571 | AX14: =(V14/AJ14) - 1 -> 2.1666667 | AY14: =(W14/AK14) - 1 -> 0.28571429 | AZ14: =(X14/AL14) - 1 -> #DIV/0! | BA14: =(Y14/AM14) - 1 -> 1.1538462 | BB14: =(Z14/AN14) - 1 -> -0.40306122 | ... BG14: =(AE14/AS14) - 1 -> 0.86666667
A15: Total HP | B15: =SUM(B7:B10) -> 9 | C15: =SUM(C7:C10) -> 1 | D15: =SUM(D7:D10) -> 1 | E15: =SUM(E7:E10) -> 1 | F15: =SUM(F7:F10) -> 0 | G15: =SUM(G7:G10) -> 0 | H15: =SUM(H7:H10) -> 0 | I15: =SUM(I7:I10) -> 0 | ... Q15: =SUM(Q7:Q10) -> 0 | S15: =B15+D15+F15+H15+J15+L15+N15+P15 -> 12 | T15: =C15+E15+G15+I15+K15+M15+O15+Q15 -> 2 | U15: =T15/(T15+S15) -> 0.14285714 | V15: =B15+C15+J15+K15 -> 12 | W15: =D15+E15+L15+M15 -> 2 | X15: =F15+G15+N15+O15 -> 0 | Y15: =SUM(V15:X15) -> 14 | Z15: =W15/Y15 -> 0.14285714 | AA15: =X15/Y15 -> 0 | AB15: =H15+I15+P15+Q15 -> 0 | AC15: =SUM(B15:I15) -> 12 | AD15: =SUM(J15:Q15) -> 2 | AE15: =SUM(B15:Q15) -> 14 | AG15: 3 | AH15: 3 | AI15: 0.5 | AJ15: 4 | AK15: 2 | AL15: 0 | AM15: 6 | AN15: 0.33333333 | AO15: 0 | AP15: 0 | AQ15: 6 | AR15: 0 | AS15: 6 | AU15: =(S15/AG15) - 1 -> 3 | AV15: =(T15/AH15) - 1 -> -0.33333333 | AW15: =(U15/AI15) - 1 -> -0.71428571 | AX15: =(V15/AJ15) - 1 -> 2 | AY15: =(W15/AK15) - 1 -> 0 | AZ15: =(X15/AL15) - 1 -> #DIV/0! | BA15: =(Y15/AM15) - 1 -> 1.3333333 | BB15: =(Z15/AN15) - 1 -> -0.57142857 | ... BG15: =(AE15/AS15) - 1 -> 1.3333333
A17: 7 | B17: =SUM(B5:B8) -> 8 | C17: =SUM(C5:C8) -> 1 | D17: =SUM(D5:D8) -> 5 | E17: =SUM(E5:E8) -> 2 | F17: =SUM(F5:F8) -> 0 | G17: =SUM(G5:G8) -> 0 | H17: =SUM(H5:H8) -> 0 | I17: =SUM(I5:I8) -> 0 | ... Q17: =SUM(Q5:Q8) -> 0
A18: 8 | B18: =SUM(B9:B12) -> 8 | C18: =SUM(C9:C12) -> 0 | D18: =SUM(D9:D12) -> 1 | E18: =SUM(E9:E12) -> 1 | F18: =SUM(F9:F12) -> 0 | G18: =SUM(G9:G12) -> 0 | H18: =SUM(H9:H12) -> 0 | I18: =SUM(I9:I12) -> 0 | ... Q18: =SUM(Q9:Q12) -> 0

Sheet StGenis->CERN
B1: Lieu: | C1: STGenis - CERN
B2: France -> Suisse | J2: Suisse -> France | S2: ="Totaux 2021 " & $C1 -> Totaux 2021 STGenis - CERN | AG2: ="Totaux 2020 " & $C1 -> Totaux 2020 STGenis - CERN | AU2: ="Changement depuis 2020 " & $C1 -> Changement depuis 2020 STGenis - CERN
B3: Vélo traditionel | D3: VAE | F3: Mode Nouveau Electrique | H3: Piéton/ne | J3: Vélo traditionel | L3: VAE | N3: Mode Nouveau Electrique (trotinette, scateboard , …) | P3: Piéton/ne | S3: Hommes | T3: Femmes | U3: %Femmes | V3: VT | W3: VAE | X3: Nouveau | Y3: TotVelo | Z3: %VAE | AA3: %Nouveau | AB3: Piétons | AC3: >CH | AD3: >FR | AE3: TOT | AG3: Hommes | AH3: Femmes | AI3: %Femmes | AJ3: VT | AK3: VAE | AL3: Nouveau | AM3: TotVelo | AN3: %VAE | AO3: %Nouveau | AP3: Piétons | AQ3: >CH | AR3: >FR | AS3: TOT | AU3: Hommes | AV3: Femmes | AW3: %Femmes | AX3: VT | AY3: VAE | AZ3: Nouveau | BA3: 2r | BB3: %VAE | BC3: %Nouveau | BD3: Piétons | BE3: >CH | BF3: >FR | BG3: TOT
A4: Heure | B4: H | C4: F | D4: H | E4: F | F4: H | G4: F | H4: H | I4: F | J4: H | K4: F | L4: H | M4: F | N4: H | O4: F | P4: H | Q4: F
A5: 0.29166667 | B5: 6 | D5: 1 | E5: 1 | H5: 0 | S5: =B5+D5+F5+H5+J5+L5+N5+P5 -> 7 | T5: =C5+E5+G5+I5+K5+M5+O5+Q5 -> 1 | U5: =T5/(T5+S5) -> 0.125 | V5: =B5+C5+J5+K5 -> 6 | W5: =D5+E5+L5+M5 -> 2 | X5: =F5+G5+N5+O5 -> 0 | Y5: =SUM(V5:X5) -> 8 | Z5: =W5/Y5 -> 0.25 | AA5: =X5/Y5 -> 0 | AB5: =H5+I5+P5+Q5 -> 0 | AC5: =SUM(B5:I5) -> 8 | AD5: =SUM(J5:Q5) -> 0 | AE5: =SUM(B5:Q5) -> 8 | AG5: 4 | AH5: 0 | AI5: 0 | AJ5: 3 | AK5: 0 | AL5: 0 | AM5: 3 | AN5: 0 | AO5: 0 | AP5: 1 | AQ5: 4 | AR5: 0 | AS5: 4 | AU5: =(S5/AG5) - 1 -> 0.75 | AV5: =(T5/AH5) - 1 -> #DIV/0! | AW5: =(U5/AI5) - 1 -> #DIV/0! | AX5: =(V5/AJ5) - 1 -> 1 | AY5: =(W5/AK5) - 1 -> #DIV/0! | AZ5: =(X5/AL5) - 1 -> #DIV/0! | BA5: =(Y5/AM5) - 1 -> 1.6666667 | BB5: =(Z5/AN5) - 1 -> #DIV/0! | ... BG5: =(AE5/AS5) - 1 -> 1
A6: 0.30208333 | B6: 3 | D6: 1 | E6: 0 | H6: 0 | S6: =B6+D6+F6+H6+J6+L6+N6+P6 -> 4 | T6: =C6+E6+G6+I6+K6+M6+O6+Q6 -> 0 | U6: =T6/(T6+S6) -> 0 | V6: =B6+C6+J6+K6 -> 3 | W6: =D6+E6+L6+M6 -> 1 | X6: =F6+G6+N6+O6 -> 0 | Y6: =SUM(V6:X6) -> 4 | Z6: =W6/Y6 -> 0.25 | AA6: =X6/Y6 -> 0 | AB6: =H6+I6+P6+Q6 -> 0 | AC6: =SUM(B6:I6) -> 4 | AD6: =SUM(J6:Q6) -> 0 | AE6: =SUM(B6:Q6) -> 4 | AG6: 11 | AH6: 0 | AI6: 0 | AJ6: 8 | AK6: 0 | AL6: 0 | AM6: 8 | AN6: 0 | AO6: 0 | AP6: 3 | AQ6: 11 | AR6: 0 | AS6: 11 | AU6: =(S6/AG6) - 1 -> -0.63636364 | AV6: =(T6/AH6) - 1 -> #DIV/0! | AW6: =(U6/AI6) - 1 -> #DIV/0! | AX6: =(V6/AJ6) - 1 -> -0.625 | AY6: =(W6/AK6) - 1 -> #DIV/0! | AZ6: =(X6/AL6) - 1 -> #DIV/0! | BA6: =(Y6/AM6) - 1 -> -0.5 | BB6: =(Z6/AN6) - 1 -> #DIV/0! | ... BG6: =(AE6/AS6) - 1 -> -0.63636364
A7: 0.3125 | B7: 5 | D7: 0 | E7: 0 | H7: 3 | S7: =B7+D7+F7+H7+J7+L7+N7+P7 -> 8 | T7: =C7+E7+G7+I7+K7+M7+O7+Q7 -> 0 | U7: =T7/(T7+S7) -> 0 | V7: =B7+C7+J7+K7 -> 5 | W7: =D7+E7+L7+M7 -> 0 | X7: =F7+G7+N7+O7 -> 0 | Y7: =SUM(V7:X7) -> 5 | Z7: =W7/Y7 -> 0 | AA7: =X7/Y7 -> 0 | AB7: =H7+I7+P7+Q7 -> 3 | AC7: =SUM(B7:I7) -> 8 | AD7: =SUM(J7:Q7) -> 0 | AE7: =SUM(B7:Q7) -> 8 | AG7: 4 | AH7: 1 | AI7: 0.2 | AJ7: 4 | AK7: 0 | AL7: 0 | AM7: 4 | AN7: 0 | AO7: 0 | AP7: 1 | AQ7: 5 | AR7: 0 | AS7: 5 | AU7: =(S7/AG7) - 1 -> 1 | AV7: =(T7/AH7) - 1 -> -1 | AW7: =(U7/AI7) - 1 -> -1 | AX7: =(V7/AJ7) - 1 -> 0.25 | AY7: =(W7/AK7) - 1 -> #DIV/0! | AZ7: =(X7/AL7) - 1 -> #DIV/0! | BA7: =(Y7/AM7) - 1 -> 0.25 | BB7: =(Z7/AN7) - 1 -> #DIV/0! | ... BG7: =(AE7/AS7) - 1 -> 0.6
A8: 0.32291667 | B8: 9 | C8: 2 | D8: 1 | E8: 1 | H8: 4 | S8: =B8+D8+F8+H8+J8+L8+N8+P8 -> 14 | T8: =C8+E8+G8+I8+K8+M8+O8+Q8 -> 3 | U8: =T8/(T8+S8) -> 0.17647059 | V8: =B8+C8+J8+K8 -> 11 | W8: =D8+E8+L8+M8 -> 2 | X8: =F8+G8+N8+O8 -> 0 | Y8: =SUM(V8:X8) -> 13 | Z8: =W8/Y8 -> 0.15384615 | AA8: =X8/Y8 -> 0 | AB8: =H8+I8+P8+Q8 -> 4 | AC8: =SUM(B8:I8) -> 17 | AD8: =SUM(J8:Q8) -> 0 | AE8: =SUM(B8:Q8) -> 17 | AG8: 0 | AH8: 1 | AI8: 1 | AJ8: 1 | AK8: 0 | AL8: 0 | AM8: 1 | AN8: 0 | AO8: 0 | AP8: 0 | AQ8: 1 | AR8: 0 | AS8: 1 | AU8: =(S8/AG8) - 1 -> #DIV/0! | AV8: =(T8/AH8) - 1 -> 2 | AW8: =(U8/AI8) - 1 -> -0.82352941 | AX8: =(V8/AJ8) - 1 -> 10 | AY8: =(W8/AK8) - 1 -> #DIV/0! | AZ8: =(X8/AL8) - 1 -> #DIV/0! | BA8: =(Y8/AM8) - 1 -> 12 | BB8: =(Z8/AN8) - 1 -> #DIV/0! | ... BG8: =(AE8/AS8) - 1 -> 16
A9: 0.33333333 | B9: 11 | C9: 2 | F9: 0 | G9: 1 | H9: 5 | I9: 1 | S9: =B9+D9+F9+H9+J9+L9+N9+P9 -> 16 | T9: =C9+E9+G9+I9+K9+M9+O9+Q9 -> 4 | U9: =T9/(T9+S9) -> 0.2 | V9: =B9+C9+J9+K9 -> 13 | W9: =D9+E9+L9+M9 -> 0 | X9: =F9+G9+N9+O9 -> 1 | Y9: =SUM(V9:X9) -> 14 | Z9: =W9/Y9 -> 0 | AA9: =X9/Y9 -> 0.071428571 | AB9: =H9+I9+P9+Q9 -> 6 | AC9: =SUM(B9:I9) -> 20 | AD9: =SUM(J9:Q9) -> 0 | AE9: =SUM(B9:Q9) -> 20 | AG9: 6 | AH9: 2 | AI9: 0.25 | AJ9: 4 | AK9: 1 | AL9: 0 | AM9: 5 | AN9: 0.2 | AO9: 0 | AP9: 3 | AQ9: 8 | AR9: 0 | AS9: 8 | AU9: =(S9/AG9) - 1 -> 1.6666667 | AV9: =(T9/AH9) - 1 -> 1 | AW9: =(U9/AI9) - 1 -> -0.2 | AX9: =(V9/AJ9) - 1 -> 2.25 | AY9: =(W9/AK9) - 1 -> -1 | AZ9: =(X9/AL9) - 1 -> #DIV/0! | BA9: =(Y9/AM9) - 1 -> 1.8 | BB9: =(Z9/AN9) - 1 -> -1 | ... BG9: =(AE9/AS9) - 1 -> 1.5
A10: 0.34375 | B10: 16 | C10: 3 | D10: 0 | H10: 13 | I10: 1 | S10: =B10+D10+F10+H10+J10+L10+N10+P10 -> 29 | T10: =C10+E10+G10+I10+K10+M10+O10+Q10 -> 4 | U10: =T10/(T10+S10) -> 0.12121212 | V10: =B10+C10+J10+K10 -> 19 | W10: =D10+E10+L10+M10 -> 0 | X10: =F10+G10+N10+O10 -> 0 | Y10: =SUM(V10:X10) -> 19 | Z10: =W10/Y10 -> 0 | AA10: =X10/Y10 -> 0 | AB10: =H10+I10+P10+Q10 -> 14 | AC10: =SUM(B10:I10) -> 33 | AD10: =SUM(J10:Q10) -> 0 | AE10: =SUM(B10:Q10) -> 33 | AG10: 7 | AH10: 1 | AI10: 0.125 | AJ10: 5 | AK10: 0 | AL10: 0 | AM10: 5 | AN10: 0 | AO10: 0 | AP10: 3 | AQ10: 8 | AR10: 0 | AS10: 8 | AU10: =(S10/AG10) - 1 -> 3.1428571 | AV10: =(T10/AH10) - 1 -> 3 | AW10: =(U10/AI10) - 1 -> -0.03030303 | AX10: =(V10/AJ10) - 1 -> 2.8 | AY10: =(W10/AK10) - 1 -> #DIV/0! | AZ10: =(X10/AL10) - 1 -> #DIV/0! | BA10: =(Y10/AM10) - 1 -> 2.8 | BB10: =(Z10/AN10) - 1 -> #DIV/0! | ... BG10: =(AE10/AS10) - 1 -> 3.125
A11: 0.35416667 | B11: 18 | C11: 3 | D11: 3 | F11: 1 | G11: 1 | H11: 4 | I11: 1 | S11: =B11+D11+F11+H11+J11+L11+N11+P11 -> 26 | T11: =C11+E11+G11+I11+K11+M11+O11+Q11 -> 5 | U11: =T11/(T11+S11) -> 0.16129032 | V11: =B11+C11+J11+K11 -> 21 | W11: =D11+E11+L11+M11 -> 3 | X11: =F11+G11+N11+O11 -> 2 | Y11: =SUM(V11:X11) -> 26 | Z11: =W11/Y11 -> 0.11538462 | AA11: =X11/Y11 -> 0.076923077 | AB11: =H11+I11+P11+Q11 -> 5 | AC11: =SUM(B11:I11) -> 31 | AD11: =SUM(J11:Q11) -> 0 | AE11: =SUM(B11:Q11) -> 31 | AG11: 9 | AH11: 1 | AI11: 0.1 | AJ11: 5 | AK11: 0 | AL11: 0 | AM11: 5 | AN11: 0 | AO11: 0 | AP11: 5 | AQ11: 10 | AR11: 0 | AS11: 10 | AU11: =(S11/AG11) - 1 -> 1.8888889 | AV11: =(T11/AH11) - 1 -> 4 | AW11: =(U11/AI11) - 1 -> 0.61290323 | AX11: =(V11/AJ11) - 1 -> 3.2 | AY11: =(W11/AK11) - 1 -> #DIV/0! | AZ11: =(X11/AL11) - 1 -> #DIV/0! | BA11: =(Y11/AM11) - 1 -> 4.2 | BB11: =(Z11/AN11) - 1 -> #DIV/0! | ... BG11: =(AE11/AS11) - 1 -> 2.1
A12: 0.36458333 | B12: 17 | C12: 5 | D12: 2 | H12: 2 | I12: 3 | S12: =B12+D12+F12+H12+J12+L12+N12+P12 -> 21 | T12: =C12+E12+G12+I12+K12+M12+O12+Q12 -> 8 | U12: =T12/(T12+S12) -> 0.27586207 | V12: =B12+C12+J12+K12 -> 22 | W12: =D12+E12+L12+M12 -> 2 | X12: =F12+G12+N12+O12 -> 0 | Y12: =SUM(V12:X12) -> 24 | Z12: =W12/Y12 -> 0.083333333 | AA12: =X12/Y12 -> 0 | AB12: =H12+I12+P12+Q12 -> 5 | AC12: =SUM(B12:I12) -> 29 | AD12: =SUM(J12:Q12) -> 0 | AE12: =SUM(B12:Q12) -> 29 | AG12: 10 | AH12: 4 | AI12: 0.28571429 | AJ12: 8 | AK12: 0 | AL12: 0 | AM12: 8 | AN12: 0 | AO12: 0 | AP12: 6 | AQ12: 14 | AR12: 0 | AS12: 14 | AU12: =(S12/AG12) - 1 -> 1.1 | AV12: =(T12/AH12) - 1 -> 1 | AW12: =(U12/AI12) - 1 -> -0.034482759 | AX12: =(V12/AJ12) - 1 -> 1.75 | AY12: =(W12/AK12) - 1 -> #DIV/0! | AZ12: =(X12/AL12) - 1 -> #DIV/0! | BA12: =(Y12/AM12) - 1 -> 2 | BB12: =(Z12/AN12) - 1 -> #DIV/0! | ... BG12: =(AE12/AS12) - 1 -> 1.0714286
A14: Total | B14: =SUM(B5:B12) -> 85 | C14: =SUM(C5:C12) -> 15 | D14: =SUM(D5:D12) -> 8 | E14: =SUM(E5:E12) -> 2 | F14: =SUM(F5:F12) -> 1 | G14: =SUM(G5:G12) -> 2 | H14: =SUM(H5:H12) -> 31 | I14: =SUM(I5:I12) -> 6 | ... Q14: =SUM(Q5:Q12) -> 0 | S14: =B14+D14+F14+H14+J14+L14+N14+P14 -> 125 | T14: =C14+E14+G14+I14+K14+M14+O14+Q14 -> 25 | U14: =T14/(T14+S14) -> 0.16666667 | V14: =B14+C14+J14+K14 -> 100 | W14: =D14+E14+L14+M14 -> 10 | X14: =F14+G14+N14+O14 -> 3 | Y14: =SUM(V14:X14) -> 113 | Z14: =W14/Y14 -> 0.088495575 | AA14: =X14/Y14 -> 0.026548673 | AB14: =H14+I14+P14+Q14 -> 37 | AC14: =SUM(B14:I14) -> 150 | AD14: =SUM(J14:Q14) -> 0 | AE14: =SUM(B14:Q14) -> 150 | AG14: 51 | AH14: 10 | AI14: 0.16393443 | AJ14: 38 | AK14: 1 | AL14: 0 | AM14: 39 | AN14: 0.025641026 | AO14: 0 | AP14: 22 | AQ14: 61 | AR14: 0 | AS14: 61 | AU14: =(S14/AG14) - 1 -> 1.4509804 | AV14: =(T14/AH14) - 1 -> 1.5 | AW14: =(U14/AI14) - 1 -> 0.016666667 | AX14: =(V14/AJ14) - 1 -> 1.6315789 | AY14: =(W14/AK14) - 1 -> 9 | AZ14: =(X14/AL14) - 1 -> #DIV/0! | BA14: =(Y14/AM14) - 1 -> 1.8974359 | BB14: =(Z14/AN14) - 1 -> 2.4513274 | ... BG14: =(AE14/AS14) - 1 -> 1.4590164
A15: Total HP | B15: =SUM(B7:B10) -> 41 | C15: =SUM(C7:C10) -> 7 | D15: =SUM(D7:D10) -> 1 | E15: =SUM(E7:E10) -> 1 | F15: =SUM(F7:F10) -> 0 | G15: =SUM(G7:G10) -> 1 | H15: =SUM(H7:H10) -> 25 | I15: =SUM(I7:I10) -> 2 | ... Q15: =SUM(Q7:Q10) -> 0 | S15: =B15+D15+F15+H15+J15+L15+N15+P15 -> 67 | T15: =C15+E15+G15+I15+K15+M15+O15+Q15 -> 11 | U15: =T15/(T15+S15) -> 0.14102564 | V15: =B15+C15+J15+K15 -> 48 | W15: =D15+E15+L15+M15 -> 2 | X15: =F15+G15+N15+O15 -> 1 | Y15: =SUM(V15:X15) -> 51 | Z15: =W15/Y15 -> 0.039215686 | AA15: =X15/Y15 -> 0.019607843 | AB15: =H15+I15+P15+Q15 -> 27 | AC15: =SUM(B15:I15) -> 78 | AD15: =SUM(J15:Q15) -> 0 | AE15: =SUM(B15:Q15) -> 78 | AG15: 17 | AH15: 5 | AI15: 0.22727273 | AJ15: 14 | AK15: 1 | AL15: 0 | AM15: 15 | AN15: 0.066666667 | AO15: 0 | AP15: 7 | AQ15: 22 | AR15: 0 | AS15: 22 | AU15: =(S15/AG15) - 1 -> 2.9411765 | AV15: =(T15/AH15) - 1 -> 1.2 | AW15: =(U15/AI15) - 1 -> -0.37948718 | AX15: =(V15/AJ15) - 1 -> 2.4285714 | AY15: =(W15/AK15) - 1 -> 1 | AZ15: =(X15/AL15) - 1 -> #DIV/0! | BA15: =(Y15/AM15) - 1 -> 2.4 | BB15: =(Z15/AN15) - 1 -> -0.41176471 | ... BG15: =(AE15/AS15) - 1 -> 2.5454545
A17: 7 | B17: =SUM(B5:B8) -> 23 | C17: =SUM(C5:C8) -> 2 | D17: =SUM(D5:D8) -> 3 | E17: =SUM(E5:E8) -> 2 | F17: =SUM(F5:F8) -> 0 | G17: =SUM(G5:G8) -> 0 | H17: =SUM(H5:H8) -> 7 | I17: =SUM(I5:I8) -> 0 | ... Q17: =SUM(Q5:Q8) -> 0
A18: 8 | B18: =SUM(B9:B12) -> 62 | C18: =SUM(C9:C12) -> 13 | D18: =SUM(D9:D12) -> 5 | E18: =SUM(E9:E12) -> 0 | F18: =SUM(F9:F12) -> 1 | G18: =SUM(G9:G12) -> 2 | H18: =SUM(H9:H12) -> 24 | I18: =SUM(I9:I12) -> 6 | ... Q18: =SUM(Q9:Q12) -> 0

Sheet RteEurope->Meyrin
A1: 3 | B1: Lieu: | C1: RteEurope-Meyrin
B2: France -> Suisse | J2: Suisse -> France | S2: ="Totaux 2021 " & $C1 -> Totaux 2021 RteEurope-Meyrin | AG2: ="Totaux 2020 " & $C1 -> Totaux 2020 RteEurope-Meyrin | AU2: ="Changement depuis 2020 " & $C1 -> Changement depuis 2020 RteEurope-Meyrin
B3: Vélo traditionel | D3: VAE | F3: Mode Nouveau Electrique | H3: Piéton/ne | J3: Vélo traditionel | L3: VAE | N3: Mode Nouveau Electrique (trotinette, scateboard , …) | P3: Piéton/ne | S3: Hommes | T3: Femmes | U3: %Femmes | V3: VT | W3: VAE | X3: Nouveau | Y3: 2r | Z3: %VAE | AA3: %Nouveau | AB3: Piétons | AC3: >CH | AD3: >FR | AE3: TOT | AU3: Hommes | AV3: Femmes | AW3: %Femmes | AX3: VT | AY3: VAE | AZ3: Nouveau | BA3: 2r | BB3: %VAE | BC3: %Nouveau | BD3: Piétons | BE3: >CH | BF3: >FR | BG3: TOT
A4: Heure | B4: H | C4: F | D4: H | E4: F | F4: H | G4: F | H4: H | I4: F | J4: H | K4: F | L4: H | M4: F | N4: H | O4: F | P4: H | Q4: F
A5: 0.29166667 | S5: =B5+D5+F5+H5+J5+L5+N5+P5 -> 0 | T5: =C5+E5+G5+I5+K5+M5+O5+Q5 -> 0 | U5: =T5/(T5+S5) -> #DIV/0! | V5: =B5+C5+J5+K5 -> 0 | W5: =D5+E5+L5+M5 -> 0 | X5: =F5+G5+N5+O5 -> 0 | Y5: =SUM(V5:X5) -> 0 | Z5: =W5/Y5 -> #DIV/0! | AA5: =X5/Y5 -> #DIV/0! | AB5: =H5+I5+P5+Q5 -> 0 | AC5: =SUM(B5:I5) -> 0 | AD5: =SUM(J5:Q5) -> 0 | AE5: =SUM(B5:Q5) -> 0 | AU5: =(S5/AG5) - 1 -> #DIV/0! | AV5: =(T5/AH5) - 1 -> #DIV/0! | AW5: =(U5/AI5) - 1 -> #DIV/0! | AX5: =(V5/AJ5) - 1 -> #DIV/0! | AY5: =(W5/AK5) - 1 -> #DIV/0! | AZ5: =(X5/AL5) - 1 -> #DIV/0! | BA5: =(Y5/AM5) - 1 -> #DIV/0! | BB5: =(Z5/AN5) - 1 -> #DIV/0! | ... BG5: =(AE5/AS5) - 1 -> #DIV/0!
A6: 0.30208333 | B6: 3 | D6: 2 | S6: =B6+D6+F6+H6+J6+L6+N6+P6 -> 5 | T6: =C6+E6+G6+I6+K6+M6+O6+Q6 -> 0 | U6: =T6/(T6+S6) -> 0 | V6: =B6+C6+J6+K6 -> 3 | W6: =D6+E6+L6+M6 -> 2 | X6: =F6+G6+N6+O6 -> 0 | Y6: =SUM(V6:X6) -> 5 | Z6: =W6/Y6 -> 0.4 | AA6: =X6/Y6 -> 0 | AB6: =H6+I6+P6+Q6 -> 0 | AC6: =SUM(B6:I6) -> 5 | AD6: =SUM(J6:Q6) -> 0 | AE6: =SUM(B6:Q6) -> 5 | AU6: =(S6/AG6) - 1 -> #DIV/0! | AV6: =(T6/AH6) - 1 -> #DIV/0! | AW6: =(U6/AI6) - 1 -> #DIV/0! | AX6: =(V6/AJ6) - 1 -> #DIV/0! | AY6: =(W6/AK6) - 1 -> #DIV/0! | AZ6: =(X6/AL6) - 1 -> #DIV/0! | BA6: =(Y6/AM6) - 1 -> #DIV/0! | BB6: =(Z6/AN6) - 1 -> #DIV/0! | ... BG6: =(AE6/AS6) - 1 -> #DIV/0!
A7: 0.3125 | D7: 1 | J7: 5 | S7: =B7+D7+F7+H7+J7+L7+N7+P7 -> 6 | T7: =C7+E7+G7+I7+K7+M7+O7+Q7 -> 0 | U7: =T7/(T7+S7) -> 0 | V7: =B7+C7+J7+K7 -> 5 | W7: =D7+E7+L7+M7 -> 1 | X7: =F7+G7+N7+O7 -> 0 | Y7: =SUM(V7:X7) -> 6 | Z7: =W7/Y7 -> 0.16666667 | AA7: =X7/Y7 -> 0 | AB7: =H7+I7+P7+Q7 -> 0 | AC7: =SUM(B7:I7) -> 1 | AD7: =SUM(J7:Q7) -> 5 | AE7: =SUM(B7:Q7) -> 6 | AU7: =(S7/AG7) - 1 -> #DIV/0! | AV7: =(T7/AH7) - 1 -> #DIV/0! | AW7: =(U7/AI7) - 1 -> #DIV/0! | AX7: =(V7/AJ7) - 1 -> #DIV/0! | AY7: =(W7/AK7) - 1 -> #DIV/0! | AZ7: =(X7/AL7) - 1 -> #DIV/0! | BA7: =(Y7/AM7) - 1 -> #DIV/0! | BB7: =(Z7/AN7) - 1 -> #DIV/0! | ... BG7: =(AE7/AS7) - 1 -> #DIV/0!
A8: 0.32291667 | B8: 1 | S8: =B8+D8+F8+H8+J8+L8+N8+P8 -> 1 | T8: =C8+E8+G8+I8+K8+M8+O8+Q8 -> 0 | U8: =T8/(T8+S8) -> 0 | V8: =B8+C8+J8+K8 -> 1 | W8: =D8+E8+L8+M8 -> 0 | X8: =F8+G8+N8+O8 -> 0 | Y8: =SUM(V8:X8) -> 1 | Z8: =W8/Y8 -> 0 | AA8: =X8/Y8 -> 0 | AB8: =H8+I8+P8+Q8 -> 0 | AC8: =SUM(B8:I8) -> 1 | AD8: =SUM(J8:Q8) -> 0 | AE8: =SUM(B8:Q8) -> 1 | AU8: =(S8/AG8) - 1 -> #DIV/0! | AV8: =(T8/AH8) - 1 -> #DIV/0! | AW8: =(U8/AI8) - 1 -> #DIV/0! | AX8: =(V8/AJ8) - 1 -> #DIV/0! | AY8: =(W8/AK8) - 1 -> #DIV/0! | AZ8: =(X8/AL8) - 1 -> #DIV/0! | BA8: =(Y8/AM8) - 1 -> #DIV/0! | BB8: =(Z8/AN8) - 1 -> #DIV/0! | ... BG8: =(AE8/AS8) - 1 -> #DIV/0!
A9: 0.33333333 | S9: =B9+D9+F9+H9+J9+L9+N9+P9 -> 0 | T9: =C9+E9+G9+I9+K9+M9+O9+Q9 -> 0 | U9: =T9/(T9+S9) -> #DIV/0! | V9: =B9+C9+J9+K9 -> 0 | W9: =D9+E9+L9+M9 -> 0 | X9: =F9+G9+N9+O9 -> 0 | Y9: =SUM(V9:X9) -> 0 | Z9: =W9/Y9 -> #DIV/0! | AA9: =X9/Y9 -> #DIV/0! | AB9: =H9+I9+P9+Q9 -> 0 | AC9: =SUM(B9:I9) -> 0 | AD9: =SUM(J9:Q9) -> 0 | AE9: =SUM(B9:Q9) -> 0 | AU9: =(S9/AG9) - 1 -> #DIV/0! | AV9: =(T9/AH9) - 1 -> #DIV/0! | AW9: =(U9/AI9) - 1 -> #DIV/0! | AX9: =(V9/AJ9) - 1 -> #DIV/0! | AY9: =(W9/AK9) - 1 -> #DIV/0! | AZ9: =(X9/AL9) - 1 -> #DIV/0! | BA9: =(Y9/AM9) - 1 -> #DIV/0! | BB9: =(Z9/AN9) - 1 -> #DIV/0! | ... BG9: =(AE9/AS9) - 1 -> #DIV/0!
A10: 0.34375 | S10: =B10+D10+F10+H10+J10+L10+N10+P10 -> 0 | T10: =C10+E10+G10+I10+K10+M10+O10+Q10 -> 0 | U10: =T10/(T10+S10) -> #DIV/0! | V10: =B10+C10+J10+K10 -> 0 | W10: =D10+E10+L10+M10 -> 0 | X10: =F10+G10+N10+O10 -> 0 | Y10: =SUM(V10:X10) -> 0 | Z10: =W10/Y10 -> #DIV/0! | AA10: =X10/Y10 -> #DIV/0! | AB10: =H10+I10+P10+Q10 -> 0 | AC10: =SUM(B10:I10) -> 0 | AD10: =SUM(J10:Q10) -> 0 | AE10: =SUM(B10:Q10) -> 0 | AU10: =(S10/AG10) - 1 -> #DIV/0! | AV10: =(T10/AH10) - 1 -> #DIV/0! | AW10: =(U10/AI10) - 1 -> #DIV/0! | AX10: =(V10/AJ10) - 1 -> #DIV/0! | AY10: =(W10/AK10) - 1 -> #DIV/0! | AZ10: =(X10/AL10) - 1 -> #DIV/0! | BA10: =(Y10/AM10) - 1 -> #DIV/0! | BB10: =(Z10/AN10) - 1 -> #DIV/0! | ... BG10: =(AE10/AS10) - 1 -> #DIV/0!
A11: 0.35416667 | S11: =B11+D11+F11+H11+J11+L11+N11+P11 -> 0 | T11: =C11+E11+G11+I11+K11+M11+O11+Q11 -> 0 | U11: =T11/(T11+S11) -> #DIV/0! | V11: =B11+C11+J11+K11 -> 0 | W11: =D11+E11+L11+M11 -> 0 | X11: =F11+G11+N11+O11 -> 0 | Y11: =SUM(V11:X11) -> 0 | Z11: =W11/Y11 -> #DIV/0! | AA11: =X11/Y11 -> #DIV/0! | AB11: =H11+I11+P11+Q11 -> 0 | AC11: =SUM(B11:I11) -> 0 | AD11: =SUM(J11:Q11) -> 0 | AE11: =SUM(B11:Q11) -> 0 | AU11: =(S11/AG11) - 1 -> #DIV/0! | AV11: =(T11/AH11) - 1 -> #DIV/0! | AW11: =(U11/AI11) - 1 -> #DIV/0! | AX11: =(V11/AJ11) - 1 -> #DIV/0! | AY11: =(W11/AK11) - 1 -> #DIV/0! | AZ11: =(X11/AL11) - 1 -> #DIV/0! | BA11: =(Y11/AM11) - 1 -> #DIV/0! | BB11: =(Z11/AN11) - 1 -> #DIV/0! | ... BG11: =(AE11/AS11) - 1 -> #DIV/0!
A12: 0.36458333 | S12: =B12+D12+F12+H12+J12+L12+N12+P12 -> 0 | T12: =C12+E12+G12+I12+K12+M12+O12+Q12 -> 0 | U12: =T12/(T12+S12) -> #DIV/0! | V12: =B12+C12+J12+K12 -> 0 | W12: =D12+E12+L12+M12 -> 0 | X12: =F12+G12+N12+O12 -> 0 | Y12: =SUM(V12:X12) -> 0 | Z12: =W12/Y12 -> #DIV/0! | AA12: =X12/Y12 -> #DIV/0! | AB12: =H12+I12+P12+Q12 -> 0 | AC12: =SUM(B12:I12) -> 0 | AD12: =SUM(J12:Q12) -> 0 | AE12: =SUM(B12:Q12) -> 0 | AU12: =(S12/AG12) - 1 -> #DIV/0! | AV12: =(T12/AH12) - 1 -> #DIV/0! | AW12: =(U12/AI12) - 1 -> #DIV/0! | AX12: =(V12/AJ12) - 1 -> #DIV/0! | AY12: =(W12/AK12) - 1 -> #DIV/0! | AZ12: =(X12/AL12) - 1 -> #DIV/0! | BA12: =(Y12/AM12) - 1 -> #DIV/0! | BB12: =(Z12/AN12) - 1 -> #DIV/0! | ... BG12: =(AE12/AS12) - 1 -> #DIV/0!
A14: Total | B14: =SUM(B5:B12) -> 4 | C14: =SUM(C5:C12) -> 0 | D14: =SUM(D5:D12) -> 3 | E14: =SUM(E5:E12) -> 0 | F14: =SUM(F5:F12) -> 0 | G14: =SUM(G5:G12) -> 0 | H14: =SUM(H5:H12) -> 0 | I14: =SUM(I5:I12) -> 0 | ... Q14: =SUM(Q5:Q12) -> 0 | S14: =B14+D14+F14+H14+J14+L14+N14+P14 -> 12 | T14: =C14+E14+G14+I14+K14+M14+O14+Q14 -> 0 | U14: =T14/(T14+S14) -> 0 | V14: =B14+C14+J14+K14 -> 9 | W14: =D14+E14+L14+M14 -> 3 | X14: =F14+G14+N14+O14 -> 0 | Y14: =SUM(V14:X14) -> 12 | Z14: =W14/Y14 -> 0.25 | AA14: =X14/Y14 -> 0 | AB14: =H14+I14+P14+Q14 -> 0 | AC14: =SUM(B14:I14) -> 7 | AD14: =SUM(J14:Q14) -> 5 | AE14: =SUM(B14:Q14) -> 12 | AU14: =(S14/AG14) - 1 -> #DIV/0! | AV14: =(T14/AH14) - 1 -> #DIV/0! | AW14: =(U14/AI14) - 1 -> #DIV/0! | AX14: =(V14/AJ14) - 1 -> #DIV/0! | AY14: =(W14/AK14) - 1 -> #DIV/0! | AZ14: =(X14/AL14) - 1 -> #DIV/0! | BA14: =(Y14/AM14) - 1 -> #DIV/0! | BB14: =(Z14/AN14) - 1 -> #DIV/0! | ... BG14: =(AE14/AS14) - 1 -> #DIV/0!
A15: Total HP | B15: =SUM(B7:B10) -> 1 | C15: =SUM(C7:C10) -> 0 | D15: =SUM(D7:D10) -> 1 | E15: =SUM(E7:E10) -> 0 | F15: =SUM(F7:F10) -> 0 | G15: =SUM(G7:G10) -> 0 | H15: =SUM(H7:H10) -> 0 | I15: =SUM(I7:I10) -> 0 | ... Q15: =SUM(Q7:Q10) -> 0 | S15: =B15+D15+F15+H15+J15+L15+N15+P15 -> 7 | T15: =C15+E15+G15+I15+K15+M15+O15+Q15 -> 0 | U15: =T15/(T15+S15) -> 0 | V15: =B15+C15+J15+K15 -> 6 | W15: =D15+E15+L15+M15 -> 1 | X15: =F15+G15+N15+O15 -> 0 | Y15: =SUM(V15:X15) -> 7 | Z15: =W15/Y15 -> 0.14285714 | AA15: =X15/Y15 -> 0 | AB15: =H15+I15+P15+Q15 -> 0 | AC15: =SUM(B15:I15) -> 2 | AD15: =SUM(J15:Q15) -> 5 | AE15: =SUM(B15:Q15) -> 7 | AU15: =(S15/AG15) - 1 -> #DIV/0! | AV15: =(T15/AH15) - 1 -> #DIV/0! | AW15: =(U15/AI15) - 1 -> #DIV/0! | AX15: =(V15/AJ15) - 1 -> #DIV/0! | AY15: =(W15/AK15) - 1 -> #DIV/0! | AZ15: =(X15/AL15) - 1 -> #DIV/0! | BA15: =(Y15/AM15) - 1 -> #DIV/0! | BB15: =(Z15/AN15) - 1 -> #DIV/0! | ... BG15: =(AE15/AS15) - 1 -> #DIV/0!
A17: Tot 7 | B17: =SUM(B5:B8) -> 4 | C17: =SUM(C5:C8) -> 0 | D17: =SUM(D5:D8) -> 3 | E17: =SUM(E5:E8) -> 0 | F17: =SUM(F5:F8) -> 0 | G17: =SUM(G5:G8) -> 0 | H17: =SUM(H5:H8) -> 0 | I17: =SUM(I5:I8) -> 0 | ... Q17: =SUM(Q5:Q8) -> 0
A18: Tot 8 | B18: =SUM(B9:B12) -> 0 | C18: =SUM(C9:C12) -> 0 | D18: =SUM(D9:D12) -> 0 | E18: =SUM(E9:E12) -> 0 | F18: =SUM(F9:F12) -> 0 | G18: =SUM(G9:G12) -> 0 | H18: =SUM(H9:H12) -> 0 | I18: =SUM(I9:I12) -> 0 | ... Q18: =SUM(Q9:Q12) -> 0

Sheet Mategnin Total
B1: Lieu: | C1: Mategnin Total
B2: France -> Suisse | J2: Suisse -> France | S2: ="Totaux 2021 " & $C1 -> Totaux 2021 Mategnin Total | AG2: ="Totaux 2020 " & $C1 -> Totaux 2020 Mategnin Total | AU2: ="Changement depuis 2020 " & $C1 -> Changement depuis 2020 Mategnin Total
B3: Vélo traditionel | D3: VAE | F3: Mode Nouveau Electrique | H3: Piéton/ne | J3: Vélo traditionel | L3: VAE | N3: Mode Nouveau Electrique (trotinette, scateboard , …) | P3: Piéton/ne | S3: Hommes | T3: Femmes | U3: %Femmes | V3: VT | W3: VAE | X3: Nouveau | Y3: 2r | Z3: %VAE | AA3: %Nouveau | AB3: Piétons | AC3: >CH | AD3: >FR | AE3: TOT | AG3: Hommes | AH3: Femmes | AI3: %Femmes | AJ3: VT | AK3: VAE | AL3: Nouveau | AM3: 2r | AN3: %VAE | AO3: %Nouveau | AP3: Piétons | AQ3: >CH | AR3: >FR | AS3: TOT | AU3: Hommes | AV3: Femmes | AW3: %Femmes | AX3: VT | AY3: VAE | AZ3: Nouveau | BA3: 2r | BB3: %VAE | BC3: %Nouveau | BD3: Piétons | BE3: >CH | BF3: >FR | BG3: TOT
A4: Heure | B4: H | C4: F | D4: H | E4: F | F4: H | G4: F | H4: H | I4: F | J4: H | K4: F | L4: H | M4: F | N4: H | O4: F | P4: H | Q4: F
A5: 0.29166667 | B5: =MategninAnneaux!B5+MategninDouane!B5 -> 5 | C5: =MategninAnneaux!C5+MategninDouane!C5 -> 4 | D5: =MategninAnneaux!D5+MategninDouane!D5 -> 4 | E5: =MategninAnneaux!E5+MategninDouane!E5 -> 5 | F5: =MategninAnneaux!F5+MategninDouane!F5 -> 3 | G5: =MategninAnneaux!G5+MategninDouane!G5 -> 0 | H5: =MategninAnneaux!H5+MategninDouane!H5 -> 2 | I5: =MategninAnneaux!I5+MategninDouane!I5 -> 0 | ... Q5: =MategninAnneaux!Q5+MategninDouane!Q5 -> 0 | S5: =B5+D5+F5+H5+J5+L5+N5+P5 -> 16 | T5: =C5+E5+G5+I5+K5+M5+O5+Q5 -> 10 | U5: =T5/(T5+S5) -> 0.38461538 | V5: =B5+C5+J5+K5 -> 12 | W5: =D5+E5+L5+M5 -> 9 | X5: =F5+G5+N5+O5 -> 3 | Y5: =SUM(V5:X5) -> 24 | Z5: =W5/Y5 -> 0.375 | AA5: =X5/Y5 -> 0.125 | AB5: =H5+I5+P5+Q5 -> 2 | AC5: =SUM(B5:I5) -> 23 | AD5: =SUM(J5:Q5) -> 3 | AE5: =SUM(B5:Q5) -> 26 | AG5: 15 | AH5: 7 | AI5: 0.31818182 | AJ5: 8 | AK5: 8 | AL5: 1 | AM5: 17 | AN5: 0.47058824 | AO5: 0.058823529 | AP5: 5 | AQ5: 19 | AR5: 3 | AS5: 22 | AU5: =(S5/AG5) - 1 -> 0.066666667 | AV5: =(T5/AH5) - 1 -> 0.42857143 | AW5: =(U5/AI5) - 1 -> 0.20879121 | AX5: =(V5/AJ5) - 1 -> 0.5 | AY5: =(W5/AK5) - 1 -> 0.125 | AZ5: =(X5/AL5) - 1 -> 2 | BA5: =(Y5/AM5) - 1 -> 0.41176471 | BB5: =(Z5/AN5) - 1 -> -0.203125 | ... BG5: =(AE5/AS5) - 1 -> 0.18181818
A6: 0.30208333 | B6: =MategninAnneaux!B6+MategninDouane!B6 -> 10 | C6: =MategninAnneaux!C6+MategninDouane!C6 -> 0 | D6: =MategninAnneaux!D6+MategninDouane!D6 -> 5 | E6: =MategninAnneaux!E6+MategninDouane!E6 -> 3 | F6: =MategninAnneaux!F6+MategninDouane!F6 -> 1 | G6: =MategninAnneaux!G6+MategninDouane!G6 -> 0 | H6: =MategninAnneaux!H6+MategninDouane!H6 -> 2 | I6: =MategninAnneaux!I6+MategninDouane!I6 -> 0 | ... Q6: =MategninAnneaux!Q6+MategninDouane!Q6 -> 0 | S6: =B6+D6+F6+H6+J6+L6+N6+P6 -> 21 | T6: =C6+E6+G6+I6+K6+M6+O6+Q6 -> 3 | U6: =T6/(T6+S6) -> 0.125 | V6: =B6+C6+J6+K6 -> 12 | W6: =D6+E6+L6+M6 -> 8 | X6: =F6+G6+N6+O6 -> 1 | Y6: =SUM(V6:X6) -> 21 | Z6: =W6/Y6 -> 0.38095238 | AA6: =X6/Y6 -> 0.047619048 | AB6: =H6+I6+P6+Q6 -> 3 | AC6: =SUM(B6:I6) -> 21 | AD6: =SUM(J6:Q6) -> 3 | AE6: =SUM(B6:Q6) -> 24 | AG6: 20 | AH6: 17 | AI6: 0.45945946 | AJ6: 26 | AK6: 4 | AL6: 2 | AM6: 32 | AN6: 0.125 | AO6: 0.0625 | AP6: 5 | AQ6: 31 | AR6: 6 | AS6: 37 | AU6: =(S6/AG6) - 1 -> 0.05 | AV6: =(T6/AH6) - 1 -> -0.82352941 | AW6: =(U6/AI6) - 1 -> -0.72794118 | AX6: =(V6/AJ6) - 1 -> -0.53846154 | AY6: =(W6/AK6) - 1 -> 1 | AZ6: =(X6/AL6) - 1 -> -0.5 | BA6: =(Y6/AM6) - 1 -> -0.34375 | BB6: =(Z6/AN6) - 1 -> 2.047619 | ... BG6: =(AE6/AS6) - 1 -> -0.35135135
A7: 0.3125 | B7: =MategninAnneaux!B7+MategninDouane!B7 -> 5 | C7: =MategninAnneaux!C7+MategninDouane!C7 -> 5 | D7: =MategninAnneaux!D7+MategninDouane!D7 -> 7 | E7: =MategninAnneaux!E7+MategninDouane!E7 -> 3 | F7: =MategninAnneaux!F7+MategninDouane!F7 -> 0 | G7: =MategninAnneaux!G7+MategninDouane!G7 -> 0 | H7: =MategninAnneaux!H7+MategninDouane!H7 -> 2 | I7: =MategninAnneaux!I7+MategninDouane!I7 -> 1 | ... Q7: =MategninAnneaux!Q7+MategninDouane!Q7 -> 0 | S7: =B7+D7+F7+H7+J7+L7+N7+P7 -> 18 | T7: =C7+E7+G7+I7+K7+M7+O7+Q7 -> 9 | U7: =T7/(T7+S7) -> 0.33333333 | V7: =B7+C7+J7+K7 -> 12 | W7: =D7+E7+L7+M7 -> 11 | X7: =F7+G7+N7+O7 -> 0 | Y7: =SUM(V7:X7) -> 23 | Z7: =W7/Y7 -> 0.47826087 | AA7: =X7/Y7 -> 0 | AB7: =H7+I7+P7+Q7 -> 4 | AC7: =SUM(B7:I7) -> 23 | AD7: =SUM(J7:Q7) -> 4 | AE7: =SUM(B7:Q7) -> 27 | AG7: 20 | AH7: 9 | AI7: 0.31034483 | AJ7: 21 | AK7: 6 | AL7: 0 | AM7: 27 | AN7: 0.22222222 | AO7: 0 | AP7: 2 | AQ7: 22 | AR7: 7 | AS7: 29 | AU7: =(S7/AG7) - 1 -> -0.1 | AV7: =(T7/AH7) - 1 -> 0 | AW7: =(U7/AI7) - 1 -> 0.074074074 | AX7: =(V7/AJ7) - 1 -> -0.42857143 | AY7: =(W7/AK7) - 1 -> 0.83333333 | AZ7: =(X7/AL7) - 1 -> #DIV/0! | BA7: =(Y7/AM7) - 1 -> -0.14814815 | BB7: =(Z7/AN7) - 1 -> 1.1521739 | ... BG7: =(AE7/AS7) - 1 -> -0.068965517
A8: 0.32291667 | B8: =MategninAnneaux!B8+MategninDouane!B8 -> 9 | C8: =MategninAnneaux!C8+MategninDouane!C8 -> 2 | D8: =MategninAnneaux!D8+MategninDouane!D8 -> 6 | E8: =MategninAnneaux!E8+MategninDouane!E8 -> 7 | F8: =MategninAnneaux!F8+MategninDouane!F8 -> 3 | G8: =MategninAnneaux!G8+MategninDouane!G8 -> 0 | H8: =MategninAnneaux!H8+MategninDouane!H8 -> 0 | I8: =MategninAnneaux!I8+MategninDouane!I8 -> 1 | ... Q8: =MategninAnneaux!Q8+MategninDouane!Q8 -> 1 | S8: =B8+D8+F8+H8+J8+L8+N8+P8 -> 20 | T8: =C8+E8+G8+I8+K8+M8+O8+Q8 -> 12 | U8: =T8/(T8+S8) -> 0.375 | V8: =B8+C8+J8+K8 -> 13 | W8: =D8+E8+L8+M8 -> 14 | X8: =F8+G8+N8+O8 -> 3 | Y8: =SUM(V8:X8) -> 30 | Z8: =W8/Y8 -> 0.46666667 | AA8: =X8/Y8 -> 0.1 | AB8: =H8+I8+P8+Q8 -> 2 | AC8: =SUM(B8:I8) -> 28 | AD8: =SUM(J8:Q8) -> 4 | AE8: =SUM(B8:Q8) -> 32 | AG8: 21 | AH8: 9 | AI8: 0.3 | AJ8: 16 | AK8: 5 | AL8: 3 | AM8: 24 | AN8: 0.20833333 | AO8: 0.125 | AP8: 6 | AQ8: 23 | AR8: 7 | AS8: 30 | AU8: =(S8/AG8) - 1 -> -0.047619048 | AV8: =(T8/AH8) - 1 -> 0.33333333 | AW8: =(U8/AI8) - 1 -> 0.25 | AX8: =(V8/AJ8) - 1 -> -0.1875 | AY8: =(W8/AK8) - 1 -> 1.8 | AZ8: =(X8/AL8) - 1 -> 0 | BA8: =(Y8/AM8) - 1 -> 0.25 | BB8: =(Z8/AN8) - 1 -> 1.24 | ... BG8: =(AE8/AS8) - 1 -> 0.066666667
A9: 0.33333333 | B9: =MategninAnneaux!B9+MategninDouane!B9 -> 16 | C9: =MategninAnneaux!C9+MategninDouane!C9 -> 7 | D9: =MategninAnneaux!D9+MategninDouane!D9 -> 7 | E9: =MategninAnneaux!E9+MategninDouane!E9 -> 2 | F9: =MategninAnneaux!F9+MategninDouane!F9 -> 0 | G9: =MategninAnneaux!G9+MategninDouane!G9 -> 1 | H9: =MategninAnneaux!H9+MategninDouane!H9 -> 3 | I9: =MategninAnneaux!I9+MategninDouane!I9 -> 1 | ... Q9: =MategninAnneaux!Q9+MategninDouane!Q9 -> 1 | S9: =B9+D9+F9+H9+J9+L9+N9+P9 -> 30 | T9: =C9+E9+G9+I9+K9+M9+O9+Q9 -> 13 | U9: =T9/(T9+S9) -> 0.30232558 | V9: =B9+C9+J9+K9 -> 25 | W9: =D9+E9+L9+M9 -> 12 | X9: =F9+G9+N9+O9 -> 1 | Y9: =SUM(V9:X9) -> 38 | Z9: =W9/Y9 -> 0.31578947 | AA9: =X9/Y9 -> 0.026315789 | AB9: =H9+I9+P9+Q9 -> 5 | AC9: =SUM(B9:I9) -> 37 | AD9: =SUM(J9:Q9) -> 6 | AE9: =SUM(B9:Q9) -> 43 | AG9: 10 | AH9: 3 | AI9: 0.23076923 | AJ9: 6 | AK9: 6 | AL9: 0 | AM9: 12 | AN9: 0.5 | AO9: 0 | AP9: 1 | AQ9: 11 | AR9: 2 | AS9: 13 | AU9: =(S9/AG9) - 1 -> 2 | AV9: =(T9/AH9) - 1 -> 3.3333333 | AW9: =(U9/AI9) - 1 -> 0.31007752 | AX9: =(V9/AJ9) - 1 -> 3.1666667 | AY9: =(W9/AK9) - 1 -> 1 | AZ9: =(X9/AL9) - 1 -> #DIV/0! | BA9: =(Y9/AM9) - 1 -> 2.1666667 | BB9: =(Z9/AN9) - 1 -> -0.36842105 | ... BG9: =(AE9/AS9) - 1 -> 2.3076923
A10: 0.34375 | B10: =MategninAnneaux!B10+MategninDouane!B10 -> 8 | C10: =MategninAnneaux!C10+MategninDouane!C10 -> 1 | D10: =MategninAnneaux!D10+MategninDouane!D10 -> 5 | E10: =MategninAnneaux!E10+MategninDouane!E10 -> 0 | F10: =MategninAnneaux!F10+MategninDouane!F10 -> 1 | G10: =MategninAnneaux!G10+MategninDouane!G10 -> 0 | H10: =MategninAnneaux!H10+MategninDouane!H10 -> 1 | I10: =MategninAnneaux!I10+MategninDouane!I10 -> 1 | ... Q10: =MategninAnneaux!Q10+MategninDouane!Q10 -> 2 | S10: =B10+D10+F10+H10+J10+L10+N10+P10 -> 20 | T10: =C10+E10+G10+I10+K10+M10+O10+Q10 -> 9 | U10: =T10/(T10+S10) -> 0.31034483 | V10: =B10+C10+J10+K10 -> 14 | W10: =D10+E10+L10+M10 -> 8 | X10: =F10+G10+N10+O10 -> 1 | Y10: =SUM(V10:X10) -> 23 | Z10: =W10/Y10 -> 0.34782609 | AA10: =X10/Y10 -> 0.043478261 | AB10: =H10+I10+P10+Q10 -> 6 | AC10: =SUM(B10:I10) -> 17 | AD10: =SUM(J10:Q10) -> 12 | AE10: =SUM(B10:Q10) -> 29 | AG10: 11 | AH10: 11 | AI10: 0.5 | AJ10: 13 | AK10: 4 | AL10: 0 | AM10: 17 | AN10: 0.23529412 | AO10: 0 | AP10: 5 | AQ10: 18 | AR10: 4 | AS10: 22 | AU10: =(S10/AG10) - 1 -> 0.81818182 | AV10: =(T10/AH10) - 1 -> -0.18181818 | AW10: =(U10/AI10) - 1 -> -0.37931034 | AX10: =(V10/AJ10) - 1 -> 0.076923077 | AY10: =(W10/AK10) - 1 -> 1 | AZ10: =(X10/AL10) - 1 -> #DIV/0! | BA10: =(Y10/AM10) - 1 -> 0.35294118 | BB10: =(Z10/AN10) - 1 -> 0.47826087 | ... BG10: =(AE10/AS10) - 1 -> 0.31818182
A11: 0.35416667 | B11: =MategninAnneaux!B11+MategninDouane!B11 -> 15 | C11: =MategninAnneaux!C11+MategninDouane!C11 -> 2 | D11: =MategninAnneaux!D11+MategninDouane!D11 -> 8 | E11: =MategninAnneaux!E11+MategninDouane!E11 -> 3 | F11: =MategninAnneaux!F11+MategninDouane!F11 -> 1 | G11: =MategninAnneaux!G11+MategninDouane!G11 -> 0 | H11: =MategninAnneaux!H11+MategninDouane!H11 -> 1 | I11: =MategninAnneaux!I11+MategninDouane!I11 -> 5 | ... Q11: =MategninAnneaux!Q11+MategninDouane!Q11 -> 0 | S11: =B11+D11+F11+H11+J11+L11+N11+P11 -> 29 | T11: =C11+E11+G11+I11+K11+M11+O11+Q11 -> 12 | U11: =T11/(T11+S11) -> 0.29268293 | V11: =B11+C11+J11+K11 -> 21 | W11: =D11+E11+L11+M11 -> 11 | X11: =F11+G11+N11+O11 -> 1 | Y11: =SUM(V11:X11) -> 33 | Z11: =W11/Y11 -> 0.33333333 | AA11: =X11/Y11 -> 0.03030303 | AB11: =H11+I11+P11+Q11 -> 8 | AC11: =SUM(B11:I11) -> 35 | AD11: =SUM(J11:Q11) -> 6 | AE11: =SUM(B11:Q11) -> 41 | AG11: 17 | AH11: 6 | AI11: 0.26086957 | AJ11: 14 | AK11: 6 | AL11: 0 | AM11: 20 | AN11: 0.3 | AO11: 0 | AP11: 3 | AQ11: 17 | AR11: 6 | AS11: 23 | AU11: =(S11/AG11) - 1 -> 0.70588235 | AV11: =(T11/AH11) - 1 -> 1 | AW11: =(U11/AI11) - 1 -> 0.12195122 | AX11: =(V11/AJ11) - 1 -> 0.5 | AY11: =(W11/AK11) - 1 -> 0.83333333 | AZ11: =(X11/AL11) - 1 -> #DIV/0! | BA11: =(Y11/AM11) - 1 -> 0.65 | BB11: =(Z11/AN11) - 1 -> 0.11111111 | ... BG11: =(AE11/AS11) - 1 -> 0.7826087
A12: 0.36458333 | B12: =MategninAnneaux!B12+MategninDouane!B12 -> 8 | C12: =MategninAnneaux!C12+MategninDouane!C12 -> 9 | D12: =MategninAnneaux!D12+MategninDouane!D12 -> 4 | E12: =MategninAnneaux!E12+MategninDouane!E12 -> 4 | F12: =MategninAnneaux!F12+MategninDouane!F12 -> 1 | G12: =MategninAnneaux!G12+MategninDouane!G12 -> 1 | H12: =MategninAnneaux!H12+MategninDouane!H12 -> 0 | I12: =MategninAnneaux!I12+MategninDouane!I12 -> 2 | ... Q12: =MategninAnneaux!Q12+MategninDouane!Q12 -> 1 | S12: =B12+D12+F12+H12+J12+L12+N12+P12 -> 15 | T12: =C12+E12+G12+I12+K12+M12+O12+Q12 -> 17 | U12: =T12/(T12+S12) -> 0.53125 | V12: =B12+C12+J12+K12 -> 18 | W12: =D12+E12+L12+M12 -> 9 | X12: =F12+G12+N12+O12 -> 2 | Y12: =SUM(V12:X12) -> 29 | Z12: =W12/Y12 -> 0.31034483 | AA12: =X12/Y12 -> 0.068965517 | AB12: =H12+I12+P12+Q12 -> 3 | AC12: =SUM(B12:I12) -> 29 | AD12: =SUM(J12:Q12) -> 3 | AE12: =SUM(B12:Q12) -> 32 | AG12: 12 | AH12: 12 | AI12: 0.5 | AJ12: 12 | AK12: 5 | AL12: 1 | AM12: 18 | AN12: 0.27777778 | AO12: 0.055555556 | AP12: 6 | AQ12: 12 | AR12: 12 | AS12: 24 | AU12: =(S12/AG12) - 1 -> 0.25 | AV12: =(T12/AH12) - 1 -> 0.41666667 | AW12: =(U12/AI12) - 1 -> 0.0625 | AX12: =(V12/AJ12) - 1 -> 0.5 | AY12: =(W12/AK12) - 1 -> 0.8 | AZ12: =(X12/AL12) - 1 -> 1 | BA12: =(Y12/AM12) - 1 -> 0.61111111 | BB12: =(Z12/AN12) - 1 -> 0.11724138 | ... BG12: =(AE12/AS12) - 1 -> 0.33333333
A13: 0.375 | B13: =MategninAnneaux!B13+MategninDouane!B13 -> 4 | C13: =MategninAnneaux!C13+MategninDouane!C13 -> 6 | D13: =MategninAnneaux!D13+MategninDouane!D13 -> 1 | E13: =MategninAnneaux!E13+MategninDouane!E13 -> 2 | F13: =MategninAnneaux!F13+MategninDouane!F13 -> 1 | G13: =MategninAnneaux!G13+MategninDouane!G13 -> 0 | H13: =MategninAnneaux!H13+MategninDouane!H13 -> 1 | I13: =MategninAnneaux!I13+MategninDouane!I13 -> 0 | ... Q13: =MategninAnneaux!Q13+MategninDouane!Q13 -> 1 | S13: =B13+D13+F13+H13+J13+L13+N13+P13 -> 12 | T13: =C13+E13+G13+I13+K13+M13+O13+Q13 -> 9 | U13: =T13/(T13+S13) -> 0.42857143 | V13: =B13+C13+J13+K13 -> 14 | W13: =D13+E13+L13+M13 -> 3 | X13: =F13+G13+N13+O13 -> 1 | Y13: =SUM(V13:X13) -> 18 | Z13: =W13/Y13 -> 0.16666667 | AA13: =X13/Y13 -> 0.055555556 | AB13: =H13+I13+P13+Q13 -> 3 | AC13: =SUM(B13:I13) -> 15
A14: Total | B14: =SUM(B5:B13) -> 80 | C14: =SUM(C5:C13) -> 36 | D14: =SUM(D5:D13) -> 47 | E14: =SUM(E5:E13) -> 29 | F14: =SUM(F5:F13) -> 11 | G14: =SUM(G5:G13) -> 2 | H14: =SUM(H5:H13) -> 12 | I14: =SUM(I5:I13) -> 11 | ... Q14: =SUM(Q5:Q13) -> 6 | S14: =B14+D14+F14+H14+J14+L14+N14+P14 -> 181 | T14: =C14+E14+G14+I14+K14+M14+O14+Q14 -> 94 | U14: =T14/(T14+S14) -> 0.34181818 | V14: =B14+C14+J14+K14 -> 141 | W14: =D14+E14+L14+M14 -> 85 | X14: =F14+G14+N14+O14 -> 13 | Y14: =SUM(V14:X14) -> 239 | Z14: =W14/Y14 -> 0.35564854 | AA14: =X14/Y14 -> 0.054393305 | AB14: =H14+I14+P14+Q14 -> 36 | AC14: =SUM(B14:I14) -> 228 | AD14: =SUM(J14:Q14) -> 47 | AE14: =SUM(B14:Q14) -> 275 | AG14: 126 | AH14: 74 | AI14: 0.37 | AJ14: 116 | AK14: 44 | AL14: 7 | AM14: 167 | AN14: 0.26347305 | AO14: 0.041916168 | AP14: 33 | AQ14: 153 | AR14: 47 | AS14: 200 | AU14: =(S14/AG14) - 1 -> 0.43650794 | AV14: =(T14/AH14) - 1 -> 0.27027027 | AW14: =(U14/AI14) - 1 -> -0.076167076 | AX14: =(V14/AJ14) - 1 -> 0.21551724 | AY14: =(W14/AK14) - 1 -> 0.93181818 | AZ14: =(X14/AL14) - 1 -> 0.85714286 | BA14: =(Y14/AM14) - 1 -> 0.43113772 | BB14: =(Z14/AN14) - 1 -> 0.34984785 | ... BG14: =(AE14/AS14) - 1 -> 0.375
A15: Total HP | B15: =SUM(B7:B10) -> 38 | C15: =SUM(C7:C10) -> 15 | D15: =SUM(D7:D10) -> 25 | E15: =SUM(E7:E10) -> 12 | F15: =SUM(F7:F10) -> 4 | G15: =SUM(G7:G10) -> 1 | H15: =SUM(H7:H10) -> 6 | I15: =SUM(I7:I10) -> 4 | ... Q15: =SUM(Q7:Q10) -> 4 | S15: =B15+D15+F15+H15+J15+L15+N15+P15 -> 88 | T15: =C15+E15+G15+I15+K15+M15+O15+Q15 -> 43 | U15: =T15/(T15+S15) -> 0.32824427 | V15: =B15+C15+J15+K15 -> 64 | W15: =D15+E15+L15+M15 -> 45 | X15: =F15+G15+N15+O15 -> 5 | Y15: =SUM(V15:X15) -> 114 | Z15: =W15/Y15 -> 0.39473684 | AA15: =X15/Y15 -> 0.043859649 | AB15: =H15+I15+P15+Q15 -> 17 | AC15: =SUM(B15:I15) -> 105 | AD15: =SUM(J15:Q15) -> 26 | AE15: =SUM(B15:Q15) -> 131 | AG15: 62 | AH15: 32 | AI15: 0.34042553 | AJ15: 56 | AK15: 21 | AL15: 3 | AM15: 80 | AN15: 0.2625 | AO15: 0.0375 | AP15: 14 | AQ15: 74 | AR15: 20 | AS15: 94 | AU15: =(S15/AG15) - 1 -> 0.41935484 | AV15: =(T15/AH15) - 1 -> 0.34375 | AW15: =(U15/AI15) - 1 -> -0.035782443 | AX15: =(V15/AJ15) - 1 -> 0.14285714 | AY15: =(W15/AK15) - 1 -> 1.1428571 | AZ15: =(X15/AL15) - 1 -> 0.66666667 | BA15: =(Y15/AM15) - 1 -> 0.425 | BB15: =(Z15/AN15) - 1 -> 0.5037594 | ... BG15: =(AE15/AS15) - 1 -> 0.39361702
A17: Tot 7 | B17: =SUM(B5:B8) -> 29 | C17: =SUM(C5:C8) -> 11 | D17: =SUM(D5:D8) -> 22 | E17: =SUM(E5:E8) -> 18 | F17: =SUM(F5:F8) -> 7 | G17: =SUM(G5:G8) -> 0 | H17: =SUM(H5:H8) -> 6 | I17: =SUM(I5:I8) -> 2 | ... Q17: =SUM(Q5:Q8) -> 1
A18: Tot 8 | B18: =SUM(B9:B12) -> 47 | C18: =SUM(C9:C12) -> 19 | D18: =SUM(D9:D12) -> 24 | E18: =SUM(E9:E12) -> 9 | F18: =SUM(F9:F12) -> 3 | G18: =SUM(G9:G12) -> 2 | H18: =SUM(H9:H12) -> 5 | I18: =SUM(I9:I12) -> 9 | ... Q18: =SUM(Q9:Q12) -> 4
AC20: =AC14/#REF! -> #REF! | AQ20: 0.49675325
AC21: =1-AC20 -> #REF! | AQ21: 0.50324675

Sheet MategninAnneaux
B1: Lieu: | C1: Mategnin Anneaux
B2: France -> Suisse | J2: Suisse -> France | S2: ="Totaux 2021 " & $C1 -> Totaux 2021 Mategnin Anneaux | AG2: ="Totaux 2020 " & $C1 -> Totaux 2020 Mategnin Anneaux | AU2: ="Changement depuis 2020 " & $C1 -> Changement depuis 2020 Mategnin Anneaux
B3: Vélo traditionel | D3: VAE | F3: Mode Nouveau Electrique | H3: Piéton/ne | J3: Vélo traditionel | L3: VAE | N3: Mode Nouveau Electrique (trotinette, scateboard , …) | P3: Piéton/ne | S3: Hommes | T3: Femmes | U3: %Femmes | V3: VT | W3: VAE | X3: Nouveau | Y3: 2r | Z3: %VAE | AA3: %Nouveau | AB3: Piétons | AC3: >CH | AD3: >FR | AE3: TOT | AG3: Hommes | AH3: Femmes | AI3: %Femmes | AJ3: VT | AK3: VAE | AL3: Nouveau | AM3: 2r | AN3: %VAE | AO3: %Nouveau | AP3: Piétons | AQ3: >CH | AR3: >FR | AS3: TOT | AU3: Hommes | AV3: Femmes | AW3: %Femmes | AX3: VT | AY3: VAE | AZ3: Nouveau | BA3: 2r | BB3: %VAE | BC3: %Nouveau | BD3: Piétons | BE3: >CH | BF3: >FR | BG3: TOT
A4: Heure | B4: H | C4: F | D4: H | E4: F | F4: H | G4: F | H4: H | I4: F | J4: H | K4: F | L4: H | M4: F | N4: H | O4: F | P4: H | Q4: F
A5: 0.29166667 | B5: 4 | C5: 4 | D5: 3 | E5: 5 | F5: 2 | H5: 1 | J5: 1 | S5: =B5+D5+F5+H5+J5+L5+N5+P5 -> 11 | T5: =C5+E5+G5+I5+K5+M5+O5+Q5 -> 9 | U5: =T5/(T5+S5) -> 0.45 | V5: =B5+C5+J5+K5 -> 9 | W5: =D5+E5+L5+M5 -> 8 | X5: =F5+G5+N5+O5 -> 2 | Y5: =SUM(V5:X5) -> 19 | Z5: =W5/Y5 -> 0.42105263 | AA5: =X5/Y5 -> 0.10526316 | AB5: =H5+I5+P5+Q5 -> 1 | AC5: =SUM(B5:I5) -> 19 | AD5: =SUM(J5:Q5) -> 1 | AE5: =SUM(B5:Q5) -> 20 | AG5: 12 | AH5: 6 | AI5: 0.33333333 | AJ5: 6 | AK5: 7 | AL5: 1 | AM5: 14 | AN5: 0.5 | AO5: 0.071428571 | AP5: 4 | AQ5: 16 | AR5: 2 | AS5: 18 | AU5: =(S5/AG5) - 1 -> -0.083333333 | AV5: =(T5/AH5) - 1 -> 0.5 | AW5: =(U5/AI5) - 1 -> 0.35 | AX5: =(V5/AJ5) - 1 -> 0.5 | AY5: =(W5/AK5) - 1 -> 0.14285714 | AZ5: =(X5/AL5) - 1 -> 1 | BA5: =(Y5/AM5) - 1 -> 0.35714286 | BB5: =(Z5/AN5) - 1 -> -0.15789474 | ... BG5: =(AE5/AS5) - 1 -> 0.11111111
A6: 0.30208333 | B6: 4 | D6: 4 | E6: 3 | F6: 1 | H6: 1 | S6: =B6+D6+F6+H6+J6+L6+N6+P6 -> 10 | T6: =C6+E6+G6+I6+K6+M6+O6+Q6 -> 3 | U6: =T6/(T6+S6) -> 0.23076923 | V6: =B6+C6+J6+K6 -> 4 | W6: =D6+E6+L6+M6 -> 7 | X6: =F6+G6+N6+O6 -> 1 | Y6: =SUM(V6:X6) -> 12 | Z6: =W6/Y6 -> 0.58333333 | AA6: =X6/Y6 -> 0.083333333 | AB6: =H6+I6+P6+Q6 -> 1 | AC6: =SUM(B6:I6) -> 13 | AD6: =SUM(J6:Q6) -> 0 | AE6: =SUM(B6:Q6) -> 13 | AG6: 14 | AH6: 12 | AI6: 0.46153846 | AJ6: 17 | AK6: 4 | AL6: 1 | AM6: 22 | AN6: 0.18181818 | AO6: 0.045454545 | AP6: 4 | AQ6: 23 | AR6: 3 | AS6: 26 | AU6: =(S6/AG6) - 1 -> -0.28571429 | AV6: =(T6/AH6) - 1 -> -0.75 | AW6: =(U6/AI6) - 1 -> -0.5 | AX6: =(V6/AJ6) - 1 -> -0.76470588 | AY6: =(W6/AK6) - 1 -> 0.75 | AZ6: =(X6/AL6) - 1 -> 0 | BA6: =(Y6/AM6) - 1 -> -0.45454545 | BB6: =(Z6/AN6) - 1 -> 2.2083333 | ... BG6: =(AE6/AS6) - 1 -> -0.5
A7: 0.3125 | B7: 4 | C7: 4 | D7: 5 | E7: 3 | H7: 1 | I7: 1 | J7: 1 | L7: 1 | S7: =B7+D7+F7+H7+J7+L7+N7+P7 -> 12 | T7: =C7+E7+G7+I7+K7+M7+O7+Q7 -> 8 | U7: =T7/(T7+S7) -> 0.4 | V7: =B7+C7+J7+K7 -> 9 | W7: =D7+E7+L7+M7 -> 9 | X7: =F7+G7+N7+O7 -> 0 | Y7: =SUM(V7:X7) -> 18 | Z7: =W7/Y7 -> 0.5 | AA7: =X7/Y7 -> 0 | AB7: =H7+I7+P7+Q7 -> 2 | AC7: =SUM(B7:I7) -> 18 | AD7: =SUM(J7:Q7) -> 2 | AE7: =SUM(B7:Q7) -> 20 | AG7: 17 | AH7: 8 | AI7: 0.32 | AJ7: 20 | AK7: 3 | AL7: 0 | AM7: 23 | AN7: 0.13043478 | AO7: 0 | AP7: 2 | AQ7: 22 | AR7: 3 | AS7: 25 | AU7: =(S7/AG7) - 1 -> -0.29411765 | AV7: =(T7/AH7) - 1 -> 0 | AW7: =(U7/AI7) - 1 -> 0.25 | AX7: =(V7/AJ7) - 1 -> -0.55 | AY7: =(W7/AK7) - 1 -> 2 | AZ7: =(X7/AL7) - 1 -> #DIV/0! | BA7: =(Y7/AM7) - 1 -> -0.2173913 | BB7: =(Z7/AN7) - 1 -> 2.8333333 | ... BG7: =(AE7/AS7) - 1 -> -0.2
A8: 0.32291667 | B8: 6 | C8: 1 | D8: 5 | E8: 5 | F8: 3 | I8: 1 | J8: 1 | L8: 1 | S8: =B8+D8+F8+H8+J8+L8+N8+P8 -> 16 | T8: =C8+E8+G8+I8+K8+M8+O8+Q8 -> 7 | U8: =T8/(T8+S8) -> 0.30434783 | V8: =B8+C8+J8+K8 -> 8 | W8: =D8+E8+L8+M8 -> 11 | X8: =F8+G8+N8+O8 -> 3 | Y8: =SUM(V8:X8) -> 22 | Z8: =W8/Y8 -> 0.5 | AA8: =X8/Y8 -> 0.13636364 | AB8: =H8+I8+P8+Q8 -> 1 | AC8: =SUM(B8:I8) -> 21 | AD8: =SUM(J8:Q8) -> 2 | AE8: =SUM(B8:Q8) -> 23 | AG8: 13 | AH8: 4 | AI8: 0.23529412 | AJ8: 6 | AK8: 5 | AL8: 1 | AM8: 12 | AN8: 0.41666667 | AO8: 0.083333333 | AP8: 5 | AQ8: 13 | AR8: 4 | AS8: 17 | AU8: =(S8/AG8) - 1 -> 0.23076923 | AV8: =(T8/AH8) - 1 -> 0.75 | AW8: =(U8/AI8) - 1 -> 0.29347826 | AX8: =(V8/AJ8) - 1 -> 0.33333333 | AY8: =(W8/AK8) - 1 -> 1.2 | AZ8: =(X8/AL8) - 1 -> 2 | BA8: =(Y8/AM8) - 1 -> 0.83333333 | BB8: =(Z8/AN8) - 1 -> 0.2 | ... BG8: =(AE8/AS8) - 1 -> 0.35294118
A9: 0.33333333 | B9: 9 | C9: 3 | D9: 4 | E9: 2 | G9: 1 | H9: 1 | I9: 1 | K9: 1 | L9: 2 | Q9: 1 | S9: =B9+D9+F9+H9+J9+L9+N9+P9 -> 16 | T9: =C9+E9+G9+I9+K9+M9+O9+Q9 -> 9 | U9: =T9/(T9+S9) -> 0.36 | V9: =B9+C9+J9+K9 -> 13 | W9: =D9+E9+L9+M9 -> 8 | X9: =F9+G9+N9+O9 -> 1 | Y9: =SUM(V9:X9) -> 22 | Z9: =W9/Y9 -> 0.36363636 | AA9: =X9/Y9 -> 0.045454545 | AB9: =H9+I9+P9+Q9 -> 3 | AC9: =SUM(B9:I9) -> 21 | AD9: =SUM(J9:Q9) -> 4 | AE9: =SUM(B9:Q9) -> 25 | AG9: 10 | AH9: 3 | AI9: 0.23076923 | AJ9: 6 | AK9: 6 | AL9: 0 | AM9: 12 | AN9: 0.5 | AO9: 0 | AP9: 1 | AQ9: 11 | AR9: 2 | AS9: 13 | AU9: =(S9/AG9) - 1 -> 0.6 | AV9: =(T9/AH9) - 1 -> 2 | AW9: =(U9/AI9) - 1 -> 0.56 | AX9: =(V9/AJ9) - 1 -> 1.1666667 | AY9: =(W9/AK9) - 1 -> 0.33333333 | AZ9: =(X9/AL9) - 1 -> #DIV/0! | BA9: =(Y9/AM9) - 1 -> 0.83333333 | BB9: =(Z9/AN9) - 1 -> -0.27272727 | ... BG9: =(AE9/AS9) - 1 -> 0.92307692
A10: 0.34375 | B10: 6 | D10: 3 | F10: 1 | H10: 1 | I10: 1 | J10: 1 | K10: 2 | L10: 2 | M10: 1 | S10: =B10+D10+F10+H10+J10+L10+N10+P10 -> 14 | T10: =C10+E10+G10+I10+K10+M10+O10+Q10 -> 4 | U10: =T10/(T10+S10) -> 0.22222222 | V10: =B10+C10+J10+K10 -> 9 | W10: =D10+E10+L10+M10 -> 6 | X10: =F10+G10+N10+O10 -> 1 | Y10: =SUM(V10:X10) -> 16 | Z10: =W10/Y10 -> 0.375 | AA10: =X10/Y10 -> 0.0625 | AB10: =H10+I10+P10+Q10 -> 2 | AC10: =SUM(B10:I10) -> 12 | AD10: =SUM(J10:Q10) -> 6 | AE10: =SUM(B10:Q10) -> 18 | AG10: 11 | AH10: 11 | AI10: 0.5 | AJ10: 13 | AK10: 4 | AL10: 0 | AM10: 17 | AN10: 0.23529412 | AO10: 0 | AP10: 5 | AQ10: 18 | AR10: 4 | AS10: 22 | AU10: =(S10/AG10) - 1 -> 0.27272727 | AV10: =(T10/AH10) - 1 -> -0.63636364 | AW10: =(U10/AI10) - 1 -> -0.55555556 | AX10: =(V10/AJ10) - 1 -> -0.30769231 | AY10: =(W10/AK10) - 1 -> 0.5 | AZ10: =(X10/AL10) - 1 -> #DIV/0! | BA10: =(Y10/AM10) - 1 -> -0.058823529 | BB10: =(Z10/AN10) - 1 -> 0.59375 | ... BG10: =(AE10/AS10) - 1 -> -0.18181818
A11: 0.35416667 | B11: 8 | C11: 1 | D11: 5 | E11: 2 | F11: 1 | H11: 1 | I11: 5 | J11: 2 | K11: 1 | S11: =B11+D11+F11+H11+J11+L11+N11+P11 -> 17 | T11: =C11+E11+G11+I11+K11+M11+O11+Q11 -> 9 | U11: =T11/(T11+S11) -> 0.34615385 | V11: =B11+C11+J11+K11 -> 12 | W11: =D11+E11+L11+M11 -> 7 | X11: =F11+G11+N11+O11 -> 1 | Y11: =SUM(V11:X11) -> 20 | Z11: =W11/Y11 -> 0.35 | AA11: =X11/Y11 -> 0.05 | AB11: =H11+I11+P11+Q11 -> 6 | AC11: =SUM(B11:I11) -> 23 | AD11: =SUM(J11:Q11) -> 3 | AE11: =SUM(B11:Q11) -> 26 | AG11: 17 | AH11: 6 | AI11: 0.26086957 | AJ11: 14 | AK11: 6 | AL11: 0 | AM11: 20 | AN11: 0.3 | AO11: 0 | AP11: 3 | AQ11: 17 | AR11: 6 | AS11: 23 | AU11: =(S11/AG11) - 1 -> 0 | AV11: =(T11/AH11) - 1 -> 0.5 | AW11: =(U11/AI11) - 1 -> 0.32692308 | AX11: =(V11/AJ11) - 1 -> -0.14285714 | AY11: =(W11/AK11) - 1 -> 0.16666667 | AZ11: =(X11/AL11) - 1 -> #DIV/0! | BA11: =(Y11/AM11) - 1 -> 0 | BB11: =(Z11/AN11) - 1 -> 0.16666667 | ... BG11: =(AE11/AS11) - 1 -> 0.13043478
A12: 0.36458333 | B12: 6 | C12: 9 | D12: 3 | E12: 2 | F12: 1 | I12: 2 | J12: 1 | S12: =B12+D12+F12+H12+J12+L12+N12+P12 -> 11 | T12: =C12+E12+G12+I12+K12+M12+O12+Q12 -> 13 | U12: =T12/(T12+S12) -> 0.54166667 | V12: =B12+C12+J12+K12 -> 16 | W12: =D12+E12+L12+M12 -> 5 | X12: =F12+G12+N12+O12 -> 1 | Y12: =SUM(V12:X12) -> 22 | Z12: =W12/Y12 -> 0.22727273 | AA12: =X12/Y12 -> 0.045454545 | AB12: =H12+I12+P12+Q12 -> 2 | AC12: =SUM(B12:I12) -> 23 | AD12: =SUM(J12:Q12) -> 1 | AE12: =SUM(B12:Q12) -> 24 | AG12: 12 | AH12: 12 | AI12: 0.5 | AJ12: 12 | AK12: 5 | AL12: 1 | AM12: 18 | AN12: 0.27777778 | AO12: 0.055555556 | AP12: 6 | AQ12: 12 | AR12: 12 | AS12: 24 | AU12: =(S12/AG12) - 1 -> -0.083333333 | AV12: =(T12/AH12) - 1 -> 0.083333333 | AW12: =(U12/AI12) - 1 -> 0.083333333 | AX12: =(V12/AJ12) - 1 -> 0.33333333 | AY12: =(W12/AK12) - 1 -> 0 | AZ12: =(X12/AL12) - 1 -> 0 | BA12: =(Y12/AM12) - 1 -> 0.22222222 | BB12: =(Z12/AN12) - 1 -> -0.18181818 | ... BG12: =(AE12/AS12) - 1 -> 0
A13: 0.375 | B13: 2 | C13: 3 | F13: 1 | P13: 1 | Q13: 1
A14: Total | B14: =SUM(B5:B13) -> 49 | C14: =SUM(C5:C13) -> 25 | D14: =SUM(D5:D13) -> 32 | E14: =SUM(E5:E13) -> 22 | F14: =SUM(F5:F13) -> 10 | G14: =SUM(G5:G13) -> 1 | H14: =SUM(H5:H13) -> 6 | I14: =SUM(I5:I13) -> 11 | ... Q14: =SUM(Q5:Q13) -> 2 | S14: =B14+D14+F14+H14+J14+L14+N14+P14 -> 111 | T14: =C14+E14+G14+I14+K14+M14+O14+Q14 -> 66 | U14: =T14/(T14+S14) -> 0.37288136 | V14: =B14+C14+J14+K14 -> 85 | W14: =D14+E14+L14+M14 -> 61 | X14: =F14+G14+N14+O14 -> 11 | Y14: =SUM(V14:X14) -> 157 | Z14: =W14/Y14 -> 0.38853503 | AA14: =X14/Y14 -> 0.070063694 | AB14: =H14+I14+P14+Q14 -> 20 | AC14: =SUM(B14:I14) -> 156 | AD14: =SUM(J14:Q14) -> 21 | AE14: =SUM(B14:Q14) -> 177 | AG14: 106 | AH14: 62 | AI14: 0.36904762 | AJ14: 94 | AK14: 40 | AL14: 4 | AM14: 138 | AN14: 0.28985507 | AO14: 0.028985507 | AP14: 30 | AQ14: 132 | AR14: 36 | AS14: 168 | AU14: =(S14/AG14) - 1 -> 0.047169811 | AV14: =(T14/AH14) - 1 -> 0.064516129 | AW14: =(U14/AI14) - 1 -> 0.01038819 | AX14: =(V14/AJ14) - 1 -> -0.095744681 | AY14: =(W14/AK14) - 1 -> 0.525 | AZ14: =(X14/AL14) - 1 -> 1.75 | BA14: =(Y14/AM14) - 1 -> 0.13768116 | BB14: =(Z14/AN14) - 1 -> 0.34044586 | ... BG14: =(AE14/AS14) - 1 -> 0.053571429
A15: Total HP | B15: =SUM(B7:B10) -> 25 | C15: =SUM(C7:C10) -> 8 | D15: =SUM(D7:D10) -> 17 | E15: =SUM(E7:E10) -> 10 | F15: =SUM(F7:F10) -> 4 | G15: =SUM(G7:G10) -> 1 | H15: =SUM(H7:H10) -> 3 | I15: =SUM(I7:I10) -> 4 | ... Q15: =SUM(Q7:Q10) -> 1 | S15: =B15+D15+F15+H15+J15+L15+N15+P15 -> 58 | T15: =C15+E15+G15+I15+K15+M15+O15+Q15 -> 28 | U15: =T15/(T15+S15) -> 0.3255814 | V15: =B15+C15+J15+K15 -> 39 | W15: =D15+E15+L15+M15 -> 34 | X15: =F15+G15+N15+O15 -> 5 | Y15: =SUM(V15:X15) -> 78 | Z15: =W15/Y15 -> 0.43589744 | AA15: =X15/Y15 -> 0.064102564 | AB15: =H15+I15+P15+Q15 -> 8 | AC15: =SUM(B15:I15) -> 72 | AD15: =SUM(J15:Q15) -> 14 | AE15: =SUM(B15:Q15) -> 86 | AG15: 51 | AH15: 26 | AI15: 0.33766234 | AJ15: 45 | AK15: 18 | AL15: 1 | AM15: 64 | AN15: 0.28125 | AO15: 0.015625 | AP15: 13 | AQ15: 64 | AR15: 13 | AS15: 77 | AU15: =(S15/AG15) - 1 -> 0.1372549 | AV15: =(T15/AH15) - 1 -> 0.076923077 | AW15: =(U15/AI15) - 1 -> -0.035778175 | AX15: =(V15/AJ15) - 1 -> -0.13333333 | AY15: =(W15/AK15) - 1 -> 0.88888889 | AZ15: =(X15/AL15) - 1 -> 4 | BA15: =(Y15/AM15) - 1 -> 0.21875 | BB15: =(Z15/AN15) - 1 -> 0.54985755 | ... BG15: =(AE15/AS15) - 1 -> 0.11688312
A17: Tot 7 | B17: =SUM(B5:B8) -> 18 | C17: =SUM(C5:C8) -> 9 | D17: =SUM(D5:D8) -> 17 | E17: =SUM(E5:E8) -> 16 | F17: =SUM(F5:F8) -> 6 | G17: =SUM(G5:G8) -> 0 | H17: =SUM(H5:H8) -> 3 | I17: =SUM(I5:I8) -> 2 | ... Q17: =SUM(Q5:Q8) -> 0
A18: Tot 8 | B18: =SUM(B9:B12) -> 29 | C18: =SUM(C9:C12) -> 13 | D18: =SUM(D9:D12) -> 15 | E18: =SUM(E9:E12) -> 6 | F18: =SUM(F9:F12) -> 3 | G18: =SUM(G9:G12) -> 1 | H18: =SUM(H9:H12) -> 3 | I18: =SUM(I9:I12) -> 9 | ... Q18: =SUM(Q9:Q12) -> 1
AE20: =AE14/#REF! -> #REF! | AS20: 0.68571429

Sheet MategninDouane
B1: Lieu: | C1: Mategnin Douane
B2: France -> Suisse | J2: Suisse -> France | S2: ="Totaux 2021 " & $C1 -> Totaux 2021 Mategnin Douane | AG2: ="Totaux 2020 " & $C1 -> Totaux 2020 Mategnin Douane | AU2: ="Changement depuis 2020 " & $C1 -> Changement depuis 2020 Mategnin Douane
B3: Vélo traditionel | D3: VAE | F3: Mode Nouveau Electrique | H3: Piéton/ne | J3: Vélo traditionel | L3: VAE | N3: Mode Nouveau Electrique (trotinette, scateboard , …) | P3: Piéton/ne | S3: Hommes | T3: Femmes | U3: %Femmes | V3: VT | W3: VAE | X3: Nouveau | Y3: 2r | Z3: %VAE | AA3: %Nouveau | AB3: Piétons | AC3: >CH | AD3: >FR | AE3: TOT | AG3: Hommes | AH3: Femmes | AI3: %Femmes | AJ3: VT | AK3: VAE | AL3: Nouveau | AM3: 2r | AN3: %VAE | AO3: %Nouveau | AP3: Piétons | AQ3: >CH | AR3: >FR | AS3: TOT | AU3: Hommes | AV3: Femmes | AW3: %Femmes | AX3: VT | AY3: VAE | AZ3: Nouveau | BA3: 2r | BB3: %VAE | BC3: %Nouveau | BD3: Piétons | BE3: >CH | BF3: >FR | BG3: TOT
A4: Heure | B4: H | C4: F | D4: H | E4: F | F4: H | G4: F | H4: H | I4: F | J4: H | K4: F | L4: H | M4: F | N4: H | O4: F | P4: H | Q4: F
A5: 0.29166667 | B5: 1 | C5: 0 | D5: 1 | E5: 0 | F5: 1 | H5: 1 | J5: 1 | K5: 1 | P5: 0 | S5: =B5+D5+F5+H5+J5+L5+N5+P5 -> 5 | T5: =C5+E5+G5+I5+K5+M5+O5+Q5 -> 1 | U5: =T5/(T5+S5) -> 0.16666667 | V5: =B5+C5+J5+K5 -> 3 | W5: =D5+E5+L5+M5 -> 1 | X5: =F5+G5+N5+O5 -> 1 | Y5: =SUM(V5:X5) -> 5 | Z5: =W5/Y5 -> 0.2 | AA5: =X5/Y5 -> 0.2 | AB5: =H5+I5+P5+Q5 -> 1 | AC5: =SUM(B5:I5) -> 4 | AD5: =SUM(J5:Q5) -> 2 | AE5: =SUM(B5:Q5) -> 6 | AG5: 3 | AH5: 1 | AI5: 0.25 | AJ5: 2 | AK5: 1 | AL5: 0 | AM5: 3 | AN5: 0.33333333 | AO5: 0 | AP5: 1 | AQ5: 3 | AR5: 1 | AS5: 4 | AU5: =(S5/AG5) - 1 -> 0.66666667 | AV5: =(T5/AH5) - 1 -> 0 | AW5: =(U5/AI5) - 1 -> -0.33333333 | AX5: =(V5/AJ5) - 1 -> 0.5 | AY5: =(W5/AK5) - 1 -> 0 | AZ5: =(X5/AL5) - 1 -> #DIV/0! | BA5: =(Y5/AM5) - 1 -> 0.66666667 | BB5: =(Z5/AN5) - 1 -> -0.4 | ... BG5: =(AE5/AS5) - 1 -> 0.5
A6: 0.30208333 | B6: 6 | C6: 0 | D6: 1 | E6: 0 | H6: 1 | J6: 2 | P6: 1 | S6: =B6+D6+F6+H6+J6+L6+N6+P6 -> 11 | T6: =C6+E6+G6+I6+K6+M6+O6+Q6 -> 0 | U6: =T6/(T6+S6) -> 0 | V6: =B6+C6+J6+K6 -> 8 | W6: =D6+E6+L6+M6 -> 1 | X6: =F6+G6+N6+O6 -> 0 | Y6: =SUM(V6:X6) -> 9 | Z6: =W6/Y6 -> 0.11111111 | AA6: =X6/Y6 -> 0 | AB6: =H6+I6+P6+Q6 -> 2 | AC6: =SUM(B6:I6) -> 8 | AD6: =SUM(J6:Q6) -> 3 | AE6: =SUM(B6:Q6) -> 11 | AG6: 6 | AH6: 5 | AI6: 0.45454545 | AJ6: 9 | AK6: 0 | AL6: 1 | AM6: 10 | AN6: 0 | AO6: 0.1 | AP6: 1 | AQ6: 8 | AR6: 3 | AS6: 11 | AU6: =(S6/AG6) - 1 -> 0.83333333 | AV6: =(T6/AH6) - 1 -> -1 | AW6: =(U6/AI6) - 1 -> -1 | AX6: =(V6/AJ6) - 1 -> -0.11111111 | AY6: =(W6/AK6) - 1 -> #DIV/0! | AZ6: =(X6/AL6) - 1 -> -1 | BA6: =(Y6/AM6) - 1 -> -0.1 | BB6: =(Z6/AN6) - 1 -> #DIV/0! | ... BG6: =(AE6/AS6) - 1 -> 0
A7: 0.3125 | B7: 1 | C7: 1 | D7: 2 | E7: 0 | H7: 1 | J7: 1 | P7: 1 | S7: =B7+D7+F7+H7+J7+L7+N7+P7 -> 6 | T7: =C7+E7+G7+I7+K7+M7+O7+Q7 -> 1 | U7: =T7/(T7+S7) -> 0.14285714 | V7: =B7+C7+J7+K7 -> 3 | W7: =D7+E7+L7+M7 -> 2 | X7: =F7+G7+N7+O7 -> 0 | Y7: =SUM(V7:X7) -> 5 | Z7: =W7/Y7 -> 0.4 | AA7: =X7/Y7 -> 0 | AB7: =H7+I7+P7+Q7 -> 2 | AC7: =SUM(B7:I7) -> 5 | AD7: =SUM(J7:Q7) -> 2 | AE7: =SUM(B7:Q7) -> 7 | AG7: 3 | AH7: 1 | AI7: 0.25 | AJ7: 1 | AK7: 3 | AL7: 0 | AM7: 4 | AN7: 0.75 | AO7: 0 | AP7: 0 | AQ7: 0 | AR7: 4 | AS7: 4 | AU7: =(S7/AG7) - 1 -> 1 | AV7: =(T7/AH7) - 1 -> 0 | AW7: =(U7/AI7) - 1 -> -0.42857143 | AX7: =(V7/AJ7) - 1 -> 2 | AY7: =(W7/AK7) - 1 -> -0.33333333 | AZ7: =(X7/AL7) - 1 -> #DIV/0! | BA7: =(Y7/AM7) - 1 -> 0.25 | BB7: =(Z7/AN7) - 1 -> -0.46666667 | ... BG7: =(AE7/AS7) - 1 -> 0.75
A8: 0.32291667 | B8: 3 | C8: 1 | D8: 1 | E8: 2 | H8: 0 | J8: 0 | K8: 1 | P8: 0 | Q8: 1 | S8: =B8+D8+F8+H8+J8+L8+N8+P8 -> 4 | T8: =C8+E8+G8+I8+K8+M8+O8+Q8 -> 5 | U8: =T8/(T8+S8) -> 0.55555556 | V8: =B8+C8+J8+K8 -> 5 | W8: =D8+E8+L8+M8 -> 3 | X8: =F8+G8+N8+O8 -> 0 | Y8: =SUM(V8:X8) -> 8 | Z8: =W8/Y8 -> 0.375 | AA8: =X8/Y8 -> 0 | AB8: =H8+I8+P8+Q8 -> 1 | AC8: =SUM(B8:I8) -> 7 | AD8: =SUM(J8:Q8) -> 2 | AE8: =SUM(B8:Q8) -> 9 | AG8: 8 | AH8: 5 | AI8: 0.38461538 | AJ8: 10 | AK8: 0 | AL8: 2 | AM8: 12 | AN8: 0 | AO8: 0.16666667 | AP8: 1 | AQ8: 10 | AR8: 3 | AS8: 13 | AU8: =(S8/AG8) - 1 -> -0.5 | AV8: =(T8/AH8) - 1 -> 0 | AW8: =(U8/AI8) - 1 -> 0.44444444 | AX8: =(V8/AJ8) - 1 -> -0.5 | AY8: =(W8/AK8) - 1 -> #DIV/0! | AZ8: =(X8/AL8) - 1 -> -1 | BA8: =(Y8/AM8) - 1 -> -0.33333333 | BB8: =(Z8/AN8) - 1 -> #DIV/0! | ... BG8: =(AE8/AS8) - 1 -> -0.30769231
A9: 0.33333333 | B9: 7 | C9: 4 | D9: 3 | E9: 0 | H9: 2 | J9: 1 | L9: 1 | P9: 0 | S9: =B9+D9+F9+H9+J9+L9+N9+P9 -> 14 | T9: =C9+E9+G9+I9+K9+M9+O9+Q9 -> 4 | U9: =T9/(T9+S9) -> 0.22222222 | V9: =B9+C9+J9+K9 -> 12 | W9: =D9+E9+L9+M9 -> 4 | X9: =F9+G9+N9+O9 -> 0 | Y9: =SUM(V9:X9) -> 16 | Z9: =W9/Y9 -> 0.25 | AA9: =X9/Y9 -> 0 | AB9: =H9+I9+P9+Q9 -> 2 | AC9: =SUM(B9:I9) -> 16 | AD9: =SUM(J9:Q9) -> 2 | AE9: =SUM(B9:Q9) -> 18 | AG9: 0 | AH9: 0 | AI9: #DIV/0! | AJ9: 0 | AK9: 0 | AL9: 0 | AM9: 0 | AN9: #DIV/0! | AO9: #DIV/0! | AP9: 0 | AQ9: 0 | AR9: 0 | AS9: 0 | AU9: =(S9/AG9) - 1 -> #DIV/0! | AV9: =(T9/AH9) - 1 -> #DIV/0! | AW9: =(U9/AI9) - 1 -> #DIV/0! | AX9: =(V9/AJ9) - 1 -> #DIV/0! | AY9: =(W9/AK9) - 1 -> #DIV/0! | AZ9: =(X9/AL9) - 1 -> #DIV/0! | BA9: =(Y9/AM9) - 1 -> #DIV/0! | BB9: =(Z9/AN9) - 1 -> #DIV/0! | ... BG9: =(AE9/AS9) - 1 -> #DIV/0!
A10: 0.34375 | B10: 2 | C10: 1 | D10: 2 | E10: 0 | K10: 2 | P10: 2 | Q10: 2 | S10: =B10+D10+F10+H10+J10+L10+N10+P10 -> 6 | T10: =C10+E10+G10+I10+K10+M10+O10+Q10 -> 5 | U10: =T10/(T10+S10) -> 0.45454545 | V10: =B10+C10+J10+K10 -> 5 | W10: =D10+E10+L10+M10 -> 2 | X10: =F10+G10+N10+O10 -> 0 | Y10: =SUM(V10:X10) -> 7 | Z10: =W10/Y10 -> 0.28571429 | AA10: =X10/Y10 -> 0 | AB10: =H10+I10+P10+Q10 -> 4 | AC10: =SUM(B10:I10) -> 5 | AD10: =SUM(J10:Q10) -> 6 | AE10: =SUM(B10:Q10) -> 11 | AG10: 0 | AH10: 0 | AI10: #DIV/0! | AJ10: 0 | AK10: 0 | AL10: 0 | AM10: 0 | AN10: #DIV/0! | AO10: #DIV/0! | AP10: 0 | AQ10: 0 | AR10: 0 | AS10: 0 | AU10: =(S10/AG10) - 1 -> #DIV/0! | AV10: =(T10/AH10) - 1 -> #DIV/0! | AW10: =(U10/AI10) - 1 -> #DIV/0! | AX10: =(V10/AJ10) - 1 -> #DIV/0! | AY10: =(W10/AK10) - 1 -> #DIV/0! | AZ10: =(X10/AL10) - 1 -> #DIV/0! | BA10: =(Y10/AM10) - 1 -> #DIV/0! | BB10: =(Z10/AN10) - 1 -> #DIV/0! | ... BG10: =(AE10/AS10) - 1 -> #DIV/0!
A11: 0.35416667 | B11: 7 | C11: 1 | D11: 3 | E11: 1 | K11: 1 | P11: 2 | S11: =B11+D11+F11+H11+J11+L11+N11+P11 -> 12 | T11: =C11+E11+G11+I11+K11+M11+O11+Q11 -> 3 | U11: =T11/(T11+S11) -> 0.2 | V11: =B11+C11+J11+K11 -> 9 | W11: =D11+E11+L11+M11 -> 4 | X11: =F11+G11+N11+O11 -> 0 | Y11: =SUM(V11:X11) -> 13 | Z11: =W11/Y11 -> 0.30769231 | AA11: =X11/Y11 -> 0 | AB11: =H11+I11+P11+Q11 -> 2 | AC11: =SUM(B11:I11) -> 12 | AD11: =SUM(J11:Q11) -> 3 | AE11: =SUM(B11:Q11) -> 15 | AG11: 0 | AH11: 0 | AI11: #DIV/0! | AJ11: 0 | AK11: 0 | AL11: 0 | AM11: 0 | AN11: #DIV/0! | AO11: #DIV/0! | AP11: 0 | AQ11: 0 | AR11: 0 | AS11: 0 | AU11: =(S11/AG11) - 1 -> #DIV/0! | AV11: =(T11/AH11) - 1 -> #DIV/0! | AW11: =(U11/AI11) - 1 -> #DIV/0! | AX11: =(V11/AJ11) - 1 -> #DIV/0! | AY11: =(W11/AK11) - 1 -> #DIV/0! | AZ11: =(X11/AL11) - 1 -> #DIV/0! | BA11: =(Y11/AM11) - 1 -> #DIV/0! | BB11: =(Z11/AN11) - 1 -> #DIV/0! | ... BG11: =(AE11/AS11) - 1 -> #DIV/0!
A12: 0.36458333 | B12: 2 | C12: 0 | D12: 1 | E12: 2 | G12: 1 | L12: 1 | Q12: 1 | S12: =B12+D12+F12+H12+J12+L12+N12+P12 -> 4 | T12: =C12+E12+G12+I12+K12+M12+O12+Q12 -> 4 | U12: =T12/(T12+S12) -> 0.5 | V12: =B12+C12+J12+K12 -> 2 | W12: =D12+E12+L12+M12 -> 4 | X12: =F12+G12+N12+O12 -> 1 | Y12: =SUM(V12:X12) -> 7 | Z12: =W12/Y12 -> 0.57142857 | AA12: =X12/Y12 -> 0.14285714 | AB12: =H12+I12+P12+Q12 -> 1 | AC12: =SUM(B12:I12) -> 6 | AD12: =SUM(J12:Q12) -> 2 | AE12: =SUM(B12:Q12) -> 8 | AG12: 0 | AH12: 0 | AI12: #DIV/0! | AJ12: 0 | AK12: 0 | AL12: 0 | AM12: 0 | AN12: #DIV/0! | AO12: #DIV/0! | AP12: 0 | AQ12: 0 | AR12: 0 | AS12: 0 | AU12: =(S12/AG12) - 1 -> #DIV/0! | AV12: =(T12/AH12) - 1 -> #DIV/0! | AW12: =(U12/AI12) - 1 -> #DIV/0! | AX12: =(V12/AJ12) - 1 -> #DIV/0! | AY12: =(W12/AK12) - 1 -> #DIV/0! | AZ12: =(X12/AL12) - 1 -> #DIV/0! | BA12: =(Y12/AM12) - 1 -> #DIV/0! | BB12: =(Z12/AN12) - 1 -> #DIV/0! | ... BG12: =(AE12/AS12) - 1 -> #DIV/0!
A13: 0.375 | B13: 2 | C13: 3 | D13: 1 | E13: 2 | H13: 1 | J13: 4 | S13: =B13+D13+F13+H13+J13+L13+N13+P13 -> 8 | T13: =C13+E13+G13+I13+K13+M13+O13+Q13 -> 5 | U13: =T13/(T13+S13) -> 0.38461538 | V13: =B13+C13+J13+K13 -> 9 | W13: =D13+E13+L13+M13 -> 3 | AC13: =SUM(B13:I13) -> 9 | AE13: =SUM(B13:Q13) -> 13 | AG13: 20 | AH13: 12 | AI13: 0.375 | AJ13: 22 | AK13: 4 | AL13: 3 | AM13: 29 | AN13: 0.13793103 | AO13: 0.10344828 | AP13: 3 | AQ13: 21 | AR13: 11 | AS13: 32 | AU13: =(S13/AG13) - 1 -> -0.6 | AV13: =(T13/AH13) - 1 -> -0.58333333 | AW13: =(U13/AI13) - 1 -> 0.025641026 | AX13: =(V13/AJ13) - 1 -> -0.59090909 | AY13: =(W13/AK13) - 1 -> -0.25 | AZ13: =(X13/AL13) - 1 -> -1 | BA13: =(Y13/AM13) - 1 -> -1 | BB13: =(Z13/AN13) - 1 -> -1 | ... BG13: =(AE13/AS13) - 1 -> -0.59375
A14: Total | B14: =SUM(B5:B13) -> 31 | C14: =SUM(C5:C13) -> 11 | D14: =SUM(D5:D13) -> 15 | E14: =SUM(E5:E13) -> 7 | F14: =SUM(F5:F13) -> 1 | G14: =SUM(G5:G13) -> 1 | H14: =SUM(H5:H13) -> 6 | I14: =SUM(I5:I13) -> 0 | ... Q14: =SUM(Q5:Q13) -> 4 | S14: =B14+D14+F14+H14+J14+L14+N14+P14 -> 70 | T14: =C14+E14+G14+I14+K14+M14+O14+Q14 -> 28 | U14: =T14/(T14+S14) -> 0.28571429 | V14: =B14+C14+J14+K14 -> 56 | W14: =D14+E14+L14+M14 -> 24 | X14: =F14+G14+N14+O14 -> 2 | Y14: =SUM(V14:X14) -> 82 | Z14: =W14/Y14 -> 0.29268293 | AA14: =X14/Y14 -> 0.024390244 | AB14: =H14+I14+P14+Q14 -> 16 | AC14: =SUM(B14:I14) -> 72 | AD14: =SUM(J14:Q14) -> 26 | AE14: =SUM(B14:Q14) -> 98 | AG14: 11 | AH14: 6 | AI14: 0.35294118 | AJ14: 11 | AK14: 3 | AL14: 2 | AM14: 16 | AN14: 0.1875 | AO14: 0.125 | AP14: 1 | AQ14: 10 | AR14: 7 | AS14: 17 | AU14: =(S14/AG14) - 1 -> 5.3636364 | AV14: =(T14/AH14) - 1 -> 3.6666667 | AW14: =(U14/AI14) - 1 -> -0.19047619 | AX14: =(V14/AJ14) - 1 -> 4.0909091 | AY14: =(W14/AK14) - 1 -> 7 | AZ14: =(X14/AL14) - 1 -> 0 | BA14: =(Y14/AM14) - 1 -> 4.125 | BB14: =(Z14/AN14) - 1 -> 0.56097561 | ... BG14: =(AE14/AS14) - 1 -> 4.7647059
A15: Total HP | B15: =SUM(B7:B10) -> 13 | C15: =SUM(C7:C10) -> 7 | D15: =SUM(D7:D10) -> 8 | E15: =SUM(E7:E10) -> 2 | F15: =SUM(F7:F10) -> 0 | G15: =SUM(G7:G10) -> 0 | H15: =SUM(H7:H10) -> 3 | I15: =SUM(I7:I10) -> 0 | ... Q15: =SUM(Q7:Q10) -> 3 | S15: =B15+D15+F15+H15+J15+L15+N15+P15 -> 30 | T15: =C15+E15+G15+I15+K15+M15+O15+Q15 -> 15 | U15: =T15/(T15+S15) -> 0.33333333 | V15: =B15+C15+J15+K15 -> 25 | W15: =D15+E15+L15+M15 -> 11 | X15: =F15+G15+N15+O15 -> 0 | Y15: =SUM(V15:X15) -> 36 | Z15: =W15/Y15 -> 0.30555556 | AA15: =X15/Y15 -> 0 | AB15: =H15+I15+P15+Q15 -> 9 | AC15: =SUM(B15:I15) -> 33 | AD15: =SUM(J15:Q15) -> 12 | AE15: =SUM(B15:Q15) -> 45
A17: Tot 7 | B17: =SUM(B5:B8) -> 11 | C17: =SUM(C5:C8) -> 2 | D17: =SUM(D5:D8) -> 5 | E17: =SUM(E5:E8) -> 2 | F17: =SUM(F5:F8) -> 1 | G17: =SUM(G5:G8) -> 0 | H17: =SUM(H5:H8) -> 3 | I17: =SUM(I5:I8) -> 0 | ... Q17: =SUM(Q5:Q8) -> 1
A18: Tot 8 | B18: =SUM(B9:B12) -> 18 | C18: =SUM(C9:C12) -> 6 | D18: =SUM(D9:D12) -> 9 | E18: =SUM(E9:E12) -> 3 | F18: =SUM(F9:F12) -> 0 | G18: =SUM(G9:G12) -> 1 | H18: =SUM(H9:H12) -> 2 | I18: =SUM(I9:I12) -> 0 | ... Q18: =SUM(Q9:Q12) -> 3
AO19: 0.22535211
AA20: =AE14/#REF! -> #REF!

Sheet PdG Nord
B1: Lieu:
B2: France -> Suisse | J2: Suisse -> France | S2: ="Totaux 2021 " & $C1 -> Totaux 2021 | AG2: ="Totaux 2020 " & $C1 -> Totaux 2020 | AU2: ="Changement depuis 2020 " & $C1 -> Changement depuis 2020
B3: Vélo traditionel | D3: VAE | F3: Mode Nouveau Electrique | H3: Piéton/ne | J3: Vélo traditionel | L3: VAE | N3: Mode Nouveau Electrique (trotinette, scateboard , …) | P3: Piéton/ne | S3: Hommes | T3: Femmes | U3: %Femmes | V3: VT | W3: VAE | X3: Nouveau | Y3: 2r | Z3: %VAE | AA3: %Nouveau | AB3: Piétons | AC3: >CH | AD3: >FR | AE3: TOT | AU3: Hommes | AV3: Femmes | AW3: %Femmes | AX3: VT | AY3: VAE | AZ3: Nouveau | BA3: 2r | BB3: %VAE | BC3: %Nouveau | BD3: Piétons | BE3: >CH | BF3: >FR | BG3: TOT
A4: Heure | B4: H | C4: F | D4: H | E4: F | F4: H | G4: F | H4: H | I4: F | J4: H | K4: F | L4: H | M4: F | N4: H | O4: F | P4: H | Q4: F
A5: 0.29166667 | B5: =Versonnex!B5+Sauverny!B5+'Divonne->Chavanne'!B5+Crassy!B5 -> 2 | C5: =Versonnex!C5+Sauverny!C5+'Divonne->Chavanne'!C5+Crassy!C5 -> 0 | D5: =Versonnex!D5+Sauverny!D5+'Divonne->Chavanne'!D5+Crassy!D5 -> 2 | E5: =Versonnex!E5+Sauverny!E5+'Divonne->Chavanne'!E5+Crassy!E5 -> 1 | F5: =Versonnex!F5+Sauverny!F5+'Divonne->Chavanne'!F5+Crassy!F5 -> 0 | G5: =Versonnex!G5+Sauverny!G5+'Divonne->Chavanne'!G5+Crassy!G5 -> 0 | H5: =Versonnex!H5+Sauverny!H5+'Divonne->Chavanne'!H5+Crassy!H5 -> 0 | I5: =Versonnex!I5+Sauverny!I5+'Divonne->Chavanne'!I5+Crassy!I5 -> 0 | ... Q5: =Versonnex!Q5+Sauverny!Q5+'Divonne->Chavanne'!Q5+Crassy!Q5 -> 0 | S5: =B5+D5+F5+H5+J5+L5+N5+P5 -> 4 | T5: =C5+E5+G5+I5+K5+M5+O5+Q5 -> 1 | U5: =T5/(T5+S5) -> 0.2 | V5: =B5+C5+J5+K5 -> 2 | W5: =D5+E5+L5+M5 -> 3 | X5: =F5+G5+N5+O5 -> 0 | Y5: =SUM(V5:X5) -> 5 | Z5: =W5/Y5 -> 0.6 | AA5: =X5/Y5 -> 0 | AB5: =H5+I5+P5+Q5 -> 0 | AC5: =SUM(B5:I5) -> 5 | AD5: =SUM(J5:Q5) -> 0 | AE5: =SUM(B5:Q5) -> 5 | AU5: =(S5/AG5) - 1 -> #DIV/0! | AV5: =(T5/AH5) - 1 -> #DIV/0! | AW5: =(U5/AI5) - 1 -> #DIV/0! | AX5: =(V5/AJ5) - 1 -> #DIV/0! | AY5: =(W5/AK5) - 1 -> #DIV/0! | AZ5: =(X5/AL5) - 1 -> #DIV/0! | BA5: =(Y5/AM5) - 1 -> #DIV/0! | BB5: =(Z5/AN5) - 1 -> #DIV/0! | ... BG5: =(AE5/AS5) - 1 -> #DIV/0!
A6: 0.30208333 | B6: =Versonnex!B6+Sauverny!B6+'Divonne->Chavanne'!B6+Crassy!B6 -> 4 | C6: =Versonnex!C6+Sauverny!C6+'Divonne->Chavanne'!C6+Crassy!C6 -> 3 | D6: =Versonnex!D6+Sauverny!D6+'Divonne->Chavanne'!D6+Crassy!D6 -> 2 | E6: =Versonnex!E6+Sauverny!E6+'Divonne->Chavanne'!E6+Crassy!E6 -> 1 | F6: =Versonnex!F6+Sauverny!F6+'Divonne->Chavanne'!F6+Crassy!F6 -> 0 | G6: =Versonnex!G6+Sauverny!G6+'Divonne->Chavanne'!G6+Crassy!G6 -> 0 | H6: =Versonnex!H6+Sauverny!H6+'Divonne->Chavanne'!H6+Crassy!H6 -> 0 | I6: =Versonnex!I6+Sauverny!I6+'Divonne->Chavanne'!I6+Crassy!I6 -> 1 | ... Q6: =Versonnex!Q6+Sauverny!Q6+'Divonne->Chavanne'!Q6+Crassy!Q6 -> 0 | S6: =B6+D6+F6+H6+J6+L6+N6+P6 -> 7 | T6: =C6+E6+G6+I6+K6+M6+O6+Q6 -> 5 | U6: =T6/(T6+S6) -> 0.41666667 | V6: =B6+C6+J6+K6 -> 8 | W6: =D6+E6+L6+M6 -> 3 | X6: =F6+G6+N6+O6 -> 0 | Y6: =SUM(V6:X6) -> 11 | Z6: =W6/Y6 -> 0.27272727 | AA6: =X6/Y6 -> 0 | AB6: =H6+I6+P6+Q6 -> 1 | AC6: =SUM(B6:I6) -> 11 | AD6: =SUM(J6:Q6) -> 1 | AE6: =SUM(B6:Q6) -> 12 | AU6: =(S6/AG6) - 1 -> #DIV/0! | AV6: =(T6/AH6) - 1 -> #DIV/0! | AW6: =(U6/AI6) - 1 -> #DIV/0! | AX6: =(V6/AJ6) - 1 -> #DIV/0! | AY6: =(W6/AK6) - 1 -> #DIV/0! | AZ6: =(X6/AL6) - 1 -> #DIV/0! | BA6: =(Y6/AM6) - 1 -> #DIV/0! | BB6: =(Z6/AN6) - 1 -> #DIV/0! | ... BG6: =(AE6/AS6) - 1 -> #DIV/0!
A7: 0.3125 | B7: =Versonnex!B7+Sauverny!B7+'Divonne->Chavanne'!B7+Crassy!B7 -> 3 | C7: =Versonnex!C7+Sauverny!C7+'Divonne->Chavanne'!C7+Crassy!C7 -> 0 | D7: =Versonnex!D7+Sauverny!D7+'Divonne->Chavanne'!D7+Crassy!D7 -> 3 | E7: =Versonnex!E7+Sauverny!E7+'Divonne->Chavanne'!E7+Crassy!E7 -> 3 | F7: =Versonnex!F7+Sauverny!F7+'Divonne->Chavanne'!F7+Crassy!F7 -> 0 | G7: =Versonnex!G7+Sauverny!G7+'Divonne->Chavanne'!G7+Crassy!G7 -> 0 | H7: =Versonnex!H7+Sauverny!H7+'Divonne->Chavanne'!H7+Crassy!H7 -> 4 | I7: =Versonnex!I7+Sauverny!I7+'Divonne->Chavanne'!I7+Crassy!I7 -> 0 | ... Q7: =Versonnex!Q7+Sauverny!Q7+'Divonne->Chavanne'!Q7+Crassy!Q7 -> 0 | S7: =B7+D7+F7+H7+J7+L7+N7+P7 -> 11 | T7: =C7+E7+G7+I7+K7+M7+O7+Q7 -> 3 | U7: =T7/(T7+S7) -> 0.21428571 | V7: =B7+C7+J7+K7 -> 4 | W7: =D7+E7+L7+M7 -> 6 | X7: =F7+G7+N7+O7 -> 0 | Y7: =SUM(V7:X7) -> 10 | Z7: =W7/Y7 -> 0.6 | AA7: =X7/Y7 -> 0 | AB7: =H7+I7+P7+Q7 -> 4 | AC7: =SUM(B7:I7) -> 13 | AD7: =SUM(J7:Q7) -> 1 | AE7: =SUM(B7:Q7) -> 14 | AU7: =(S7/AG7) - 1 -> #DIV/0! | AV7: =(T7/AH7) - 1 -> #DIV/0! | AW7: =(U7/AI7) - 1 -> #DIV/0! | AX7: =(V7/AJ7) - 1 -> #DIV/0! | AY7: =(W7/AK7) - 1 -> #DIV/0! | AZ7: =(X7/AL7) - 1 -> #DIV/0! | BA7: =(Y7/AM7) - 1 -> #DIV/0! | BB7: =(Z7/AN7) - 1 -> #DIV/0! | ... BG7: =(AE7/AS7) - 1 -> #DIV/0!
A8: 0.32291667 | B8: =Versonnex!B8+Sauverny!B8+'Divonne->Chavanne'!B8+Crassy!B8 -> 1 | C8: =Versonnex!C8+Sauverny!C8+'Divonne->Chavanne'!C8+Crassy!C8 -> 2 | D8: =Versonnex!D8+Sauverny!D8+'Divonne->Chavanne'!D8+Crassy!D8 -> 3 | E8: =Versonnex!E8+Sauverny!E8+'Divonne->Chavanne'!E8+Crassy!E8 -> 2 | F8: =Versonnex!F8+Sauverny!F8+'Divonne->Chavanne'!F8+Crassy!F8 -> 0 | G8: =Versonnex!G8+Sauverny!G8+'Divonne->Chavanne'!G8+Crassy!G8 -> 1 | H8: =Versonnex!H8+Sauverny!H8+'Divonne->Chavanne'!H8+Crassy!H8 -> 0 | I8: =Versonnex!I8+Sauverny!I8+'Divonne->Chavanne'!I8+Crassy!I8 -> 3 | ... Q8: =Versonnex!Q8+Sauverny!Q8+'Divonne->Chavanne'!Q8+Crassy!Q8 -> 0 | S8: =B8+D8+F8+H8+J8+L8+N8+P8 -> 7 | T8: =C8+E8+G8+I8+K8+M8+O8+Q8 -> 8 | U8: =T8/(T8+S8) -> 0.53333333 | V8: =B8+C8+J8+K8 -> 5 | W8: =D8+E8+L8+M8 -> 6 | X8: =F8+G8+N8+O8 -> 1 | Y8: =SUM(V8:X8) -> 12 | Z8: =W8/Y8 -> 0.5 | AA8: =X8/Y8 -> 0.083333333 | AB8: =H8+I8+P8+Q8 -> 3 | AC8: =SUM(B8:I8) -> 12 | AD8: =SUM(J8:Q8) -> 3 | AE8: =SUM(B8:Q8) -> 15 | AU8: =(S8/AG8) - 1 -> #DIV/0! | AV8: =(T8/AH8) - 1 -> #DIV/0! | AW8: =(U8/AI8) - 1 -> #DIV/0! | AX8: =(V8/AJ8) - 1 -> #DIV/0! | AY8: =(W8/AK8) - 1 -> #DIV/0! | AZ8: =(X8/AL8) - 1 -> #DIV/0! | BA8: =(Y8/AM8) - 1 -> #DIV/0! | BB8: =(Z8/AN8) - 1 -> #DIV/0! | ... BG8: =(AE8/AS8) - 1 -> #DIV/0!
A9: 0.33333333 | B9: =Versonnex!B9+Sauverny!B9+'Divonne->Chavanne'!B9+Crassy!B9 -> 4 | C9: =Versonnex!C9+Sauverny!C9+'Divonne->Chavanne'!C9+Crassy!C9 -> 1 | D9: =Versonnex!D9+Sauverny!D9+'Divonne->Chavanne'!D9+Crassy!D9 -> 2 | E9: =Versonnex!E9+Sauverny!E9+'Divonne->Chavanne'!E9+Crassy!E9 -> 1 | F9: =Versonnex!F9+Sauverny!F9+'Divonne->Chavanne'!F9+Crassy!F9 -> 0 | G9: =Versonnex!G9+Sauverny!G9+'Divonne->Chavanne'!G9+Crassy!G9 -> 0 | H9: =Versonnex!H9+Sauverny!H9+'Divonne->Chavanne'!H9+Crassy!H9 -> 2 | I9: =Versonnex!I9+Sauverny!I9+'Divonne->Chavanne'!I9+Crassy!I9 -> 0 | ... Q9: =Versonnex!Q9+Sauverny!Q9+'Divonne->Chavanne'!Q9+Crassy!Q9 -> 0 | S9: =B9+D9+F9+H9+J9+L9+N9+P9 -> 9 | T9: =C9+E9+G9+I9+K9+M9+O9+Q9 -> 3 | U9: =T9/(T9+S9) -> 0.25 | V9: =B9+C9+J9+K9 -> 6 | W9: =D9+E9+L9+M9 -> 4 | X9: =F9+G9+N9+O9 -> 0 | Y9: =SUM(V9:X9) -> 10 | Z9: =W9/Y9 -> 0.4 | AA9: =X9/Y9 -> 0 | AB9: =H9+I9+P9+Q9 -> 2 | AC9: =SUM(B9:I9) -> 10 | AD9: =SUM(J9:Q9) -> 2 | AE9: =SUM(B9:Q9) -> 12 | AU9: =(S9/AG9) - 1 -> #DIV/0! | AV9: =(T9/AH9) - 1 -> #DIV/0! | AW9: =(U9/AI9) - 1 -> #DIV/0! | AX9: =(V9/AJ9) - 1 -> #DIV/0! | AY9: =(W9/AK9) - 1 -> #DIV/0! | AZ9: =(X9/AL9) - 1 -> #DIV/0! | BA9: =(Y9/AM9) - 1 -> #DIV/0! | BB9: =(Z9/AN9) - 1 -> #DIV/0! | ... BG9: =(AE9/AS9) - 1 -> #DIV/0!
A10: 0.34375 | B10: =Versonnex!B10+Sauverny!B10+'Divonne->Chavanne'!B10+Crassy!B10 -> 2 | C10: =Versonnex!C10+Sauverny!C10+'Divonne->Chavanne'!C10+Crassy!C10 -> 1 | D10: =Versonnex!D10+Sauverny!D10+'Divonne->Chavanne'!D10+Crassy!D10 -> 0 | E10: =Versonnex!E10+Sauverny!E10+'Divonne->Chavanne'!E10+Crassy!E10 -> 2 | F10: =Versonnex!F10+Sauverny!F10+'Divonne->Chavanne'!F10+Crassy!F10 -> 0 | G10: =Versonnex!G10+Sauverny!G10+'Divonne->Chavanne'!G10+Crassy!G10 -> 0 | H10: =Versonnex!H10+Sauverny!H10+'Divonne->Chavanne'!H10+Crassy!H10 -> 0 | I10: =Versonnex!I10+Sauverny!I10+'Divonne->Chavanne'!I10+Crassy!I10 -> 0 | ... Q10: =Versonnex!Q10+Sauverny!Q10+'Divonne->Chavanne'!Q10+Crassy!Q10 -> 0 | S10: =B10+D10+F10+H10+J10+L10+N10+P10 -> 3 | T10: =C10+E10+G10+I10+K10+M10+O10+Q10 -> 3 | U10: =T10/(T10+S10) -> 0.5 | V10: =B10+C10+J10+K10 -> 4 | W10: =D10+E10+L10+M10 -> 2 | X10: =F10+G10+N10+O10 -> 0 | Y10: =SUM(V10:X10) -> 6 | Z10: =W10/Y10 -> 0.33333333 | AA10: =X10/Y10 -> 0 | AB10: =H10+I10+P10+Q10 -> 0 | AC10: =SUM(B10:I10) -> 5 | AD10: =SUM(J10:Q10) -> 1 | AE10: =SUM(B10:Q10) -> 6 | AU10: =(S10/AG10) - 1 -> #DIV/0! | AV10: =(T10/AH10) - 1 -> #DIV/0! | AW10: =(U10/AI10) - 1 -> #DIV/0! | AX10: =(V10/AJ10) - 1 -> #DIV/0! | AY10: =(W10/AK10) - 1 -> #DIV/0! | AZ10: =(X10/AL10) - 1 -> #DIV/0! | BA10: =(Y10/AM10) - 1 -> #DIV/0! | BB10: =(Z10/AN10) - 1 -> #DIV/0! | ... BG10: =(AE10/AS10) - 1 -> #DIV/0!
A11: 0.35416667 | B11: =Versonnex!B11+Sauverny!B11+'Divonne->Chavanne'!B11+Crassy!B11 -> 1 | C11: =Versonnex!C11+Sauverny!C11+'Divonne->Chavanne'!C11+Crassy!C11 -> 1 | D11: =Versonnex!D11+Sauverny!D11+'Divonne->Chavanne'!D11+Crassy!D11 -> 1 | E11: =Versonnex!E11+Sauverny!E11+'Divonne->Chavanne'!E11+Crassy!E11 -> 0 | F11: =Versonnex!F11+Sauverny!F11+'Divonne->Chavanne'!F11+Crassy!F11 -> 0 | G11: =Versonnex!G11+Sauverny!G11+'Divonne->Chavanne'!G11+Crassy!G11 -> 0 | H11: =Versonnex!H11+Sauverny!H11+'Divonne->Chavanne'!H11+Crassy!H11 -> 0 | I11: =Versonnex!I11+Sauverny!I11+'Divonne->Chavanne'!I11+Crassy!I11 -> 0 | ... Q11: =Versonnex!Q11+Sauverny!Q11+'Divonne->Chavanne'!Q11+Crassy!Q11 -> 0 | S11: =B11+D11+F11+H11+J11+L11+N11+P11 -> 3 | T11: =C11+E11+G11+I11+K11+M11+O11+Q11 -> 1 | U11: =T11/(T11+S11) -> 0.25 | V11: =B11+C11+J11+K11 -> 3 | W11: =D11+E11+L11+M11 -> 1 | X11: =F11+G11+N11+O11 -> 0 | Y11: =SUM(V11:X11) -> 4 | Z11: =W11/Y11 -> 0.25 | AA11: =X11/Y11 -> 0 | AB11: =H11+I11+P11+Q11 -> 0 | AC11: =SUM(B11:I11) -> 3 | AD11: =SUM(J11:Q11) -> 1 | AE11: =SUM(B11:Q11) -> 4 | AU11: =(S11/AG11) - 1 -> #DIV/0! | AV11: =(T11/AH11) - 1 -> #DIV/0! | AW11: =(U11/AI11) - 1 -> #DIV/0! | AX11: =(V11/AJ11) - 1 -> #DIV/0! | AY11: =(W11/AK11) - 1 -> #DIV/0! | AZ11: =(X11/AL11) - 1 -> #DIV/0! | BA11: =(Y11/AM11) - 1 -> #DIV/0! | BB11: =(Z11/AN11) - 1 -> #DIV/0! | ... BG11: =(AE11/AS11) - 1 -> #DIV/0!
A12: 0.36458333 | B12: =Versonnex!B12+Sauverny!B12+'Divonne->Chavanne'!B12+Crassy!B12 -> 1 | C12: =Versonnex!C12+Sauverny!C12+'Divonne->Chavanne'!C12+Crassy!C12 -> 0 | D12: =Versonnex!D12+Sauverny!D12+'Divonne->Chavanne'!D12+Crassy!D12 -> 0 | E12: =Versonnex!E12+Sauverny!E12+'Divonne->Chavanne'!E12+Crassy!E12 -> 0 | F12: =Versonnex!F12+Sauverny!F12+'Divonne->Chavanne'!F12+Crassy!F12 -> 0 | G12: =Versonnex!G12+Sauverny!G12+'Divonne->Chavanne'!G12+Crassy!G12 -> 0 | H12: =Versonnex!H12+Sauverny!H12+'Divonne->Chavanne'!H12+Crassy!H12 -> 0 | I12: =Versonnex!I12+Sauverny!I12+'Divonne->Chavanne'!I12+Crassy!I12 -> 0 | ... Q12: =Versonnex!Q12+Sauverny!Q12+'Divonne->Chavanne'!Q12+Crassy!Q12 -> 0 | S12: =B12+D12+F12+H12+J12+L12+N12+P12 -> 5 | T12: =C12+E12+G12+I12+K12+M12+O12+Q12 -> 1 | U12: =T12/(T12+S12) -> 0.16666667 | V12: =B12+C12+J12+K12 -> 5 | W12: =D12+E12+L12+M12 -> 1 | X12: =F12+G12+N12+O12 -> 0 | Y12: =SUM(V12:X12) -> 6 | Z12: =W12/Y12 -> 0.16666667 | AA12: =X12/Y12 -> 0 | AB12: =H12+I12+P12+Q12 -> 0 | AC12: =SUM(B12:I12) -> 1 | AD12: =SUM(J12:Q12) -> 5 | AE12: =SUM(B12:Q12) -> 6 | AU12: =(S12/AG12) - 1 -> #DIV/0! | AV12: =(T12/AH12) - 1 -> #DIV/0! | AW12: =(U12/AI12) - 1 -> #DIV/0! | AX12: =(V12/AJ12) - 1 -> #DIV/0! | AY12: =(W12/AK12) - 1 -> #DIV/0! | AZ12: =(X12/AL12) - 1 -> #DIV/0! | BA12: =(Y12/AM12) - 1 -> #DIV/0! | BB12: =(Z12/AN12) - 1 -> #DIV/0! | ... BG12: =(AE12/AS12) - 1 -> #DIV/0!
B13: =Versonnex!B13+Sauverny!B13+'Divonne->Chavanne'!B13+Crassy!B13 -> 0 | C13: =Versonnex!C13+Sauverny!C13+'Divonne->Chavanne'!C13+Crassy!C13 -> 0 | D13: =Versonnex!D13+Sauverny!D13+'Divonne->Chavanne'!D13+Crassy!D13 -> 0 | E13: =Versonnex!E13+Sauverny!E13+'Divonne->Chavanne'!E13+Crassy!E13 -> 0 | F13: =Versonnex!F13+Sauverny!F13+'Divonne->Chavanne'!F13+Crassy!F13 -> 0 | G13: =Versonnex!G13+Sauverny!G13+'Divonne->Chavanne'!G13+Crassy!G13 -> 0 | H13: =Versonnex!H13+Sauverny!H13+'Divonne->Chavanne'!H13+Crassy!H13 -> 0 | I13: =Versonnex!I13+Sauverny!I13+'Divonne->Chavanne'!I13+Crassy!I13 -> 0 | ... Q13: =Versonnex!Q13+Sauverny!Q13+'Divonne->Chavanne'!Q13+Crassy!Q13 -> 0
A14: Total | B14: =SUM(B5:B12) -> 18 | C14: =SUM(C5:C12) -> 8 | D14: =SUM(D5:D12) -> 13 | E14: =SUM(E5:E12) -> 10 | F14: =SUM(F5:F12) -> 0 | G14: =SUM(G5:G12) -> 1 | H14: =SUM(H5:H12) -> 6 | I14: =SUM(I5:I12) -> 4 | ... Q14: =SUM(Q5:Q12) -> 0 | S14: =B14+D14+F14+H14+J14+L14+N14+P14 -> 49 | T14: =C14+E14+G14+I14+K14+M14+O14+Q14 -> 25 | U14: =T14/(T14+S14) -> 0.33783784 | V14: =B14+C14+J14+K14 -> 37 | W14: =D14+E14+L14+M14 -> 26 | X14: =F14+G14+N14+O14 -> 1 | Y14: =SUM(V14:X14) -> 64 | Z14: =W14/Y14 -> 0.40625 | AA14: =X14/Y14 -> 0.015625 | AB14: =H14+I14+P14+Q14 -> 10 | AC14: =SUM(B14:I14) -> 60 | AD14: =SUM(J14:Q14) -> 14 | AE14: =SUM(B14:Q14) -> 74 | AU14: =(S14/AG14) - 1 -> #DIV/0! | AV14: =(T14/AH14) - 1 -> #DIV/0! | AW14: =(U14/AI14) - 1 -> #DIV/0! | AX14: =(V14/AJ14) - 1 -> #DIV/0! | AY14: =(W14/AK14) - 1 -> #DIV/0! | AZ14: =(X14/AL14) - 1 -> #DIV/0! | BA14: =(Y14/AM14) - 1 -> #DIV/0! | BB14: =(Z14/AN14) - 1 -> #DIV/0! | ... BG14: =(AE14/AS14) - 1 -> #DIV/0!
A15: Total HP | B15: =SUM(B7:B10) -> 10 | C15: =SUM(C7:C10) -> 4 | D15: =SUM(D7:D10) -> 8 | E15: =SUM(E7:E10) -> 8 | F15: =SUM(F7:F10) -> 0 | G15: =SUM(G7:G10) -> 1 | H15: =SUM(H7:H10) -> 6 | I15: =SUM(I7:I10) -> 3 | ... Q15: =SUM(Q7:Q10) -> 0 | S15: =B15+D15+F15+H15+J15+L15+N15+P15 -> 30 | T15: =C15+E15+G15+I15+K15+M15+O15+Q15 -> 17 | U15: =T15/(T15+S15) -> 0.36170213 | V15: =B15+C15+J15+K15 -> 19 | W15: =D15+E15+L15+M15 -> 18 | X15: =F15+G15+N15+O15 -> 1 | Y15: =SUM(V15:X15) -> 38 | Z15: =W15/Y15 -> 0.47368421 | AA15: =X15/Y15 -> 0.026315789 | AB15: =H15+I15+P15+Q15 -> 9 | AC15: =SUM(B15:I15) -> 40 | AD15: =SUM(J15:Q15) -> 7 | AE15: =SUM(B15:Q15) -> 47 | AU15: =(S15/AG15) - 1 -> #DIV/0! | AV15: =(T15/AH15) - 1 -> #DIV/0! | AW15: =(U15/AI15) - 1 -> #DIV/0! | AX15: =(V15/AJ15) - 1 -> #DIV/0! | AY15: =(W15/AK15) - 1 -> #DIV/0! | AZ15: =(X15/AL15) - 1 -> #DIV/0! | BA15: =(Y15/AM15) - 1 -> #DIV/0! | BB15: =(Z15/AN15) - 1 -> #DIV/0! | ... BG15: =(AE15/AS15) - 1 -> #DIV/0!
A17: Tot 7 | B17: =SUM(B5:B8) -> 10 | C17: =SUM(C5:C8) -> 5 | D17: =SUM(D5:D8) -> 10 | E17: =SUM(E5:E8) -> 7 | F17: =SUM(F5:F8) -> 0 | G17: =SUM(G5:G8) -> 1 | H17: =SUM(H5:H8) -> 4 | I17: =SUM(I5:I8) -> 4 | ... Q17: =SUM(Q5:Q8) -> 0
A18: Tot 8 | B18: =SUM(B9:B12) -> 8 | C18: =SUM(C9:C12) -> 3 | D18: =SUM(D9:D12) -> 3 | E18: =SUM(E9:E12) -> 3 | F18: =SUM(F9:F12) -> 0 | G18: =SUM(G9:G12) -> 0 | H18: =SUM(H9:H12) -> 2 | I18: =SUM(I9:I12) -> 0 | ... Q18: =SUM(Q9:Q12) -> 0

Sheet Versonnex
B1: Lieu: | C1: Versonnex
B2: France -> Suisse | J2: Suisse -> France | S2: ="Totaux 2021 " & $C1 -> Totaux 2021 Versonnex | AG2: ="Totaux 2020 " & $C1 -> Totaux 2020 Versonnex | AU2: ="Changement depuis 2020 " & $C1 -> Changement depuis 2020 Versonnex
B3: Vélo traditionel | D3: VAE | F3: Mode Nouveau Electrique | H3: Piéton/ne | J3: Vélo traditionel | L3: VAE | N3: Mode Nouveau Electrique (trotinette, scateboard , …) | P3: Piéton/ne | S3: Hommes | T3: Femmes | U3: %Femmes | V3: VT | W3: VAE | X3: Nouveau | Y3: 2r | Z3: %VAE | AA3: %Nouveau | AB3: Piétons | AC3: >CH | AD3: >FR | AE3: TOT | AU3: Hommes | AV3: Femmes | AW3: %Femmes | AX3: VT | AY3: VAE | AZ3: Nouveau | BA3: 2r | BB3: %VAE | BC3: %Nouveau | BD3: Piétons | BE3: >CH | BF3: >FR | BG3: TOT
A4: Heure | B4: H | C4: F | D4: H | E4: F | F4: H | G4: F | H4: H | I4: F | J4: H | K4: F | L4: H | M4: F | N4: H | O4: F | P4: H | Q4: F
A5: 0.29166667 | B5: 2 | D5: 1 | S5: =B5+D5+F5+H5+J5+L5+N5+P5 -> 3 | T5: =C5+E5+G5+I5+K5+M5+O5+Q5 -> 0 | U5: =T5/(T5+S5) -> 0 | V5: =B5+C5+J5+K5 -> 2 | W5: =D5+E5+L5+M5 -> 1 | X5: =F5+G5+N5+O5 -> 0 | Y5: =SUM(V5:X5) -> 3 | Z5: =W5/Y5 -> 0.33333333 | AA5: =X5/Y5 -> 0 | AB5: =H5+I5+P5+Q5 -> 0 | AC5: =SUM(B5:I5) -> 3 | AD5: =SUM(J5:Q5) -> 0 | AE5: =SUM(B5:Q5) -> 3 | AU5: =(S5/AG5) - 1 -> #DIV/0! | AV5: =(T5/AH5) - 1 -> #DIV/0! | AW5: =(U5/AI5) - 1 -> #DIV/0! | AX5: =(V5/AJ5) - 1 -> #DIV/0! | AY5: =(W5/AK5) - 1 -> #DIV/0! | AZ5: =(X5/AL5) - 1 -> #DIV/0! | BA5: =(Y5/AM5) - 1 -> #DIV/0! | BB5: =(Z5/AN5) - 1 -> #DIV/0! | ... BG5: =(AE5/AS5) - 1 -> #DIV/0!
A6: 0.30208333 | B6: 3 | C6: 1 | D6: 1 | E6: 1 | J6: 1 | S6: =B6+D6+F6+H6+J6+L6+N6+P6 -> 5 | T6: =C6+E6+G6+I6+K6+M6+O6+Q6 -> 2 | U6: =T6/(T6+S6) -> 0.28571429 | V6: =B6+C6+J6+K6 -> 5 | W6: =D6+E6+L6+M6 -> 2 | X6: =F6+G6+N6+O6 -> 0 | Y6: =SUM(V6:X6) -> 7 | Z6: =W6/Y6 -> 0.28571429 | AA6: =X6/Y6 -> 0 | AB6: =H6+I6+P6+Q6 -> 0 | AC6: =SUM(B6:I6) -> 6 | AD6: =SUM(J6:Q6) -> 1 | AE6: =SUM(B6:Q6) -> 7 | AU6: =(S6/AG6) - 1 -> #DIV/0! | AV6: =(T6/AH6) - 1 -> #DIV/0! | AW6: =(U6/AI6) - 1 -> #DIV/0! | AX6: =(V6/AJ6) - 1 -> #DIV/0! | AY6: =(W6/AK6) - 1 -> #DIV/0! | AZ6: =(X6/AL6) - 1 -> #DIV/0! | BA6: =(Y6/AM6) - 1 -> #DIV/0! | BB6: =(Z6/AN6) - 1 -> #DIV/0! | ... BG6: =(AE6/AS6) - 1 -> #DIV/0!
A7: 0.3125 | D7: 2 | E7: 2 | J7: 1 | S7: =B7+D7+F7+H7+J7+L7+N7+P7 -> 3 | T7: =C7+E7+G7+I7+K7+M7+O7+Q7 -> 2 | U7: =T7/(T7+S7) -> 0.4 | V7: =B7+C7+J7+K7 -> 1 | W7: =D7+E7+L7+M7 -> 4 | X7: =F7+G7+N7+O7 -> 0 | Y7: =SUM(V7:X7) -> 5 | Z7: =W7/Y7 -> 0.8 | AA7: =X7/Y7 -> 0 | AB7: =H7+I7+P7+Q7 -> 0 | AC7: =SUM(B7:I7) -> 4 | AD7: =SUM(J7:Q7) -> 1 | AE7: =SUM(B7:Q7) -> 5 | AU7: =(S7/AG7) - 1 -> #DIV/0! | AV7: =(T7/AH7) - 1 -> #DIV/0! | AW7: =(U7/AI7) - 1 -> #DIV/0! | AX7: =(V7/AJ7) - 1 -> #DIV/0! | AY7: =(W7/AK7) - 1 -> #DIV/0! | AZ7: =(X7/AL7) - 1 -> #DIV/0! | BA7: =(Y7/AM7) - 1 -> #DIV/0! | BB7: =(Z7/AN7) - 1 -> #DIV/0! | ... BG7: =(AE7/AS7) - 1 -> #DIV/0!
A8: 0.32291667 | C8: 1 | D8: 1 | E8: 1 | J8: 1 | S8: =B8+D8+F8+H8+J8+L8+N8+P8 -> 2 | T8: =C8+E8+G8+I8+K8+M8+O8+Q8 -> 2 | U8: =T8/(T8+S8) -> 0.5 | V8: =B8+C8+J8+K8 -> 2 | W8: =D8+E8+L8+M8 -> 2 | X8: =F8+G8+N8+O8 -> 0 | Y8: =SUM(V8:X8) -> 4 | Z8: =W8/Y8 -> 0.5 | AA8: =X8/Y8 -> 0 | AB8: =H8+I8+P8+Q8 -> 0 | AC8: =SUM(B8:I8) -> 3 | AD8: =SUM(J8:Q8) -> 1 | AE8: =SUM(B8:Q8) -> 4 | AU8: =(S8/AG8) - 1 -> #DIV/0! | AV8: =(T8/AH8) - 1 -> #DIV/0! | AW8: =(U8/AI8) - 1 -> #DIV/0! | AX8: =(V8/AJ8) - 1 -> #DIV/0! | AY8: =(W8/AK8) - 1 -> #DIV/0! | AZ8: =(X8/AL8) - 1 -> #DIV/0! | BA8: =(Y8/AM8) - 1 -> #DIV/0! | BB8: =(Z8/AN8) - 1 -> #DIV/0! | ... BG8: =(AE8/AS8) - 1 -> #DIV/0!
A9: 0.33333333 | B9: 1 | C9: 1 | D9: 1 | J9: 1 | M9: 1 | S9: =B9+D9+F9+H9+J9+L9+N9+P9 -> 3 | T9: =C9+E9+G9+I9+K9+M9+O9+Q9 -> 2 | U9: =T9/(T9+S9) -> 0.4 | V9: =B9+C9+J9+K9 -> 3 | W9: =D9+E9+L9+M9 -> 2 | X9: =F9+G9+N9+O9 -> 0 | Y9: =SUM(V9:X9) -> 5 | Z9: =W9/Y9 -> 0.4 | AA9: =X9/Y9 -> 0 | AB9: =H9+I9+P9+Q9 -> 0 | AC9: =SUM(B9:I9) -> 3 | AD9: =SUM(J9:Q9) -> 2 | AE9: =SUM(B9:Q9) -> 5 | AU9: =(S9/AG9) - 1 -> #DIV/0! | AV9: =(T9/AH9) - 1 -> #DIV/0! | AW9: =(U9/AI9) - 1 -> #DIV/0! | AX9: =(V9/AJ9) - 1 -> #DIV/0! | AY9: =(W9/AK9) - 1 -> #DIV/0! | AZ9: =(X9/AL9) - 1 -> #DIV/0! | BA9: =(Y9/AM9) - 1 -> #DIV/0! | BB9: =(Z9/AN9) - 1 -> #DIV/0! | ... BG9: =(AE9/AS9) - 1 -> #DIV/0!
A10: 0.34375 | B10: 2 | C10: 1 | E10: 2 | J10: 1 | S10: =B10+D10+F10+H10+J10+L10+N10+P10 -> 3 | T10: =C10+E10+G10+I10+K10+M10+O10+Q10 -> 3 | U10: =T10/(T10+S10) -> 0.5 | V10: =B10+C10+J10+K10 -> 4 | W10: =D10+E10+L10+M10 -> 2 | X10: =F10+G10+N10+O10 -> 0 | Y10: =SUM(V10:X10) -> 6 | Z10: =W10/Y10 -> 0.33333333 | AA10: =X10/Y10 -> 0 | AB10: =H10+I10+P10+Q10 -> 0 | AC10: =SUM(B10:I10) -> 5 | AD10: =SUM(J10:Q10) -> 1 | AE10: =SUM(B10:Q10) -> 6 | AU10: =(S10/AG10) - 1 -> #DIV/0! | AV10: =(T10/AH10) - 1 -> #DIV/0! | AW10: =(U10/AI10) - 1 -> #DIV/0! | AX10: =(V10/AJ10) - 1 -> #DIV/0! | AY10: =(W10/AK10) - 1 -> #DIV/0! | AZ10: =(X10/AL10) - 1 -> #DIV/0! | BA10: =(Y10/AM10) - 1 -> #DIV/0! | BB10: =(Z10/AN10) - 1 -> #DIV/0! | ... BG10: =(AE10/AS10) - 1 -> #DIV/0!
A11: 0.35416667 | B11: 1 | C11: 1 | D11: 1 | J11: 1 | S11: =B11+D11+F11+H11+J11+L11+N11+P11 -> 3 | T11: =C11+E11+G11+I11+K11+M11+O11+Q11 -> 1 | U11: =T11/(T11+S11) -> 0.25 | V11: =B11+C11+J11+K11 -> 3 | W11: =D11+E11+L11+M11 -> 1 | X11: =F11+G11+N11+O11 -> 0 | Y11: =SUM(V11:X11) -> 4 | Z11: =W11/Y11 -> 0.25 | AA11: =X11/Y11 -> 0 | AB11: =H11+I11+P11+Q11 -> 0 | AC11: =SUM(B11:I11) -> 3 | AD11: =SUM(J11:Q11) -> 1 | AE11: =SUM(B11:Q11) -> 4 | AU11: =(S11/AG11) - 1 -> #DIV/0! | AV11: =(T11/AH11) - 1 -> #DIV/0! | AW11: =(U11/AI11) - 1 -> #DIV/0! | AX11: =(V11/AJ11) - 1 -> #DIV/0! | AY11: =(W11/AK11) - 1 -> #DIV/0! | AZ11: =(X11/AL11) - 1 -> #DIV/0! | BA11: =(Y11/AM11) - 1 -> #DIV/0! | BB11: =(Z11/AN11) - 1 -> #DIV/0! | ... BG11: =(AE11/AS11) - 1 -> #DIV/0!
A12: 0.36458333 | B12: 1 | J12: 3 | K12: 1 | L12: 1 | S12: =B12+D12+F12+H12+J12+L12+N12+P12 -> 5 | T12: =C12+E12+G12+I12+K12+M12+O12+Q12 -> 1 | U12: =T12/(T12+S12) -> 0.16666667 | V12: =B12+C12+J12+K12 -> 5 | W12: =D12+E12+L12+M12 -> 1 | X12: =F12+G12+N12+O12 -> 0 | Y12: =SUM(V12:X12) -> 6 | Z12: =W12/Y12 -> 0.16666667 | AA12: =X12/Y12 -> 0 | AB12: =H12+I12+P12+Q12 -> 0 | AC12: =SUM(B12:I12) -> 1 | AD12: =SUM(J12:Q12) -> 5 | AE12: =SUM(B12:Q12) -> 6 | AU12: =(S12/AG12) - 1 -> #DIV/0! | AV12: =(T12/AH12) - 1 -> #DIV/0! | AW12: =(U12/AI12) - 1 -> #DIV/0! | AX12: =(V12/AJ12) - 1 -> #DIV/0! | AY12: =(W12/AK12) - 1 -> #DIV/0! | AZ12: =(X12/AL12) - 1 -> #DIV/0! | BA12: =(Y12/AM12) - 1 -> #DIV/0! | BB12: =(Z12/AN12) - 1 -> #DIV/0! | ... BG12: =(AE12/AS12) - 1 -> #DIV/0!
A14: Total | B14: =SUM(B5:B12) -> 10 | C14: =SUM(C5:C12) -> 5 | D14: =SUM(D5:D12) -> 7 | E14: =SUM(E5:E12) -> 6 | F14: =SUM(F5:F12) -> 0 | G14: =SUM(G5:G12) -> 0 | H14: =SUM(H5:H12) -> 0 | I14: =SUM(I5:I12) -> 0 | ... Q14: =SUM(Q5:Q12) -> 0 | S14: =B14+D14+F14+H14+J14+L14+N14+P14 -> 27 | T14: =C14+E14+G14+I14+K14+M14+O14+Q14 -> 13 | U14: =T14/(T14+S14) -> 0.325 | V14: =B14+C14+J14+K14 -> 25 | W14: =D14+E14+L14+M14 -> 15 | X14: =F14+G14+N14+O14 -> 0 | Y14: =SUM(V14:X14) -> 40 | Z14: =W14/Y14 -> 0.375 | AA14: =X14/Y14 -> 0 | AB14: =H14+I14+P14+Q14 -> 0 | AC14: =SUM(B14:I14) -> 28 | AD14: =SUM(J14:Q14) -> 12 | AE14: =SUM(B14:Q14) -> 40 | AU14: =(S14/AG14) - 1 -> #DIV/0! | AV14: =(T14/AH14) - 1 -> #DIV/0! | AW14: =(U14/AI14) - 1 -> #DIV/0! | AX14: =(V14/AJ14) - 1 -> #DIV/0! | AY14: =(W14/AK14) - 1 -> #DIV/0! | AZ14: =(X14/AL14) - 1 -> #DIV/0! | BA14: =(Y14/AM14) - 1 -> #DIV/0! | BB14: =(Z14/AN14) - 1 -> #DIV/0! | ... BG14: =(AE14/AS14) - 1 -> #DIV/0!
A15: Total HP | B15: =SUM(B7:B10) -> 3 | C15: =SUM(C7:C10) -> 3 | D15: =SUM(D7:D10) -> 4 | E15: =SUM(E7:E10) -> 5 | F15: =SUM(F7:F10) -> 0 | G15: =SUM(G7:G10) -> 0 | H15: =SUM(H7:H10) -> 0 | I15: =SUM(I7:I10) -> 0 | ... Q15: =SUM(Q7:Q10) -> 0 | S15: =B15+D15+F15+H15+J15+L15+N15+P15 -> 11 | T15: =C15+E15+G15+I15+K15+M15+O15+Q15 -> 9 | U15: =T15/(T15+S15) -> 0.45 | V15: =B15+C15+J15+K15 -> 10 | W15: =D15+E15+L15+M15 -> 10 | X15: =F15+G15+N15+O15 -> 0 | Y15: =SUM(V15:X15) -> 20 | Z15: =W15/Y15 -> 0.5 | AA15: =X15/Y15 -> 0 | AB15: =H15+I15+P15+Q15 -> 0 | AC15: =SUM(B15:I15) -> 15 | AD15: =SUM(J15:Q15) -> 5 | AE15: =SUM(B15:Q15) -> 20 | AU15: =(S15/AG15) - 1 -> #DIV/0! | AV15: =(T15/AH15) - 1 -> #DIV/0! | AW15: =(U15/AI15) - 1 -> #DIV/0! | AX15: =(V15/AJ15) - 1 -> #DIV/0! | AY15: =(W15/AK15) - 1 -> #DIV/0! | AZ15: =(X15/AL15) - 1 -> #DIV/0! | BA15: =(Y15/AM15) - 1 -> #DIV/0! | BB15: =(Z15/AN15) - 1 -> #DIV/0! | ... BG15: =(AE15/AS15) - 1 -> #DIV/0!
A17: Tot 7 | B17: =SUM(B5:B8) -> 5 | C17: =SUM(C5:C8) -> 2 | D17: =SUM(D5:D8) -> 5 | E17: =SUM(E5:E8) -> 4 | F17: =SUM(F5:F8) -> 0 | G17: =SUM(G5:G8) -> 0 | H17: =SUM(H5:H8) -> 0 | I17: =SUM(I5:I8) -> 0 | ... Q17: =SUM(Q5:Q8) -> 0
A18: Tot 8 | B18: =SUM(B9:B12) -> 5 | C18: =SUM(C9:C12) -> 3 | D18: =SUM(D9:D12) -> 2 | E18: =SUM(E9:E12) -> 2 | F18: =SUM(F9:F12) -> 0 | G18: =SUM(G9:G12) -> 0 | H18: =SUM(H9:H12) -> 0 | I18: =SUM(I9:I12) -> 0 | ... Q18: =SUM(Q9:Q12) -> 0

Sheet Sauverny
B1: Lieu: | C1: Sauverny
B2: France -> Suisse | J2: Suisse -> France | S2: ="Totaux 2021 " & $C1 -> Totaux 2021 Sauverny | AG2: ="Totaux 2020 " & $C1 -> Totaux 2020 Sauverny | AU2: ="Changement depuis 2020 " & $C1 -> Changement depuis 2020 Sauverny
B3: Vélo traditionel | D3: VAE | F3: Mode Nouveau Electrique | H3: Piéton/ne | J3: Vélo traditionel | L3: VAE | N3: Mode Nouveau Electrique (trotinette, scateboard , …) | P3: Piéton/ne | S3: Hommes | T3: Femmes | U3: %Femmes | V3: VT | W3: VAE | X3: Nouveau | Y3: 2r | Z3: %VAE | AA3: %Nouveau | AB3: Piétons | AC3: >CH | AD3: >FR | AE3: TOT | AU3: Hommes | AV3: Femmes | AW3: %Femmes | AX3: VT | AY3: VAE | AZ3: Nouveau | BA3: 2r | BB3: %VAE | BC3: %Nouveau | BD3: Piétons | BE3: >CH | BF3: >FR | BG3: TOT
A4: Heure | B4: H | C4: F | D4: H | E4: F | F4: H | G4: F | H4: H | I4: F | J4: H | K4: F | L4: H | M4: F | N4: H | O4: F | P4: H | Q4: F
A5: 0.29166667 | D5: 1 | E5: 1 | S5: =B5+D5+F5+H5+J5+L5+N5+P5 -> 1 | T5: =C5+E5+G5+I5+K5+M5+O5+Q5 -> 1 | U5: =T5/(T5+S5) -> 0.5 | V5: =B5+C5+J5+K5 -> 0 | W5: =D5+E5+L5+M5 -> 2 | X5: =F5+G5+N5+O5 -> 0 | Y5: =SUM(V5:X5) -> 2 | Z5: =W5/Y5 -> 1 | AA5: =X5/Y5 -> 0 | AB5: =H5+I5+P5+Q5 -> 0 | AC5: =SUM(B5:I5) -> 2 | AD5: =SUM(J5:Q5) -> 0 | AE5: =SUM(B5:Q5) -> 2 | AU5: =(S5/AG5) - 1 -> #DIV/0! | AV5: =(T5/AH5) - 1 -> #DIV/0! | AW5: =(U5/AI5) - 1 -> #DIV/0! | AX5: =(V5/AJ5) - 1 -> #DIV/0! | AY5: =(W5/AK5) - 1 -> #DIV/0! | AZ5: =(X5/AL5) - 1 -> #DIV/0! | BA5: =(Y5/AM5) - 1 -> #DIV/0! | BB5: =(Z5/AN5) - 1 -> #DIV/0! | ... BG5: =(AE5/AS5) - 1 -> #DIV/0!
A6: 0.30208333 | B6: 1 | C6: 2 | D6: 1 | I6: 1 | S6: =B6+D6+F6+H6+J6+L6+N6+P6 -> 2 | T6: =C6+E6+G6+I6+K6+M6+O6+Q6 -> 3 | U6: =T6/(T6+S6) -> 0.6 | V6: =B6+C6+J6+K6 -> 3 | W6: =D6+E6+L6+M6 -> 1 | X6: =F6+G6+N6+O6 -> 0 | Y6: =SUM(V6:X6) -> 4 | Z6: =W6/Y6 -> 0.25 | AA6: =X6/Y6 -> 0 | AB6: =H6+I6+P6+Q6 -> 1 | AC6: =SUM(B6:I6) -> 5 | AD6: =SUM(J6:Q6) -> 0 | AE6: =SUM(B6:Q6) -> 5 | AU6: =(S6/AG6) - 1 -> #DIV/0! | AV6: =(T6/AH6) - 1 -> #DIV/0! | AW6: =(U6/AI6) - 1 -> #DIV/0! | AX6: =(V6/AJ6) - 1 -> #DIV/0! | AY6: =(W6/AK6) - 1 -> #DIV/0! | AZ6: =(X6/AL6) - 1 -> #DIV/0! | BA6: =(Y6/AM6) - 1 -> #DIV/0! | BB6: =(Z6/AN6) - 1 -> #DIV/0! | ... BG6: =(AE6/AS6) - 1 -> #DIV/0!
A7: 0.3125 | B7: 3 | D7: 1 | E7: 1 | H7: 4 | S7: =B7+D7+F7+H7+J7+L7+N7+P7 -> 8 | T7: =C7+E7+G7+I7+K7+M7+O7+Q7 -> 1 | U7: =T7/(T7+S7) -> 0.11111111 | V7: =B7+C7+J7+K7 -> 3 | W7: =D7+E7+L7+M7 -> 2 | X7: =F7+G7+N7+O7 -> 0 | Y7: =SUM(V7:X7) -> 5 | Z7: =W7/Y7 -> 0.4 | AA7: =X7/Y7 -> 0 | AB7: =H7+I7+P7+Q7 -> 4 | AC7: =SUM(B7:I7) -> 9 | AD7: =SUM(J7:Q7) -> 0 | AE7: =SUM(B7:Q7) -> 9 | AU7: =(S7/AG7) - 1 -> #DIV/0! | AV7: =(T7/AH7) - 1 -> #DIV/0! | AW7: =(U7/AI7) - 1 -> #DIV/0! | AX7: =(V7/AJ7) - 1 -> #DIV/0! | AY7: =(W7/AK7) - 1 -> #DIV/0! | AZ7: =(X7/AL7) - 1 -> #DIV/0! | BA7: =(Y7/AM7) - 1 -> #DIV/0! | BB7: =(Z7/AN7) - 1 -> #DIV/0! | ... BG7: =(AE7/AS7) - 1 -> #DIV/0!
A8: 0.32291667 | B8: 1 | C8: 1 | D8: 2 | E8: 1 | G8: 1 | I8: 3 | J8: 1 | L8: 1 | S8: =B8+D8+F8+H8+J8+L8+N8+P8 -> 5 | T8: =C8+E8+G8+I8+K8+M8+O8+Q8 -> 6 | U8: =T8/(T8+S8) -> 0.54545455 | V8: =B8+C8+J8+K8 -> 3 | W8: =D8+E8+L8+M8 -> 4 | X8: =F8+G8+N8+O8 -> 1 | Y8: =SUM(V8:X8) -> 8 | Z8: =W8/Y8 -> 0.5 | AA8: =X8/Y8 -> 0.125 | AB8: =H8+I8+P8+Q8 -> 3 | AC8: =SUM(B8:I8) -> 9 | AD8: =SUM(J8:Q8) -> 2 | AE8: =SUM(B8:Q8) -> 11 | AU8: =(S8/AG8) - 1 -> #DIV/0! | AV8: =(T8/AH8) - 1 -> #DIV/0! | AW8: =(U8/AI8) - 1 -> #DIV/0! | AX8: =(V8/AJ8) - 1 -> #DIV/0! | AY8: =(W8/AK8) - 1 -> #DIV/0! | AZ8: =(X8/AL8) - 1 -> #DIV/0! | BA8: =(Y8/AM8) - 1 -> #DIV/0! | BB8: =(Z8/AN8) - 1 -> #DIV/0! | ... BG8: =(AE8/AS8) - 1 -> #DIV/0!
A9: 0.33333333 | B9: 3 | D9: 1 | E9: 1 | H9: 2 | S9: =B9+D9+F9+H9+J9+L9+N9+P9 -> 6 | T9: =C9+E9+G9+I9+K9+M9+O9+Q9 -> 1 | U9: =T9/(T9+S9) -> 0.14285714 | V9: =B9+C9+J9+K9 -> 3 | W9: =D9+E9+L9+M9 -> 2 | X9: =F9+G9+N9+O9 -> 0 | Y9: =SUM(V9:X9) -> 5 | Z9: =W9/Y9 -> 0.4 | AA9: =X9/Y9 -> 0 | AB9: =H9+I9+P9+Q9 -> 2 | AC9: =SUM(B9:I9) -> 7 | AD9: =SUM(J9:Q9) -> 0 | AE9: =SUM(B9:Q9) -> 7 | AU9: =(S9/AG9) - 1 -> #DIV/0! | AV9: =(T9/AH9) - 1 -> #DIV/0! | AW9: =(U9/AI9) - 1 -> #DIV/0! | AX9: =(V9/AJ9) - 1 -> #DIV/0! | AY9: =(W9/AK9) - 1 -> #DIV/0! | AZ9: =(X9/AL9) - 1 -> #DIV/0! | BA9: =(Y9/AM9) - 1 -> #DIV/0! | BB9: =(Z9/AN9) - 1 -> #DIV/0! | ... BG9: =(AE9/AS9) - 1 -> #DIV/0!
A10: 0.34375 | S10: =B10+D10+F10+H10+J10+L10+N10+P10 -> 0 | T10: =C10+E10+G10+I10+K10+M10+O10+Q10 -> 0 | U10: =T10/(T10+S10) -> #DIV/0! | V10: =B10+C10+J10+K10 -> 0 | W10: =D10+E10+L10+M10 -> 0 | X10: =F10+G10+N10+O10 -> 0 | Y10: =SUM(V10:X10) -> 0 | Z10: =W10/Y10 -> #DIV/0! | AA10: =X10/Y10 -> #DIV/0! | AB10: =H10+I10+P10+Q10 -> 0 | AC10: =SUM(B10:I10) -> 0 | AD10: =SUM(J10:Q10) -> 0 | AE10: =SUM(B10:Q10) -> 0 | AU10: =(S10/AG10) - 1 -> #DIV/0! | AV10: =(T10/AH10) - 1 -> #DIV/0! | AW10: =(U10/AI10) - 1 -> #DIV/0! | AX10: =(V10/AJ10) - 1 -> #DIV/0! | AY10: =(W10/AK10) - 1 -> #DIV/0! | AZ10: =(X10/AL10) - 1 -> #DIV/0! | BA10: =(Y10/AM10) - 1 -> #DIV/0! | BB10: =(Z10/AN10) - 1 -> #DIV/0! | ... BG10: =(AE10/AS10) - 1 -> #DIV/0!
A11: 0.35416667 | S11: =B11+D11+F11+H11+J11+L11+N11+P11 -> 0 | T11: =C11+E11+G11+I11+K11+M11+O11+Q11 -> 0 | U11: =T11/(T11+S11) -> #DIV/0! | V11: =B11+C11+J11+K11 -> 0 | W11: =D11+E11+L11+M11 -> 0 | X11: =F11+G11+N11+O11 -> 0 | Y11: =SUM(V11:X11) -> 0 | Z11: =W11/Y11 -> #DIV/0! | AA11: =X11/Y11 -> #DIV/0! | AB11: =H11+I11+P11+Q11 -> 0 | AC11: =SUM(B11:I11) -> 0 | AD11: =SUM(J11:Q11) -> 0 | AE11: =SUM(B11:Q11) -> 0 | AU11: =(S11/AG11) - 1 -> #DIV/0! | AV11: =(T11/AH11) - 1 -> #DIV/0! | AW11: =(U11/AI11) - 1 -> #DIV/0! | AX11: =(V11/AJ11) - 1 -> #DIV/0! | AY11: =(W11/AK11) - 1 -> #DIV/0! | AZ11: =(X11/AL11) - 1 -> #DIV/0! | BA11: =(Y11/AM11) - 1 -> #DIV/0! | BB11: =(Z11/AN11) - 1 -> #DIV/0! | ... BG11: =(AE11/AS11) - 1 -> #DIV/0!
A12: 0.36458333 | S12: =B12+D12+F12+H12+J12+L12+N12+P12 -> 0 | T12: =C12+E12+G12+I12+K12+M12+O12+Q12 -> 0 | U12: =T12/(T12+S12) -> #DIV/0! | V12: =B12+C12+J12+K12 -> 0 | W12: =D12+E12+L12+M12 -> 0 | X12: =F12+G12+N12+O12 -> 0 | Y12: =SUM(V12:X12) -> 0 | Z12: =W12/Y12 -> #DIV/0! | AA12: =X12/Y12 -> #DIV/0! | AB12: =H12+I12+P12+Q12 -> 0 | AC12: =SUM(B12:I12) -> 0 | AD12: =SUM(J12:Q12) -> 0 | AE12: =SUM(B12:Q12) -> 0 | AU12: =(S12/AG12) - 1 -> #DIV/0! | AV12: =(T12/AH12) - 1 -> #DIV/0! | AW12: =(U12/AI12) - 1 -> #DIV/0! | AX12: =(V12/AJ12) - 1 -> #DIV/0! | AY12: =(W12/AK12) - 1 -> #DIV/0! | AZ12: =(X12/AL12) - 1 -> #DIV/0! | BA12: =(Y12/AM12) - 1 -> #DIV/0! | BB12: =(Z12/AN12) - 1 -> #DIV/0! | ... BG12: =(AE12/AS12) - 1 -> #DIV/0!
A14: Total | B14: =SUM(B5:B12) -> 8 | C14: =SUM(C5:C12) -> 3 | D14: =SUM(D5:D12) -> 6 | E14: =SUM(E5:E12) -> 4 | F14: =SUM(F5:F12) -> 0 | G14: =SUM(G5:G12) -> 1 | H14: =SUM(H5:H12) -> 6 | I14: =SUM(I5:I12) -> 4 | ... Q14: =SUM(Q5:Q12) -> 0 | S14: =B14+D14+F14+H14+J14+L14+N14+P14 -> 22 | T14: =C14+E14+G14+I14+K14+M14+O14+Q14 -> 12 | U14: =T14/(T14+S14) -> 0.35294118 | V14: =B14+C14+J14+K14 -> 12 | W14: =D14+E14+L14+M14 -> 11 | X14: =F14+G14+N14+O14 -> 1 | Y14: =SUM(V14:X14) -> 24 | Z14: =W14/Y14 -> 0.45833333 | AA14: =X14/Y14 -> 0.041666667 | AB14: =H14+I14+P14+Q14 -> 10 | AC14: =SUM(B14:I14) -> 32 | AD14: =SUM(J14:Q14) -> 2 | AE14: =SUM(B14:Q14) -> 34 | AU14: =(S14/AG14) - 1 -> #DIV/0! | AV14: =(T14/AH14) - 1 -> #DIV/0! | AW14: =(U14/AI14) - 1 -> #DIV/0! | AX14: =(V14/AJ14) - 1 -> #DIV/0! | AY14: =(W14/AK14) - 1 -> #DIV/0! | AZ14: =(X14/AL14) - 1 -> #DIV/0! | BA14: =(Y14/AM14) - 1 -> #DIV/0! | BB14: =(Z14/AN14) - 1 -> #DIV/0! | ... BG14: =(AE14/AS14) - 1 -> #DIV/0!
A15: Total HP | B15: =SUM(B7:B10) -> 7 | C15: =SUM(C7:C10) -> 1 | D15: =SUM(D7:D10) -> 4 | E15: =SUM(E7:E10) -> 3 | F15: =SUM(F7:F10) -> 0 | G15: =SUM(G7:G10) -> 1 | H15: =SUM(H7:H10) -> 6 | I15: =SUM(I7:I10) -> 3 | ... Q15: =SUM(Q7:Q10) -> 0 | S15: =B15+D15+F15+H15+J15+L15+N15+P15 -> 19 | T15: =C15+E15+G15+I15+K15+M15+O15+Q15 -> 8 | U15: =T15/(T15+S15) -> 0.2962963 | V15: =B15+C15+J15+K15 -> 9 | W15: =D15+E15+L15+M15 -> 8 | X15: =F15+G15+N15+O15 -> 1 | Y15: =SUM(V15:X15) -> 18 | Z15: =W15/Y15 -> 0.44444444 | AA15: =X15/Y15 -> 0.055555556 | AB15: =H15+I15+P15+Q15 -> 9 | AC15: =SUM(B15:I15) -> 25 | AD15: =SUM(J15:Q15) -> 2 | AE15: =SUM(B15:Q15) -> 27 | AU15: =(S15/AG15) - 1 -> #DIV/0! | AV15: =(T15/AH15) - 1 -> #DIV/0! | AW15: =(U15/AI15) - 1 -> #DIV/0! | AX15: =(V15/AJ15) - 1 -> #DIV/0! | AY15: =(W15/AK15) - 1 -> #DIV/0! | AZ15: =(X15/AL15) - 1 -> #DIV/0! | BA15: =(Y15/AM15) - 1 -> #DIV/0! | BB15: =(Z15/AN15) - 1 -> #DIV/0! | ... BG15: =(AE15/AS15) - 1 -> #DIV/0!
A17: Tot 7 | B17: =SUM(B5:B8) -> 5 | C17: =SUM(C5:C8) -> 3 | D17: =SUM(D5:D8) -> 5 | E17: =SUM(E5:E8) -> 3 | F17: =SUM(F5:F8) -> 0 | G17: =SUM(G5:G8) -> 1 | H17: =SUM(H5:H8) -> 4 | I17: =SUM(I5:I8) -> 4 | ... Q17: =SUM(Q5:Q8) -> 0
A18: Tot 8 | B18: =SUM(B9:B12) -> 3 | C18: =SUM(C9:C12) -> 0 | D18: =SUM(D9:D12) -> 1 | E18: =SUM(E9:E12) -> 1 | F18: =SUM(F9:F12) -> 0 | G18: =SUM(G9:G12) -> 0 | H18: =SUM(H9:H12) -> 2 | I18: =SUM(I9:I12) -> 0 | ... Q18: =SUM(Q9:Q12) -> 0

Sheet Divonne->Chavanne
B1: Lieu: | C1: Divonne-Chavanne
B2: France -> Suisse | J2: Suisse -> France | S2: ="Totaux 2021 " & $C1 -> Totaux 2021 Divonne-Chavanne | AG2: ="Totaux 2020 " & $C1 -> Totaux 2020 Divonne-Chavanne | AU2: ="Changement depuis 2020 " & $C1 -> Changement depuis 2020 Divonne-Chavanne
B3: Vélo traditionel | D3: VAE | F3: Mode Nouveau Electrique | H3: Piéton/ne | J3: Vélo traditionel | L3: VAE | N3: Mode Nouveau Electrique (trotinette, scateboard , …) | P3: Piéton/ne | S3: Hommes | T3: Femmes | U3: %Femmes | V3: VT | W3: VAE | X3: Nouveau | Y3: 2r | Z3: %VAE | AA3: %Nouveau | AB3: Piétons | AC3: >CH | AD3: >FR | AE3: TOT | AU3: Hommes | AV3: Femmes | AW3: %Femmes | AX3: VT | AY3: VAE | AZ3: Nouveau | BA3: 2r | BB3: %VAE | BC3: %Nouveau | BD3: Piétons | BE3: >CH | BF3: >FR | BG3: TOT
A4: Heure | B4: H | C4: F | D4: H | E4: F | F4: H | G4: F | H4: H | I4: F | J4: H | K4: F | L4: H | M4: F | N4: H | O4: F | P4: H | Q4: F
A5: 0.29166667 | S5: =B5+D5+F5+H5+J5+L5+N5+P5 -> 0 | T5: =C5+E5+G5+I5+K5+M5+O5+Q5 -> 0 | U5: =T5/(T5+S5) -> #DIV/0! | V5: =B5+C5+J5+K5 -> 0 | W5: =D5+E5+L5+M5 -> 0 | X5: =F5+G5+N5+O5 -> 0 | Y5: =SUM(V5:X5) -> 0 | Z5: =W5/Y5 -> #DIV/0! | AA5: =X5/Y5 -> #DIV/0! | AB5: =H5+I5+P5+Q5 -> 0 | AC5: =SUM(B5:I5) -> 0 | AD5: =SUM(J5:Q5) -> 0 | AE5: =SUM(B5:Q5) -> 0 | AU5: =(S5/AG5) - 1 -> #DIV/0! | AV5: =(T5/AH5) - 1 -> #DIV/0! | AW5: =(U5/AI5) - 1 -> #DIV/0! | AX5: =(V5/AJ5) - 1 -> #DIV/0! | AY5: =(W5/AK5) - 1 -> #DIV/0! | AZ5: =(X5/AL5) - 1 -> #DIV/0! | BA5: =(Y5/AM5) - 1 -> #DIV/0! | BB5: =(Z5/AN5) - 1 -> #DIV/0! | ... BG5: =(AE5/AS5) - 1 -> #DIV/0!
A6: 0.30208333 | S6: =B6+D6+F6+H6+J6+L6+N6+P6 -> 0 | T6: =C6+E6+G6+I6+K6+M6+O6+Q6 -> 0 | U6: =T6/(T6+S6) -> #DIV/0! | V6: =B6+C6+J6+K6 -> 0 | W6: =D6+E6+L6+M6 -> 0 | X6: =F6+G6+N6+O6 -> 0 | Y6: =SUM(V6:X6) -> 0 | Z6: =W6/Y6 -> #DIV/0! | AA6: =X6/Y6 -> #DIV/0! | AB6: =H6+I6+P6+Q6 -> 0 | AC6: =SUM(B6:I6) -> 0 | AD6: =SUM(J6:Q6) -> 0 | AE6: =SUM(B6:Q6) -> 0 | AU6: =(S6/AG6) - 1 -> #DIV/0! | AV6: =(T6/AH6) - 1 -> #DIV/0! | AW6: =(U6/AI6) - 1 -> #DIV/0! | AX6: =(V6/AJ6) - 1 -> #DIV/0! | AY6: =(W6/AK6) - 1 -> #DIV/0! | AZ6: =(X6/AL6) - 1 -> #DIV/0! | BA6: =(Y6/AM6) - 1 -> #DIV/0! | BB6: =(Z6/AN6) - 1 -> #DIV/0! | ... BG6: =(AE6/AS6) - 1 -> #DIV/0!
A7: 0.3125 | S7: =B7+D7+F7+H7+J7+L7+N7+P7 -> 0 | T7: =C7+E7+G7+I7+K7+M7+O7+Q7 -> 0 | U7: =T7/(T7+S7) -> #DIV/0! | V7: =B7+C7+J7+K7 -> 0 | W7: =D7+E7+L7+M7 -> 0 | X7: =F7+G7+N7+O7 -> 0 | Y7: =SUM(V7:X7) -> 0 | Z7: =W7/Y7 -> #DIV/0! | AA7: =X7/Y7 -> #DIV/0! | AB7: =H7+I7+P7+Q7 -> 0 | AC7: =SUM(B7:I7) -> 0 | AD7: =SUM(J7:Q7) -> 0 | AE7: =SUM(B7:Q7) -> 0 | AU7: =(S7/AG7) - 1 -> #DIV/0! | AV7: =(T7/AH7) - 1 -> #DIV/0! | AW7: =(U7/AI7) - 1 -> #DIV/0! | AX7: =(V7/AJ7) - 1 -> #DIV/0! | AY7: =(W7/AK7) - 1 -> #DIV/0! | AZ7: =(X7/AL7) - 1 -> #DIV/0! | BA7: =(Y7/AM7) - 1 -> #DIV/0! | BB7: =(Z7/AN7) - 1 -> #DIV/0! | ... BG7: =(AE7/AS7) - 1 -> #DIV/0!
A8: 0.32291667 | S8: =B8+D8+F8+H8+J8+L8+N8+P8 -> 0 | T8: =C8+E8+G8+I8+K8+M8+O8+Q8 -> 0 | U8: =T8/(T8+S8) -> #DIV/0! | V8: =B8+C8+J8+K8 -> 0 | W8: =D8+E8+L8+M8 -> 0 | X8: =F8+G8+N8+O8 -> 0 | Y8: =SUM(V8:X8) -> 0 | Z8: =W8/Y8 -> #DIV/0! | AA8: =X8/Y8 -> #DIV/0! | AB8: =H8+I8+P8+Q8 -> 0 | AC8: =SUM(B8:I8) -> 0 | AD8: =SUM(J8:Q8) -> 0 | AE8: =SUM(B8:Q8) -> 0 | AU8: =(S8/AG8) - 1 -> #DIV/0! | AV8: =(T8/AH8) - 1 -> #DIV/0! | AW8: =(U8/AI8) - 1 -> #DIV/0! | AX8: =(V8/AJ8) - 1 -> #DIV/0! | AY8: =(W8/AK8) - 1 -> #DIV/0! | AZ8: =(X8/AL8) - 1 -> #DIV/0! | BA8: =(Y8/AM8) - 1 -> #DIV/0! | BB8: =(Z8/AN8) - 1 -> #DIV/0! | ... BG8: =(AE8/AS8) - 1 -> #DIV/0!
A9: 0.33333333 | S9: =B9+D9+F9+H9+J9+L9+N9+P9 -> 0 | T9: =C9+E9+G9+I9+K9+M9+O9+Q9 -> 0 | U9: =T9/(T9+S9) -> #DIV/0! | V9: =B9+C9+J9+K9 -> 0 | W9: =D9+E9+L9+M9 -> 0 | X9: =F9+G9+N9+O9 -> 0 | Y9: =SUM(V9:X9) -> 0 | Z9: =W9/Y9 -> #DIV/0! | AA9: =X9/Y9 -> #DIV/0! | AB9: =H9+I9+P9+Q9 -> 0 | AC9: =SUM(B9:I9) -> 0 | AD9: =SUM(J9:Q9) -> 0 | AE9: =SUM(B9:Q9) -> 0 | AU9: =(S9/AG9) - 1 -> #DIV/0! | AV9: =(T9/AH9) - 1 -> #DIV/0! | AW9: =(U9/AI9) - 1 -> #DIV/0! | AX9: =(V9/AJ9) - 1 -> #DIV/0! | AY9: =(W9/AK9) - 1 -> #DIV/0! | AZ9: =(X9/AL9) - 1 -> #DIV/0! | BA9: =(Y9/AM9) - 1 -> #DIV/0! | BB9: =(Z9/AN9) - 1 -> #DIV/0! | ... BG9: =(AE9/AS9) - 1 -> #DIV/0!
A10: 0.34375 | S10: =B10+D10+F10+H10+J10+L10+N10+P10 -> 0 | T10: =C10+E10+G10+I10+K10+M10+O10+Q10 -> 0 | U10: =T10/(T10+S10) -> #DIV/0! | V10: =B10+C10+J10+K10 -> 0 | W10: =D10+E10+L10+M10 -> 0 | X10: =F10+G10+N10+O10 -> 0 | Y10: =SUM(V10:X10) -> 0 | Z10: =W10/Y10 -> #DIV/0! | AA10: =X10/Y10 -> #DIV/0! | AB10: =H10+I10+P10+Q10 -> 0 | AC10: =SUM(B10:I10) -> 0 | AD10: =SUM(J10:Q10) -> 0 | AE10: =SUM(B10:Q10) -> 0 | AU10: =(S10/AG10) - 1 -> #DIV/0! | AV10: =(T10/AH10) - 1 -> #DIV/0! | AW10: =(U10/AI10) - 1 -> #DIV/0! | AX10: =(V10/AJ10) - 1 -> #DIV/0! | AY10: =(W10/AK10) - 1 -> #DIV/0! | AZ10: =(X10/AL10) - 1 -> #DIV/0! | BA10: =(Y10/AM10) - 1 -> #DIV/0! | BB10: =(Z10/AN10) - 1 -> #DIV/0! | ... BG10: =(AE10/AS10) - 1 -> #DIV/0!
A11: 0.35416667 | S11: =B11+D11+F11+H11+J11+L11+N11+P11 -> 0 | T11: =C11+E11+G11+I11+K11+M11+O11+Q11 -> 0 | U11: =T11/(T11+S11) -> #DIV/0! | V11: =B11+C11+J11+K11 -> 0 | W11: =D11+E11+L11+M11 -> 0 | X11: =F11+G11+N11+O11 -> 0 | Y11: =SUM(V11:X11) -> 0 | Z11: =W11/Y11 -> #DIV/0! | AA11: =X11/Y11 -> #DIV/0! | AB11: =H11+I11+P11+Q11 -> 0 | AC11: =SUM(B11:I11) -> 0 | AD11: =SUM(J11:Q11) -> 0 | AE11: =SUM(B11:Q11) -> 0 | AU11: =(S11/AG11) - 1 -> #DIV/0! | AV11: =(T11/AH11) - 1 -> #DIV/0! | AW11: =(U11/AI11) - 1 -> #DIV/0! | AX11: =(V11/AJ11) - 1 -> #DIV/0! | AY11: =(W11/AK11) - 1 -> #DIV/0! | AZ11: =(X11/AL11) - 1 -> #DIV/0! | BA11: =(Y11/AM11) - 1 -> #DIV/0! | BB11: =(Z11/AN11) - 1 -> #DIV/0! | ... BG11: =(AE11/AS11) - 1 -> #DIV/0!
A12: 0.36458333 | S12: =B12+D12+F12+H12+J12+L12+N12+P12 -> 0 | T12: =C12+E12+G12+I12+K12+M12+O12+Q12 -> 0 | U12: =T12/(T12+S12) -> #DIV/0! | V12: =B12+C12+J12+K12 -> 0 | W12: =D12+E12+L12+M12 -> 0 | X12: =F12+G12+N12+O12 -> 0 | Y12: =SUM(V12:X12) -> 0 | Z12: =W12/Y12 -> #DIV/0! | AA12: =X12/Y12 -> #DIV/0! | AB12: =H12+I12+P12+Q12 -> 0 | AC12: =SUM(B12:I12) -> 0 | AD12: =SUM(J12:Q12) -> 0 | AE12: =SUM(B12:Q12) -> 0 | AU12: =(S12/AG12) - 1 -> #DIV/0! | AV12: =(T12/AH12) - 1 -> #DIV/0! | AW12: =(U12/AI12) - 1 -> #DIV/0! | AX12: =(V12/AJ12) - 1 -> #DIV/0! | AY12: =(W12/AK12) - 1 -> #DIV/0! | AZ12: =(X12/AL12) - 1 -> #DIV/0! | BA12: =(Y12/AM12) - 1 -> #DIV/0! | BB12: =(Z12/AN12) - 1 -> #DIV/0! | ... BG12: =(AE12/AS12) - 1 -> #DIV/0!
A14: Total | B14: =SUM(B5:B12) -> 0 | C14: =SUM(C5:C12) -> 0 | D14: =SUM(D5:D12) -> 0 | E14: =SUM(E5:E12) -> 0 | F14: =SUM(F5:F12) -> 0 | G14: =SUM(G5:G12) -> 0 | H14: =SUM(H5:H12) -> 0 | I14: =SUM(I5:I12) -> 0 | ... Q14: =SUM(Q5:Q12) -> 0 | S14: =B14+D14+F14+H14+J14+L14+N14+P14 -> 0 | T14: =C14+E14+G14+I14+K14+M14+O14+Q14 -> 0 | U14: =T14/(T14+S14) -> #DIV/0! | V14: =B14+C14+J14+K14 -> 0 | W14: =D14+E14+L14+M14 -> 0 | X14: =F14+G14+N14+O14 -> 0 | Y14: =SUM(V14:X14) -> 0 | Z14: =W14/Y14 -> #DIV/0! | AA14: =X14/Y14 -> #DIV/0! | AB14: =H14+I14+P14+Q14 -> 0 | AC14: =SUM(B14:I14) -> 0 | AD14: =SUM(J14:Q14) -> 0 | AE14: =SUM(B14:Q14) -> 0 | AU14: =(S14/AG14) - 1 -> #DIV/0! | AV14: =(T14/AH14) - 1 -> #DIV/0! | AW14: =(U14/AI14) - 1 -> #DIV/0! | AX14: =(V14/AJ14) - 1 -> #DIV/0! | AY14: =(W14/AK14) - 1 -> #DIV/0! | AZ14: =(X14/AL14) - 1 -> #DIV/0! | BA14: =(Y14/AM14) - 1 -> #DIV/0! | BB14: =(Z14/AN14) - 1 -> #DIV/0! | ... BG14: =(AE14/AS14) - 1 -> #DIV/0!
A15: Total HP | B15: =SUM(B7:B10) -> 0 | C15: =SUM(C7:C10) -> 0 | D15: =SUM(D7:D10) -> 0 | E15: =SUM(E7:E10) -> 0 | F15: =SUM(F7:F10) -> 0 | G15: =SUM(G7:G10) -> 0 | H15: =SUM(H7:H10) -> 0 | I15: =SUM(I7:I10) -> 0 | ... Q15: =SUM(Q7:Q10) -> 0 | S15: =B15+D15+F15+H15+J15+L15+N15+P15 -> 0 | T15: =C15+E15+G15+I15+K15+M15+O15+Q15 -> 0 | U15: =T15/(T15+S15) -> #DIV/0! | V15: =B15+C15+J15+K15 -> 0 | W15: =D15+E15+L15+M15 -> 0 | X15: =F15+G15+N15+O15 -> 0 | Y15: =SUM(V15:X15) -> 0 | Z15: =W15/Y15 -> #DIV/0! | AA15: =X15/Y15 -> #DIV/0! | AB15: =H15+I15+P15+Q15 -> 0 | AC15: =SUM(B15:I15) -> 0 | AD15: =SUM(J15:Q15) -> 0 | AE15: =SUM(B15:Q15) -> 0 | AU15: =(S15/AG15) - 1 -> #DIV/0! | AV15: =(T15/AH15) - 1 -> #DIV/0! | AW15: =(U15/AI15) - 1 -> #DIV/0! | AX15: =(V15/AJ15) - 1 -> #DIV/0! | AY15: =(W15/AK15) - 1 -> #DIV/0! | AZ15: =(X15/AL15) - 1 -> #DIV/0! | BA15: =(Y15/AM15) - 1 -> #DIV/0! | BB15: =(Z15/AN15) - 1 -> #DIV/0! | ... BG15: =(AE15/AS15) - 1 -> #DIV/0!
A17: Tot 7 | B17: =SUM(B5:B8) -> 0 | C17: =SUM(C5:C8) -> 0 | D17: =SUM(D5:D8) -> 0 | E17: =SUM(E5:E8) -> 0 | F17: =SUM(F5:F8) -> 0 | G17: =SUM(G5:G8) -> 0 | H17: =SUM(H5:H8) -> 0 | I17: =SUM(I5:I8) -> 0 | ... Q17: =SUM(Q5:Q8) -> 0
A18: Tot 8 | B18: =SUM(B9:B12) -> 0 | C18: =SUM(C9:C12) -> 0 | D18: =SUM(D9:D12) -> 0 | E18: =SUM(E9:E12) -> 0 | F18: =SUM(F9:F12) -> 0 | G18: =SUM(G9:G12) -> 0 | H18: =SUM(H9:H12) -> 0 | I18: =SUM(I9:I12) -> 0 | ... Q18: =SUM(Q9:Q12) -> 0

Sheet Crassy
B1: Lieu: | C1: Crassy->Crassier
B2: France -> Suisse | J2: Suisse -> France | S2: ="Totaux 2021 " & $C1 -> Totaux 2021 Crassy->Crassier | AG2: ="Totaux 2020 " & $C1 -> Totaux 2020 Crassy->Crassier | AU2: ="Changement depuis 2020 " & $C1 -> Changement depuis 2020 Crassy->Crassier
B3: Vélo traditionel | D3: VAE | F3: Mode Nouveau Electrique | H3: Piéton/ne | J3: Vélo traditionel | L3: VAE | N3: Mode Nouveau Electrique (trotinette, scateboard , …) | P3: Piéton/ne | S3: Hommes | T3: Femmes | U3: %Femmes | V3: VT | W3: VAE | X3: Nouveau | Y3: 2r | Z3: %VAE | AA3: %Nouveau | AB3: Piétons | AC3: >CH | AD3: >FR | AE3: TOT | AU3: Hommes | AV3: Femmes | AW3: %Femmes | AX3: VT | AY3: VAE | AZ3: Nouveau | BA3: 2r | BB3: %VAE | BC3: %Nouveau | BD3: Piétons | BE3: >CH | BF3: >FR | BG3: TOT
A4: Heure | B4: H | C4: F | D4: H | E4: F | F4: H | G4: F | H4: H | I4: F | J4: H | K4: F | L4: H | M4: F | N4: H | O4: F | P4: H | Q4: F
A5: 0.29166667 | S5: =B5+D5+F5+H5+J5+L5+N5+P5 -> 0 | T5: =C5+E5+G5+I5+K5+M5+O5+Q5 -> 0 | U5: =T5/(T5+S5) -> #DIV/0! | V5: =B5+C5+J5+K5 -> 0 | W5: =D5+E5+L5+M5 -> 0 | X5: =F5+G5+N5+O5 -> 0 | Y5: =SUM(V5:X5) -> 0 | Z5: =W5/Y5 -> #DIV/0! | AA5: =X5/Y5 -> #DIV/0! | AB5: =H5+I5+P5+Q5 -> 0 | AC5: =SUM(B5:I5) -> 0 | AD5: =SUM(J5:Q5) -> 0 | AE5: =SUM(B5:Q5) -> 0 | AU5: =(S5/AG5) - 1 -> #DIV/0! | AV5: =(T5/AH5) - 1 -> #DIV/0! | AW5: =(U5/AI5) - 1 -> #DIV/0! | AX5: =(V5/AJ5) - 1 -> #DIV/0! | AY5: =(W5/AK5) - 1 -> #DIV/0! | AZ5: =(X5/AL5) - 1 -> #DIV/0! | BA5: =(Y5/AM5) - 1 -> #DIV/0! | BB5: =(Z5/AN5) - 1 -> #DIV/0! | ... BG5: =(AE5/AS5) - 1 -> #DIV/0!
A6: 0.30208333 | S6: =B6+D6+F6+H6+J6+L6+N6+P6 -> 0 | T6: =C6+E6+G6+I6+K6+M6+O6+Q6 -> 0 | U6: =T6/(T6+S6) -> #DIV/0! | V6: =B6+C6+J6+K6 -> 0 | W6: =D6+E6+L6+M6 -> 0 | X6: =F6+G6+N6+O6 -> 0 | Y6: =SUM(V6:X6) -> 0 | Z6: =W6/Y6 -> #DIV/0! | AA6: =X6/Y6 -> #DIV/0! | AB6: =H6+I6+P6+Q6 -> 0 | AC6: =SUM(B6:I6) -> 0 | AD6: =SUM(J6:Q6) -> 0 | AE6: =SUM(B6:Q6) -> 0 | AU6: =(S6/AG6) - 1 -> #DIV/0! | AV6: =(T6/AH6) - 1 -> #DIV/0! | AW6: =(U6/AI6) - 1 -> #DIV/0! | AX6: =(V6/AJ6) - 1 -> #DIV/0! | AY6: =(W6/AK6) - 1 -> #DIV/0! | AZ6: =(X6/AL6) - 1 -> #DIV/0! | BA6: =(Y6/AM6) - 1 -> #DIV/0! | BB6: =(Z6/AN6) - 1 -> #DIV/0! | ... BG6: =(AE6/AS6) - 1 -> #DIV/0!
A7: 0.3125 | S7: =B7+D7+F7+H7+J7+L7+N7+P7 -> 0 | T7: =C7+E7+G7+I7+K7+M7+O7+Q7 -> 0 | U7: =T7/(T7+S7) -> #DIV/0! | V7: =B7+C7+J7+K7 -> 0 | W7: =D7+E7+L7+M7 -> 0 | X7: =F7+G7+N7+O7 -> 0 | Y7: =SUM(V7:X7) -> 0 | Z7: =W7/Y7 -> #DIV/0! | AA7: =X7/Y7 -> #DIV/0! | AB7: =H7+I7+P7+Q7 -> 0 | AC7: =SUM(B7:I7) -> 0 | AD7: =SUM(J7:Q7) -> 0 | AE7: =SUM(B7:Q7) -> 0 | AU7: =(S7/AG7) - 1 -> #DIV/0! | AV7: =(T7/AH7) - 1 -> #DIV/0! | AW7: =(U7/AI7) - 1 -> #DIV/0! | AX7: =(V7/AJ7) - 1 -> #DIV/0! | AY7: =(W7/AK7) - 1 -> #DIV/0! | AZ7: =(X7/AL7) - 1 -> #DIV/0! | BA7: =(Y7/AM7) - 1 -> #DIV/0! | BB7: =(Z7/AN7) - 1 -> #DIV/0! | ... BG7: =(AE7/AS7) - 1 -> #DIV/0!
A8: 0.32291667 | S8: =B8+D8+F8+H8+J8+L8+N8+P8 -> 0 | T8: =C8+E8+G8+I8+K8+M8+O8+Q8 -> 0 | U8: =T8/(T8+S8) -> #DIV/0! | V8: =B8+C8+J8+K8 -> 0 | W8: =D8+E8+L8+M8 -> 0 | X8: =F8+G8+N8+O8 -> 0 | Y8: =SUM(V8:X8) -> 0 | Z8: =W8/Y8 -> #DIV/0! | AA8: =X8/Y8 -> #DIV/0! | AB8: =H8+I8+P8+Q8 -> 0 | AC8: =SUM(B8:I8) -> 0 | AD8: =SUM(J8:Q8) -> 0 | AE8: =SUM(B8:Q8) -> 0 | AU8: =(S8/AG8) - 1 -> #DIV/0! | AV8: =(T8/AH8) - 1 -> #DIV/0! | AW8: =(U8/AI8) - 1 -> #DIV/0! | AX8: =(V8/AJ8) - 1 -> #DIV/0! | AY8: =(W8/AK8) - 1 -> #DIV/0! | AZ8: =(X8/AL8) - 1 -> #DIV/0! | BA8: =(Y8/AM8) - 1 -> #DIV/0! | BB8: =(Z8/AN8) - 1 -> #DIV/0! | ... BG8: =(AE8/AS8) - 1 -> #DIV/0!
A9: 0.33333333 | S9: =B9+D9+F9+H9+J9+L9+N9+P9 -> 0 | T9: =C9+E9+G9+I9+K9+M9+O9+Q9 -> 0 | U9: =T9/(T9+S9) -> #DIV/0! | V9: =B9+C9+J9+K9 -> 0 | W9: =D9+E9+L9+M9 -> 0 | X9: =F9+G9+N9+O9 -> 0 | Y9: =SUM(V9:X9) -> 0 | Z9: =W9/Y9 -> #DIV/0! | AA9: =X9/Y9 -> #DIV/0! | AB9: =H9+I9+P9+Q9 -> 0 | AC9: =SUM(B9:I9) -> 0 | AD9: =SUM(J9:Q9) -> 0 | AE9: =SUM(B9:Q9) -> 0 | AU9: =(S9/AG9) - 1 -> #DIV/0! | AV9: =(T9/AH9) - 1 -> #DIV/0! | AW9: =(U9/AI9) - 1 -> #DIV/0! | AX9: =(V9/AJ9) - 1 -> #DIV/0! | AY9: =(W9/AK9) - 1 -> #DIV/0! | AZ9: =(X9/AL9) - 1 -> #DIV/0! | BA9: =(Y9/AM9) - 1 -> #DIV/0! | BB9: =(Z9/AN9) - 1 -> #DIV/0! | ... BG9: =(AE9/AS9) - 1 -> #DIV/0!
A10: 0.34375 | S10: =B10+D10+F10+H10+J10+L10+N10+P10 -> 0 | T10: =C10+E10+G10+I10+K10+M10+O10+Q10 -> 0 | U10: =T10/(T10+S10) -> #DIV/0! | V10: =B10+C10+J10+K10 -> 0 | W10: =D10+E10+L10+M10 -> 0 | X10: =F10+G10+N10+O10 -> 0 | Y10: =SUM(V10:X10) -> 0 | Z10: =W10/Y10 -> #DIV/0! | AA10: =X10/Y10 -> #DIV/0! | AB10: =H10+I10+P10+Q10 -> 0 | AC10: =SUM(B10:I10) -> 0 | AD10: =SUM(J10:Q10) -> 0 | AE10: =SUM(B10:Q10) -> 0 | AU10: =(S10/AG10) - 1 -> #DIV/0! | AV10: =(T10/AH10) - 1 -> #DIV/0! | AW10: =(U10/AI10) - 1 -> #DIV/0! | AX10: =(V10/AJ10) - 1 -> #DIV/0! | AY10: =(W10/AK10) - 1 -> #DIV/0! | AZ10: =(X10/AL10) - 1 -> #DIV/0! | BA10: =(Y10/AM10) - 1 -> #DIV/0! | BB10: =(Z10/AN10) - 1 -> #DIV/0! | ... BG10: =(AE10/AS10) - 1 -> #DIV/0!
A11: 0.35416667 | S11: =B11+D11+F11+H11+J11+L11+N11+P11 -> 0 | T11: =C11+E11+G11+I11+K11+M11+O11+Q11 -> 0 | U11: =T11/(T11+S11) -> #DIV/0! | V11: =B11+C11+J11+K11 -> 0 | W11: =D11+E11+L11+M11 -> 0 | X11: =F11+G11+N11+O11 -> 0 | Y11: =SUM(V11:X11) -> 0 | Z11: =W11/Y11 -> #DIV/0! | AA11: =X11/Y11 -> #DIV/0! | AB11: =H11+I11+P11+Q11 -> 0 | AC11: =SUM(B11:I11) -> 0 | AD11: =SUM(J11:Q11) -> 0 | AE11: =SUM(B11:Q11) -> 0 | AU11: =(S11/AG11) - 1 -> #DIV/0! | AV11: =(T11/AH11) - 1 -> #DIV/0! | AW11: =(U11/AI11) - 1 -> #DIV/0! | AX11: =(V11/AJ11) - 1 -> #DIV/0! | AY11: =(W11/AK11) - 1 -> #DIV/0! | AZ11: =(X11/AL11) - 1 -> #DIV/0! | BA11: =(Y11/AM11) - 1 -> #DIV/0! | BB11: =(Z11/AN11) - 1 -> #DIV/0! | ... BG11: =(AE11/AS11) - 1 -> #DIV/0!
A12: 0.36458333 | S12: =B12+D12+F12+H12+J12+L12+N12+P12 -> 0 | T12: =C12+E12+G12+I12+K12+M12+O12+Q12 -> 0 | U12: =T12/(T12+S12) -> #DIV/0! | V12: =B12+C12+J12+K12 -> 0 | W12: =D12+E12+L12+M12 -> 0 | X12: =F12+G12+N12+O12 -> 0 | Y12: =SUM(V12:X12) -> 0 | Z12: =W12/Y12 -> #DIV/0! | AA12: =X12/Y12 -> #DIV/0! | AB12: =H12+I12+P12+Q12 -> 0 | AC12: =SUM(B12:I12) -> 0 | AD12: =SUM(J12:Q12) -> 0 | AE12: =SUM(B12:Q12) -> 0 | AU12: =(S12/AG12) - 1 -> #DIV/0! | AV12: =(T12/AH12) - 1 -> #DIV/0! | AW12: =(U12/AI12) - 1 -> #DIV/0! | AX12: =(V12/AJ12) - 1 -> #DIV/0! | AY12: =(W12/AK12) - 1 -> #DIV/0! | AZ12: =(X12/AL12) - 1 -> #DIV/0! | BA12: =(Y12/AM12) - 1 -> #DIV/0! | BB12: =(Z12/AN12) - 1 -> #DIV/0! | ... BG12: =(AE12/AS12) - 1 -> #DIV/0!
A14: Total | B14: =SUM(B5:B12) -> 0 | C14: =SUM(C5:C12) -> 0 | D14: =SUM(D5:D12) -> 0 | E14: =SUM(E5:E12) -> 0 | F14: =SUM(F5:F12) -> 0 | G14: =SUM(G5:G12) -> 0 | H14: =SUM(H5:H12) -> 0 | I14: =SUM(I5:I12) -> 0 | ... Q14: =SUM(Q5:Q12) -> 0 | S14: =B14+D14+F14+H14+J14+L14+N14+P14 -> 0 | T14: =C14+E14+G14+I14+K14+M14+O14+Q14 -> 0 | U14: =T14/(T14+S14) -> #DIV/0! | V14: =B14+C14+J14+K14 -> 0 | W14: =D14+E14+L14+M14 -> 0 | X14: =F14+G14+N14+O14 -> 0 | Y14: =SUM(V14:X14) -> 0 | Z14: =W14/Y14 -> #DIV/0! | AA14: =X14/Y14 -> #DIV/0! | AB14: =H14+I14+P14+Q14 -> 0 | AC14: =SUM(B14:I14) -> 0 | AD14: =SUM(J14:Q14) -> 0 | AE14: =SUM(B14:Q14) -> 0 | AU14: =(S14/AG14) - 1 -> #DIV/0! | AV14: =(T14/AH14) - 1 -> #DIV/0! | AW14: =(U14/AI14) - 1 -> #DIV/0! | AX14: =(V14/AJ14) - 1 -> #DIV/0! | AY14: =(W14/AK14) - 1 -> #DIV/0! | AZ14: =(X14/AL14) - 1 -> #DIV/0! | BA14: =(Y14/AM14) - 1 -> #DIV/0! | BB14: =(Z14/AN14) - 1 -> #DIV/0! | ... BG14: =(AE14/AS14) - 1 -> #DIV/0!
A15: Total HP | B15: =SUM(B7:B10) -> 0 | C15: =SUM(C7:C10) -> 0 | D15: =SUM(D7:D10) -> 0 | E15: =SUM(E7:E10) -> 0 | F15: =SUM(F7:F10) -> 0 | G15: =SUM(G7:G10) -> 0 | H15: =SUM(H7:H10) -> 0 | I15: =SUM(I7:I10) -> 0 | ... Q15: =SUM(Q7:Q10) -> 0 | S15: =B15+D15+F15+H15+J15+L15+N15+P15 -> 0 | T15: =C15+E15+G15+I15+K15+M15+O15+Q15 -> 0 | U15: =T15/(T15+S15) -> #DIV/0! | V15: =B15+C15+J15+K15 -> 0 | W15: =D15+E15+L15+M15 -> 0 | X15: =F15+G15+N15+O15 -> 0 | Y15: =SUM(V15:X15) -> 0 | Z15: =W15/Y15 -> #DIV/0! | AA15: =X15/Y15 -> #DIV/0! | AB15: =H15+I15+P15+Q15 -> 0 | AC15: =SUM(B15:I15) -> 0 | AD15: =SUM(J15:Q15) -> 0 | AE15: =SUM(B15:Q15) -> 0 | AU15: =(S15/AG15) - 1 -> #DIV/0! | AV15: =(T15/AH15) - 1 -> #DIV/0! | AW15: =(U15/AI15) - 1 -> #DIV/0! | AX15: =(V15/AJ15) - 1 -> #DIV/0! | AY15: =(W15/AK15) - 1 -> #DIV/0! | AZ15: =(X15/AL15) - 1 -> #DIV/0! | BA15: =(Y15/AM15) - 1 -> #DIV/0! | BB15: =(Z15/AN15) - 1 -> #DIV/0! | ... BG15: =(AE15/AS15) - 1 -> #DIV/0!
A17: Tot 7 | B17: =SUM(B5:B8) -> 0 | C17: =SUM(C5:C8) -> 0 | D17: =SUM(D5:D8) -> 0 | E17: =SUM(E5:E8) -> 0 | F17: =SUM(F5:F8) -> 0 | G17: =SUM(G5:G8) -> 0 | H17: =SUM(H5:H8) -> 0 | I17: =SUM(I5:I8) -> 0 | ... Q17: =SUM(Q5:Q8) -> 0
A18: Tot 8 | B18: =SUM(B9:B12) -> 0 | C18: =SUM(C9:C12) -> 0 | D18: =SUM(D9:D12) -> 0 | E18: =SUM(E9:E12) -> 0 | F18: =SUM(F9:F12) -> 0 | G18: =SUM(G9:G12) -> 0 | H18: =SUM(H9:H12) -> 0 | I18: =SUM(I9:I12) -> 0 | ... Q18: =SUM(Q9:Q12) -> 0

Sheet Template
B1: Lieu:
B2: France -> Suisse | J2: Suisse -> France | S2: ="Totaux 2021 " & $C1 -> Totaux 2021 | AG2: ="Totaux 2020 " & $C1 -> Totaux 2020 | AU2: ="Changement depuis 2020 " & $C1 -> Changement depuis 2020
B3: Vélo traditionel | D3: VAE | F3: Mode Nouveau Electrique | H3: Piéton/ne | J3: Vélo traditionel | L3: VAE | N3: Mode Nouveau Electrique (trotinette, scateboard , …) | P3: Piéton/ne | S3: Hommes | T3: Femmes | U3: %Femmes | V3: VT | W3: VAE | X3: Nouveau | Y3: 2r | Z3: %VAE | AA3: %Nouveau | AB3: Piétons | AC3: >CH | AD3: >FR | AE3: TOT | AU3: Hommes | AV3: Femmes | AW3: %Femmes | AX3: VT | AY3: VAE | AZ3: Nouveau | BA3: 2r | BB3: %VAE | BC3: %Nouveau | BD3: Piétons | BE3: >CH | BF3: >FR | BG3: TOT
A4: Heure | B4: H | C4: F | D4: H | E4: F | F4: H | G4: F | H4: H | I4: F | J4: H | K4: F | L4: H | M4: F | N4: H | O4: F | P4: H | Q4: F
A5: 0.29166667 | S5: =B5+D5+F5+H5+J5+L5+N5+P5 -> 0 | T5: =C5+E5+G5+I5+K5+M5+O5+Q5 -> 0 | U5: =T5/(T5+S5) -> #DIV/0! | V5: =B5+C5+J5+K5 -> 0 | W5: =D5+E5+L5+M5 -> 0 | X5: =F5+G5+N5+O5 -> 0 | Y5: =SUM(V5:X5) -> 0 | Z5: =W5/Y5 -> #DIV/0! | AA5: =X5/Y5 -> #DIV/0! | AB5: =H5+I5+P5+Q5 -> 0 | AC5: =SUM(B5:I5) -> 0 | AD5: =SUM(J5:Q5) -> 0 | AE5: =SUM(B5:Q5) -> 0 | AU5: =(S5/AG5) - 1 -> #DIV/0! | AV5: =(T5/AH5) - 1 -> #DIV/0! | AW5: =(U5/AI5) - 1 -> #DIV/0! | AX5: =(V5/AJ5) - 1 -> #DIV/0! | AY5: =(W5/AK5) - 1 -> #DIV/0! | AZ5: =(X5/AL5) - 1 -> #DIV/0! | BA5: =(Y5/AM5) - 1 -> #DIV/0! | BB5: =(Z5/AN5) - 1 -> #DIV/0! | ... BG5: =(AE5/AS5) - 1 -> #DIV/0!
A6: 0.30208333 | S6: =B6+D6+F6+H6+J6+L6+N6+P6 -> 0 | T6: =C6+E6+G6+I6+K6+M6+O6+Q6 -> 0 | U6: =T6/(T6+S6) -> #DIV/0! | V6: =B6+C6+J6+K6 -> 0 | W6: =D6+E6+L6+M6 -> 0 | X6: =F6+G6+N6+O6 -> 0 | Y6: =SUM(V6:X6) -> 0 | Z6: =W6/Y6 -> #DIV/0! | AA6: =X6/Y6 -> #DIV/0! | AB6: =H6+I6+P6+Q6 -> 0 | AC6: =SUM(B6:I6) -> 0 | AD6: =SUM(J6:Q6) -> 0 | AE6: =SUM(B6:Q6) -> 0 | AU6: =(S6/AG6) - 1 -> #DIV/0! | AV6: =(T6/AH6) - 1 -> #DIV/0! | AW6: =(U6/AI6) - 1 -> #DIV/0! | AX6: =(V6/AJ6) - 1 -> #DIV/0! | AY6: =(W6/AK6) - 1 -> #DIV/0! | AZ6: =(X6/AL6) - 1 -> #DIV/0! | BA6: =(Y6/AM6) - 1 -> #DIV/0! | BB6: =(Z6/AN6) - 1 -> #DIV/0! | ... BG6: =(AE6/AS6) - 1 -> #DIV/0!
A7: 0.3125 | S7: =B7+D7+F7+H7+J7+L7+N7+P7 -> 0 | T7: =C7+E7+G7+I7+K7+M7+O7+Q7 -> 0 | U7: =T7/(T7+S7) -> #DIV/0! | V7: =B7+C7+J7+K7 -> 0 | W7: =D7+E7+L7+M7 -> 0 | X7: =F7+G7+N7+O7 -> 0 | Y7: =SUM(V7:X7) -> 0 | Z7: =W7/Y7 -> #DIV/0! | AA7: =X7/Y7 -> #DIV/0! | AB7: =H7+I7+P7+Q7 -> 0 | AC7: =SUM(B7:I7) -> 0 | AD7: =SUM(J7:Q7) -> 0 | AE7: =SUM(B7:Q7) -> 0 | AU7: =(S7/AG7) - 1 -> #DIV/0! | AV7: =(T7/AH7) - 1 -> #DIV/0! | AW7: =(U7/AI7) - 1 -> #DIV/0! | AX7: =(V7/AJ7) - 1 -> #DIV/0! | AY7: =(W7/AK7) - 1 -> #DIV/0! | AZ7: =(X7/AL7) - 1 -> #DIV/0! | BA7: =(Y7/AM7) - 1 -> #DIV/0! | BB7: =(Z7/AN7) - 1 -> #DIV/0! | ... BG7: =(AE7/AS7) - 1 -> #DIV/0!
A8: 0.32291667 | S8: =B8+D8+F8+H8+J8+L8+N8+P8 -> 0 | T8: =C8+E8+G8+I8+K8+M8+O8+Q8 -> 0 | U8: =T8/(T8+S8) -> #DIV/0! | V8: =B8+C8+J8+K8 -> 0 | W8: =D8+E8+L8+M8 -> 0 | X8: =F8+G8+N8+O8 -> 0 | Y8: =SUM(V8:X8) -> 0 | Z8: =W8/Y8 -> #DIV/0! | AA8: =X8/Y8 -> #DIV/0! | AB8: =H8+I8+P8+Q8 -> 0 | AC8: =SUM(B8:I8) -> 0 | AD8: =SUM(J8:Q8) -> 0 | AE8: =SUM(B8:Q8) -> 0 | AU8: =(S8/AG8) - 1 -> #DIV/0! | AV8: =(T8/AH8) - 1 -> #DIV/0! | AW8: =(U8/AI8) - 1 -> #DIV/0! | AX8: =(V8/AJ8) - 1 -> #DIV/0! | AY8: =(W8/AK8) - 1 -> #DIV/0! | AZ8: =(X8/AL8) - 1 -> #DIV/0! | BA8: =(Y8/AM8) - 1 -> #DIV/0! | BB8: =(Z8/AN8) - 1 -> #DIV/0! | ... BG8: =(AE8/AS8) - 1 -> #DIV/0!
A9: 0.33333333 | S9: =B9+D9+F9+H9+J9+L9+N9+P9 -> 0 | T9: =C9+E9+G9+I9+K9+M9+O9+Q9 -> 0 | U9: =T9/(T9+S9) -> #DIV/0! | V9: =B9+C9+J9+K9 -> 0 | W9: =D9+E9+L9+M9 -> 0 | X9: =F9+G9+N9+O9 -> 0 | Y9: =SUM(V9:X9) -> 0 | Z9: =W9/Y9 -> #DIV/0! | AA9: =X9/Y9 -> #DIV/0! | AB9: =H9+I9+P9+Q9 -> 0 | AC9: =SUM(B9:I9) -> 0 | AD9: =SUM(J9:Q9) -> 0 | AE9: =SUM(B9:Q9) -> 0 | AU9: =(S9/AG9) - 1 -> #DIV/0! | AV9: =(T9/AH9) - 1 -> #DIV/0! | AW9: =(U9/AI9) - 1 -> #DIV/0! | AX9: =(V9/AJ9) - 1 -> #DIV/0! | AY9: =(W9/AK9) - 1 -> #DIV/0! | AZ9: =(X9/AL9) - 1 -> #DIV/0! | BA9: =(Y9/AM9) - 1 -> #DIV/0! | BB9: =(Z9/AN9) - 1 -> #DIV/0! | ... BG9: =(AE9/AS9) - 1 -> #DIV/0!
A10: 0.34375 | S10: =B10+D10+F10+H10+J10+L10+N10+P10 -> 0 | T10: =C10+E10+G10+I10+K10+M10+O10+Q10 -> 0 | U10: =T10/(T10+S10) -> #DIV/0! | V10: =B10+C10+J10+K10 -> 0 | W10: =D10+E10+L10+M10 -> 0 | X10: =F10+G10+N10+O10 -> 0 | Y10: =SUM(V10:X10) -> 0 | Z10: =W10/Y10 -> #DIV/0! | AA10: =X10/Y10 -> #DIV/0! | AB10: =H10+I10+P10+Q10 -> 0 | AC10: =SUM(B10:I10) -> 0 | AD10: =SUM(J10:Q10) -> 0 | AE10: =SUM(B10:Q10) -> 0 | AU10: =(S10/AG10) - 1 -> #DIV/0! | AV10: =(T10/AH10) - 1 -> #DIV/0! | AW10: =(U10/AI10) - 1 -> #DIV/0! | AX10: =(V10/AJ10) - 1 -> #DIV/0! | AY10: =(W10/AK10) - 1 -> #DIV/0! | AZ10: =(X10/AL10) - 1 -> #DIV/0! | BA10: =(Y10/AM10) - 1 -> #DIV/0! | BB10: =(Z10/AN10) - 1 -> #DIV/0! | ... BG10: =(AE10/AS10) - 1 -> #DIV/0!
A11: 0.35416667 | S11: =B11+D11+F11+H11+J11+L11+N11+P11 -> 0 | T11: =C11+E11+G11+I11+K11+M11+O11+Q11 -> 0 | U11: =T11/(T11+S11) -> #DIV/0! | V11: =B11+C11+J11+K11 -> 0 | W11: =D11+E11+L11+M11 -> 0 | X11: =F11+G11+N11+O11 -> 0 | Y11: =SUM(V11:X11) -> 0 | Z11: =W11/Y11 -> #DIV/0! | AA11: =X11/Y11 -> #DIV/0! | AB11: =H11+I11+P11+Q11 -> 0 | AC11: =SUM(B11:I11) -> 0 | AD11: =SUM(J11:Q11) -> 0 | AE11: =SUM(B11:Q11) -> 0 | AU11: =(S11/AG11) - 1 -> #DIV/0! | AV11: =(T11/AH11) - 1 -> #DIV/0! | AW11: =(U11/AI11) - 1 -> #DIV/0! | AX11: =(V11/AJ11) - 1 -> #DIV/0! | AY11: =(W11/AK11) - 1 -> #DIV/0! | AZ11: =(X11/AL11) - 1 -> #DIV/0! | BA11: =(Y11/AM11) - 1 -> #DIV/0! | BB11: =(Z11/AN11) - 1 -> #DIV/0! | ... BG11: =(AE11/AS11) - 1 -> #DIV/0!
A12: 0.36458333 | S12: =B12+D12+F12+H12+J12+L12+N12+P12 -> 0 | T12: =C12+E12+G12+I12+K12+M12+O12+Q12 -> 0 | U12: =T12/(T12+S12) -> #DIV/0! | V12: =B12+C12+J12+K12 -> 0 | W12: =D12+E12+L12+M12 -> 0 | X12: =F12+G12+N12+O12 -> 0 | Y12: =SUM(V12:X12) -> 0 | Z12: =W12/Y12 -> #DIV/0! | AA12: =X12/Y12 -> #DIV/0! | AB12: =H12+I12+P12+Q12 -> 0 | AC12: =SUM(B12:I12) -> 0 | AD12: =SUM(J12:Q12) -> 0 | AE12: =SUM(B12:Q12) -> 0 | AU12: =(S12/AG12) - 1 -> #DIV/0! | AV12: =(T12/AH12) - 1 -> #DIV/0! | AW12: =(U12/AI12) - 1 -> #DIV/0! | AX12: =(V12/AJ12) - 1 -> #DIV/0! | AY12: =(W12/AK12) - 1 -> #DIV/0! | AZ12: =(X12/AL12) - 1 -> #DIV/0! | BA12: =(Y12/AM12) - 1 -> #DIV/0! | BB12: =(Z12/AN12) - 1 -> #DIV/0! | ... BG12: =(AE12/AS12) - 1 -> #DIV/0!
A13: Total | B13: =SUM(B5:B12) -> 0 | C13: =SUM(C5:C12) -> 0 | D13: =SUM(D5:D12) -> 0 | E13: =SUM(E5:E12) -> 0 | F13: =SUM(F5:F12) -> 0 | G13: =SUM(G5:G12) -> 0 | H13: =SUM(H5:H12) -> 0 | I13: =SUM(I5:I12) -> 0 | ... Q13: =SUM(Q5:Q12) -> 0 | S13: =B13+D13+F13+H13+J13+L13+N13+P13 -> 0 | T13: =C13+E13+G13+I13+K13+M13+O13+Q13 -> 0 | U13: =T13/(T13+S13) -> #DIV/0! | V13: =B13+C13+J13+K13 -> 0 | W13: =D13+E13+L13+M13 -> 0 | X13: =F13+G13+N13+O13 -> 0 | Y13: =SUM(V13:X13) -> 0 | Z13: =W13/Y13 -> #DIV/0! | AA13: =X13/Y13 -> #DIV/0! | AB13: =H13+I13+P13+Q13 -> 0 | AC13: =SUM(B13:I13) -> 0 | AD13: =SUM(J13:Q13) -> 0 | AE13: =SUM(B13:Q13) -> 0 | AU13: =(S13/AG13) - 1 -> #DIV/0! | AV13: =(T13/AH13) - 1 -> #DIV/0! | AW13: =(U13/AI13) - 1 -> #DIV/0! | AX13: =(V13/AJ13) - 1 -> #DIV/0! | AY13: =(W13/AK13) - 1 -> #DIV/0! | AZ13: =(X13/AL13) - 1 -> #DIV/0! | BA13: =(Y13/AM13) - 1 -> #DIV/0! | BB13: =(Z13/AN13) - 1 -> #DIV/0! | ... BG13: =(AE13/AS13) - 1 -> #DIV/0!
