Workbook

Sheet Evolution 2
A3: Evolution Mobilité douce (piétons+cyclistes)
C6: 2014 | D6: 2015 | E6: 2016 | F6: 2017 | G6: 2018 | H6: 2019 | I6: 2020 | J6: 2021 | K6: 2022 | L6: 2023 | M6: 2024 | N6: 2025
B7: Mategnin | C7: 94 | D7: 247 | E7: 237 | F7: 370 | G7: 313 | H7: 387 | I7: 200 | J7: 275 | K7: 357 | L7: 526 | M7: ='Mategnin Total'!CE14 -> 508 | N7: ='Mategnin Total'!AJ14 -> 667
B8: Ferney | C8: 231 | D8: 211 | E8: 237 | F8: 311 | G8: 302 | H8: 350 | I8: 160 | J8: 234 | K8: 291 | L8: 398 | M8: ='Ferney->Genève'!CE14 -> 414 | N8: ='Ferney->Genève'!AJ14 -> 436
B9: StGenis | C9: 354 | D9: 536 | E9: 492 | F9: 710 | G9: 635 | H9: 472 | I9: 250 | J9: 396 | K9: 542 | L9: 669 | M9: ='StGenis total'!CE14 -> 719 | N9: ='StGenis total'!AJ14 -> 716 | AB9: Traffic voiture | AC9: Moy. Journalière annuelle
B10: TOTAL | C10: 679 | D10: 994 | E10: 966 | F10: 1391 | G10: 1250 | H10: 1209 | I10: 638 | J10: 1030 | K10: 1190 | L10: =SUM(L7:L9) -> 1593 | M10: =SUM(M7:M9) -> 1641 | N10: =SUM(N7:N9) -> 1819 | AB10: Crassier | AC10: 7165
D11: =(D10/C10)-1 -> 0.46391753 | E11: =(E10/D10)-1 -> -0.028169014 | F11: =(F10/E10)-1 -> 0.43995859 | G11: =(G10/F10)-1 -> -0.10136592 | H11: =(H10/G10)-1 -> -0.0328 | I11: =(I10/H10)-1 -> -0.47229115 | J11: =(J10/I10)-1 -> 0.61442006 | K11: =(K10/J10)-1 -> 0.15533981 | ... N11: =(N10/M10)-1 -> 0.10847044 | AB11: Divonne | AC11: 13740
AB12: Sauverny | AC12: 4339
B13: Depuis 2014 | N13: =(N10/C10)-1 -> 1.6789396 | AB13: Versonnex | AC13: 4626
AB14: Vireloup | AC14: 8131
AB15: Ferney | AC15: 13786
AB16: Meyrin | AC16: 24947
AB17: St Jean | AC17: 1659
A18: Evolution Piétons/Cyclistes | AB18: Challex | AC18: 1601
AB19: Collonge | AC19: 1724
AB20: Total | AC20: =SUM(AC10:AC19) -> 81718
AC21: =AC20/2 -> 40859
C22: 2014 | D22: 2015 | E22: 2016 | F22: 2017 | G22: 2018 | H22: 2019 | I22: 2020 | J22: 2021 | K22: 2022 | L22: 2023 | M22: 2024 | N22: 2025 | AB22: Jours ouvrés one way | AC22: =AC20*0.8/2 -> 32687.2
B23: Cyclistes | C23: 654 | D23: 769 | E23: 781 | F23: 1119 | G23: 1048 | H23: 1049 | I23: 561 | J23: 929 | K23: 1318 | L23: 1884 | M23: ='APiCy total'!BS24 -> 1886 | N23: ='APiCy total'!AD14 -> 2005
B24: Piétons | C24: 143 | D24: 225 | E24: 185 | F24: 272 | G24: 202 | H24: 160 | I24: 77 | J24: 101 | K24: 173 | L24: 186 | M24: ='APiCy total'!CC24 -> 223 | N24: ='APiCy total'!AG14 -> 308
B25: TOTAL | C25: 797 | D25: 994 | E25: 966 | F25: 1391 | G25: 1250 | H25: 1209 | I25: 638 | J25: 1030 | K25: 1491 | L25: 2070 | M25: =SUM(M23:M24) -> 2109 | N25: ='APiCy total'!AJ14 -> 2313
A36: EvolutionHommes/Femmes
D38: Année | E38: 2016 | F38: 2017 | G38: 2018 | H38: 2019 | I38: 2020 | J38: 2021 | K38: 2022 | L38: 2023 | M38: 2024 | N38: 2025
D39: %femme | E39: 0.27150259 | F39: 0.27606039 | G39: 0.2456 | H39: 0.30024814 | I39: 0.35109718 | J39: 0.2936803 | K39: 0.32327297 | L39: 0.33285024 | M39: ='APiCy total'!BW24 -> 0.33775186 | N39: ='APiCy total'!Y14 -> 0.36093609
D40: Hommes | E40: 703 | F40: 1007 | G40: 943 | H40: 846 | I40: 414 | J40: 760 | K40: 1009 | L40: 1381 | M40: ='APiCy total'!BS14 -> 1384 | N40: ='APiCy total'!W14 -> 1420
D41: Femmes | E41: 262 | F41: 384 | G41: 307 | H41: 363 | I41: 224 | J41: 316 | K41: 482 | L41: 689 | M41: ='APiCy total'!BT14 -> 725 | N41: ='APiCy total'!X14 -> 802
D42: Total | E42: 965 | F42: 1391 | G42: 1250 | H42: 1209 | I42: 638 | J42: 1076 | K42: 1491 | L42: 2070 | M42: =SUM(M40:M41) -> 2109 | N42: ='APiCy total'!AJ14 -> 2313
C52: 0.29166667 | D52: 0.30208333 | E52: 0.3125 | F52: 0.32291667 | G52: 0.33333333 | H52: 0.34375 | I52: 0.35416667 | J52: 0.36458333
B53: Pdg Centre | C53: ='PdG Centre Total'!AJ$5 -> 119 | D53: ='PdG Centre Total'!AJ$6 -> 179 | E53: ='PdG Centre Total'!AJ$7 -> 179 | F53: ='PdG Centre Total'!AJ$8 -> 259 | G53: ='PdG Centre Total'!AJ$9 -> 266 | H53: ='PdG Centre Total'!AJ$10 -> 290 | I53: ='PdG Centre Total'!AJ$11 -> 277 | J53: ='PdG Centre Total'!AJ$12 -> 250
B54: PdG Nord | C54: ='PdG Nord Total'!AJ$5 -> 52 | D54: ='PdG Nord Total'!AJ$6 -> 49 | E54: ='PdG Nord Total'!AJ$7 -> 77 | F54: ='PdG Nord Total'!AJ$8 -> 73 | G54: ='PdG Nord Total'!AJ$9 -> 73 | H54: ='PdG Nord Total'!AJ$10 -> 55 | I54: ='PdG Nord Total'!AJ$11 -> 44 | J54: ='PdG Nord Total'!AJ$12 -> 33
B55: Total
C58: =C52 -> 0.29166667 | D58: =D52 -> 0.30208333 | E58: =E52 -> 0.3125 | F58: =F52 -> 0.32291667 | G58: =G52 -> 0.33333333 | H58: =H52 -> 0.34375 | I58: =I52 -> 0.35416667 | J58: =J52 -> 0.36458333
B59: PdG Nord | C59: =C53/SUM($C53:$J53) -> 0.065420561 | D59: =D53/SUM($C53:$J53) -> 0.098405717 | E59: =E53/SUM($C53:$J53) -> 0.098405717 | F59: =F53/SUM($C53:$J53) -> 0.14238593 | G59: =G53/SUM($C53:$J53) -> 0.14623419 | H59: =H53/SUM($C53:$J53) -> 0.15942826 | I59: =I53/SUM($C53:$J53) -> 0.15228147 | J59: =J53/SUM($C53:$J53) -> 0.13743815
B60: Pdg Centre | C60: =C54/SUM($C54:$J54) -> 0.11403509 | D60: =D54/SUM($C54:$J54) -> 0.10745614 | E60: =E54/SUM($C54:$J54) -> 0.16885965 | F60: =F54/SUM($C54:$J54) -> 0.16008772 | G60: =G54/SUM($C54:$J54) -> 0.16008772 | H60: =H54/SUM($C54:$J54) -> 0.12061404 | I60: =I54/SUM($C54:$J54) -> 0.096491228 | J60: =J54/SUM($C54:$J54) -> 0.072368421
A65: Evolution par mode
I68: 2020 | J68: 2021 | K68: 2022 | L68: 2023 | M68: 2024 | N68: 2025
H69: Vélo traditionels | I69: ='APiCy total'!HU14 -> 344 | J69: ='APiCy total'!HG14 -> 582 | K69: ='APiCy total'!FL14 -> 752 | L69: ='APiCy total'!DQ14 -> 1017 | M69: ='APiCy total'!BV14 -> 945 | N69: ='APiCy total'!Z14 -> 891
H70: VAE | I70: ='APiCy total'!HV14 -> 175 | J70: ='APiCy total'!HH14 -> 337 | K70: ='APiCy total'!FM14 -> 498 | L70: ='APiCy total'!DR14 -> 752 | M70: ='APiCy total'!BW14 -> 809 | N70: ='APiCy total'!AA14 -> 986
H71: EDPM (trotinette) | I71: ='APiCy total'!HW14 -> 42 | J71: ='APiCy total'!HI14 -> 46 | K71: ='APiCy total'!FN14 -> 68 | L71: ='APiCy total'!DS14 -> 115 | M71: ='APiCy total'!BX14 -> 132 | N71: ='APiCy total'!AC14 -> 128
H72: TOTAL 2roues | I72: =SUM(I69:I71) -> 561 | J72: =SUM(J69:J71) -> 965 | K72: =SUM(K69:K71) -> 1318 | L72: =SUM(L69:L71) -> 1884 | M72: =SUM(M69:M71) -> 1886 | N72: ='APiCy total'!AJ14 -> 2313
B87: Vélo
B88: PdG Nord | C88: 2023 | D88: 2024
B89: Vireloup | C89: 183 | D89: 131
B90: Versonnex | C90: 90 | D90: 64
B91: Sauverny | C91: 38 | D91: 43
B92: Divonne | C92: 70 | D92: 91
B93: Crassier voie verte | C93: 26 | D93: 23
B94: Crassier douane | C94: 7 | D94: 20
B96: Vélos + piétons
B97: PdG Nord | C97: 2020 | D97: 2021 | E97: 2022 | F97: 2023 | G97: 2024
B98: Vireloup | E98: ='Vireloup Douane'!FU14 -> 113 | F98: ='Vireloup Douane'!DZ14 -> 187 | G98: ='Vireloup Douane'!CE14 -> 157
B99: Versonnex | E99: =Versonnex!FU14 -> 53 | F99: =Versonnex!DZ14 -> 90 | G99: =Versonnex!CE14 -> 65
B100: Sauverny | E100: =Sauverny!FU14 -> 0 | F100: =Sauverny!DZ14 -> 58 | G100: =Sauverny!CE14 -> 69
B101: Divonne | E101: ='Divonne->Chavanne'!FU14 -> 67 | F101: ='Divonne->Chavanne'!DZ14 -> 83 | G101: ='Divonne->Chavanne'!CE14 -> 98
B102: Crassier voie verte | E102: ='Crassier Voie Verte'!FU14 -> 20 | F102: ='Crassier Voie Verte'!DZ14 -> 52 | G102: ='Crassier Voie Verte'!CE14 -> 39
B103: Crassier douane | E103: ='Crassier Douane'!FU14 -> 9 | F103: ='Crassier Douane'!DZ14 -> 7 | G103: ='Crassier Douane'!CE14 -> 24
B104: Total | C104: =SUM(C98:C103) -> 0 | D104: =SUM(D98:D103) -> 0 | E104: =SUM(E98:E103) -> 262 | F104: =SUM(F98:F103) -> 477 | G104: =SUM(G98:G103) -> 452
C105: =(C104/B104)-1 -> #VALUE! | D105: =(D104/C104)-1 -> #DIV/0! | E105: =(E104/D104)-1 -> #DIV/0! | F105: =(F104/E104)-1 -> 0.82061069 | G105: =(G104/F104)-1 -> -0.052410901

Sheet Resume
B1: DONNEES 2024 | P1: CHANGEMENT
B2: Hommes | C2: Femmes | D2: %Femmes | E2: VT | F2: VAE | G2: Nouveau | H2: 2r | I2: %VAE | J2: %Nouveau | K2: Piétons | L2: >FR | M2: >CH | N2: TOT | P2: Hommes | Q2: Femmes | R2: %Femmes | S2: VT | T2: VAE | U2: Nouveau | V2: 2r | W2: %VAE | X2: %Nouveau | Y2: Piétons | Z2: >CH | AA2: >FR | AB2: TOT
A3: Ferney->Genève | B3: {=INDIRECT( "'" & $A3 & "'"& "!" & B$33)} -> 254 | C3: {=INDIRECT( "'" & $A3 & "'"& "!" & C$33)} -> 165 | D3: {=INDIRECT( "'" & $A3 & "'"& "!" & D$33)} -> 0.39379475 | E3: {=INDIRECT( "'" & $A3 & "'"& "!" & E$33)} -> 153 | F3: {=INDIRECT( "'" & $A3 & "'"& "!" & F$33)} -> 254 | G3: {=INDIRECT( "'" & $A3 & "'"& "!" & G$33)} -> 23 | H3: {=INDIRECT( "'" & $A3 & "'"& "!" & H$33)} -> 430 | I3: {=INDIRECT( "'" & $A3 & "'"& "!" & I$33)} -> 0.62407862 | ... N3: {=INDIRECT( "'" & $A3 & "'"& "!" & N$33)} -> 436 | P3: {=INDIRECT( "'" & $A3 & "'"& "!" & P$33)} -> 0.04526749 | Q3: {=INDIRECT( "'" & $A3 & "'"& "!" & Q$33)} -> -0.035087719 | R3: {=INDIRECT( "'" & $A3 & "'"& "!" & R$33)} -> -0.046602186 | S3: {=INDIRECT( "'" & $A3 & "'"& "!" & S$33)} -> -0.083832335 | T3: {=INDIRECT( "'" & $A3 & "'"& "!" & T$33)} -> 0.25123153 | U3: {=INDIRECT( "'" & $A3 & "'"& "!" & U$33)} -> -0.20689655 | V3: {=INDIRECT( "'" & $A3 & "'"& "!" & V$33)} -> 0.077694236 | W3: {=INDIRECT( "'" & $A3 & "'"& "!" & W$33)} -> 0.13748321 | ... AB3: {=INDIRECT( "'" & $A3 & "'"& "!" & AB$33)} -> 0.053140097
A5: StGenis->Meyrin | B5: {=INDIRECT( "'" & $A5 & "'"& "!" & B$33)} -> 256 | C5: {=INDIRECT( "'" & $A5 & "'"& "!" & C$33)} -> 116 | D5: {=INDIRECT( "'" & $A5 & "'"& "!" & D$33)} -> 0.31182796 | E5: {=INDIRECT( "'" & $A5 & "'"& "!" & E$33)} -> 159 | F5: {=INDIRECT( "'" & $A5 & "'"& "!" & F$33)} -> 171 | G5: {=INDIRECT( "'" & $A5 & "'"& "!" & G$33)} -> 31 | H5: {=INDIRECT( "'" & $A5 & "'"& "!" & H$33)} -> 361 | I5: {=INDIRECT( "'" & $A5 & "'"& "!" & I$33)} -> 0.51818182 | ... N5: {=INDIRECT( "'" & $A5 & "'"& "!" & N$33)} -> 388 | P5: {=INDIRECT( "'" & $A5 & "'"& "!" & P$33)} -> -0.14381271 | Q5: {=INDIRECT( "'" & $A5 & "'"& "!" & Q$33)} -> -0.21088435 | R5: {=INDIRECT( "'" & $A5 & "'"& "!" & R$33)} -> -0.053909736 | S5: {=INDIRECT( "'" & $A5 & "'"& "!" & S$33)} -> -0.171875 | T5: {=INDIRECT( "'" & $A5 & "'"& "!" & T$33)} -> -0.070652174 | U5: {=INDIRECT( "'" & $A5 & "'"& "!" & U$33)} -> -0.24390244 | V5: {=INDIRECT( "'" & $A5 & "'"& "!" & V$33)} -> -0.13429257 | W5: {=INDIRECT( "'" & $A5 & "'"& "!" & W$33)} -> 0.058893281 | ... AB5: {=INDIRECT( "'" & $A5 & "'"& "!" & AB$33)} -> -0.13004484
A6: StGenis->Bourdigny | B6: {=INDIRECT( "'" & $A6 & "'"& "!" & B$33)} -> 15 | C6: {=INDIRECT( "'" & $A6 & "'"& "!" & C$33)} -> 9 | D6: {=INDIRECT( "'" & $A6 & "'"& "!" & D$33)} -> 0.375 | E6: {=INDIRECT( "'" & $A6 & "'"& "!" & E$33)} -> 13 | F6: {=INDIRECT( "'" & $A6 & "'"& "!" & F$33)} -> 13 | G6: {=INDIRECT( "'" & $A6 & "'"& "!" & G$33)} -> 0 | H6: {=INDIRECT( "'" & $A6 & "'"& "!" & H$33)} -> 26 | I6: {=INDIRECT( "'" & $A6 & "'"& "!" & I$33)} -> 0.5 | ... N6: {=INDIRECT( "'" & $A6 & "'"& "!" & N$33)} -> 26 | P6: {=INDIRECT( "'" & $A6 & "'"& "!" & P$33)} -> -0.69387755 | Q6: {=INDIRECT( "'" & $A6 & "'"& "!" & Q$33)} -> #DIV/0! | R6: {=INDIRECT( "'" & $A6 & "'"& "!" & R$33)} -> #DIV/0! | S6: {=INDIRECT( "'" & $A6 & "'"& "!" & S$33)} -> -0.72340426 | T6: {=INDIRECT( "'" & $A6 & "'"& "!" & T$33)} -> #DIV/0! | U6: {=INDIRECT( "'" & $A6 & "'"& "!" & U$33)} -> -1 | V6: {=INDIRECT( "'" & $A6 & "'"& "!" & V$33)} -> -0.45833333 | W6: {=INDIRECT( "'" & $A6 & "'"& "!" & W$33)} -> #DIV/0! | ... AB6: {=INDIRECT( "'" & $A6 & "'"& "!" & AB$33)} -> -0.46938776
A7: StGenis->CERN | B7: {=INDIRECT( "'" & $A7 & "'"& "!" & B$33)} -> 215 | C7: {=INDIRECT( "'" & $A7 & "'"& "!" & C$33)} -> 77 | D7: {=INDIRECT( "'" & $A7 & "'"& "!" & D$33)} -> 0.26369863 | E7: {=INDIRECT( "'" & $A7 & "'"& "!" & E$33)} -> 139 | F7: {=INDIRECT( "'" & $A7 & "'"& "!" & F$33)} -> 91 | G7: {=INDIRECT( "'" & $A7 & "'"& "!" & G$33)} -> 9 | H7: {=INDIRECT( "'" & $A7 & "'"& "!" & H$33)} -> 239 | I7: {=INDIRECT( "'" & $A7 & "'"& "!" & I$33)} -> 0.39565217 | ... N7: {=INDIRECT( "'" & $A7 & "'"& "!" & N$33)} -> 302 | P7: {=INDIRECT( "'" & $A7 & "'"& "!" & P$33)} -> 0.3190184 | Q7: {=INDIRECT( "'" & $A7 & "'"& "!" & Q$33)} -> 0.26229508 | R7: {=INDIRECT( "'" & $A7 & "'"& "!" & R$33)} -> -0.031664047 | S7: {=INDIRECT( "'" & $A7 & "'"& "!" & S$33)} -> 0.069230769 | T7: {=INDIRECT( "'" & $A7 & "'"& "!" & T$33)} -> 2.25 | U7: {=INDIRECT( "'" & $A7 & "'"& "!" & U$33)} -> 0.28571429 | V7: {=INDIRECT( "'" & $A7 & "'"& "!" & V$33)} -> 0.44848485 | W7: {=INDIRECT( "'" & $A7 & "'"& "!" & W$33)} -> 1.2326087 | ... AB7: {=INDIRECT( "'" & $A7 & "'"& "!" & AB$33)} -> 0.34821429
A8: RteEurope->Meyrin
A9: StGenis Total | B9: =SUM(B5:B8) -> 486 | C9: =SUM(C5:C8) -> 202 | D9: =C9/(B9+C9) -> 0.29360465 | E9: =SUM(E5:E8) -> 311 | F9: =SUM(F5:F8) -> 275 | G9: =SUM(G5:G8) -> 40 | H9: =SUM(H5:H8) -> 626 | I9: =F9/H9 -> 0.43929712 | J9: =G9/H9 -> 0.063897764 | K9: =SUM(K5:K8) -> 90 | L9: =SUM(L5:L8) -> 18 | M9: =SUM(M5:M8) -> 698 | N9: =SUM(N5:N8) -> 716 | P9: {=INDIRECT( "'" & $A9 & "'"& "!" & P$33)} -> -0.048923679 | Q9: {=INDIRECT( "'" & $A9 & "'"& "!" & Q$33)} -> -0.028846154 | R9: {=INDIRECT( "'" & $A9 & "'"& "!" & R$33)} -> 0.014912232 | S9: {=INDIRECT( "'" & $A9 & "'"& "!" & S$33)} -> -0.15718157 | T9: {=INDIRECT( "'" & $A9 & "'"& "!" & T$33)} -> 0.29716981 | U9: {=INDIRECT( "'" & $A9 & "'"& "!" & U$33)} -> -0.18367347 | V9: {=INDIRECT( "'" & $A9 & "'"& "!" & V$33)} -> -0.0063492063 | W9: {=INDIRECT( "'" & $A9 & "'"& "!" & W$33)} -> 0.28610181 | ... AB9: {=INDIRECT( "'" & $A9 & "'"& "!" & AB$33)} -> -0.0041724618
A11: MategninAnneaux | B11: {=INDIRECT( "'" & $A11 & "'"& "!" & B$33)} -> 222 | C11: {=INDIRECT( "'" & $A11 & "'"& "!" & C$33)} -> 118 | D11: {=INDIRECT( "'" & $A11 & "'"& "!" & D$33)} -> 0.34705882 | E11: {=INDIRECT( "'" & $A11 & "'"& "!" & E$33)} -> 151 | F11: {=INDIRECT( "'" & $A11 & "'"& "!" & F$33)} -> 153 | G11: {=INDIRECT( "'" & $A11 & "'"& "!" & G$33)} -> 34 | H11: {=INDIRECT( "'" & $A11 & "'"& "!" & H$33)} -> 338 | I11: {=INDIRECT( "'" & $A11 & "'"& "!" & I$33)} -> 0.50328947 | ... N11: {=INDIRECT( "'" & $A11 & "'"& "!" & N$33)} -> 354 | P11: {=INDIRECT( "'" & $A11 & "'"& "!" & P$33)} -> 0.0090909091 | Q11: {=INDIRECT( "'" & $A11 & "'"& "!" & Q$33)} -> 0.14563107 | R11: {=INDIRECT( "'" & $A11 & "'"& "!" & R$33)} -> 0.088349515 | S11: {=INDIRECT( "'" & $A11 & "'"& "!" & S$33)} -> 0.078571429 | T11: {=INDIRECT( "'" & $A11 & "'"& "!" & T$33)} -> 0.125 | U11: {=INDIRECT( "'" & $A11 & "'"& "!" & U$33)} -> 0.47826087 | V11: {=INDIRECT( "'" & $A11 & "'"& "!" & V$33)} -> 0.13043478 | W11: {=INDIRECT( "'" & $A11 & "'"& "!" & W$33)} -> 0.021381579 | ... AB11: {=INDIRECT( "'" & $A11 & "'"& "!" & AB$33)} -> 0.095975232
A12: MategninDouane | B12: {=INDIRECT( "'" & $A12 & "'"& "!" & B$33)} -> 193 | C12: {=INDIRECT( "'" & $A12 & "'"& "!" & C$33)} -> 108 | D12: {=INDIRECT( "'" & $A12 & "'"& "!" & D$33)} -> 0.35880399 | E12: {=INDIRECT( "'" & $A12 & "'"& "!" & E$33)} -> 102 | F12: {=INDIRECT( "'" & $A12 & "'"& "!" & F$33)} -> 123 | G12: {=INDIRECT( "'" & $A12 & "'"& "!" & G$33)} -> 18 | H12: {=INDIRECT( "'" & $A12 & "'"& "!" & H$33)} -> 243 | I12: {=INDIRECT( "'" & $A12 & "'"& "!" & I$33)} -> 0.54666667 | ... N12: {=INDIRECT( "'" & $A12 & "'"& "!" & N$33)} -> 313 | P12: {=INDIRECT( "'" & $A12 & "'"& "!" & P$33)} -> 0.62184874 | Q12: {=INDIRECT( "'" & $A12 & "'"& "!" & Q$33)} -> 0.63636364 | R12: {=INDIRECT( "'" & $A12 & "'"& "!" & R$33)} -> 0.0057384476 | S12: {=INDIRECT( "'" & $A12 & "'"& "!" & S$33)} -> 0.32467532 | T12: {=INDIRECT( "'" & $A12 & "'"& "!" & T$33)} -> 0.5375 | U12: {=INDIRECT( "'" & $A12 & "'"& "!" & U$33)} -> 0.28571429 | V12: {=INDIRECT( "'" & $A12 & "'"& "!" & V$33)} -> 0.42105263 | W12: {=INDIRECT( "'" & $A12 & "'"& "!" & W$33)} -> 0.072833333 | ... AB12: {=INDIRECT( "'" & $A12 & "'"& "!" & AB$33)} -> 0.69189189
A13: Mategnin Total | B13: =SUM(B11:B12) -> 415 | C13: =SUM(C11:C12) -> 226 | D13: =C13/(B13+C13) -> 0.3525741 | E13: =SUM(E11:E12) -> 253 | F13: =SUM(F11:F12) -> 276 | G13: =SUM(G11:G12) -> 52 | H13: =SUM(H11:H12) -> 581 | I13: =F13/H13 -> 0.47504303 | J13: =G13/H13 -> 0.089500861 | K13: =SUM(K11:K12) -> 86 | L13: =SUM(L11:L12) -> 98 | M13: =SUM(M11:M12) -> 569 | N13: =SUM(N11:N12) -> 667 | P13: {=INDIRECT( "'" & $A13 & "'"& "!" & P$33)} -> 0.22418879 | Q13: {=INDIRECT( "'" & $A13 & "'"& "!" & Q$33)} -> 0.33727811 | R13: {=INDIRECT( "'" & $A13 & "'"& "!" & R$33)} -> 0.059808546 | S13: {=INDIRECT( "'" & $A13 & "'"& "!" & S$33)} -> 0.16589862 | T13: {=INDIRECT( "'" & $A13 & "'"& "!" & T$33)} -> 0.27777778 | U13: {=INDIRECT( "'" & $A13 & "'"& "!" & U$33)} -> 0.40540541 | V13: {=INDIRECT( "'" & $A13 & "'"& "!" & V$33)} -> 0.23617021 | W13: {=INDIRECT( "'" & $A13 & "'"& "!" & W$33)} -> 0.04589372 | ... AB13: {=INDIRECT( "'" & $A13 & "'"& "!" & AB$33)} -> 0.31299213
A15: PdG Centre Total | B15: =B13+B9+B3 -> 1155 | C15: =C13+C9+C3 -> 593 | D15: =C15/(B15+C15) -> 0.33924485 | E15: =E13+E9+E3 -> 717 | F15: =F13+F9+F3 -> 805 | G15: =G13+G9+G3 -> 115 | H15: =H13+H9+H3 -> 1637 | I15: =F15/H15 -> 0.49175321 | J15: =G15/H15 -> 0.070250458 | K15: =K13+K9+K3 -> 182 | L15: =L13+L9+L3 -> 121 | M15: =M13+M9+M3 -> 1698 | N15: =N13+N9+N3 -> 1819 | P15: {=INDIRECT( "'" & $A15 & "'"& "!" & P$33)} -> 0.056724611 | Q15: {=INDIRECT( "'" & $A15 & "'"& "!" & Q$33)} -> 0.082116788 | R15: {=INDIRECT( "'" & $A15 & "'"& "!" & R$33)} -> 0.015877374 | S15: {=INDIRECT( "'" & $A15 & "'"& "!" & S$33)} -> -0.047808765 | T15: {=INDIRECT( "'" & $A15 & "'"& "!" & T$33)} -> 0.27575277 | U15: {=INDIRECT( "'" & $A15 & "'"& "!" & U$33)} -> 0 | V15: {=INDIRECT( "'" & $A15 & "'"& "!" & V$33)} -> 0.092061374 | W15: {=INDIRECT( "'" & $A15 & "'"& "!" & W$33)} -> 0.16008005 | ... AB15: {=INDIRECT( "'" & $A15 & "'"& "!" & AB$33)} -> 0.10847044
A17: Vireloup Douane | B17: {=INDIRECT( "'" & $A17 & "'"& "!" & B$33)} -> 65 | C17: {=INDIRECT( "'" & $A17 & "'"& "!" & C$33)} -> 36 | D17: {=INDIRECT( "'" & $A17 & "'"& "!" & D$33)} -> 0.35643564 | E17: {=INDIRECT( "'" & $A17 & "'"& "!" & E$33)} -> 51 | F17: {=INDIRECT( "'" & $A17 & "'"& "!" & F$33)} -> 30 | G17: {=INDIRECT( "'" & $A17 & "'"& "!" & G$33)} -> 7 | H17: {=INDIRECT( "'" & $A17 & "'"& "!" & H$33)} -> 88 | I17: {=INDIRECT( "'" & $A17 & "'"& "!" & I$33)} -> 0.37037037 | ... N17: {=INDIRECT( "'" & $A17 & "'"& "!" & N$33)} -> 105 | P17: {=INDIRECT( "'" & $A17 & "'"& "!" & P$33)} -> -0.30107527 | Q17: {=INDIRECT( "'" & $A17 & "'"& "!" & Q$33)} -> -0.4375 | R17: {=INDIRECT( "'" & $A17 & "'"& "!" & R$33)} -> -0.12561881 | S17: {=INDIRECT( "'" & $A17 & "'"& "!" & S$33)} -> -0.10526316 | T17: {=INDIRECT( "'" & $A17 & "'"& "!" & T$33)} -> -0.53125 | U17: {=INDIRECT( "'" & $A17 & "'"& "!" & U$33)} -> -0.3 | V17: {=INDIRECT( "'" & $A17 & "'"& "!" & V$33)} -> -0.32824427 | W17: {=INDIRECT( "'" & $A17 & "'"& "!" & W$33)} -> -0.29976852 | ... AB17: {=INDIRECT( "'" & $A17 & "'"& "!" & AB$33)} -> -0.33121019
A18: Versonnex | B18: {=INDIRECT( "'" & $A18 & "'"& "!" & B$33)} -> 49 | C18: {=INDIRECT( "'" & $A18 & "'"& "!" & C$33)} -> 27 | D18: {=INDIRECT( "'" & $A18 & "'"& "!" & D$33)} -> 0.35526316 | E18: {=INDIRECT( "'" & $A18 & "'"& "!" & E$33)} -> 28 | F18: {=INDIRECT( "'" & $A18 & "'"& "!" & F$33)} -> 48 | G18: {=INDIRECT( "'" & $A18 & "'"& "!" & G$33)} -> 0 | H18: {=INDIRECT( "'" & $A18 & "'"& "!" & H$33)} -> 76 | I18: {=INDIRECT( "'" & $A18 & "'"& "!" & I$33)} -> 0.63157895 | ... N18: {=INDIRECT( "'" & $A18 & "'"& "!" & N$33)} -> 76 | P18: {=INDIRECT( "'" & $A18 & "'"& "!" & P$33)} -> 0.11363636 | Q18: {=INDIRECT( "'" & $A18 & "'"& "!" & Q$33)} -> 0.28571429 | R18: {=INDIRECT( "'" & $A18 & "'"& "!" & R$33)} -> 0.09962406 | S18: {=INDIRECT( "'" & $A18 & "'"& "!" & S$33)} -> 0.2173913 | T18: {=INDIRECT( "'" & $A18 & "'"& "!" & T$33)} -> 0.17073171 | U18: {=INDIRECT( "'" & $A18 & "'"& "!" & U$33)} -> #DIV/0! | V18: {=INDIRECT( "'" & $A18 & "'"& "!" & V$33)} -> 0.1875 | W18: {=INDIRECT( "'" & $A18 & "'"& "!" & W$33)} -> -0.014120668 | ... AB18: {=INDIRECT( "'" & $A18 & "'"& "!" & AB$33)} -> 0.16923077
A19: Sauverny | B19: {=INDIRECT( "'" & $A19 & "'"& "!" & B$33)} -> 41 | C19: {=INDIRECT( "'" & $A19 & "'"& "!" & C$33)} -> 45 | D19: {=INDIRECT( "'" & $A19 & "'"& "!" & D$33)} -> 0.52325581 | E19: {=INDIRECT( "'" & $A19 & "'"& "!" & E$33)} -> 25 | F19: {=INDIRECT( "'" & $A19 & "'"& "!" & F$33)} -> 16 | G19: {=INDIRECT( "'" & $A19 & "'"& "!" & G$33)} -> 1 | H19: {=INDIRECT( "'" & $A19 & "'"& "!" & H$33)} -> 42 | I19: {=INDIRECT( "'" & $A19 & "'"& "!" & I$33)} -> 0.3902439 | ... N19: {=INDIRECT( "'" & $A19 & "'"& "!" & N$33)} -> 86
A20: Divonne->Chavanne | B20: {=INDIRECT( "'" & $A20 & "'"& "!" & B$33)} -> 53 | C20: {=INDIRECT( "'" & $A20 & "'"& "!" & C$33)} -> 48 | D20: {=INDIRECT( "'" & $A20 & "'"& "!" & D$33)} -> 0.47524752 | E20: {=INDIRECT( "'" & $A20 & "'"& "!" & E$33)} -> 26 | F20: {=INDIRECT( "'" & $A20 & "'"& "!" & F$33)} -> 48 | G20: {=INDIRECT( "'" & $A20 & "'"& "!" & G$33)} -> 5 | H20: {=INDIRECT( "'" & $A20 & "'"& "!" & H$33)} -> 79 | I20: {=INDIRECT( "'" & $A20 & "'"& "!" & I$33)} -> 0.64864865 | ... N20: {=INDIRECT( "'" & $A20 & "'"& "!" & N$33)} -> 114 | P20: {=INDIRECT( "'" & $A20 & "'"& "!" & P$33)} -> -0.053571429 | Q20: {=INDIRECT( "'" & $A20 & "'"& "!" & Q$33)} -> 0.14285714 | R20: {=INDIRECT( "'" & $A20 & "'"& "!" & R$33)} -> 0.10891089 | S20: {=INDIRECT( "'" & $A20 & "'"& "!" & S$33)} -> -0.58064516 | T20: {=INDIRECT( "'" & $A20 & "'"& "!" & T$33)} -> 0.77777778 | U20: {=INDIRECT( "'" & $A20 & "'"& "!" & U$33)} -> 1.5 | V20: {=INDIRECT( "'" & $A20 & "'"& "!" & V$33)} -> -0.13186813 | W20: {=INDIRECT( "'" & $A20 & "'"& "!" & W$33)} -> 1.1381381 | ... AB20: {=INDIRECT( "'" & $A20 & "'"& "!" & AB$33)} -> 0.16326531
A21: Crassier Voie Verte | B21: {=INDIRECT( "'" & $A21 & "'"& "!" & B$33)} -> 42 | C21: {=INDIRECT( "'" & $A21 & "'"& "!" & C$33)} -> 32 | D21: {=INDIRECT( "'" & $A21 & "'"& "!" & D$33)} -> 0.43243243 | E21: {=INDIRECT( "'" & $A21 & "'"& "!" & E$33)} -> 30 | F21: {=INDIRECT( "'" & $A21 & "'"& "!" & F$33)} -> 33 | G21: {=INDIRECT( "'" & $A21 & "'"& "!" & G$33)} -> 0 | H21: {=INDIRECT( "'" & $A21 & "'"& "!" & H$33)} -> 63 | I21: {=INDIRECT( "'" & $A21 & "'"& "!" & I$33)} -> 0.52380952 | ... N21: {=INDIRECT( "'" & $A21 & "'"& "!" & N$33)} -> 75 | P21: {=INDIRECT( "'" & $A21 & "'"& "!" & P$33)} -> 0.5 | Q21: {=INDIRECT( "'" & $A21 & "'"& "!" & Q$33)} -> 1.9090909 | R21: {=INDIRECT( "'" & $A21 & "'"& "!" & R$33)} -> 0.53316953 | S21: {=INDIRECT( "'" & $A21 & "'"& "!" & S$33)} -> 3.2857143 | T21: {=INDIRECT( "'" & $A21 & "'"& "!" & T$33)} -> 1.0625 | U21: {=INDIRECT( "'" & $A21 & "'"& "!" & U$33)} -> #DIV/0! | V21: {=INDIRECT( "'" & $A21 & "'"& "!" & V$33)} -> 1.7391304 | W21: {=INDIRECT( "'" & $A21 & "'"& "!" & W$33)} -> -0.24702381 | ... AB21: {=INDIRECT( "'" & $A21 & "'"& "!" & AB$33)} -> 0.92307692
A22: Crassier Douane
A23: PdG Nord Total | B23: =SUM(B17:B22) -> 250 | C23: =SUM(C17:C22) -> 188 | D23: =C23/(B23+C23) -> 0.42922374 | E23: =SUM(E17:E22) -> 160 | F23: =SUM(F17:F22) -> 175 | G23: =SUM(G17:G22) -> 13 | H23: =SUM(H17:H22) -> 348 | I23: =F23/H23 -> 0.50287356 | J23: =G23/H23 -> 0.037356322 | K23: =SUM(K17:K22) -> 108 | L23: =SUM(L17:L22) -> 72 | M23: =SUM(M17:M22) -> 384 | N23: =SUM(N17:N22) -> 456 | P23: {=INDIRECT( "'" & $A23 & "'"& "!" & P$33)} -> -0.11347518 | Q23: {=INDIRECT( "'" & $A23 & "'"& "!" & Q$33)} -> 0.10588235 | R23: {=INDIRECT( "'" & $A23 & "'"& "!" & R$33)} -> 0.14123019 | S23: {=INDIRECT( "'" & $A23 & "'"& "!" & S$33)} -> -0.13513514 | T23: {=INDIRECT( "'" & $A23 & "'"& "!" & T$33)} -> 0.011560694 | U23: {=INDIRECT( "'" & $A23 & "'"& "!" & U$33)} -> -0.071428571 | V23: {=INDIRECT( "'" & $A23 & "'"& "!" & V$33)} -> -0.064516129 | W23: {=INDIRECT( "'" & $A23 & "'"& "!" & W$33)} -> 0.081011129 | ... AB23: {=INDIRECT( "'" & $A23 & "'"& "!" & AB$33)} -> 0.0088495575
A25: StJeanDeG | B25: {=INDIRECT( "'" & $A25 & "'"& "!" & B$33)} -> 1 | C25: {=INDIRECT( "'" & $A25 & "'"& "!" & C$33)} -> 1 | D25: {=INDIRECT( "'" & $A25 & "'"& "!" & D$33)} -> 0.5 | E25: {=INDIRECT( "'" & $A25 & "'"& "!" & E$33)} -> 1 | F25: {=INDIRECT( "'" & $A25 & "'"& "!" & F$33)} -> 1 | G25: {=INDIRECT( "'" & $A25 & "'"& "!" & G$33)} -> 0 | H25: {=INDIRECT( "'" & $A25 & "'"& "!" & H$33)} -> 2 | I25: {=INDIRECT( "'" & $A25 & "'"& "!" & I$33)} -> 0.5 | ... N25: {=INDIRECT( "'" & $A25 & "'"& "!" & N$33)} -> 2
A26: Challex->Dardagny
A27: Challex->LaPlaine
A28: Pougny | B28: {=INDIRECT( "'" & $A28 & "'"& "!" & B$33)} -> 14 | C28: {=INDIRECT( "'" & $A28 & "'"& "!" & C$33)} -> 20 | D28: {=INDIRECT( "'" & $A28 & "'"& "!" & D$33)} -> 0.58823529 | E28: {=INDIRECT( "'" & $A28 & "'"& "!" & E$33)} -> 13 | F28: {=INDIRECT( "'" & $A28 & "'"& "!" & F$33)} -> 5 | G28: {=INDIRECT( "'" & $A28 & "'"& "!" & G$33)} -> 0 | H28: {=INDIRECT( "'" & $A28 & "'"& "!" & H$33)} -> 18 | I28: {=INDIRECT( "'" & $A28 & "'"& "!" & I$33)} -> 0.27777778 | ... N28: {=INDIRECT( "'" & $A28 & "'"& "!" & N$33)} -> 36
A29: PdG Sud Total | B29: =SUM(B25:B28) -> 15 | C29: =SUM(C25:C28) -> 21 | D29: =C29/(B29+C29) -> 0.58333333 | E29: =SUM(E25:E28) -> 14 | F29: =SUM(F25:F28) -> 6 | G29: =SUM(G25:G28) -> 0 | H29: =SUM(H25:H28) -> 20 | I29: =F29/H29 -> 0.3 | J29: =G29/H29 -> 0 | K29: =SUM(K25:K28) -> 18 | L29: =SUM(L25:L28) -> 3 | M29: =SUM(M25:M28) -> 35 | N29: =SUM(N25:N28) -> 38
A31: APiCy total | B31: =B23+B15+B29 -> 1420 | C31: =C23+C15+C29 -> 802 | D31: =C31/(C31+B31) -> 0.36093609 | E31: =E23+E15+E29 -> 891 | F31: =F23+F15+F29 -> 986 | G31: =G23+G15+G29 -> 128 | H31: =H23+H15+H29 -> 2005 | I31: =F31/H31 -> 0.49177057 | J31: =G31/H31 -> 0.063840399 | K31: =K23+K15+K29 -> 308 | L31: =L23+L15+L29 -> 196 | M31: =M23+M15+M29 -> 2117 | N31: =N23+N15+N29 -> 2313 | P31: {=INDIRECT( "'" & $A31 & "'"& "!" & P$33)} -> 0.026011561 | Q31: {=INDIRECT( "'" & $A31 & "'"& "!" & Q$33)} -> 0.1062069 | R31: {=INDIRECT( "'" & $A31 & "'"& "!" & R$33)} -> 0.04995065 | S31: {=INDIRECT( "'" & $A31 & "'"& "!" & S$33)} -> -0.057142857 | T31: {=INDIRECT( "'" & $A31 & "'"& "!" & T$33)} -> 0.21878863 | U31: {=INDIRECT( "'" & $A31 & "'"& "!" & U$33)} -> -0.03030303 | V31: {=INDIRECT( "'" & $A31 & "'"& "!" & V$33)} -> 0.063096501 | W31: {=INDIRECT( "'" & $A31 & "'"& "!" & W$33)} -> 0.13892129 | ... AB31: {=INDIRECT( "'" & $A31 & "'"& "!" & AB$33)} -> 0.096728307
B33: W14 | C33: X14 | D33: Y14 | E33: Z14 | F33: AA14 | G33: AC14 | H33: AD14 | I33: AE14 | J33: AF14 | K33: AG14 | L33: AI14 | M33: AH14 | N33: AJ14 | P33: AM14 | Q33: An14 | R33: AO14 | S33: AP14 | T33: AQ14 | U33: AR14 | V33: AS14 | W33: AT14 | X33: AU14 | Y33: AV14 | Z33: AW14 | AA33: AX14 | AB33: AY14
P36: AH14 | Q36: AI14 | R36: AJ14 | S36: AK14 | T36: AL14 | U36: AM14 | V36: AN14 | W36: AO14 | X36: AP14 | Y36: AQ14 | Z36: AR14 | AA36: AS14 | AB36: AT14
P39: AM14 | Q39: An14 | R39: AO14 | S39: AP14 | T39: AQ14 | U39: AR14 | V39: AS14 | W39: AT14 | X39: AU14 | Y39: AV14 | Z39: AW14 | AA39: AX14 | AB39: AY14

Sheet APiCy total
A1: 2025 | B1: Lieu: | C1: {=MID(CELL("filename",A1),FIND("]",CELL("filename",A1))+1,255)} -> APiCy total | BA1: 2024 | BB1: Lieu: | BC1: {=MID(CELL("filename",BA1),FIND("]",CELL("filename",BA1))+1,255)} -> APiCy total | CV1: 2023 | CW1: Lieu: | CX1: {=MID(CELL("filename",CV1),FIND("]",CELL("filename",CV1))+1,255)} -> APiCy total | EQ1: 2022 | ER1: Lieu: | ES1: {=MID(CELL("filename",EQ1),FIND("]",CELL("filename",EQ1))+1,255)} -> APiCy total | GL1: 2021 | GM1: Lieu: | GN1: APiCy Frontière Total
B2: France -> Suisse | L2: Suisse -> France | W2: ="Totaux "& A1 & " " & $C1 -> Totaux 2025 APiCy total | AM2: ="Changement depuis " & (A1 - 1) & " " & $C1 -> Changement depuis 2024 APiCy total | BB2: France -> Suisse | BJ2: Suisse -> France | BS2: ="Totaux 2024 " & $CX1 -> Totaux 2024 APiCy total | CH2: ="Changement depuis 2023 " & $CX1 -> Changement depuis 2023 APiCy total | CW2: France -> Suisse | DE2: Suisse -> France | DN2: ="Totaux 2023 " & $CX1 -> Totaux 2023 APiCy total | EC2: ="Changement depuis 2022 " & $CX1 -> Changement depuis 2022 APiCy total | ER2: France -> Suisse | EZ2: Suisse -> France | FI2: ="Totaux 2022 " & $ES1 -> Totaux 2022 APiCy total | FX2: ="Changement depuis 2021 " & $ES1 -> Changement depuis 2021 APiCy total | GM2: France -> Suisse | GU2: Suisse -> France | HD2: ="Totaux 2021 " & $GN1 -> Totaux 2021 APiCy Frontière Total | HR2: ="Totaux 2020 " & $GN1 -> Totaux 2020 APiCy Frontière Total | IF2: ="Changement depuis 2020 " & $GN1 -> Changement depuis 2020 APiCy Frontière Total
B3: Vélo traditionel | D3: VAE | F3: Vélos Speciaux | H3: Mode Nouveau Electrique | J3: Piéton/ne | L3: Vélo traditionel | N3: VAE | P3: Vélos Speciaux | R3: Mode Nouveau Electrique | T3: Piéton/ne | W3: Hommes | X3: Femmes | Y3: %Femmes | Z3: VT | AA3: VAE (incl speciaux) | AB3: Vélos Speciaux | AC3: EDPM | AD3: Tot 2roues (vélo+ EDPM) | AE3: %VAE (incl speciaux) | AF3: %Nouveau | AG3: Piétons | AH3: >CH | AI3: >FR | AJ3: TOT | AM3: Hommes | AN3: Femmes | AO3: %Femmes | AP3: VT | AQ3: VAE | AR3: Nouveau | AS3: 2r | AT3: %VAE | AU3: %Nouveau | AV3: Piétons | AW3: >CH | AX3: >FR | AY3: TOT | BB3: Vélo traditionel | BD3: VAE | BF3: Mode Nouveau Electrique | BH3: Piéton/ne | BJ3: Vélo traditionel | BL3: VAE | BN3: Mode Nouveau Electrique | BP3: Piéton/ne | BS3: Hommes | BT3: Femmes | BU3: %Femmes | BV3: VT | BW3: VAE | BX3: Nouveau | BY3: 2r | BZ3: %VAE | CA3: %Nouveau | CB3: Piétons | CC3: >CH | CD3: >FR | CE3: TOT | CH3: Hommes | CI3: Femmes | CJ3: %Femmes | CK3: VT | CL3: VAE | CM3: Nouveau | CN3: 2r | CO3: %VAE | CP3: %Nouveau | CQ3: Piétons | CR3: >CH | CS3: >FR | CT3: TOT | CW3: Vélo traditionel | CY3: VAE | DA3: Mode Nouveau Electrique | DC3: Piéton/ne | DE3: Vélo traditionel | DG3: VAE | DI3: Mode Nouveau Electrique | DK3: Piéton/ne | DN3: Hommes | DO3: Femmes | DP3: %Femmes | DQ3: VT | DR3: VAE | DS3: Nouveau | DT3: 2r | DU3: %VAE | DV3: %Nouveau | DW3: Piétons | DX3: >CH | DY3: >FR | DZ3: TOT | EC3: Hommes | ED3: Femmes | EE3: %Femmes | EF3: VT | EG3: VAE | EH3: Nouveau | EI3: 2r | EJ3: %VAE | EK3: %Nouveau | EL3: Piétons | EM3: >CH | EN3: >FR | EO3: TOT | ER3: Vélo traditionel | ET3: VAE | EV3: Mode Nouveau Electrique | EX3: Piéton/ne | EZ3: Vélo traditionel | FB3: VAE | FD3: Mode Nouveau Electrique | FF3: Piéton/ne | FI3: Hommes | FJ3: Femmes | FK3: %Femmes | FL3: VT | FM3: VAE | FN3: Nouveau | FO3: 2r | FP3: %VAE | FQ3: %Nouveau | FR3: Piétons | FS3: >CH | FT3: >FR | FU3: TOT | FX3: Hommes | FY3: Femmes | FZ3: %Femmes | GA3: VT | GB3: VAE | GC3: Nouveau | GD3: 2r | GE3: %VAE | GF3: %Nouveau | GG3: Piétons | GH3: >CH | GI3: >FR | GJ3: TOT | GM3: Vélo traditionel | GO3: VAE | GQ3: Mode Nouveau Electrique | GS3: Piéton/ne | GU3: Vélo traditionel | GW3: VAE | GY3: Mode Nouveau Electrique (trotinette, scateboard , …) | HA3: Piéton/ne | HD3: Hommes | HE3: Femmes | HF3: %Femmes | HG3: VT | HH3: VAE | HI3: Nouveau | HJ3: 2r | HK3: %VAE | HL3: %Nouveau | HM3: Piétons | HN3: >CH | HO3: >FR | HP3: TOT | HR3: Hommes | HS3: Femmes | HT3: %Femmes | HU3: VT | HV3: VAE | HW3: Nouveau | HX3: 2r | HY3: %VAE | HZ3: %Nouveau | IA3: Piétons | IB3: >CH | IC3: >FR | ID3: TOT | IF3: Hommes | IG3: Femmes | IH3: %Femmes | II3: VT | IJ3: VAE | IK3: Nouveau | IL3: 2r | IM3: %VAE | IN3: %Nouveau | IO3: Piétons | IP3: >CH | IQ3: >FR | IR3: TOT
A4: Heure | B4: H | C4: F | D4: H | E4: F | F4: H | G4: F | H4: H | I4: F | J4: H | K4: F | L4: H | M4: F | N4: H | O4: F | P4: H | Q4: F | R4: H | S4: F | T4: H | U4: F | BA4: Heure | BB4: H | BC4: F | BD4: H | BE4: F | BF4: H | BG4: F | BH4: H | BI4: F | BJ4: H | BK4: F | BL4: H | BM4: F | BN4: H | BO4: F | BP4: H | BQ4: F | CV4: Heure | CW4: H | CX4: F | CY4: H | CZ4: F | DA4: H | DB4: F | DC4: H | DD4: F | DE4: H | DF4: F | DG4: H | DH4: F | DI4: H | DJ4: F | DK4: H | DL4: F | EQ4: Heure | ER4: H | ES4: F | ET4: H | EU4: F | EV4: H | EW4: F | EX4: H | EY4: F | EZ4: H | FA4: F | FB4: H | FC4: F | FD4: H | FE4: F | FF4: H | FG4: F | GL4: Heure | GM4: H | GN4: F | GO4: H | GP4: F | GQ4: H | GR4: F | GS4: H | GT4: F | GU4: H | GV4: F | GW4: H | GX4: F | GY4: H | GZ4: F | HA4: H | HB4: F
A5: 0.29166667 | B5: ='PdG Nord Total'!B5+'PdG Sud Total'!B5+'PdG Centre Total'!B5 -> 58 | C5: ='PdG Nord Total'!C5+'PdG Sud Total'!C5+'PdG Centre Total'!C5 -> 13 | D5: ='PdG Nord Total'!D5+'PdG Sud Total'!D5+'PdG Centre Total'!D5 -> 27 | E5: ='PdG Nord Total'!E5+'PdG Sud Total'!E5+'PdG Centre Total'!E5 -> 32 | F5: ='PdG Nord Total'!F5+'PdG Sud Total'!F5+'PdG Centre Total'!F5 -> 2 | G5: ='PdG Nord Total'!G5+'PdG Sud Total'!G5+'PdG Centre Total'!G5 -> 2 | H5: ='PdG Nord Total'!H5+'PdG Sud Total'!H5+'PdG Centre Total'!H5 -> 9 | I5: ='PdG Nord Total'!I5+'PdG Sud Total'!I5+'PdG Centre Total'!I5 -> 4 | ... U5: ='PdG Nord Total'!U5+'PdG Sud Total'!U5+'PdG Centre Total'!U5 -> 0 | W5: =B5+D5+F5+H5+J5+L5+N5+P5+R5+T5 -> 112 | X5: =C5+E5+G5+I5+K5+M5+O5+Q5+S5+U5 -> 66 | Y5: =X5/(X5+W5) -> 0.37078652 | Z5: =B5+C5+L5+M5 -> 78 | AA5: =D5+E5+N5+O5+F5+G5+P5+Q5 -> 63 | AB5: =F5+G5+P5+Q5 -> 4 | AC5: =H5+I5+R5+S5 -> 14 | AD5: =Z5+AA5+AC5 -> 155 | AE5: =AA5/(Z5+AA5) -> 0.44680851 | AF5: =AC5/AD5 -> 0.090322581 | AG5: =J5+K5+T5+U5 -> 23 | AH5: =SUM(B5:K5) -> 170 | AI5: =SUM(L5:U5) -> 8 | AJ5: =SUM(B5:U5) -> 178 | AM5: =(W5/BS5) - 1 -> -0.042735043 | AN5: =(X5/BT5) - 1 -> -0.043478261 | AO5: =(Y5/BU5) - 1 -> -0.00048851979 | AP5: =(Z5/BV5) - 1 -> 0.026315789 | AQ5: =(AA5/BW5) - 1 -> -0.086956522 | AR5: =(AC5/BX5) - 1 -> -0.22222222 | AS5: =(AD5/BY5) - 1 -> -0.049079755 | AT5: =(AE5/BZ5) - 1 -> -0.061054579 | AU5: =(AF5/CA5) - 1 -> -0.18207885 | AV5: =(AG5/CB5) - 1 -> 0 | AW5: =(AH5/CC5) - 1 -> -0.01734104 | AX5: =(AI5/CD5) - 1 -> -0.38461538 | AY5: =(AJ5/CE5) - 1 -> -0.043010753 | BA5: 0.29166667 | BB5: ='Ferney->Genève'!BB5+'StGenis total'!BB5+'Mategnin Total'!BB5+'PdG Nord Total'!BB5+'PdG Sud Total'!BB5 -> 52 | BC5: ='Ferney->Genève'!BC5+'StGenis total'!BC5+'Mategnin Total'!BC5+'PdG Nord Total'!BC5+'PdG Sud Total'!BC5 -> 18 | BD5: ='Ferney->Genève'!BD5+'StGenis total'!BD5+'Mategnin Total'!BD5+'PdG Nord Total'!BD5+'PdG Sud Total'!BD5 -> 35 | BE5: ='Ferney->Genève'!BE5+'StGenis total'!BE5+'Mategnin Total'!BE5+'PdG Nord Total'!BE5+'PdG Sud Total'!BE5 -> 32 | BF5: ='Ferney->Genève'!BF5+'StGenis total'!BF5+'Mategnin Total'!BF5+'PdG Nord Total'!BF5+'PdG Sud Total'!BF5 -> 13 | BG5: ='Ferney->Genève'!BG5+'StGenis total'!BG5+'Mategnin Total'!BG5+'PdG Nord Total'!BG5+'PdG Sud Total'!BG5 -> 5 | BH5: ='Ferney->Genève'!BH5+'StGenis total'!BH5+'Mategnin Total'!BH5+'PdG Nord Total'!BH5+'PdG Sud Total'!BH5 -> 7 | BI5: ='Ferney->Genève'!BI5+'StGenis total'!BI5+'Mategnin Total'!BI5+'PdG Nord Total'!BI5+'PdG Sud Total'!BI5 -> 11 | ... BQ5: ='Ferney->Genève'!BQ5+'StGenis total'!BQ5+'Mategnin Total'!BQ5+'PdG Nord Total'!BQ5+'PdG Sud Total'!BQ5 -> 2 | BS5: =BB5+BD5+BF5+BH5+BJ5+BL5+BN5+BP5 -> 117 | BT5: =BC5+BE5+BG5+BI5+BK5+BM5+BO5+BQ5 -> 69 | BU5: =BT5/(BT5+BS5) -> 0.37096774 | BV5: =BB5+BC5+BJ5+BK5 -> 76 | BW5: =BD5+BE5+BL5+BM5 -> 69 | BX5: =BF5+BG5+BN5+BO5 -> 18 | BY5: =SUM(BV5:BX5) -> 163 | BZ5: =BW5/(BW5+BV5) -> 0.47586207 | CA5: =BX5/BY5 -> 0.11042945 | CB5: =BH5+BI5+BP5+BQ5 -> 23 | CC5: =SUM(BB5:BI5) -> 173 | CD5: =SUM(BJ5:BQ5) -> 13 | CE5: =SUM(BB5:BQ5) -> 186 | CH5: =(BS5/DN5) - 1 -> -0.13333333 | CI5: =(BT5/DO5) - 1 -> 0.23214286 | CJ5: =(BU5/DP5) - 1 -> 0.26526498 | CK5: =(BV5/DQ5) - 1 -> -0.084337349 | CL5: =(BW5/DR5) - 1 -> -0.092105263 | CM5: =(BX5/DS5) - 1 -> 0.28571429 | CN5: =(BY5/DT5) - 1 -> -0.057803468 | CO5: =(BZ5/DU5) - 1 -> 0.083212341 | ... CT5: =(CE5/DZ5) - 1 -> -0.02617801 | CV5: 0.29166667 | CW5: ='Ferney->Genève'!CW5+'StGenis total'!CW5+'Mategnin Total'!CW5+'PdG Nord Total'!CW5+'PdG Sud Total'!CW5 -> 62 | CX5: ='Ferney->Genève'!CX5+'StGenis total'!CX5+'Mategnin Total'!CX5+'PdG Nord Total'!CX5+'PdG Sud Total'!CX5 -> 13 | CY5: ='Ferney->Genève'!CY5+'StGenis total'!CY5+'Mategnin Total'!CY5+'PdG Nord Total'!CY5+'PdG Sud Total'!CY5 -> 38 | CZ5: ='Ferney->Genève'!CZ5+'StGenis total'!CZ5+'Mategnin Total'!CZ5+'PdG Nord Total'!CZ5+'PdG Sud Total'!CZ5 -> 33 | DA5: ='Ferney->Genève'!DA5+'StGenis total'!DA5+'Mategnin Total'!DA5+'PdG Nord Total'!DA5+'PdG Sud Total'!DA5 -> 9 | DB5: ='Ferney->Genève'!DB5+'StGenis total'!DB5+'Mategnin Total'!DB5+'PdG Nord Total'!DB5+'PdG Sud Total'!DB5 -> 1 | DC5: ='Ferney->Genève'!DC5+'StGenis total'!DC5+'Mategnin Total'!DC5+'PdG Nord Total'!DC5+'PdG Sud Total'!DC5 -> 12 | DD5: ='Ferney->Genève'!DD5+'StGenis total'!DD5+'Mategnin Total'!DD5+'PdG Nord Total'!DD5+'PdG Sud Total'!DD5 -> 4 | ... DL5: ='Ferney->Genève'!DL5+'StGenis total'!DL5+'Mategnin Total'!DL5+'PdG Nord Total'!DL5+'PdG Sud Total'!DL5 -> 1 | DN5: =CW5+CY5+DA5+DC5+DE5+DG5+DI5+DK5 -> 135 | DO5: =CX5+CZ5+DB5+DD5+DF5+DH5+DJ5+DL5 -> 56 | DP5: =DO5/(DO5+DN5) -> 0.29319372 | DQ5: =CW5+CX5+DE5+DF5 -> 83 | DR5: =CY5+CZ5+DG5+DH5 -> 76 | DS5: =DA5+DB5+DI5+DJ5 -> 14 | DT5: =SUM(DQ5:DS5) -> 173 | DU5: =DR5/DT5 -> 0.43930636 | DV5: =DS5/DT5 -> 0.080924855 | DW5: =DC5+DD5+DK5+DL5 -> 18 | DX5: =SUM(CW5:DD5) -> 172 | DY5: =SUM(DE5:DL5) -> 19 | DZ5: =SUM(CW5:DL5) -> 191 | EC5: =(DN5/FI5) - 1 -> 0.51685393 | ED5: =(DO5/FJ5) - 1 -> 0.19148936 | EE5: =(DP5/FK5) - 1 -> -0.15160967 | EF5: =(DQ5/FL5) - 1 -> 0.22058824 | EG5: =(DR5/FM5) - 1 -> 0.85365854 | EH5: =(DS5/FN5) - 1 -> 1 | EI5: =(DT5/FO5) - 1 -> 0.49137931 | EJ5: =(DU5/FP5) - 1 -> 0.24291555 | ... EO5: =(DZ5/FU5) - 1 -> 0.40441176 | EQ5: 0.29166667 | ER5: ='Ferney->Genève'!ER5+'StGenis total'!ER5+'Mategnin Total'!ER5+'PdG Nord Total'!ER5+'PdG Sud Total'!ER5 -> 44 | ES5: ='Ferney->Genève'!ES5+'StGenis total'!ES5+'Mategnin Total'!ES5+'PdG Nord Total'!ES5+'PdG Sud Total'!ES5 -> 21 | ET5: ='Ferney->Genève'!ET5+'StGenis total'!ET5+'Mategnin Total'!ET5+'PdG Nord Total'!ET5+'PdG Sud Total'!ET5 -> 20 | EU5: ='Ferney->Genève'!EU5+'StGenis total'!EU5+'Mategnin Total'!EU5+'PdG Nord Total'!EU5+'PdG Sud Total'!EU5 -> 18 | EV5: ='Ferney->Genève'!EV5+'StGenis total'!EV5+'Mategnin Total'!EV5+'PdG Nord Total'!EV5+'PdG Sud Total'!EV5 -> 5 | EW5: ='Ferney->Genève'!EW5+'StGenis total'!EW5+'Mategnin Total'!EW5+'PdG Nord Total'!EW5+'PdG Sud Total'!EW5 -> 0 | EX5: ='Ferney->Genève'!EX5+'StGenis total'!EX5+'Mategnin Total'!EX5+'PdG Nord Total'!EX5+'PdG Sud Total'!EX5 -> 12 | EY5: ='Ferney->Genève'!EY5+'StGenis total'!EY5+'Mategnin Total'!EY5+'PdG Nord Total'!EY5+'PdG Sud Total'!EY5 -> 7 | ... FG5: ='Ferney->Genève'!FG5+'StGenis total'!FG5+'Mategnin Total'!FG5+'PdG Nord Total'!FG5+'PdG Sud Total'!FG5 -> 0 | FI5: =ER5+ET5+EV5+EX5+EZ5+FB5+FD5+FF5 -> 89 | FJ5: =ES5+EU5+EW5+EY5+FA5+FC5+FE5+FG5 -> 47 | FK5: =FJ5/(FJ5+FI5) -> 0.34558824 | FL5: =ER5+ES5+EZ5+FA5 -> 68 | FM5: =ET5+EU5+FB5+FC5 -> 41 | FN5: =EV5+EW5+FD5+FE5 -> 7 | FO5: =SUM(FL5:FN5) -> 116 | FP5: =FM5/FO5 -> 0.35344828 | FQ5: =FN5/FO5 -> 0.060344828 | FR5: =EX5+EY5+FF5+FG5 -> 20 | FS5: =SUM(ER5:EY5) -> 127 | FT5: =SUM(EZ5:FG5) -> 9 | FU5: =SUM(ER5:FG5) -> 136 | FX5: =(FI5/HD5) - 1 -> 0.28985507 | FY5: =(FJ5/HE5) - 1 -> 0.74074074 | FZ5: =(FK5/HF5) - 1 -> 0.22875817 | GA5: =(FL5/HG5) - 1 -> 0.25925926 | GB5: =(FM5/HH5) - 1 -> 0.24242424 | GC5: =(FN5/HI5) - 1 -> 0 | GD5: =(FO5/HJ5) - 1 -> 0.23404255 | GE5: =(FP5/HK5) - 1 -> 0.0067920585 | ... GJ5: =(FU5/HP5) - 1 -> 0.41666667 | GL5: 0.29166667 | GM5: =#REF!+'StGenis total'!GM5+'Mategnin Total'!GM5+'PdG Nord Total'!GM5 -> #REF! | GN5: =#REF!+'StGenis total'!GN5+'Mategnin Total'!GN5+'PdG Nord Total'!GN5 -> #REF! | GO5: =#REF!+'StGenis total'!GO5+'Mategnin Total'!GO5+'PdG Nord Total'!GO5 -> #REF! | GP5: =#REF!+'StGenis total'!GP5+'Mategnin Total'!GP5+'PdG Nord Total'!GP5 -> #REF! | GQ5: =#REF!+'StGenis total'!GQ5+'Mategnin Total'!GQ5+'PdG Nord Total'!GQ5 -> #REF! | GR5: =#REF!+'StGenis total'!GR5+'Mategnin Total'!GR5+'PdG Nord Total'!GR5 -> #REF! | GS5: =#REF!+'StGenis total'!GS5+'Mategnin Total'!GS5+'PdG Nord Total'!GS5 -> #REF! | GT5: =#REF!+'StGenis total'!GT5+'Mategnin Total'!GT5+'PdG Nord Total'!GT5 -> #REF! | ... HB5: =#REF!+'StGenis total'!HB5+'Mategnin Total'!HB5+'PdG Nord Total'!HB5 -> #REF! | HD5: 69 | HE5: 27 | HF5: 0.28125 | HG5: 54 | HH5: 33 | HI5: 7 | HJ5: 94 | HK5: 0.35106383 | HL5: 0.074468085 | HM5: 2 | HN5: 89 | HO5: 7 | HP5: 96 | HR5: 43 | HS5: 26 | HT5: 0.37681159 | HU5: 35 | HV5: 25 | HW5: 3 | HX5: 63 | HY5: 0.3968254 | HZ5: 0.047619048 | IA5: 6 | IB5: 63 | IC5: 6 | ID5: 69 | IF5: =(HD5/HR5) - 1 -> 0.60465116 | IG5: =(HE5/HS5) - 1 -> 0.038461538 | IH5: =(HF5/HT5) - 1 -> -0.25360577 | II5: =(HG5/HU5) - 1 -> 0.54285714 | IJ5: =(HH5/HV5) - 1 -> 0.32 | IK5: =(HI5/HW5) - 1 -> 1.3333333 | IL5: =(HJ5/HX5) - 1 -> 0.49206349 | IM5: =(HK5/HY5) - 1 -> -0.11531915 | ... IR5: =(HP5/ID5) - 1 -> 0.39130435
A6: 0.30208333 | B6: ='PdG Nord Total'!B6+'PdG Sud Total'!B6+'PdG Centre Total'!B6 -> 57 | C6: ='PdG Nord Total'!C6+'PdG Sud Total'!C6+'PdG Centre Total'!C6 -> 25 | D6: ='PdG Nord Total'!D6+'PdG Sud Total'!D6+'PdG Centre Total'!D6 -> 43 | E6: ='PdG Nord Total'!E6+'PdG Sud Total'!E6+'PdG Centre Total'!E6 -> 36 | F6: ='PdG Nord Total'!F6+'PdG Sud Total'!F6+'PdG Centre Total'!F6 -> 4 | G6: ='PdG Nord Total'!G6+'PdG Sud Total'!G6+'PdG Centre Total'!G6 -> 3 | H6: ='PdG Nord Total'!H6+'PdG Sud Total'!H6+'PdG Centre Total'!H6 -> 19 | I6: ='PdG Nord Total'!I6+'PdG Sud Total'!I6+'PdG Centre Total'!I6 -> 7 | ... U6: ='PdG Nord Total'!U6+'PdG Sud Total'!U6+'PdG Centre Total'!U6 -> 2 | W6: =B6+D6+F6+H6+J6+L6+N6+P6+R6+T6 -> 146 | X6: =C6+E6+G6+I6+K6+M6+O6+Q6+S6+U6 -> 86 | Y6: =X6/(X6+W6) -> 0.37068966 | Z6: =B6+C6+L6+M6 -> 95 | AA6: =D6+E6+N6+O6+F6+G6+P6+Q6 -> 91 | AB6: =F6+G6+P6+Q6 -> 8 | AC6: =H6+I6+R6+S6 -> 28 | AD6: =Z6+AA6+AC6 -> 214 | AE6: =AA6/(Z6+AA6) -> 0.48924731 | AF6: =AC6/AD6 -> 0.13084112 | AG6: =J6+K6+T6+U6 -> 18 | AH6: =SUM(B6:K6) -> 208 | AI6: =SUM(L6:U6) -> 24 | AJ6: =SUM(B6:U6) -> 232 | AM6: =(W6/BS6) - 1 -> 0.057971014 | AN6: =(X6/BT6) - 1 -> 0.28358209 | AO6: =(Y6/BU6) - 1 -> 0.13419969 | AP6: =(Z6/BV6) - 1 -> 0.10465116 | AQ6: =(AA6/BW6) - 1 -> 0.15189873 | AR6: =(AC6/BX6) - 1 -> 0.75 | AS6: =(AD6/BY6) - 1 -> 0.18232044 | AT6: =(AE6/BZ6) - 1 -> 0.021845651 | AU6: =(AF6/CA6) - 1 -> 0.48014019 | AV6: =(AG6/CB6) - 1 -> -0.25 | AW6: =(AH6/CC6) - 1 -> 0.077720207 | AX6: =(AI6/CD6) - 1 -> 1 | AY6: =(AJ6/CE6) - 1 -> 0.13170732 | BA6: 0.30208333 | BB6: ='Ferney->Genève'!BB6+'StGenis total'!BB6+'Mategnin Total'!BB6+'PdG Nord Total'!BB6+'PdG Sud Total'!BB6 -> 56 | BC6: ='Ferney->Genève'!BC6+'StGenis total'!BC6+'Mategnin Total'!BC6+'PdG Nord Total'!BC6+'PdG Sud Total'!BC6 -> 23 | BD6: ='Ferney->Genève'!BD6+'StGenis total'!BD6+'Mategnin Total'!BD6+'PdG Nord Total'!BD6+'PdG Sud Total'!BD6 -> 43 | BE6: ='Ferney->Genève'!BE6+'StGenis total'!BE6+'Mategnin Total'!BE6+'PdG Nord Total'!BE6+'PdG Sud Total'!BE6 -> 34 | BF6: ='Ferney->Genève'!BF6+'StGenis total'!BF6+'Mategnin Total'!BF6+'PdG Nord Total'!BF6+'PdG Sud Total'!BF6 -> 14 | BG6: ='Ferney->Genève'!BG6+'StGenis total'!BG6+'Mategnin Total'!BG6+'PdG Nord Total'!BG6+'PdG Sud Total'!BG6 -> 2 | BH6: ='Ferney->Genève'!BH6+'StGenis total'!BH6+'Mategnin Total'!BH6+'PdG Nord Total'!BH6+'PdG Sud Total'!BH6 -> 14 | BI6: ='Ferney->Genève'!BI6+'StGenis total'!BI6+'Mategnin Total'!BI6+'PdG Nord Total'!BI6+'PdG Sud Total'!BI6 -> 7 | ... BQ6: ='Ferney->Genève'!BQ6+'StGenis total'!BQ6+'Mategnin Total'!BQ6+'PdG Nord Total'!BQ6+'PdG Sud Total'!BQ6 -> 1 | BS6: =BB6+BD6+BF6+BH6+BJ6+BL6+BN6+BP6 -> 138 | BT6: =BC6+BE6+BG6+BI6+BK6+BM6+BO6+BQ6 -> 67 | BU6: =BT6/(BT6+BS6) -> 0.32682927 | BV6: =BB6+BC6+BJ6+BK6 -> 86 | BW6: =BD6+BE6+BL6+BM6 -> 79 | BX6: =BF6+BG6+BN6+BO6 -> 16 | BY6: =SUM(BV6:BX6) -> 181 | BZ6: =BW6/(BW6+BV6) -> 0.47878788 | CA6: =BX6/BY6 -> 0.08839779 | CB6: =BH6+BI6+BP6+BQ6 -> 24 | CC6: =SUM(BB6:BI6) -> 193 | CD6: =SUM(BJ6:BQ6) -> 12 | CE6: =SUM(BB6:BQ6) -> 205 | CH6: =(BS6/DN6) - 1 -> 0.069767442 | CI6: =(BT6/DO6) - 1 -> 0.19642857 | CJ6: =(BU6/DP6) - 1 -> 0.079703833 | CK6: =(BV6/DQ6) - 1 -> -0.094736842 | CL6: =(BW6/DR6) - 1 -> 0.067567568 | CM6: =(BX6/DS6) - 1 -> 0.77777778 | CN6: =(BY6/DT6) - 1 -> 0.016853933 | CO6: =(BZ6/DU6) - 1 -> 0.15167895 | ... CT6: =(CE6/DZ6) - 1 -> 0.10810811 | CV6: 0.30208333 | CW6: ='Ferney->Genève'!CW6+'StGenis total'!CW6+'Mategnin Total'!CW6+'PdG Nord Total'!CW6+'PdG Sud Total'!CW6 -> 66 | CX6: ='Ferney->Genève'!CX6+'StGenis total'!CX6+'Mategnin Total'!CX6+'PdG Nord Total'!CX6+'PdG Sud Total'!CX6 -> 18 | CY6: ='Ferney->Genève'!CY6+'StGenis total'!CY6+'Mategnin Total'!CY6+'PdG Nord Total'!CY6+'PdG Sud Total'!CY6 -> 38 | CZ6: ='Ferney->Genève'!CZ6+'StGenis total'!CZ6+'Mategnin Total'!CZ6+'PdG Nord Total'!CZ6+'PdG Sud Total'!CZ6 -> 32 | DA6: ='Ferney->Genève'!DA6+'StGenis total'!DA6+'Mategnin Total'!DA6+'PdG Nord Total'!DA6+'PdG Sud Total'!DA6 -> 8 | DB6: ='Ferney->Genève'!DB6+'StGenis total'!DB6+'Mategnin Total'!DB6+'PdG Nord Total'!DB6+'PdG Sud Total'!DB6 -> 1 | DC6: ='Ferney->Genève'!DC6+'StGenis total'!DC6+'Mategnin Total'!DC6+'PdG Nord Total'!DC6+'PdG Sud Total'!DC6 -> 2 | DD6: ='Ferney->Genève'!DD6+'StGenis total'!DD6+'Mategnin Total'!DD6+'PdG Nord Total'!DD6+'PdG Sud Total'!DD6 -> 2 | ... DL6: ='Ferney->Genève'!DL6+'StGenis total'!DL6+'Mategnin Total'!DL6+'PdG Nord Total'!DL6+'PdG Sud Total'!DL6 -> 0 | DN6: =CW6+CY6+DA6+DC6+DE6+DG6+DI6+DK6 -> 129 | DO6: =CX6+CZ6+DB6+DD6+DF6+DH6+DJ6+DL6 -> 56 | DP6: =DO6/(DO6+DN6) -> 0.3027027 | DQ6: =CW6+CX6+DE6+DF6 -> 95 | DR6: =CY6+CZ6+DG6+DH6 -> 74 | DS6: =DA6+DB6+DI6+DJ6 -> 9 | DT6: =SUM(DQ6:DS6) -> 178 | DU6: =DR6/DT6 -> 0.41573034 | DV6: =DS6/DT6 -> 0.050561798 | DW6: =DC6+DD6+DK6+DL6 -> 7 | DX6: =SUM(CW6:DD6) -> 167 | DY6: =SUM(DE6:DL6) -> 18 | DZ6: =SUM(CW6:DL6) -> 185 | EC6: =(DN6/FI6) - 1 -> 0.21698113 | ED6: =(DO6/FJ6) - 1 -> 0.056603774 | EE6: =(DP6/FK6) - 1 -> -0.091891892 | EF6: =(DQ6/FL6) - 1 -> 0.11764706 | EG6: =(DR6/FM6) - 1 -> 0.34545455 | EH6: =(DS6/FN6) - 1 -> 0.125 | EI6: =(DT6/FO6) - 1 -> 0.2027027 | EJ6: =(DU6/FP6) - 1 -> 0.11869254 | ... EO6: =(DZ6/FU6) - 1 -> 0.16352201 | EQ6: 0.30208333 | ER6: ='Ferney->Genève'!ER6+'StGenis total'!ER6+'Mategnin Total'!ER6+'PdG Nord Total'!ER6+'PdG Sud Total'!ER6 -> 47 | ES6: ='Ferney->Genève'!ES6+'StGenis total'!ES6+'Mategnin Total'!ES6+'PdG Nord Total'!ES6+'PdG Sud Total'!ES6 -> 26 | ET6: ='Ferney->Genève'!ET6+'StGenis total'!ET6+'Mategnin Total'!ET6+'PdG Nord Total'!ET6+'PdG Sud Total'!ET6 -> 30 | EU6: ='Ferney->Genève'!EU6+'StGenis total'!EU6+'Mategnin Total'!EU6+'PdG Nord Total'!EU6+'PdG Sud Total'!EU6 -> 23 | EV6: ='Ferney->Genève'!EV6+'StGenis total'!EV6+'Mategnin Total'!EV6+'PdG Nord Total'!EV6+'PdG Sud Total'!EV6 -> 6 | EW6: ='Ferney->Genève'!EW6+'StGenis total'!EW6+'Mategnin Total'!EW6+'PdG Nord Total'!EW6+'PdG Sud Total'!EW6 -> 1 | EX6: ='Ferney->Genève'!EX6+'StGenis total'!EX6+'Mategnin Total'!EX6+'PdG Nord Total'!EX6+'PdG Sud Total'!EX6 -> 6 | EY6: ='Ferney->Genève'!EY6+'StGenis total'!EY6+'Mategnin Total'!EY6+'PdG Nord Total'!EY6+'PdG Sud Total'!EY6 -> 2 | ... FG6: ='Ferney->Genève'!FG6+'StGenis total'!FG6+'Mategnin Total'!FG6+'PdG Nord Total'!FG6+'PdG Sud Total'!FG6 -> 0 | FI6: =ER6+ET6+EV6+EX6+EZ6+FB6+FD6+FF6 -> 106 | FJ6: =ES6+EU6+EW6+EY6+FA6+FC6+FE6+FG6 -> 53 | FK6: =FJ6/(FJ6+FI6) -> 0.33333333 | FL6: =ER6+ES6+EZ6+FA6 -> 85 | FM6: =ET6+EU6+FB6+FC6 -> 55 | FN6: =EV6+EW6+FD6+FE6 -> 8 | FO6: =SUM(FL6:FN6) -> 148 | FP6: =FM6/FO6 -> 0.37162162 | FQ6: =FN6/FO6 -> 0.054054054 | FR6: =EX6+EY6+FF6+FG6 -> 11 | FS6: =SUM(ER6:EY6) -> 141 | FT6: =SUM(EZ6:FG6) -> 18 | FU6: =SUM(ER6:FG6) -> 159 | FX6: =(FI6/HD6) - 1 -> 0.24705882 | FY6: =(FJ6/HE6) - 1 -> 0.65625 | FZ6: =(FK6/HF6) - 1 -> 0.21875 | GA6: =(FL6/HG6) - 1 -> 0.328125 | GB6: =(FM6/HH6) - 1 -> 0.25 | GC6: =(FN6/HI6) - 1 -> 0.6 | GD6: =(FO6/HJ6) - 1 -> 0.30973451 | GE6: =(FP6/HK6) - 1 -> -0.045608108 | ... GJ6: =(FU6/HP6) - 1 -> 0.35897436 | GL6: 0.30208333 | GM6: =#REF!+'StGenis total'!GM6+'Mategnin Total'!GM6+'PdG Nord Total'!GM6 -> #REF! | GN6: =#REF!+'StGenis total'!GN6+'Mategnin Total'!GN6+'PdG Nord Total'!GN6 -> #REF! | GO6: =#REF!+'StGenis total'!GO6+'Mategnin Total'!GO6+'PdG Nord Total'!GO6 -> #REF! | GP6: =#REF!+'StGenis total'!GP6+'Mategnin Total'!GP6+'PdG Nord Total'!GP6 -> #REF! | GQ6: =#REF!+'StGenis total'!GQ6+'Mategnin Total'!GQ6+'PdG Nord Total'!GQ6 -> #REF! | GR6: =#REF!+'StGenis total'!GR6+'Mategnin Total'!GR6+'PdG Nord Total'!GR6 -> #REF! | GS6: =#REF!+'StGenis total'!GS6+'Mategnin Total'!GS6+'PdG Nord Total'!GS6 -> #REF! | GT6: =#REF!+'StGenis total'!GT6+'Mategnin Total'!GT6+'PdG Nord Total'!GT6 -> #REF! | ... HB6: =#REF!+'StGenis total'!HB6+'Mategnin Total'!HB6+'PdG Nord Total'!HB6 -> #REF! | HD6: 85 | HE6: 32 | HF6: 0.27350427 | HG6: 64 | HH6: 44 | HI6: 5 | HJ6: 113 | HK6: 0.38938053 | HL6: 0.044247788 | HM6: 4 | HN6: 108 | HO6: 9 | HP6: 117 | HR6: 67 | HS6: 30 | HT6: 0.30927835 | HU6: 54 | HV6: 28 | HW6: 5 | HX6: 87 | HY6: 0.32183908 | HZ6: 0.057471264 | IA6: 10 | IB6: 87 | IC6: 10 | ID6: 97 | IF6: =(HD6/HR6) - 1 -> 0.26865672 | IG6: =(HE6/HS6) - 1 -> 0.066666667 | IH6: =(HF6/HT6) - 1 -> -0.11566952 | II6: =(HG6/HU6) - 1 -> 0.18518519 | IJ6: =(HH6/HV6) - 1 -> 0.57142857 | IK6: =(HI6/HW6) - 1 -> 0 | IL6: =(HJ6/HX6) - 1 -> 0.29885057 | IM6: =(HK6/HY6) - 1 -> 0.20986094 | ... IR6: =(HP6/ID6) - 1 -> 0.20618557
A7: 0.3125 | B7: ='PdG Nord Total'!B7+'PdG Sud Total'!B7+'PdG Centre Total'!B7 -> 57 | C7: ='PdG Nord Total'!C7+'PdG Sud Total'!C7+'PdG Centre Total'!C7 -> 25 | D7: ='PdG Nord Total'!D7+'PdG Sud Total'!D7+'PdG Centre Total'!D7 -> 46 | E7: ='PdG Nord Total'!E7+'PdG Sud Total'!E7+'PdG Centre Total'!E7 -> 46 | F7: ='PdG Nord Total'!F7+'PdG Sud Total'!F7+'PdG Centre Total'!F7 -> 5 | G7: ='PdG Nord Total'!G7+'PdG Sud Total'!G7+'PdG Centre Total'!G7 -> 1 | H7: ='PdG Nord Total'!H7+'PdG Sud Total'!H7+'PdG Centre Total'!H7 -> 12 | I7: ='PdG Nord Total'!I7+'PdG Sud Total'!I7+'PdG Centre Total'!I7 -> 7 | ... U7: ='PdG Nord Total'!U7+'PdG Sud Total'!U7+'PdG Centre Total'!U7 -> 7 | W7: =B7+D7+F7+H7+J7+L7+N7+P7+R7+T7 -> 152 | X7: =C7+E7+G7+I7+K7+M7+O7+Q7+S7+U7 -> 111 | Y7: =X7/(X7+W7) -> 0.42205323 | Z7: =B7+C7+L7+M7 -> 88 | AA7: =D7+E7+N7+O7+F7+G7+P7+Q7 -> 102 | AB7: =F7+G7+P7+Q7 -> 6 | AC7: =H7+I7+R7+S7 -> 20 | AD7: =Z7+AA7+AC7 -> 210 | AE7: =AA7/(Z7+AA7) -> 0.53684211 | AF7: =AC7/AD7 -> 0.095238095 | AG7: =J7+K7+T7+U7 -> 53 | AH7: =SUM(B7:K7) -> 244 | AI7: =SUM(L7:U7) -> 19 | AJ7: =SUM(B7:U7) -> 263 | AM7: =(W7/BS7) - 1 -> -0.15555556 | AN7: =(X7/BT7) - 1 -> 0.15625 | AO7: =(Y7/BU7) - 1 -> 0.21340304 | AP7: =(Z7/BV7) - 1 -> -0.28455285 | AQ7: =(AA7/BW7) - 1 -> -0.0097087379 | AR7: =(AC7/BX7) - 1 -> 0.17647059 | AS7: =(AD7/BY7) - 1 -> -0.13580247 | AT7: =(AE7/BZ7) - 1 -> 0.1779254 | AU7: =(AF7/CA7) - 1 -> 0.36134454 | AV7: =(AG7/CB7) - 1 -> 0.60606061 | AW7: =(AH7/CC7) - 1 -> -0.0081300813 | AX7: =(AI7/CD7) - 1 -> -0.36666667 | AY7: =(AJ7/CE7) - 1 -> -0.047101449 | BA7: 0.3125 | BB7: ='Ferney->Genève'!BB7+'StGenis total'!BB7+'Mategnin Total'!BB7+'PdG Nord Total'!BB7+'PdG Sud Total'!BB7 -> 79 | BC7: ='Ferney->Genève'!BC7+'StGenis total'!BC7+'Mategnin Total'!BC7+'PdG Nord Total'!BC7+'PdG Sud Total'!BC7 -> 28 | BD7: ='Ferney->Genève'!BD7+'StGenis total'!BD7+'Mategnin Total'!BD7+'PdG Nord Total'!BD7+'PdG Sud Total'!BD7 -> 57 | BE7: ='Ferney->Genève'!BE7+'StGenis total'!BE7+'Mategnin Total'!BE7+'PdG Nord Total'!BE7+'PdG Sud Total'!BE7 -> 40 | BF7: ='Ferney->Genève'!BF7+'StGenis total'!BF7+'Mategnin Total'!BF7+'PdG Nord Total'!BF7+'PdG Sud Total'!BF7 -> 14 | BG7: ='Ferney->Genève'!BG7+'StGenis total'!BG7+'Mategnin Total'!BG7+'PdG Nord Total'!BG7+'PdG Sud Total'!BG7 -> 2 | BH7: ='Ferney->Genève'!BH7+'StGenis total'!BH7+'Mategnin Total'!BH7+'PdG Nord Total'!BH7+'PdG Sud Total'!BH7 -> 12 | BI7: ='Ferney->Genève'!BI7+'StGenis total'!BI7+'Mategnin Total'!BI7+'PdG Nord Total'!BI7+'PdG Sud Total'!BI7 -> 14 | ... BQ7: ='Ferney->Genève'!BQ7+'StGenis total'!BQ7+'Mategnin Total'!BQ7+'PdG Nord Total'!BQ7+'PdG Sud Total'!BQ7 -> 3 | BS7: =BB7+BD7+BF7+BH7+BJ7+BL7+BN7+BP7 -> 180 | BT7: =BC7+BE7+BG7+BI7+BK7+BM7+BO7+BQ7 -> 96 | BU7: =BT7/(BT7+BS7) -> 0.34782609 | BV7: =BB7+BC7+BJ7+BK7 -> 123 | BW7: =BD7+BE7+BL7+BM7 -> 103 | BX7: =BF7+BG7+BN7+BO7 -> 17 | BY7: =SUM(BV7:BX7) -> 243 | BZ7: =BW7/(BW7+BV7) -> 0.45575221 | CA7: =BX7/BY7 -> 0.069958848 | CB7: =BH7+BI7+BP7+BQ7 -> 33 | CC7: =SUM(BB7:BI7) -> 246 | CD7: =SUM(BJ7:BQ7) -> 30 | CE7: =SUM(BB7:BQ7) -> 276 | CH7: =(BS7/DN7) - 1 -> 0.17647059 | CI7: =(BT7/DO7) - 1 -> 0.010526316 | CJ7: =(BU7/DP7) - 1 -> -0.091990847 | CK7: =(BV7/DQ7) - 1 -> 0.069565217 | CL7: =(BW7/DR7) - 1 -> 0.03 | CM7: =(BX7/DS7) - 1 -> 0.21428571 | CN7: =(BY7/DT7) - 1 -> 0.061135371 | CO7: =(BZ7/DU7) - 1 -> 0.043672566 | ... CT7: =(CE7/DZ7) - 1 -> 0.11290323 | CV7: 0.3125 | CW7: ='Ferney->Genève'!CW7+'StGenis total'!CW7+'Mategnin Total'!CW7+'PdG Nord Total'!CW7+'PdG Sud Total'!CW7 -> 72 | CX7: ='Ferney->Genève'!CX7+'StGenis total'!CX7+'Mategnin Total'!CX7+'PdG Nord Total'!CX7+'PdG Sud Total'!CX7 -> 26 | CY7: ='Ferney->Genève'!CY7+'StGenis total'!CY7+'Mategnin Total'!CY7+'PdG Nord Total'!CY7+'PdG Sud Total'!CY7 -> 39 | CZ7: ='Ferney->Genève'!CZ7+'StGenis total'!CZ7+'Mategnin Total'!CZ7+'PdG Nord Total'!CZ7+'PdG Sud Total'!CZ7 -> 54 | DA7: ='Ferney->Genève'!DA7+'StGenis total'!DA7+'Mategnin Total'!DA7+'PdG Nord Total'!DA7+'PdG Sud Total'!DA7 -> 11 | DB7: ='Ferney->Genève'!DB7+'StGenis total'!DB7+'Mategnin Total'!DB7+'PdG Nord Total'!DB7+'PdG Sud Total'!DB7 -> 2 | DC7: ='Ferney->Genève'!DC7+'StGenis total'!DC7+'Mategnin Total'!DC7+'PdG Nord Total'!DC7+'PdG Sud Total'!DC7 -> 8 | DD7: ='Ferney->Genève'!DD7+'StGenis total'!DD7+'Mategnin Total'!DD7+'PdG Nord Total'!DD7+'PdG Sud Total'!DD7 -> 7 | ... DL7: ='Ferney->Genève'!DL7+'StGenis total'!DL7+'Mategnin Total'!DL7+'PdG Nord Total'!DL7+'PdG Sud Total'!DL7 -> 1 | DN7: =CW7+CY7+DA7+DC7+DE7+DG7+DI7+DK7 -> 153 | DO7: =CX7+CZ7+DB7+DD7+DF7+DH7+DJ7+DL7 -> 95 | DP7: =DO7/(DO7+DN7) -> 0.38306452 | DQ7: =CW7+CX7+DE7+DF7 -> 115 | DR7: =CY7+CZ7+DG7+DH7 -> 100 | DS7: =DA7+DB7+DI7+DJ7 -> 14 | DT7: =SUM(DQ7:DS7) -> 229 | DU7: =DR7/DT7 -> 0.43668122 | DV7: =DS7/DT7 -> 0.061135371 | DW7: =DC7+DD7+DK7+DL7 -> 19 | DX7: =SUM(CW7:DD7) -> 219 | DY7: =SUM(DE7:DL7) -> 29 | DZ7: =SUM(CW7:DL7) -> 248 | EC7: =(DN7/FI7) - 1 -> 0.40366972 | ED7: =(DO7/FJ7) - 1 -> 0.61016949 | EE7: =(DP7/FK7) - 1 -> 0.090759978 | EF7: =(DQ7/FL7) - 1 -> 0.4556962 | EG7: =(DR7/FM7) - 1 -> 0.58730159 | EH7: =(DS7/FN7) - 1 -> 0.16666667 | EI7: =(DT7/FO7) - 1 -> 0.48701299 | EJ7: =(DU7/FP7) - 1 -> 0.067442989 | ... EO7: =(DZ7/FU7) - 1 -> 0.47619048 | EQ7: 0.3125 | ER7: ='Ferney->Genève'!ER7+'StGenis total'!ER7+'Mategnin Total'!ER7+'PdG Nord Total'!ER7+'PdG Sud Total'!ER7 -> 54 | ES7: ='Ferney->Genève'!ES7+'StGenis total'!ES7+'Mategnin Total'!ES7+'PdG Nord Total'!ES7+'PdG Sud Total'!ES7 -> 21 | ET7: ='Ferney->Genève'!ET7+'StGenis total'!ET7+'Mategnin Total'!ET7+'PdG Nord Total'!ET7+'PdG Sud Total'!ET7 -> 35 | EU7: ='Ferney->Genève'!EU7+'StGenis total'!EU7+'Mategnin Total'!EU7+'PdG Nord Total'!EU7+'PdG Sud Total'!EU7 -> 22 | EV7: ='Ferney->Genève'!EV7+'StGenis total'!EV7+'Mategnin Total'!EV7+'PdG Nord Total'!EV7+'PdG Sud Total'!EV7 -> 6 | EW7: ='Ferney->Genève'!EW7+'StGenis total'!EW7+'Mategnin Total'!EW7+'PdG Nord Total'!EW7+'PdG Sud Total'!EW7 -> 4 | EX7: ='Ferney->Genève'!EX7+'StGenis total'!EX7+'Mategnin Total'!EX7+'PdG Nord Total'!EX7+'PdG Sud Total'!EX7 -> 6 | EY7: ='Ferney->Genève'!EY7+'StGenis total'!EY7+'Mategnin Total'!EY7+'PdG Nord Total'!EY7+'PdG Sud Total'!EY7 -> 6 | ... FG7: ='Ferney->Genève'!FG7+'StGenis total'!FG7+'Mategnin Total'!FG7+'PdG Nord Total'!FG7+'PdG Sud Total'!FG7 -> 0 | FI7: =ER7+ET7+EV7+EX7+EZ7+FB7+FD7+FF7 -> 109 | FJ7: =ES7+EU7+EW7+EY7+FA7+FC7+FE7+FG7 -> 59 | FK7: =FJ7/(FJ7+FI7) -> 0.35119048 | FL7: =ER7+ES7+EZ7+FA7 -> 79 | FM7: =ET7+EU7+FB7+FC7 -> 63 | FN7: =EV7+EW7+FD7+FE7 -> 12 | FO7: =SUM(FL7:FN7) -> 154 | FP7: =FM7/FO7 -> 0.40909091 | FQ7: =FN7/FO7 -> 0.077922078 | FR7: =EX7+EY7+FF7+FG7 -> 14 | FS7: =SUM(ER7:EY7) -> 154 | FT7: =SUM(EZ7:FG7) -> 14 | FU7: =SUM(ER7:FG7) -> 168 | FX7: =(FI7/HD7) - 1 -> 0.1122449 | FY7: =(FJ7/HE7) - 1 -> 0.475 | FZ7: =(FK7/HF7) - 1 -> 0.21160714 | GA7: =(FL7/HG7) - 1 -> 0.25396825 | GB7: =(FM7/HH7) - 1 -> 0.16666667 | GC7: =(FN7/HI7) - 1 -> 2 | GD7: =(FO7/HJ7) - 1 -> 0.27272727 | GE7: =(FP7/HK7) - 1 -> -0.083333333 | ... GJ7: =(FU7/HP7) - 1 -> 0.2173913 | GL7: 0.3125 | GM7: =#REF!+'StGenis total'!GM7+'Mategnin Total'!GM7+'PdG Nord Total'!GM7 -> #REF! | GN7: =#REF!+'StGenis total'!GN7+'Mategnin Total'!GN7+'PdG Nord Total'!GN7 -> #REF! | GO7: =#REF!+'StGenis total'!GO7+'Mategnin Total'!GO7+'PdG Nord Total'!GO7 -> #REF! | GP7: =#REF!+'StGenis total'!GP7+'Mategnin Total'!GP7+'PdG Nord Total'!GP7 -> #REF! | GQ7: =#REF!+'StGenis total'!GQ7+'Mategnin Total'!GQ7+'PdG Nord Total'!GQ7 -> #REF! | GR7: =#REF!+'StGenis total'!GR7+'Mategnin Total'!GR7+'PdG Nord Total'!GR7 -> #REF! | GS7: =#REF!+'StGenis total'!GS7+'Mategnin Total'!GS7+'PdG Nord Total'!GS7 -> #REF! | GT7: =#REF!+'StGenis total'!GT7+'Mategnin Total'!GT7+'PdG Nord Total'!GT7 -> #REF! | ... HB7: =#REF!+'StGenis total'!HB7+'Mategnin Total'!HB7+'PdG Nord Total'!HB7 -> #REF! | HD7: 98 | HE7: 40 | HF7: 0.28985507 | HG7: 63 | HH7: 54 | HI7: 4 | HJ7: 121 | HK7: 0.44628099 | HL7: 0.033057851 | HM7: 17 | HN7: 123 | HO7: 15 | HP7: 138 | HR7: 55 | HS7: 23 | HT7: 0.29487179 | HU7: 52 | HV7: 20 | HW7: 2 | HX7: 74 | HY7: 0.27027027 | HZ7: 0.027027027 | IA7: 4 | IB7: 70 | IC7: 8 | ID7: 78 | IF7: =(HD7/HR7) - 1 -> 0.78181818 | IG7: =(HE7/HS7) - 1 -> 0.73913043 | IH7: =(HF7/HT7) - 1 -> -0.017013233 | II7: =(HG7/HU7) - 1 -> 0.21153846 | IJ7: =(HH7/HV7) - 1 -> 1.7 | IK7: =(HI7/HW7) - 1 -> 1 | IL7: =(HJ7/HX7) - 1 -> 0.63513514 | IM7: =(HK7/HY7) - 1 -> 0.65123967 | ... IR7: =(HP7/ID7) - 1 -> 0.76923077
A8: 0.32291667 | B8: ='PdG Nord Total'!B8+'PdG Sud Total'!B8+'PdG Centre Total'!B8 -> 93 | C8: ='PdG Nord Total'!C8+'PdG Sud Total'!C8+'PdG Centre Total'!C8 -> 33 | D8: ='PdG Nord Total'!D8+'PdG Sud Total'!D8+'PdG Centre Total'!D8 -> 76 | E8: ='PdG Nord Total'!E8+'PdG Sud Total'!E8+'PdG Centre Total'!E8 -> 66 | F8: ='PdG Nord Total'!F8+'PdG Sud Total'!F8+'PdG Centre Total'!F8 -> 10 | G8: ='PdG Nord Total'!G8+'PdG Sud Total'!G8+'PdG Centre Total'!G8 -> 6 | H8: ='PdG Nord Total'!H8+'PdG Sud Total'!H8+'PdG Centre Total'!H8 -> 7 | I8: ='PdG Nord Total'!I8+'PdG Sud Total'!I8+'PdG Centre Total'!I8 -> 5 | ... U8: ='PdG Nord Total'!U8+'PdG Sud Total'!U8+'PdG Centre Total'!U8 -> 2 | W8: =B8+D8+F8+H8+J8+L8+N8+P8+R8+T8 -> 209 | X8: =C8+E8+G8+I8+K8+M8+O8+Q8+S8+U8 -> 127 | Y8: =X8/(X8+W8) -> 0.37797619 | Z8: =B8+C8+L8+M8 -> 132 | AA8: =D8+E8+N8+O8+F8+G8+P8+Q8 -> 166 | AB8: =F8+G8+P8+Q8 -> 17 | AC8: =H8+I8+R8+S8 -> 14 | AD8: =Z8+AA8+AC8 -> 312 | AE8: =AA8/(Z8+AA8) -> 0.55704698 | AF8: =AC8/AD8 -> 0.044871795 | AG8: =J8+K8+T8+U8 -> 24 | AH8: =SUM(B8:K8) -> 314 | AI8: =SUM(L8:U8) -> 22 | AJ8: =SUM(B8:U8) -> 336 | AM8: =(W8/BS8) - 1 -> 0.30625 | AN8: =(X8/BT8) - 1 -> 0.53012048 | AO8: =(Y8/BU8) - 1 -> 0.10660499 | AP8: =(Z8/BV8) - 1 -> 0.18918919 | AQ8: =(AA8/BW8) - 1 -> 0.76595745 | AR8: =(AC8/BX8) - 1 -> 0.27272727 | AS8: =(AD8/BY8) - 1 -> 0.44444444 | AT8: =(AE8/BZ8) - 1 -> 0.2148365 | AU8: =(AF8/CA8) - 1 -> -0.11888112 | AV8: =(AG8/CB8) - 1 -> -0.11111111 | AW8: =(AH8/CC8) - 1 -> 0.55445545 | AX8: =(AI8/CD8) - 1 -> -0.46341463 | AY8: =(AJ8/CE8) - 1 -> 0.38271605 | BA8: 0.32291667 | BB8: ='Ferney->Genève'!BB8+'StGenis total'!BB8+'Mategnin Total'!BB8+'PdG Nord Total'!BB8+'PdG Sud Total'!BB8 -> 71 | BC8: ='Ferney->Genève'!BC8+'StGenis total'!BC8+'Mategnin Total'!BC8+'PdG Nord Total'!BC8+'PdG Sud Total'!BC8 -> 24 | BD8: ='Ferney->Genève'!BD8+'StGenis total'!BD8+'Mategnin Total'!BD8+'PdG Nord Total'!BD8+'PdG Sud Total'!BD8 -> 44 | BE8: ='Ferney->Genève'!BE8+'StGenis total'!BE8+'Mategnin Total'!BE8+'PdG Nord Total'!BE8+'PdG Sud Total'!BE8 -> 43 | BF8: ='Ferney->Genève'!BF8+'StGenis total'!BF8+'Mategnin Total'!BF8+'PdG Nord Total'!BF8+'PdG Sud Total'!BF8 -> 9 | BG8: ='Ferney->Genève'!BG8+'StGenis total'!BG8+'Mategnin Total'!BG8+'PdG Nord Total'!BG8+'PdG Sud Total'!BG8 -> 1 | BH8: ='Ferney->Genève'!BH8+'StGenis total'!BH8+'Mategnin Total'!BH8+'PdG Nord Total'!BH8+'PdG Sud Total'!BH8 -> 8 | BI8: ='Ferney->Genève'!BI8+'StGenis total'!BI8+'Mategnin Total'!BI8+'PdG Nord Total'!BI8+'PdG Sud Total'!BI8 -> 2 | ... BQ8: ='Ferney->Genève'!BQ8+'StGenis total'!BQ8+'Mategnin Total'!BQ8+'PdG Nord Total'!BQ8+'PdG Sud Total'!BQ8 -> 7 | BS8: =BB8+BD8+BF8+BH8+BJ8+BL8+BN8+BP8 -> 160 | BT8: =BC8+BE8+BG8+BI8+BK8+BM8+BO8+BQ8 -> 83 | BU8: =BT8/(BT8+BS8) -> 0.34156379 | BV8: =BB8+BC8+BJ8+BK8 -> 111 | BW8: =BD8+BE8+BL8+BM8 -> 94 | BX8: =BF8+BG8+BN8+BO8 -> 11 | BY8: =SUM(BV8:BX8) -> 216 | BZ8: =BW8/(BW8+BV8) -> 0.45853659 | CA8: =BX8/BY8 -> 0.050925926 | CB8: =BH8+BI8+BP8+BQ8 -> 27 | CC8: =SUM(BB8:BI8) -> 202 | CD8: =SUM(BJ8:BQ8) -> 41 | CE8: =SUM(BB8:BQ8) -> 243 | CH8: =(BS8/DN8) - 1 -> 0.045751634 | CI8: =(BT8/DO8) - 1 -> -0.011904762 | CJ8: =(BU8/DP8) - 1 -> -0.036302175 | CK8: =(BV8/DQ8) - 1 -> -0.10483871 | CL8: =(BW8/DR8) - 1 -> 0.044444444 | CM8: =(BX8/DS8) - 1 -> -0.26666667 | CN8: =(BY8/DT8) - 1 -> -0.056768559 | CO8: =(BZ8/DU8) - 1 -> 0.16672087 | ... CT8: =(CE8/DZ8) - 1 -> 0.025316456 | CV8: 0.32291667 | CW8: ='Ferney->Genève'!CW8+'StGenis total'!CW8+'Mategnin Total'!CW8+'PdG Nord Total'!CW8+'PdG Sud Total'!CW8 -> 90 | CX8: ='Ferney->Genève'!CX8+'StGenis total'!CX8+'Mategnin Total'!CX8+'PdG Nord Total'!CX8+'PdG Sud Total'!CX8 -> 25 | CY8: ='Ferney->Genève'!CY8+'StGenis total'!CY8+'Mategnin Total'!CY8+'PdG Nord Total'!CY8+'PdG Sud Total'!CY8 -> 42 | CZ8: ='Ferney->Genève'!CZ8+'StGenis total'!CZ8+'Mategnin Total'!CZ8+'PdG Nord Total'!CZ8+'PdG Sud Total'!CZ8 -> 40 | DA8: ='Ferney->Genève'!DA8+'StGenis total'!DA8+'Mategnin Total'!DA8+'PdG Nord Total'!DA8+'PdG Sud Total'!DA8 -> 9 | DB8: ='Ferney->Genève'!DB8+'StGenis total'!DB8+'Mategnin Total'!DB8+'PdG Nord Total'!DB8+'PdG Sud Total'!DB8 -> 5 | DC8: ='Ferney->Genève'!DC8+'StGenis total'!DC8+'Mategnin Total'!DC8+'PdG Nord Total'!DC8+'PdG Sud Total'!DC8 -> 2 | DD8: ='Ferney->Genève'!DD8+'StGenis total'!DD8+'Mategnin Total'!DD8+'PdG Nord Total'!DD8+'PdG Sud Total'!DD8 -> 5 | ... DL8: ='Ferney->Genève'!DL8+'StGenis total'!DL8+'Mategnin Total'!DL8+'PdG Nord Total'!DL8+'PdG Sud Total'!DL8 -> 0 | DN8: =CW8+CY8+DA8+DC8+DE8+DG8+DI8+DK8 -> 153 | DO8: =CX8+CZ8+DB8+DD8+DF8+DH8+DJ8+DL8 -> 84 | DP8: =DO8/(DO8+DN8) -> 0.35443038 | DQ8: =CW8+CX8+DE8+DF8 -> 124 | DR8: =CY8+CZ8+DG8+DH8 -> 90 | DS8: =DA8+DB8+DI8+DJ8 -> 15 | DT8: =SUM(DQ8:DS8) -> 229 | DU8: =DR8/DT8 -> 0.3930131 | DV8: =DS8/DT8 -> 0.065502183 | DW8: =DC8+DD8+DK8+DL8 -> 8 | DX8: =SUM(CW8:DD8) -> 218 | DY8: =SUM(DE8:DL8) -> 19 | DZ8: =SUM(CW8:DL8) -> 237 | EC8: =(DN8/FI8) - 1 -> 0.1953125 | ED8: =(DO8/FJ8) - 1 -> 0.29230769 | EE8: =(DP8/FK8) - 1 -> 0.052385589 | EF8: =(DQ8/FL8) - 1 -> 0.37777778 | EG8: =(DR8/FM8) - 1 -> 0.125 | EH8: =(DS8/FN8) - 1 -> 1.1428571 | EI8: =(DT8/FO8) - 1 -> 0.29378531 | EJ8: =(DU8/FP8) - 1 -> -0.13045852 | ... EO8: =(DZ8/FU8) - 1 -> 0.22797927 | EQ8: 0.32291667 | ER8: ='Ferney->Genève'!ER8+'StGenis total'!ER8+'Mategnin Total'!ER8+'PdG Nord Total'!ER8+'PdG Sud Total'!ER8 -> 55 | ES8: ='Ferney->Genève'!ES8+'StGenis total'!ES8+'Mategnin Total'!ES8+'PdG Nord Total'!ES8+'PdG Sud Total'!ES8 -> 28 | ET8: ='Ferney->Genève'!ET8+'StGenis total'!ET8+'Mategnin Total'!ET8+'PdG Nord Total'!ET8+'PdG Sud Total'!ET8 -> 47 | EU8: ='Ferney->Genève'!EU8+'StGenis total'!EU8+'Mategnin Total'!EU8+'PdG Nord Total'!EU8+'PdG Sud Total'!EU8 -> 28 | EV8: ='Ferney->Genève'!EV8+'StGenis total'!EV8+'Mategnin Total'!EV8+'PdG Nord Total'!EV8+'PdG Sud Total'!EV8 -> 5 | EW8: ='Ferney->Genève'!EW8+'StGenis total'!EW8+'Mategnin Total'!EW8+'PdG Nord Total'!EW8+'PdG Sud Total'!EW8 -> 1 | EX8: ='Ferney->Genève'!EX8+'StGenis total'!EX8+'Mategnin Total'!EX8+'PdG Nord Total'!EX8+'PdG Sud Total'!EX8 -> 5 | EY8: ='Ferney->Genève'!EY8+'StGenis total'!EY8+'Mategnin Total'!EY8+'PdG Nord Total'!EY8+'PdG Sud Total'!EY8 -> 5 | ... FG8: ='Ferney->Genève'!FG8+'StGenis total'!FG8+'Mategnin Total'!FG8+'PdG Nord Total'!FG8+'PdG Sud Total'!FG8 -> 1 | FI8: =ER8+ET8+EV8+EX8+EZ8+FB8+FD8+FF8 -> 128 | FJ8: =ES8+EU8+EW8+EY8+FA8+FC8+FE8+FG8 -> 65 | FK8: =FJ8/(FJ8+FI8) -> 0.33678756 | FL8: =ER8+ES8+EZ8+FA8 -> 90 | FM8: =ET8+EU8+FB8+FC8 -> 80 | FN8: =EV8+EW8+FD8+FE8 -> 7 | FO8: =SUM(FL8:FN8) -> 177 | FP8: =FM8/FO8 -> 0.4519774 | FQ8: =FN8/FO8 -> 0.039548023 | FR8: =EX8+EY8+FF8+FG8 -> 16 | FS8: =SUM(ER8:EY8) -> 174 | FT8: =SUM(EZ8:FG8) -> 19 | FU8: =SUM(ER8:FG8) -> 193 | FX8: =(FI8/HD8) - 1 -> 0.33333333 | FY8: =(FJ8/HE8) - 1 -> 0.2745098 | FZ8: =(FK8/HF8) - 1 -> -0.029259372 | GA8: =(FL8/HG8) - 1 -> 0.26760563 | GB8: =(FM8/HH8) - 1 -> 0.45454545 | GC8: =(FN8/HI8) - 1 -> 0 | GD8: =(FO8/HJ8) - 1 -> 0.33082707 | GE8: =(FP8/HK8) - 1 -> 0.092963534 | ... GJ8: =(FU8/HP8) - 1 -> 0.31292517 | GL8: 0.32291667 | GM8: =#REF!+'StGenis total'!GM8+'Mategnin Total'!GM8+'PdG Nord Total'!GM8 -> #REF! | GN8: =#REF!+'StGenis total'!GN8+'Mategnin Total'!GN8+'PdG Nord Total'!GN8 -> #REF! | GO8: =#REF!+'StGenis total'!GO8+'Mategnin Total'!GO8+'PdG Nord Total'!GO8 -> #REF! | GP8: =#REF!+'StGenis total'!GP8+'Mategnin Total'!GP8+'PdG Nord Total'!GP8 -> #REF! | GQ8: =#REF!+'StGenis total'!GQ8+'Mategnin Total'!GQ8+'PdG Nord Total'!GQ8 -> #REF! | GR8: =#REF!+'StGenis total'!GR8+'Mategnin Total'!GR8+'PdG Nord Total'!GR8 -> #REF! | GS8: =#REF!+'StGenis total'!GS8+'Mategnin Total'!GS8+'PdG Nord Total'!GS8 -> #REF! | GT8: =#REF!+'StGenis total'!GT8+'Mategnin Total'!GT8+'PdG Nord Total'!GT8 -> #REF! | ... HB8: =#REF!+'StGenis total'!HB8+'Mategnin Total'!HB8+'PdG Nord Total'!HB8 -> #REF! | HD8: 96 | HE8: 51 | HF8: 0.34693878 | HG8: 71 | HH8: 55 | HI8: 7 | HJ8: 133 | HK8: 0.41353383 | HL8: 0.052631579 | HM8: 14 | HN8: 132 | HO8: 15 | HP8: 147 | HR8: 45 | HS8: 30 | HT8: 0.4 | HU8: 38 | HV8: 24 | HW8: 6 | HX8: 68 | HY8: 0.35294118 | HZ8: 0.088235294 | IA8: 7 | IB8: 68 | IC8: 7 | ID8: 75 | IF8: =(HD8/HR8) - 1 -> 1.1333333 | IG8: =(HE8/HS8) - 1 -> 0.7 | IH8: =(HF8/HT8) - 1 -> -0.13265306 | II8: =(HG8/HU8) - 1 -> 0.86842105 | IJ8: =(HH8/HV8) - 1 -> 1.2916667 | IK8: =(HI8/HW8) - 1 -> 0.16666667 | IL8: =(HJ8/HX8) - 1 -> 0.95588235 | IM8: =(HK8/HY8) - 1 -> 0.1716792 | ... IR8: =(HP8/ID8) - 1 -> 0.96
A9: 0.33333333 | B9: ='PdG Nord Total'!B9+'PdG Sud Total'!B9+'PdG Centre Total'!B9 -> 87 | C9: ='PdG Nord Total'!C9+'PdG Sud Total'!C9+'PdG Centre Total'!C9 -> 31 | D9: ='PdG Nord Total'!D9+'PdG Sud Total'!D9+'PdG Centre Total'!D9 -> 86 | E9: ='PdG Nord Total'!E9+'PdG Sud Total'!E9+'PdG Centre Total'!E9 -> 52 | F9: ='PdG Nord Total'!F9+'PdG Sud Total'!F9+'PdG Centre Total'!F9 -> 8 | G9: ='PdG Nord Total'!G9+'PdG Sud Total'!G9+'PdG Centre Total'!G9 -> 3 | H9: ='PdG Nord Total'!H9+'PdG Sud Total'!H9+'PdG Centre Total'!H9 -> 6 | I9: ='PdG Nord Total'!I9+'PdG Sud Total'!I9+'PdG Centre Total'!I9 -> 7 | ... U9: ='PdG Nord Total'!U9+'PdG Sud Total'!U9+'PdG Centre Total'!U9 -> 6 | W9: =B9+D9+F9+H9+J9+L9+N9+P9+R9+T9 -> 227 | X9: =C9+E9+G9+I9+K9+M9+O9+Q9+S9+U9 -> 119 | Y9: =X9/(X9+W9) -> 0.34393064 | Z9: =B9+C9+L9+M9 -> 128 | AA9: =D9+E9+N9+O9+F9+G9+P9+Q9 -> 157 | AB9: =F9+G9+P9+Q9 -> 12 | AC9: =H9+I9+R9+S9 -> 13 | AD9: =Z9+AA9+AC9 -> 298 | AE9: =AA9/(Z9+AA9) -> 0.55087719 | AF9: =AC9/AD9 -> 0.043624161 | AG9: =J9+K9+T9+U9 -> 48 | AH9: =SUM(B9:K9) -> 315 | AI9: =SUM(L9:U9) -> 31 | AJ9: =SUM(B9:U9) -> 346 | AM9: =(W9/BS9) - 1 -> 0.10731707 | AN9: =(X9/BT9) - 1 -> 0.043859649 | AO9: =(Y9/BU9) - 1 -> -0.037597607 | AP9: =(Z9/BV9) - 1 -> -0.072463768 | AQ9: =(AA9/BW9) - 1 -> 0.1459854 | AR9: =(AC9/BX9) - 1 -> -0.27777778 | AS9: =(AD9/BY9) - 1 -> 0.017064846 | AT9: =(AE9/BZ9) - 1 -> 0.10577539 | AU9: =(AF9/CA9) - 1 -> -0.2898956 | AV9: =(AG9/CB9) - 1 -> 0.84615385 | AW9: =(AH9/CC9) - 1 -> 0.13309353 | AX9: =(AI9/CD9) - 1 -> -0.24390244 | AY9: =(AJ9/CE9) - 1 -> 0.084639498 | BA9: 0.33333333 | BB9: ='Ferney->Genève'!BB9+'StGenis total'!BB9+'Mategnin Total'!BB9+'PdG Nord Total'!BB9+'PdG Sud Total'!BB9 -> 89 | BC9: ='Ferney->Genève'!BC9+'StGenis total'!BC9+'Mategnin Total'!BC9+'PdG Nord Total'!BC9+'PdG Sud Total'!BC9 -> 26 | BD9: ='Ferney->Genève'!BD9+'StGenis total'!BD9+'Mategnin Total'!BD9+'PdG Nord Total'!BD9+'PdG Sud Total'!BD9 -> 64 | BE9: ='Ferney->Genève'!BE9+'StGenis total'!BE9+'Mategnin Total'!BE9+'PdG Nord Total'!BE9+'PdG Sud Total'!BE9 -> 62 | BF9: ='Ferney->Genève'!BF9+'StGenis total'!BF9+'Mategnin Total'!BF9+'PdG Nord Total'!BF9+'PdG Sud Total'!BF9 -> 9 | BG9: ='Ferney->Genève'!BG9+'StGenis total'!BG9+'Mategnin Total'!BG9+'PdG Nord Total'!BG9+'PdG Sud Total'!BG9 -> 7 | BH9: ='Ferney->Genève'!BH9+'StGenis total'!BH9+'Mategnin Total'!BH9+'PdG Nord Total'!BH9+'PdG Sud Total'!BH9 -> 16 | BI9: ='Ferney->Genève'!BI9+'StGenis total'!BI9+'Mategnin Total'!BI9+'PdG Nord Total'!BI9+'PdG Sud Total'!BI9 -> 5 | ... BQ9: ='Ferney->Genève'!BQ9+'StGenis total'!BQ9+'Mategnin Total'!BQ9+'PdG Nord Total'!BQ9+'PdG Sud Total'!BQ9 -> 3 | BS9: =BB9+BD9+BF9+BH9+BJ9+BL9+BN9+BP9 -> 205 | BT9: =BC9+BE9+BG9+BI9+BK9+BM9+BO9+BQ9 -> 114 | BU9: =BT9/(BT9+BS9) -> 0.35736677 | BV9: =BB9+BC9+BJ9+BK9 -> 138 | BW9: =BD9+BE9+BL9+BM9 -> 137 | BX9: =BF9+BG9+BN9+BO9 -> 18 | BY9: =SUM(BV9:BX9) -> 293 | BZ9: =BW9/(BW9+BV9) -> 0.49818182 | CA9: =BX9/BY9 -> 0.061433447 | CB9: =BH9+BI9+BP9+BQ9 -> 26 | CC9: =SUM(BB9:BI9) -> 278 | CD9: =SUM(BJ9:BQ9) -> 41 | CE9: =SUM(BB9:BQ9) -> 319 | CH9: =(BS9/DN9) - 1 -> 0.062176166 | CI9: =(BT9/DO9) - 1 -> 0.15151515 | CJ9: =(BU9/DP9) - 1 -> 0.054051487 | CK9: =(BV9/DQ9) - 1 -> 0.053435115 | CL9: =(BW9/DR9) - 1 -> 0.18103448 | CM9: =(BX9/DS9) - 1 -> 0 | CN9: =(BY9/DT9) - 1 -> 0.10566038 | CO9: =(BZ9/DU9) - 1 -> 0.13808777 | ... CT9: =(CE9/DZ9) - 1 -> 0.092465753 | CV9: 0.33333333 | CW9: ='Ferney->Genève'!CW9+'StGenis total'!CW9+'Mategnin Total'!CW9+'PdG Nord Total'!CW9+'PdG Sud Total'!CW9 -> 91 | CX9: ='Ferney->Genève'!CX9+'StGenis total'!CX9+'Mategnin Total'!CX9+'PdG Nord Total'!CX9+'PdG Sud Total'!CX9 -> 27 | CY9: ='Ferney->Genève'!CY9+'StGenis total'!CY9+'Mategnin Total'!CY9+'PdG Nord Total'!CY9+'PdG Sud Total'!CY9 -> 52 | CZ9: ='Ferney->Genève'!CZ9+'StGenis total'!CZ9+'Mategnin Total'!CZ9+'PdG Nord Total'!CZ9+'PdG Sud Total'!CZ9 -> 54 | DA9: ='Ferney->Genève'!DA9+'StGenis total'!DA9+'Mategnin Total'!DA9+'PdG Nord Total'!DA9+'PdG Sud Total'!DA9 -> 12 | DB9: ='Ferney->Genève'!DB9+'StGenis total'!DB9+'Mategnin Total'!DB9+'PdG Nord Total'!DB9+'PdG Sud Total'!DB9 -> 4 | DC9: ='Ferney->Genève'!DC9+'StGenis total'!DC9+'Mategnin Total'!DC9+'PdG Nord Total'!DC9+'PdG Sud Total'!DC9 -> 16 | DD9: ='Ferney->Genève'!DD9+'StGenis total'!DD9+'Mategnin Total'!DD9+'PdG Nord Total'!DD9+'PdG Sud Total'!DD9 -> 8 | ... DL9: ='Ferney->Genève'!DL9+'StGenis total'!DL9+'Mategnin Total'!DL9+'PdG Nord Total'!DL9+'PdG Sud Total'!DL9 -> 2 | DN9: =CW9+CY9+DA9+DC9+DE9+DG9+DI9+DK9 -> 193 | DO9: =CX9+CZ9+DB9+DD9+DF9+DH9+DJ9+DL9 -> 99 | DP9: =DO9/(DO9+DN9) -> 0.3390411 | DQ9: =CW9+CX9+DE9+DF9 -> 131 | DR9: =CY9+CZ9+DG9+DH9 -> 116 | DS9: =DA9+DB9+DI9+DJ9 -> 18 | DT9: =SUM(DQ9:DS9) -> 265 | DU9: =DR9/DT9 -> 0.43773585 | DV9: =DS9/DT9 -> 0.067924528 | DW9: =DC9+DD9+DK9+DL9 -> 27 | DX9: =SUM(CW9:DD9) -> 264 | DY9: =SUM(DE9:DL9) -> 28 | DZ9: =SUM(CW9:DL9) -> 292 | EC9: =(DN9/FI9) - 1 -> 0.5078125 | ED9: =(DO9/FJ9) - 1 -> 0.45588235 | EE9: =(DP9/FK9) - 1 -> -0.0227639 | EF9: =(DQ9/FL9) - 1 -> 0.37894737 | EG9: =(DR9/FM9) - 1 -> 0.73134328 | EH9: =(DS9/FN9) - 1 -> 0.8 | EI9: =(DT9/FO9) - 1 -> 0.54069767 | EJ9: =(DU9/FP9) - 1 -> 0.12373979 | ... EO9: =(DZ9/FU9) - 1 -> 0.48979592 | EQ9: 0.33333333 | ER9: ='Ferney->Genève'!ER9+'StGenis total'!ER9+'Mategnin Total'!ER9+'PdG Nord Total'!ER9+'PdG Sud Total'!ER9 -> 62 | ES9: ='Ferney->Genève'!ES9+'StGenis total'!ES9+'Mategnin Total'!ES9+'PdG Nord Total'!ES9+'PdG Sud Total'!ES9 -> 22 | ET9: ='Ferney->Genève'!ET9+'StGenis total'!ET9+'Mategnin Total'!ET9+'PdG Nord Total'!ET9+'PdG Sud Total'!ET9 -> 33 | EU9: ='Ferney->Genève'!EU9+'StGenis total'!EU9+'Mategnin Total'!EU9+'PdG Nord Total'!EU9+'PdG Sud Total'!EU9 -> 26 | EV9: ='Ferney->Genève'!EV9+'StGenis total'!EV9+'Mategnin Total'!EV9+'PdG Nord Total'!EV9+'PdG Sud Total'!EV9 -> 9 | EW9: ='Ferney->Genève'!EW9+'StGenis total'!EW9+'Mategnin Total'!EW9+'PdG Nord Total'!EW9+'PdG Sud Total'!EW9 -> 1 | EX9: ='Ferney->Genève'!EX9+'StGenis total'!EX9+'Mategnin Total'!EX9+'PdG Nord Total'!EX9+'PdG Sud Total'!EX9 -> 9 | EY9: ='Ferney->Genève'!EY9+'StGenis total'!EY9+'Mategnin Total'!EY9+'PdG Nord Total'!EY9+'PdG Sud Total'!EY9 -> 10 | ... FG9: ='Ferney->Genève'!FG9+'StGenis total'!FG9+'Mategnin Total'!FG9+'PdG Nord Total'!FG9+'PdG Sud Total'!FG9 -> 4 | FI9: =ER9+ET9+EV9+EX9+EZ9+FB9+FD9+FF9 -> 128 | FJ9: =ES9+EU9+EW9+EY9+FA9+FC9+FE9+FG9 -> 68 | FK9: =FJ9/(FJ9+FI9) -> 0.34693878 | FL9: =ER9+ES9+EZ9+FA9 -> 95 | FM9: =ET9+EU9+FB9+FC9 -> 67 | FN9: =EV9+EW9+FD9+FE9 -> 10 | FO9: =SUM(FL9:FN9) -> 172 | FP9: =FM9/FO9 -> 0.38953488 | FQ9: =FN9/FO9 -> 0.058139535 | FR9: =EX9+EY9+FF9+FG9 -> 24 | FS9: =SUM(ER9:EY9) -> 172 | FT9: =SUM(EZ9:FG9) -> 24 | FU9: =SUM(ER9:FG9) -> 196 | FX9: =(FI9/HD9) - 1 -> 0.17431193 | FY9: =(FJ9/HE9) - 1 -> 0.83783784 | FZ9: =(FK9/HF9) - 1 -> 0.36900165 | GA9: =(FL9/HG9) - 1 -> 0.13095238 | GB9: =(FM9/HH9) - 1 -> 0.71794872 | GC9: =(FN9/HI9) - 1 -> 1 | GD9: =(FO9/HJ9) - 1 -> 0.34375 | GE9: =(FP9/HK9) - 1 -> 0.27847346 | ... GJ9: =(FU9/HP9) - 1 -> 0.34246575 | GL9: 0.33333333 | GM9: =#REF!+'StGenis total'!GM9+'Mategnin Total'!GM9+'PdG Nord Total'!GM9 -> #REF! | GN9: =#REF!+'StGenis total'!GN9+'Mategnin Total'!GN9+'PdG Nord Total'!GN9 -> #REF! | GO9: =#REF!+'StGenis total'!GO9+'Mategnin Total'!GO9+'PdG Nord Total'!GO9 -> #REF! | GP9: =#REF!+'StGenis total'!GP9+'Mategnin Total'!GP9+'PdG Nord Total'!GP9 -> #REF! | GQ9: =#REF!+'StGenis total'!GQ9+'Mategnin Total'!GQ9+'PdG Nord Total'!GQ9 -> #REF! | GR9: =#REF!+'StGenis total'!GR9+'Mategnin Total'!GR9+'PdG Nord Total'!GR9 -> #REF! | GS9: =#REF!+'StGenis total'!GS9+'Mategnin Total'!GS9+'PdG Nord Total'!GS9 -> #REF! | GT9: =#REF!+'StGenis total'!GT9+'Mategnin Total'!GT9+'PdG Nord Total'!GT9 -> #REF! | ... HB9: =#REF!+'StGenis total'!HB9+'Mategnin Total'!HB9+'PdG Nord Total'!HB9 -> #REF! | HD9: 109 | HE9: 37 | HF9: 0.25342466 | HG9: 84 | HH9: 39 | HI9: 5 | HJ9: 128 | HK9: 0.3046875 | HL9: 0.0390625 | HM9: 18 | HN9: 129 | HO9: 17 | HP9: 146 | HR9: 47 | HS9: 24 | HT9: 0.33802817 | HU9: 40 | HV9: 20 | HW9: 2 | HX9: 62 | HY9: 0.32258065 | HZ9: 0.032258065 | IA9: 9 | IB9: 63 | IC9: 8 | ID9: 71 | IF9: =(HD9/HR9) - 1 -> 1.3191489 | IG9: =(HE9/HS9) - 1 -> 0.54166667 | IH9: =(HF9/HT9) - 1 -> -0.25028539 | II9: =(HG9/HU9) - 1 -> 1.1 | IJ9: =(HH9/HV9) - 1 -> 0.95 | IK9: =(HI9/HW9) - 1 -> 1.5 | IL9: =(HJ9/HX9) - 1 -> 1.0645161 | IM9: =(HK9/HY9) - 1 -> -0.05546875 | ... IR9: =(HP9/ID9) - 1 -> 1.056338
A10: 0.34375 | B10: ='PdG Nord Total'!B10+'PdG Sud Total'!B10+'PdG Centre Total'!B10 -> 106 | C10: ='PdG Nord Total'!C10+'PdG Sud Total'!C10+'PdG Centre Total'!C10 -> 25 | D10: ='PdG Nord Total'!D10+'PdG Sud Total'!D10+'PdG Centre Total'!D10 -> 68 | E10: ='PdG Nord Total'!E10+'PdG Sud Total'!E10+'PdG Centre Total'!E10 -> 55 | F10: ='PdG Nord Total'!F10+'PdG Sud Total'!F10+'PdG Centre Total'!F10 -> 8 | G10: ='PdG Nord Total'!G10+'PdG Sud Total'!G10+'PdG Centre Total'!G10 -> 6 | H10: ='PdG Nord Total'!H10+'PdG Sud Total'!H10+'PdG Centre Total'!H10 -> 7 | I10: ='PdG Nord Total'!I10+'PdG Sud Total'!I10+'PdG Centre Total'!I10 -> 5 | ... U10: ='PdG Nord Total'!U10+'PdG Sud Total'!U10+'PdG Centre Total'!U10 -> 6 | W10: =B10+D10+F10+H10+J10+L10+N10+P10+R10+T10 -> 228 | X10: =C10+E10+G10+I10+K10+M10+O10+Q10+S10+U10 -> 122 | Y10: =X10/(X10+W10) -> 0.34857143 | Z10: =B10+C10+L10+M10 -> 137 | AA10: =D10+E10+N10+O10+F10+G10+P10+Q10 -> 151 | AB10: =F10+G10+P10+Q10 -> 15 | AC10: =H10+I10+R10+S10 -> 13 | AD10: =Z10+AA10+AC10 -> 301 | AE10: =AA10/(Z10+AA10) -> 0.52430556 | AF10: =AC10/AD10 -> 0.043189369 | AG10: =J10+K10+T10+U10 -> 49 | AH10: =SUM(B10:K10) -> 319 | AI10: =SUM(L10:U10) -> 31 | AJ10: =SUM(B10:U10) -> 350 | AM10: =(W10/BS10) - 1 -> 0.24590164 | AN10: =(X10/BT10) - 1 -> 0.18446602 | AO10: =(Y10/BU10) - 1 -> -0.032122053 | AP10: =(Z10/BV10) - 1 -> 0.12295082 | AQ10: =(AA10/BW10) - 1 -> 0.31304348 | AR10: =(AC10/BX10) - 1 -> -0.48 | AS10: =(AD10/BY10) - 1 -> 0.14885496 | AT10: =(AE10/BZ10) - 1 -> 0.080525362 | AU10: =(AF10/CA10) - 1 -> -0.54737542 | AV10: =(AG10/CB10) - 1 -> 1.0416667 | AW10: =(AH10/CC10) - 1 -> 0.21292776 | AX10: =(AI10/CD10) - 1 -> 0.34782609 | AY10: =(AJ10/CE10) - 1 -> 0.22377622 | BA10: 0.34375 | BB10: ='Ferney->Genève'!BB10+'StGenis total'!BB10+'Mategnin Total'!BB10+'PdG Nord Total'!BB10+'PdG Sud Total'!BB10 -> 89 | BC10: ='Ferney->Genève'!BC10+'StGenis total'!BC10+'Mategnin Total'!BC10+'PdG Nord Total'!BC10+'PdG Sud Total'!BC10 -> 26 | BD10: ='Ferney->Genève'!BD10+'StGenis total'!BD10+'Mategnin Total'!BD10+'PdG Nord Total'!BD10+'PdG Sud Total'!BD10 -> 45 | BE10: ='Ferney->Genève'!BE10+'StGenis total'!BE10+'Mategnin Total'!BE10+'PdG Nord Total'!BE10+'PdG Sud Total'!BE10 -> 59 | BF10: ='Ferney->Genève'!BF10+'StGenis total'!BF10+'Mategnin Total'!BF10+'PdG Nord Total'!BF10+'PdG Sud Total'!BF10 -> 19 | BG10: ='Ferney->Genève'!BG10+'StGenis total'!BG10+'Mategnin Total'!BG10+'PdG Nord Total'!BG10+'PdG Sud Total'!BG10 -> 4 | BH10: ='Ferney->Genève'!BH10+'StGenis total'!BH10+'Mategnin Total'!BH10+'PdG Nord Total'!BH10+'PdG Sud Total'!BH10 -> 14 | BI10: ='Ferney->Genève'!BI10+'StGenis total'!BI10+'Mategnin Total'!BI10+'PdG Nord Total'!BI10+'PdG Sud Total'!BI10 -> 7 | ... BQ10: ='Ferney->Genève'!BQ10+'StGenis total'!BQ10+'Mategnin Total'!BQ10+'PdG Nord Total'!BQ10+'PdG Sud Total'!BQ10 -> 1 | BS10: =BB10+BD10+BF10+BH10+BJ10+BL10+BN10+BP10 -> 183 | BT10: =BC10+BE10+BG10+BI10+BK10+BM10+BO10+BQ10 -> 103 | BU10: =BT10/(BT10+BS10) -> 0.36013986 | BV10: =BB10+BC10+BJ10+BK10 -> 122 | BW10: =BD10+BE10+BL10+BM10 -> 115 | BX10: =BF10+BG10+BN10+BO10 -> 25 | BY10: =SUM(BV10:BX10) -> 262 | BZ10: =BW10/(BW10+BV10) -> 0.48523207 | CA10: =BX10/BY10 -> 0.095419847 | CB10: =BH10+BI10+BP10+BQ10 -> 24 | CC10: =SUM(BB10:BI10) -> 263 | CD10: =SUM(BJ10:BQ10) -> 23 | CE10: =SUM(BB10:BQ10) -> 286 | CH10: =(BS10/DN10) - 1 -> -0.12857143 | CI10: =(BT10/DO10) - 1 -> -0.028301887 | CJ10: =(BU10/DP10) - 1 -> 0.073624489 | CK10: =(BV10/DQ10) - 1 -> -0.24223602 | CL10: =(BW10/DR10) - 1 -> 0.074766355 | CM10: =(BX10/DS10) - 1 -> 0.5625 | CN10: =(BY10/DT10) - 1 -> -0.077464789 | CO10: =(BZ10/DU10) - 1 -> 0.28790567 | ... CT10: =(CE10/DZ10) - 1 -> -0.094936709 | CV10: 0.34375 | CW10: ='Ferney->Genève'!CW10+'StGenis total'!CW10+'Mategnin Total'!CW10+'PdG Nord Total'!CW10+'PdG Sud Total'!CW10 -> 113 | CX10: ='Ferney->Genève'!CX10+'StGenis total'!CX10+'Mategnin Total'!CX10+'PdG Nord Total'!CX10+'PdG Sud Total'!CX10 -> 36 | CY10: ='Ferney->Genève'!CY10+'StGenis total'!CY10+'Mategnin Total'!CY10+'PdG Nord Total'!CY10+'PdG Sud Total'!CY10 -> 54 | CZ10: ='Ferney->Genève'!CZ10+'StGenis total'!CZ10+'Mategnin Total'!CZ10+'PdG Nord Total'!CZ10+'PdG Sud Total'!CZ10 -> 46 | DA10: ='Ferney->Genève'!DA10+'StGenis total'!DA10+'Mategnin Total'!DA10+'PdG Nord Total'!DA10+'PdG Sud Total'!DA10 -> 13 | DB10: ='Ferney->Genève'!DB10+'StGenis total'!DB10+'Mategnin Total'!DB10+'PdG Nord Total'!DB10+'PdG Sud Total'!DB10 -> 2 | DC10: ='Ferney->Genève'!DC10+'StGenis total'!DC10+'Mategnin Total'!DC10+'PdG Nord Total'!DC10+'PdG Sud Total'!DC10 -> 16 | DD10: ='Ferney->Genève'!DD10+'StGenis total'!DD10+'Mategnin Total'!DD10+'PdG Nord Total'!DD10+'PdG Sud Total'!DD10 -> 9 | ... DL10: ='Ferney->Genève'!DL10+'StGenis total'!DL10+'Mategnin Total'!DL10+'PdG Nord Total'!DL10+'PdG Sud Total'!DL10 -> 4 | DN10: =CW10+CY10+DA10+DC10+DE10+DG10+DI10+DK10 -> 210 | DO10: =CX10+CZ10+DB10+DD10+DF10+DH10+DJ10+DL10 -> 106 | DP10: =DO10/(DO10+DN10) -> 0.33544304 | DQ10: =CW10+CX10+DE10+DF10 -> 161 | DR10: =CY10+CZ10+DG10+DH10 -> 107 | DS10: =DA10+DB10+DI10+DJ10 -> 16 | DT10: =SUM(DQ10:DS10) -> 284 | DU10: =DR10/DT10 -> 0.37676056 | DV10: =DS10/DT10 -> 0.056338028 | DW10: =DC10+DD10+DK10+DL10 -> 32 | DX10: =SUM(CW10:DD10) -> 289 | DY10: =SUM(DE10:DL10) -> 27 | DZ10: =SUM(CW10:DL10) -> 316 | EC10: =(DN10/FI10) - 1 -> 0.2962963 | ED10: =(DO10/FJ10) - 1 -> 0.43243243 | EE10: =(DP10/FK10) - 1 -> 0.06979131 | EF10: =(DQ10/FL10) - 1 -> 0.31967213 | EG10: =(DR10/FM10) - 1 -> 0.28915663 | EH10: =(DS10/FN10) - 1 -> 1.2857143 | EI10: =(DT10/FO10) - 1 -> 0.33962264 | EJ10: =(DU10/FP10) - 1 -> -0.037671814 | ... EO10: =(DZ10/FU10) - 1 -> 0.33898305 | EQ10: 0.34375 | ER10: ='Ferney->Genève'!ER10+'StGenis total'!ER10+'Mategnin Total'!ER10+'PdG Nord Total'!ER10+'PdG Sud Total'!ER10 -> 88 | ES10: ='Ferney->Genève'!ES10+'StGenis total'!ES10+'Mategnin Total'!ES10+'PdG Nord Total'!ES10+'PdG Sud Total'!ES10 -> 22 | ET10: ='Ferney->Genève'!ET10+'StGenis total'!ET10+'Mategnin Total'!ET10+'PdG Nord Total'!ET10+'PdG Sud Total'!ET10 -> 42 | EU10: ='Ferney->Genève'!EU10+'StGenis total'!EU10+'Mategnin Total'!EU10+'PdG Nord Total'!EU10+'PdG Sud Total'!EU10 -> 37 | EV10: ='Ferney->Genève'!EV10+'StGenis total'!EV10+'Mategnin Total'!EV10+'PdG Nord Total'!EV10+'PdG Sud Total'!EV10 -> 4 | EW10: ='Ferney->Genève'!EW10+'StGenis total'!EW10+'Mategnin Total'!EW10+'PdG Nord Total'!EW10+'PdG Sud Total'!EW10 -> 3 | EX10: ='Ferney->Genève'!EX10+'StGenis total'!EX10+'Mategnin Total'!EX10+'PdG Nord Total'!EX10+'PdG Sud Total'!EX10 -> 12 | EY10: ='Ferney->Genève'!EY10+'StGenis total'!EY10+'Mategnin Total'!EY10+'PdG Nord Total'!EY10+'PdG Sud Total'!EY10 -> 3 | ... FG10: ='Ferney->Genève'!FG10+'StGenis total'!FG10+'Mategnin Total'!FG10+'PdG Nord Total'!FG10+'PdG Sud Total'!FG10 -> 5 | FI10: =ER10+ET10+EV10+EX10+EZ10+FB10+FD10+FF10 -> 162 | FJ10: =ES10+EU10+EW10+EY10+FA10+FC10+FE10+FG10 -> 74 | FK10: =FJ10/(FJ10+FI10) -> 0.31355932 | FL10: =ER10+ES10+EZ10+FA10 -> 122 | FM10: =ET10+EU10+FB10+FC10 -> 83 | FN10: =EV10+EW10+FD10+FE10 -> 7 | FO10: =SUM(FL10:FN10) -> 212 | FP10: =FM10/FO10 -> 0.39150943 | FQ10: =FN10/FO10 -> 0.033018868 | FR10: =EX10+EY10+FF10+FG10 -> 24 | FS10: =SUM(ER10:EY10) -> 211 | FT10: =SUM(EZ10:FG10) -> 25 | FU10: =SUM(ER10:FG10) -> 236 | FX10: =(FI10/HD10) - 1 -> 0.57281553 | FY10: =(FJ10/HE10) - 1 -> 0.94736842 | FZ10: =(FK10/HF10) - 1 -> 0.16347012 | GA10: =(FL10/HG10) - 1 -> 0.79411765 | GB10: =(FM10/HH10) - 1 -> 0.97619048 | GC10: =(FN10/HI10) - 1 -> 0.16666667 | GD10: =(FO10/HJ10) - 1 -> 0.82758621 | GE10: =(FP10/HK10) - 1 -> 0.08131177 | ... GJ10: =(FU10/HP10) - 1 -> 0.67375887 | GL10: 0.34375 | GM10: =#REF!+'StGenis total'!GM10+'Mategnin Total'!GM10+'PdG Nord Total'!GM10 -> #REF! | GN10: =#REF!+'StGenis total'!GN10+'Mategnin Total'!GN10+'PdG Nord Total'!GN10 -> #REF! | GO10: =#REF!+'StGenis total'!GO10+'Mategnin Total'!GO10+'PdG Nord Total'!GO10 -> #REF! | GP10: =#REF!+'StGenis total'!GP10+'Mategnin Total'!GP10+'PdG Nord Total'!GP10 -> #REF! | GQ10: =#REF!+'StGenis total'!GQ10+'Mategnin Total'!GQ10+'PdG Nord Total'!GQ10 -> #REF! | GR10: =#REF!+'StGenis total'!GR10+'Mategnin Total'!GR10+'PdG Nord Total'!GR10 -> #REF! | GS10: =#REF!+'StGenis total'!GS10+'Mategnin Total'!GS10+'PdG Nord Total'!GS10 -> #REF! | GT10: =#REF!+'StGenis total'!GT10+'Mategnin Total'!GT10+'PdG Nord Total'!GT10 -> #REF! | ... HB10: =#REF!+'StGenis total'!HB10+'Mategnin Total'!HB10+'PdG Nord Total'!HB10 -> #REF! | HD10: 103 | HE10: 38 | HF10: 0.26950355 | HG10: 68 | HH10: 42 | HI10: 6 | HJ10: 116 | HK10: 0.36206897 | HL10: 0.051724138 | HM10: 25 | HN10: 121 | HO10: 20 | HP10: 141 | HR10: 48 | HS10: 39 | HT10: 0.44827586 | HU10: 40 | HV10: 27 | HW10: 6 | HX10: 73 | HY10: 0.36986301 | HZ10: 0.082191781 | IA10: 14 | IB10: 74 | IC10: 13 | ID10: 87 | IF10: =(HD10/HR10) - 1 -> 1.1458333 | IG10: =(HE10/HS10) - 1 -> -0.025641026 | IH10: =(HF10/HT10) - 1 -> -0.39879978 | II10: =(HG10/HU10) - 1 -> 0.7 | IJ10: =(HH10/HV10) - 1 -> 0.55555556 | IK10: =(HI10/HW10) - 1 -> 0 | IL10: =(HJ10/HX10) - 1 -> 0.5890411 | IM10: =(HK10/HY10) - 1 -> -0.021072797 | ... IR10: =(HP10/ID10) - 1 -> 0.62068966
A11: 0.35416667 | B11: ='PdG Nord Total'!B11+'PdG Sud Total'!B11+'PdG Centre Total'!B11 -> 85 | C11: ='PdG Nord Total'!C11+'PdG Sud Total'!C11+'PdG Centre Total'!C11 -> 26 | D11: ='PdG Nord Total'!D11+'PdG Sud Total'!D11+'PdG Centre Total'!D11 -> 70 | E11: ='PdG Nord Total'!E11+'PdG Sud Total'!E11+'PdG Centre Total'!E11 -> 60 | F11: ='PdG Nord Total'!F11+'PdG Sud Total'!F11+'PdG Centre Total'!F11 -> 8 | G11: ='PdG Nord Total'!G11+'PdG Sud Total'!G11+'PdG Centre Total'!G11 -> 5 | H11: ='PdG Nord Total'!H11+'PdG Sud Total'!H11+'PdG Centre Total'!H11 -> 10 | I11: ='PdG Nord Total'!I11+'PdG Sud Total'!I11+'PdG Centre Total'!I11 -> 4 | ... U11: ='PdG Nord Total'!U11+'PdG Sud Total'!U11+'PdG Centre Total'!U11 -> 4 | W11: =B11+D11+F11+H11+J11+L11+N11+P11+R11+T11 -> 212 | X11: =C11+E11+G11+I11+K11+M11+O11+Q11+S11+U11 -> 113 | Y11: =X11/(X11+W11) -> 0.34769231 | Z11: =B11+C11+L11+M11 -> 120 | AA11: =D11+E11+N11+O11+F11+G11+P11+Q11 -> 152 | AB11: =F11+G11+P11+Q11 -> 16 | AC11: =H11+I11+R11+S11 -> 17 | AD11: =Z11+AA11+AC11 -> 289 | AE11: =AA11/(Z11+AA11) -> 0.55882353 | AF11: =AC11/AD11 -> 0.058823529 | AG11: =J11+K11+T11+U11 -> 36 | AH11: =SUM(B11:K11) -> 296 | AI11: =SUM(L11:U11) -> 29 | AJ11: =SUM(B11:U11) -> 325 | AM11: =(W11/BS11) - 1 -> -0.049327354 | AN11: =(X11/BT11) - 1 -> 0.097087379 | AO11: =(Y11/BU11) - 1 -> 0.10046303 | AP11: =(Z11/BV11) - 1 -> -0.22580645 | AQ11: =(AA11/BW11) - 1 -> 0.15151515 | AR11: =(AC11/BX11) - 1 -> 0.13333333 | AS11: =(AD11/BY11) - 1 -> -0.043046358 | AT11: =(AE11/BZ11) - 1 -> 0.21501783 | AU11: =(AF11/CA11) - 1 -> 0.18431373 | AV11: =(AG11/CB11) - 1 -> 0.5 | AW11: =(AH11/CC11) - 1 -> 0.027777778 | AX11: =(AI11/CD11) - 1 -> -0.23684211 | AY11: =(AJ11/CE11) - 1 -> -0.0030674847 | BA11: 0.35416667 | BB11: ='Ferney->Genève'!BB11+'StGenis total'!BB11+'Mategnin Total'!BB11+'PdG Nord Total'!BB11+'PdG Sud Total'!BB11 -> 106 | BC11: ='Ferney->Genève'!BC11+'StGenis total'!BC11+'Mategnin Total'!BC11+'PdG Nord Total'!BC11+'PdG Sud Total'!BC11 -> 29 | BD11: ='Ferney->Genève'!BD11+'StGenis total'!BD11+'Mategnin Total'!BD11+'PdG Nord Total'!BD11+'PdG Sud Total'!BD11 -> 65 | BE11: ='Ferney->Genève'!BE11+'StGenis total'!BE11+'Mategnin Total'!BE11+'PdG Nord Total'!BE11+'PdG Sud Total'!BE11 -> 57 | BF11: ='Ferney->Genève'!BF11+'StGenis total'!BF11+'Mategnin Total'!BF11+'PdG Nord Total'!BF11+'PdG Sud Total'!BF11 -> 9 | BG11: ='Ferney->Genève'!BG11+'StGenis total'!BG11+'Mategnin Total'!BG11+'PdG Nord Total'!BG11+'PdG Sud Total'!BG11 -> 3 | BH11: ='Ferney->Genève'!BH11+'StGenis total'!BH11+'Mategnin Total'!BH11+'PdG Nord Total'!BH11+'PdG Sud Total'!BH11 -> 15 | BI11: ='Ferney->Genève'!BI11+'StGenis total'!BI11+'Mategnin Total'!BI11+'PdG Nord Total'!BI11+'PdG Sud Total'!BI11 -> 4 | ... BQ11: ='Ferney->Genève'!BQ11+'StGenis total'!BQ11+'Mategnin Total'!BQ11+'PdG Nord Total'!BQ11+'PdG Sud Total'!BQ11 -> 1 | BS11: =BB11+BD11+BF11+BH11+BJ11+BL11+BN11+BP11 -> 223 | BT11: =BC11+BE11+BG11+BI11+BK11+BM11+BO11+BQ11 -> 103 | BU11: =BT11/(BT11+BS11) -> 0.31595092 | BV11: =BB11+BC11+BJ11+BK11 -> 155 | BW11: =BD11+BE11+BL11+BM11 -> 132 | BX11: =BF11+BG11+BN11+BO11 -> 15 | BY11: =SUM(BV11:BX11) -> 302 | BZ11: =BW11/(BW11+BV11) -> 0.45993031 | CA11: =BX11/BY11 -> 0.049668874 | CB11: =BH11+BI11+BP11+BQ11 -> 24 | CC11: =SUM(BB11:BI11) -> 288 | CD11: =SUM(BJ11:BQ11) -> 38 | CE11: =SUM(BB11:BQ11) -> 326 | CH11: =(BS11/DN11) - 1 -> 0.042056075 | CI11: =(BT11/DO11) - 1 -> 0.051020408 | CJ11: =(BU11/DP11) - 1 -> 0.0058845624 | CK11: =(BV11/DQ11) - 1 -> -0.03125 | CL11: =(BW11/DR11) - 1 -> 0.29411765 | CM11: =(BX11/DS11) - 1 -> 0.15384615 | CN11: =(BY11/DT11) - 1 -> 0.098181818 | CO11: =(BZ11/DU11) - 1 -> 0.2400082 | ... CT11: =(CE11/DZ11) - 1 -> 0.044871795 | CV11: 0.35416667 | CW11: ='Ferney->Genève'!CW11+'StGenis total'!CW11+'Mategnin Total'!CW11+'PdG Nord Total'!CW11+'PdG Sud Total'!CW11 -> 118 | CX11: ='Ferney->Genève'!CX11+'StGenis total'!CX11+'Mategnin Total'!CX11+'PdG Nord Total'!CX11+'PdG Sud Total'!CX11 -> 30 | CY11: ='Ferney->Genève'!CY11+'StGenis total'!CY11+'Mategnin Total'!CY11+'PdG Nord Total'!CY11+'PdG Sud Total'!CY11 -> 49 | CZ11: ='Ferney->Genève'!CZ11+'StGenis total'!CZ11+'Mategnin Total'!CZ11+'PdG Nord Total'!CZ11+'PdG Sud Total'!CZ11 -> 47 | DA11: ='Ferney->Genève'!DA11+'StGenis total'!DA11+'Mategnin Total'!DA11+'PdG Nord Total'!DA11+'PdG Sud Total'!DA11 -> 10 | DB11: ='Ferney->Genève'!DB11+'StGenis total'!DB11+'Mategnin Total'!DB11+'PdG Nord Total'!DB11+'PdG Sud Total'!DB11 -> 2 | DC11: ='Ferney->Genève'!DC11+'StGenis total'!DC11+'Mategnin Total'!DC11+'PdG Nord Total'!DC11+'PdG Sud Total'!DC11 -> 19 | DD11: ='Ferney->Genève'!DD11+'StGenis total'!DD11+'Mategnin Total'!DD11+'PdG Nord Total'!DD11+'PdG Sud Total'!DD11 -> 11 | ... DL11: ='Ferney->Genève'!DL11+'StGenis total'!DL11+'Mategnin Total'!DL11+'PdG Nord Total'!DL11+'PdG Sud Total'!DL11 -> 3 | DN11: =CW11+CY11+DA11+DC11+DE11+DG11+DI11+DK11 -> 214 | DO11: =CX11+CZ11+DB11+DD11+DF11+DH11+DJ11+DL11 -> 98 | DP11: =DO11/(DO11+DN11) -> 0.31410256 | DQ11: =CW11+CX11+DE11+DF11 -> 160 | DR11: =CY11+CZ11+DG11+DH11 -> 102 | DS11: =DA11+DB11+DI11+DJ11 -> 13 | DT11: =SUM(DQ11:DS11) -> 275 | DU11: =DR11/DT11 -> 0.37090909 | DV11: =DS11/DT11 -> 0.047272727 | DW11: =DC11+DD11+DK11+DL11 -> 37 | DX11: =SUM(CW11:DD11) -> 286 | DY11: =SUM(DE11:DL11) -> 26 | DZ11: =SUM(CW11:DL11) -> 312 | EC11: =(DN11/FI11) - 1 -> 0.39869281 | ED11: =(DO11/FJ11) - 1 -> 0.63333333 | EE11: =(DP11/FK11) - 1 -> 0.1150641 | EF11: =(DQ11/FL11) - 1 -> 0.40350877 | EG11: =(DR11/FM11) - 1 -> 0.52238806 | EH11: =(DS11/FN11) - 1 -> 0.44444444 | EI11: =(DT11/FO11) - 1 -> 0.44736842 | EJ11: =(DU11/FP11) - 1 -> 0.05183175 | ... EO11: =(DZ11/FU11) - 1 -> 0.46478873 | EQ11: 0.35416667 | ER11: ='Ferney->Genève'!ER11+'StGenis total'!ER11+'Mategnin Total'!ER11+'PdG Nord Total'!ER11+'PdG Sud Total'!ER11 -> 79 | ES11: ='Ferney->Genève'!ES11+'StGenis total'!ES11+'Mategnin Total'!ES11+'PdG Nord Total'!ES11+'PdG Sud Total'!ES11 -> 29 | ET11: ='Ferney->Genève'!ET11+'StGenis total'!ET11+'Mategnin Total'!ET11+'PdG Nord Total'!ET11+'PdG Sud Total'!ET11 -> 41 | EU11: ='Ferney->Genève'!EU11+'StGenis total'!EU11+'Mategnin Total'!EU11+'PdG Nord Total'!EU11+'PdG Sud Total'!EU11 -> 20 | EV11: ='Ferney->Genève'!EV11+'StGenis total'!EV11+'Mategnin Total'!EV11+'PdG Nord Total'!EV11+'PdG Sud Total'!EV11 -> 8 | EW11: ='Ferney->Genève'!EW11+'StGenis total'!EW11+'Mategnin Total'!EW11+'PdG Nord Total'!EW11+'PdG Sud Total'!EW11 -> 1 | EX11: ='Ferney->Genève'!EX11+'StGenis total'!EX11+'Mategnin Total'!EX11+'PdG Nord Total'!EX11+'PdG Sud Total'!EX11 -> 14 | EY11: ='Ferney->Genève'!EY11+'StGenis total'!EY11+'Mategnin Total'!EY11+'PdG Nord Total'!EY11+'PdG Sud Total'!EY11 -> 5 | ... FG11: ='Ferney->Genève'!FG11+'StGenis total'!FG11+'Mategnin Total'!FG11+'PdG Nord Total'!FG11+'PdG Sud Total'!FG11 -> 1 | FI11: =ER11+ET11+EV11+EX11+EZ11+FB11+FD11+FF11 -> 153 | FJ11: =ES11+EU11+EW11+EY11+FA11+FC11+FE11+FG11 -> 60 | FK11: =FJ11/(FJ11+FI11) -> 0.28169014 | FL11: =ER11+ES11+EZ11+FA11 -> 114 | FM11: =ET11+EU11+FB11+FC11 -> 67 | FN11: =EV11+EW11+FD11+FE11 -> 9 | FO11: =SUM(FL11:FN11) -> 190 | FP11: =FM11/FO11 -> 0.35263158 | FQ11: =FN11/FO11 -> 0.047368421 | FR11: =EX11+EY11+FF11+FG11 -> 23 | FS11: =SUM(ER11:EY11) -> 197 | FT11: =SUM(EZ11:FG11) -> 16 | FU11: =SUM(ER11:FG11) -> 213 | FX11: =(FI11/HD11) - 1 -> 0.44339623 | FY11: =(FJ11/HE11) - 1 -> 0.71428571 | FZ11: =(FK11/HF11) - 1 -> 0.13480885 | GA11: =(FL11/HG11) - 1 -> 0.37349398 | GB11: =(FM11/HH11) - 1 -> 0.97058824 | GC11: =(FN11/HI11) - 1 -> 0.28571429 | GD11: =(FO11/HJ11) - 1 -> 0.53225806 | GE11: =(FP11/HK11) - 1 -> 0.28606811 | ... GJ11: =(FU11/HP11) - 1 -> 0.5106383 | GL11: 0.35416667 | GM11: =#REF!+'StGenis total'!GM11+'Mategnin Total'!GM11+'PdG Nord Total'!GM11 -> #REF! | GN11: =#REF!+'StGenis total'!GN11+'Mategnin Total'!GN11+'PdG Nord Total'!GN11 -> #REF! | GO11: =#REF!+'StGenis total'!GO11+'Mategnin Total'!GO11+'PdG Nord Total'!GO11 -> #REF! | GP11: =#REF!+'StGenis total'!GP11+'Mategnin Total'!GP11+'PdG Nord Total'!GP11 -> #REF! | GQ11: =#REF!+'StGenis total'!GQ11+'Mategnin Total'!GQ11+'PdG Nord Total'!GQ11 -> #REF! | GR11: =#REF!+'StGenis total'!GR11+'Mategnin Total'!GR11+'PdG Nord Total'!GR11 -> #REF! | GS11: =#REF!+'StGenis total'!GS11+'Mategnin Total'!GS11+'PdG Nord Total'!GS11 -> #REF! | GT11: =#REF!+'StGenis total'!GT11+'Mategnin Total'!GT11+'PdG Nord Total'!GT11 -> #REF! | ... HB11: =#REF!+'StGenis total'!HB11+'Mategnin Total'!HB11+'PdG Nord Total'!HB11 -> #REF! | HD11: 106 | HE11: 35 | HF11: 0.24822695 | HG11: 83 | HH11: 34 | HI11: 7 | HJ11: 124 | HK11: 0.27419355 | HL11: 0.056451613 | HM11: 17 | HN11: 126 | HO11: 15 | HP11: 141 | HR11: 66 | HS11: 24 | HT11: 0.26666667 | HU11: 50 | HV11: 19 | HW11: 11 | HX11: 80 | HY11: 0.2375 | HZ11: 0.1375 | IA11: 10 | IB11: 79 | IC11: 11 | ID11: 90 | IF11: =(HD11/HR11) - 1 -> 0.60606061 | IG11: =(HE11/HS11) - 1 -> 0.45833333 | IH11: =(HF11/HT11) - 1 -> -0.069148936 | II11: =(HG11/HU11) - 1 -> 0.66 | IJ11: =(HH11/HV11) - 1 -> 0.78947368 | IK11: =(HI11/HW11) - 1 -> -0.36363636 | IL11: =(HJ11/HX11) - 1 -> 0.55 | IM11: =(HK11/HY11) - 1 -> 0.15449915 | ... IR11: =(HP11/ID11) - 1 -> 0.56666667
A12: 0.36458333 | B12: ='PdG Nord Total'!B12+'PdG Sud Total'!B12+'PdG Centre Total'!B12 -> 93 | C12: ='PdG Nord Total'!C12+'PdG Sud Total'!C12+'PdG Centre Total'!C12 -> 12 | D12: ='PdG Nord Total'!D12+'PdG Sud Total'!D12+'PdG Centre Total'!D12 -> 40 | E12: ='PdG Nord Total'!E12+'PdG Sud Total'!E12+'PdG Centre Total'!E12 -> 44 | F12: ='PdG Nord Total'!F12+'PdG Sud Total'!F12+'PdG Centre Total'!F12 -> 8 | G12: ='PdG Nord Total'!G12+'PdG Sud Total'!G12+'PdG Centre Total'!G12 -> 4 | H12: ='PdG Nord Total'!H12+'PdG Sud Total'!H12+'PdG Centre Total'!H12 -> 6 | I12: ='PdG Nord Total'!I12+'PdG Sud Total'!I12+'PdG Centre Total'!I12 -> 0 | ... U12: ='PdG Nord Total'!U12+'PdG Sud Total'!U12+'PdG Centre Total'!U12 -> 7 | W12: =B12+D12+F12+H12+J12+L12+N12+P12+R12+T12 -> 192 | X12: =C12+E12+G12+I12+K12+M12+O12+Q12+S12+U12 -> 91 | Y12: =X12/(X12+W12) -> 0.32155477 | Z12: =B12+C12+L12+M12 -> 113 | AA12: =D12+E12+N12+O12+F12+G12+P12+Q12 -> 104 | AB12: =F12+G12+P12+Q12 -> 13 | AC12: =H12+I12+R12+S12 -> 9 | AD12: =Z12+AA12+AC12 -> 226 | AE12: =AA12/(Z12+AA12) -> 0.47926267 | AF12: =AC12/AD12 -> 0.039823009 | AG12: =J12+K12+T12+U12 -> 57 | AH12: =SUM(B12:K12) -> 251 | AI12: =SUM(L12:U12) -> 32 | AJ12: =SUM(B12:U12) -> 283 | AM12: =(W12/BS12) - 1 -> 0.078651685 | AN12: =(X12/BT12) - 1 -> 0.011111111 | AO12: =(Y12/BU12) - 1 -> -0.042481351 | AP12: =(Z12/BV12) - 1 -> -0.15671642 | AQ12: =(AA12/BW12) - 1 -> 0.3 | AR12: =(AC12/BX12) - 1 -> -0.25 | AS12: =(AD12/BY12) - 1 -> 0 | AT12: =(AE12/BZ12) - 1 -> 0.28202765 | AU12: =(AF12/CA12) - 1 -> -0.25 | AV12: =(AG12/CB12) - 1 -> 0.35714286 | AW12: =(AH12/CC12) - 1 -> 0.020325203 | AX12: =(AI12/CD12) - 1 -> 0.45454545 | AY12: =(AJ12/CE12) - 1 -> 0.055970149 | BA12: 0.36458333 | BB12: ='Ferney->Genève'!BB12+'StGenis total'!BB12+'Mategnin Total'!BB12+'PdG Nord Total'!BB12+'PdG Sud Total'!BB12 -> 91 | BC12: ='Ferney->Genève'!BC12+'StGenis total'!BC12+'Mategnin Total'!BC12+'PdG Nord Total'!BC12+'PdG Sud Total'!BC12 -> 34 | BD12: ='Ferney->Genève'!BD12+'StGenis total'!BD12+'Mategnin Total'!BD12+'PdG Nord Total'!BD12+'PdG Sud Total'!BD12 -> 40 | BE12: ='Ferney->Genève'!BE12+'StGenis total'!BE12+'Mategnin Total'!BE12+'PdG Nord Total'!BE12+'PdG Sud Total'!BE12 -> 31 | BF12: ='Ferney->Genève'!BF12+'StGenis total'!BF12+'Mategnin Total'!BF12+'PdG Nord Total'!BF12+'PdG Sud Total'!BF12 -> 10 | BG12: ='Ferney->Genève'!BG12+'StGenis total'!BG12+'Mategnin Total'!BG12+'PdG Nord Total'!BG12+'PdG Sud Total'!BG12 -> 2 | BH12: ='Ferney->Genève'!BH12+'StGenis total'!BH12+'Mategnin Total'!BH12+'PdG Nord Total'!BH12+'PdG Sud Total'!BH12 -> 21 | BI12: ='Ferney->Genève'!BI12+'StGenis total'!BI12+'Mategnin Total'!BI12+'PdG Nord Total'!BI12+'PdG Sud Total'!BI12 -> 17 | ... BQ12: ='Ferney->Genève'!BQ12+'StGenis total'!BQ12+'Mategnin Total'!BQ12+'PdG Nord Total'!BQ12+'PdG Sud Total'!BQ12 -> 3 | BS12: =BB12+BD12+BF12+BH12+BJ12+BL12+BN12+BP12 -> 178 | BT12: =BC12+BE12+BG12+BI12+BK12+BM12+BO12+BQ12 -> 90 | BU12: =BT12/(BT12+BS12) -> 0.3358209 | BV12: =BB12+BC12+BJ12+BK12 -> 134 | BW12: =BD12+BE12+BL12+BM12 -> 80 | BX12: =BF12+BG12+BN12+BO12 -> 12 | BY12: =SUM(BV12:BX12) -> 226 | BZ12: =BW12/(BW12+BV12) -> 0.37383178 | CA12: =BX12/BY12 -> 0.053097345 | CB12: =BH12+BI12+BP12+BQ12 -> 42 | CC12: =SUM(BB12:BI12) -> 246 | CD12: =SUM(BJ12:BQ12) -> 22 | CE12: =SUM(BB12:BQ12) -> 268 | CH12: =(BS12/DN12) - 1 -> -0.082474227 | CI12: =(BT12/DO12) - 1 -> -0.052631579 | CJ12: =(BU12/DP12) - 1 -> 0.021602514 | CK12: =(BV12/DQ12) - 1 -> -0.094594595 | CL12: =(BW12/DR12) - 1 -> -0.08045977 | CM12: =(BX12/DS12) - 1 -> -0.25 | CN12: =(BY12/DT12) - 1 -> -0.099601594 | CO12: =(BZ12/DU12) - 1 -> 0.078526157 | ... CT12: =(CE12/DZ12) - 1 -> -0.07266436 | CV12: 0.36458333 | CW12: ='Ferney->Genève'!CW12+'StGenis total'!CW12+'Mategnin Total'!CW12+'PdG Nord Total'!CW12+'PdG Sud Total'!CW12 -> 93 | CX12: ='Ferney->Genève'!CX12+'StGenis total'!CX12+'Mategnin Total'!CX12+'PdG Nord Total'!CX12+'PdG Sud Total'!CX12 -> 39 | CY12: ='Ferney->Genève'!CY12+'StGenis total'!CY12+'Mategnin Total'!CY12+'PdG Nord Total'!CY12+'PdG Sud Total'!CY12 -> 44 | CZ12: ='Ferney->Genève'!CZ12+'StGenis total'!CZ12+'Mategnin Total'!CZ12+'PdG Nord Total'!CZ12+'PdG Sud Total'!CZ12 -> 31 | DA12: ='Ferney->Genève'!DA12+'StGenis total'!DA12+'Mategnin Total'!DA12+'PdG Nord Total'!DA12+'PdG Sud Total'!DA12 -> 14 | DB12: ='Ferney->Genève'!DB12+'StGenis total'!DB12+'Mategnin Total'!DB12+'PdG Nord Total'!DB12+'PdG Sud Total'!DB12 -> 1 | DC12: ='Ferney->Genève'!DC12+'StGenis total'!DC12+'Mategnin Total'!DC12+'PdG Nord Total'!DC12+'PdG Sud Total'!DC12 -> 18 | DD12: ='Ferney->Genève'!DD12+'StGenis total'!DD12+'Mategnin Total'!DD12+'PdG Nord Total'!DD12+'PdG Sud Total'!DD12 -> 4 | ... DL12: ='Ferney->Genève'!DL12+'StGenis total'!DL12+'Mategnin Total'!DL12+'PdG Nord Total'!DL12+'PdG Sud Total'!DL12 -> 10 | DN12: =CW12+CY12+DA12+DC12+DE12+DG12+DI12+DK12 -> 194 | DO12: =CX12+CZ12+DB12+DD12+DF12+DH12+DJ12+DL12 -> 95 | DP12: =DO12/(DO12+DN12) -> 0.32871972 | DQ12: =CW12+CX12+DE12+DF12 -> 148 | DR12: =CY12+CZ12+DG12+DH12 -> 87 | DS12: =DA12+DB12+DI12+DJ12 -> 16 | DT12: =SUM(DQ12:DS12) -> 251 | DU12: =DR12/DT12 -> 0.34661355 | DV12: =DS12/DT12 -> 0.06374502 | DW12: =DC12+DD12+DK12+DL12 -> 38 | DX12: =SUM(CW12:DD12) -> 244 | DY12: =SUM(DE12:DL12) -> 45 | DZ12: =SUM(CW12:DL12) -> 289 | EC12: =(DN12/FI12) - 1 -> 0.44776119 | ED12: =(DO12/FJ12) - 1 -> 0.69642857 | EE12: =(DP12/FK12) - 1 -> 0.11529906 | EF12: =(DQ12/FL12) - 1 -> 0.49494949 | EG12: =(DR12/FM12) - 1 -> 1.0714286 | EH12: =(DS12/FN12) - 1 -> 1 | EI12: =(DT12/FO12) - 1 -> 0.68456376 | EJ12: =(DU12/FP12) - 1 -> 0.22965282 | ... EO12: =(DZ12/FU12) - 1 -> 0.52105263 | EQ12: 0.36458333 | ER12: ='Ferney->Genève'!ER12+'StGenis total'!ER12+'Mategnin Total'!ER12+'PdG Nord Total'!ER12+'PdG Sud Total'!ER12 -> 66 | ES12: ='Ferney->Genève'!ES12+'StGenis total'!ES12+'Mategnin Total'!ES12+'PdG Nord Total'!ES12+'PdG Sud Total'!ES12 -> 25 | ET12: ='Ferney->Genève'!ET12+'StGenis total'!ET12+'Mategnin Total'!ET12+'PdG Nord Total'!ET12+'PdG Sud Total'!ET12 -> 23 | EU12: ='Ferney->Genève'!EU12+'StGenis total'!EU12+'Mategnin Total'!EU12+'PdG Nord Total'!EU12+'PdG Sud Total'!EU12 -> 15 | EV12: ='Ferney->Genève'!EV12+'StGenis total'!EV12+'Mategnin Total'!EV12+'PdG Nord Total'!EV12+'PdG Sud Total'!EV12 -> 6 | EW12: ='Ferney->Genève'!EW12+'StGenis total'!EW12+'Mategnin Total'!EW12+'PdG Nord Total'!EW12+'PdG Sud Total'!EW12 -> 1 | EX12: ='Ferney->Genève'!EX12+'StGenis total'!EX12+'Mategnin Total'!EX12+'PdG Nord Total'!EX12+'PdG Sud Total'!EX12 -> 27 | EY12: ='Ferney->Genève'!EY12+'StGenis total'!EY12+'Mategnin Total'!EY12+'PdG Nord Total'!EY12+'PdG Sud Total'!EY12 -> 7 | ... FG12: ='Ferney->Genève'!FG12+'StGenis total'!FG12+'Mategnin Total'!FG12+'PdG Nord Total'!FG12+'PdG Sud Total'!FG12 -> 5 | FI12: =ER12+ET12+EV12+EX12+EZ12+FB12+FD12+FF12 -> 134 | FJ12: =ES12+EU12+EW12+EY12+FA12+FC12+FE12+FG12 -> 56 | FK12: =FJ12/(FJ12+FI12) -> 0.29473684 | FL12: =ER12+ES12+EZ12+FA12 -> 99 | FM12: =ET12+EU12+FB12+FC12 -> 42 | FN12: =EV12+EW12+FD12+FE12 -> 8 | FO12: =SUM(FL12:FN12) -> 149 | FP12: =FM12/FO12 -> 0.28187919 | FQ12: =FN12/FO12 -> 0.053691275 | FR12: =EX12+EY12+FF12+FG12 -> 41 | FS12: =SUM(ER12:EY12) -> 170 | FT12: =SUM(EZ12:FG12) -> 20 | FU12: =SUM(ER12:FG12) -> 190 | FX12: =(FI12/HD12) - 1 -> 0.63414634 | FY12: =(FJ12/HE12) - 1 -> 0.19148936 | FZ12: =(FK12/HF12) - 1 -> -0.19104143 | GA12: =(FL12/HG12) - 1 -> 0.22222222 | GB12: =(FM12/HH12) - 1 -> 0.27272727 | GC12: =(FN12/HI12) - 1 -> 1 | GD12: =(FO12/HJ12) - 1 -> 0.26271186 | GE12: =(FP12/HK12) - 1 -> 0.0079316656 | ... GJ12: =(FU12/HP12) - 1 -> 0.47286822 | GL12: 0.36458333 | GM12: =#REF!+'StGenis total'!GM12+'Mategnin Total'!GM12+'PdG Nord Total'!GM12 -> #REF! | GN12: =#REF!+'StGenis total'!GN12+'Mategnin Total'!GN12+'PdG Nord Total'!GN12 -> #REF! | GO12: =#REF!+'StGenis total'!GO12+'Mategnin Total'!GO12+'PdG Nord Total'!GO12 -> #REF! | GP12: =#REF!+'StGenis total'!GP12+'Mategnin Total'!GP12+'PdG Nord Total'!GP12 -> #REF! | GQ12: =#REF!+'StGenis total'!GQ12+'Mategnin Total'!GQ12+'PdG Nord Total'!GQ12 -> #REF! | GR12: =#REF!+'StGenis total'!GR12+'Mategnin Total'!GR12+'PdG Nord Total'!GR12 -> #REF! | GS12: =#REF!+'StGenis total'!GS12+'Mategnin Total'!GS12+'PdG Nord Total'!GS12 -> #REF! | GT12: =#REF!+'StGenis total'!GT12+'Mategnin Total'!GT12+'PdG Nord Total'!GT12 -> #REF! | ... HB12: =#REF!+'StGenis total'!HB12+'Mategnin Total'!HB12+'PdG Nord Total'!HB12 -> #REF! | HD12: 82 | HE12: 47 | HF12: 0.36434109 | HG12: 81 | HH12: 33 | HI12: 4 | HJ12: 118 | HK12: 0.27966102 | HL12: 0.033898305 | HM12: 11 | HN12: 116 | HO12: 13 | HP12: 129 | HR12: 43 | HS12: 28 | HT12: 0.3943662 | HU12: 35 | HV12: 12 | HW12: 7 | HX12: 54 | HY12: 0.22222222 | HZ12: 0.12962963 | IA12: 17 | IB12: 55 | IC12: 16 | ID12: 71 | IF12: =(HD12/HR12) - 1 -> 0.90697674 | IG12: =(HE12/HS12) - 1 -> 0.67857143 | IH12: =(HF12/HT12) - 1 -> -0.076135105 | II12: =(HG12/HU12) - 1 -> 1.3142857 | IJ12: =(HH12/HV12) - 1 -> 1.75 | IK12: =(HI12/HW12) - 1 -> -0.42857143 | IL12: =(HJ12/HX12) - 1 -> 1.1851852 | IM12: =(HK12/HY12) - 1 -> 0.25847458 | ... IR12: =(HP12/ID12) - 1 -> 0.81690141
A13: 0.375 | B13: ='PdG Nord Total'!B13+'PdG Sud Total'!B13+'PdG Centre Total'!B13 -> 0 | C13: ='PdG Nord Total'!C13+'PdG Sud Total'!C13+'PdG Centre Total'!C13 -> 0 | D13: ='PdG Nord Total'!D13+'PdG Sud Total'!D13+'PdG Centre Total'!D13 -> 0 | E13: ='PdG Nord Total'!E13+'PdG Sud Total'!E13+'PdG Centre Total'!E13 -> 0 | F13: ='PdG Nord Total'!F13+'PdG Sud Total'!F13+'PdG Centre Total'!F13 -> 0 | G13: ='PdG Nord Total'!G13+'PdG Sud Total'!G13+'PdG Centre Total'!G13 -> 0 | H13: ='PdG Nord Total'!H13+'PdG Sud Total'!H13+'PdG Centre Total'!H13 -> 0 | I13: ='PdG Nord Total'!I13+'PdG Sud Total'!I13+'PdG Centre Total'!I13 -> 0 | ... U13: ='PdG Nord Total'!U13+'PdG Sud Total'!U13+'PdG Centre Total'!U13 -> 0 | BA13: 0.375 | BB13: ='Ferney->Genève'!BB13+'StGenis total'!BB13+'Mategnin Total'!BB13+'PdG Nord Total'!BB13+'PdG Sud Total'!BB13 -> 52 | BC13: ='Ferney->Genève'!BC13+'StGenis total'!BC13+'Mategnin Total'!BC13+'PdG Nord Total'!BC13+'PdG Sud Total'!BC13 -> 10 | BD13: ='Ferney->Genève'!BD13+'StGenis total'!BD13+'Mategnin Total'!BD13+'PdG Nord Total'!BD13+'PdG Sud Total'!BD13 -> 17 | BE13: ='Ferney->Genève'!BE13+'StGenis total'!BE13+'Mategnin Total'!BE13+'PdG Nord Total'!BE13+'PdG Sud Total'!BE13 -> 19 | BF13: ='Ferney->Genève'!BF13+'StGenis total'!BF13+'Mategnin Total'!BF13+'PdG Nord Total'!BF13+'PdG Sud Total'!BF13 -> 5 | BG13: ='Ferney->Genève'!BG13+'StGenis total'!BG13+'Mategnin Total'!BG13+'PdG Nord Total'!BG13+'PdG Sud Total'!BG13 -> 2 | BH13: ='Ferney->Genève'!BH13+'StGenis total'!BH13+'Mategnin Total'!BH13+'PdG Nord Total'!BH13+'PdG Sud Total'!BH13 -> 10 | BI13: ='Ferney->Genève'!BI13+'StGenis total'!BI13+'Mategnin Total'!BI13+'PdG Nord Total'!BI13+'PdG Sud Total'!BI13 -> 2 | ... BQ13: ='Ferney->Genève'!BQ13+'StGenis total'!BQ13+'Mategnin Total'!BQ13+'PdG Nord Total'!BQ13+'PdG Sud Total'!BQ13 -> 1 | CV13: 0.375 | CW13: ='Ferney->Genève'!CW13+'StGenis total'!CW13+'Mategnin Total'!CW13+'PdG Nord Total'!CW13+'PdG Sud Total'!CW13 -> 0 | CX13: ='Ferney->Genève'!CX13+'StGenis total'!CX13+'Mategnin Total'!CX13+'PdG Nord Total'!CX13+'PdG Sud Total'!CX13 -> 0 | CY13: ='Ferney->Genève'!CY13+'StGenis total'!CY13+'Mategnin Total'!CY13+'PdG Nord Total'!CY13+'PdG Sud Total'!CY13 -> 0 | CZ13: ='Ferney->Genève'!CZ13+'StGenis total'!CZ13+'Mategnin Total'!CZ13+'PdG Nord Total'!CZ13+'PdG Sud Total'!CZ13 -> 0 | DA13: ='Ferney->Genève'!DA13+'StGenis total'!DA13+'Mategnin Total'!DA13+'PdG Nord Total'!DA13+'PdG Sud Total'!DA13 -> 0 | DB13: ='Ferney->Genève'!DB13+'StGenis total'!DB13+'Mategnin Total'!DB13+'PdG Nord Total'!DB13+'PdG Sud Total'!DB13 -> 0 | DC13: ='Ferney->Genève'!DC13+'StGenis total'!DC13+'Mategnin Total'!DC13+'PdG Nord Total'!DC13+'PdG Sud Total'!DC13 -> 0 | DD13: ='Ferney->Genève'!DD13+'StGenis total'!DD13+'Mategnin Total'!DD13+'PdG Nord Total'!DD13+'PdG Sud Total'!DD13 -> 0 | ... DL13: ='Ferney->Genève'!DL13+'StGenis total'!DL13+'Mategnin Total'!DL13+'PdG Nord Total'!DL13+'PdG Sud Total'!DL13 -> 0 | EQ13: 0.375 | ER13: ='Ferney->Genève'!ER13+'StGenis total'!ER13+'Mategnin Total'!ER13+'PdG Nord Total'!ER13+'PdG Sud Total'!ER13 -> 0 | ES13: ='Ferney->Genève'!ES13+'StGenis total'!ES13+'Mategnin Total'!ES13+'PdG Nord Total'!ES13+'PdG Sud Total'!ES13 -> 0 | ET13: ='Ferney->Genève'!ET13+'StGenis total'!ET13+'Mategnin Total'!ET13+'PdG Nord Total'!ET13+'PdG Sud Total'!ET13 -> 0 | EU13: ='Ferney->Genève'!EU13+'StGenis total'!EU13+'Mategnin Total'!EU13+'PdG Nord Total'!EU13+'PdG Sud Total'!EU13 -> 0 | EV13: ='Ferney->Genève'!EV13+'StGenis total'!EV13+'Mategnin Total'!EV13+'PdG Nord Total'!EV13+'PdG Sud Total'!EV13 -> 0 | EW13: ='Ferney->Genève'!EW13+'StGenis total'!EW13+'Mategnin Total'!EW13+'PdG Nord Total'!EW13+'PdG Sud Total'!EW13 -> 0 | EX13: ='Ferney->Genève'!EX13+'StGenis total'!EX13+'Mategnin Total'!EX13+'PdG Nord Total'!EX13+'PdG Sud Total'!EX13 -> 0 | EY13: ='Ferney->Genève'!EY13+'StGenis total'!EY13+'Mategnin Total'!EY13+'PdG Nord Total'!EY13+'PdG Sud Total'!EY13 -> 0 | ... FG13: ='Ferney->Genève'!FG13+'StGenis total'!FG13+'Mategnin Total'!FG13+'PdG Nord Total'!FG13+'PdG Sud Total'!FG13 -> 0 | GL13: 0.375 | GM13: =#REF!+'StGenis total'!GM13+'Mategnin Total'!GM13+'PdG Nord Total'!GM13 -> #REF! | GN13: =#REF!+'StGenis total'!GN13+'Mategnin Total'!GN13+'PdG Nord Total'!GN13 -> #REF! | GO13: =#REF!+'StGenis total'!GO13+'Mategnin Total'!GO13+'PdG Nord Total'!GO13 -> #REF! | GP13: =#REF!+'StGenis total'!GP13+'Mategnin Total'!GP13+'PdG Nord Total'!GP13 -> #REF! | GQ13: =#REF!+'StGenis total'!GQ13+'Mategnin Total'!GQ13+'PdG Nord Total'!GQ13 -> #REF! | GR13: =#REF!+'StGenis total'!GR13+'Mategnin Total'!GR13+'PdG Nord Total'!GR13 -> #REF! | GS13: =#REF!+'StGenis total'!GS13+'Mategnin Total'!GS13+'PdG Nord Total'!GS13 -> #REF! | GT13: =#REF!+'StGenis total'!GT13+'Mategnin Total'!GT13+'PdG Nord Total'!GT13 -> #REF! | ... HB13: =#REF!+'StGenis total'!HB13+'Mategnin Total'!HB13+'PdG Nord Total'!HB13 -> #REF!
A14: Total | B14: =SUM(B5:B12) -> 636 | C14: =SUM(C5:C12) -> 190 | D14: =SUM(D5:D12) -> 456 | E14: =SUM(E5:E12) -> 391 | F14: =SUM(F5:F12) -> 53 | G14: =SUM(G5:G12) -> 30 | H14: =SUM(H5:H12) -> 76 | I14: =SUM(I5:I12) -> 39 | ... U14: =SUM(U5:U12) -> 34 | W14: =B14+D14+H14+J14+L14+N14+R14+T14 -> 1420 | X14: =C14+E14+I14+K14+M14+O14+S14+U14 -> 802 | Y14: =X14/(X14+W14) -> 0.36093609 | Z14: =B14+C14+L14+M14 -> 891 | AA14: =D14+E14+N14+O14+F14+G14+P14+Q14 -> 986 | AB14: =F14+G14+P14+Q14 -> 91 | AC14: =H14+I14+R14+S14 -> 128 | AD14: =Z14+AA14+AC14 -> 2005 | AE14: =AA14/(Z14+AA14) -> 0.52530634 | AF14: =AC14/AD14 -> 0.063840399 | AG14: =J14+K14+T14+U14 -> 308 | AH14: =SUM(B14:K14) -> 2117 | AI14: =SUM(L14:U14) -> 196 | AJ14: =SUM(B14:U14) -> 2313 | AM14: =(W14/BS14) - 1 -> 0.026011561 | AN14: =(X14/BT14) - 1 -> 0.1062069 | AO14: =(Y14/BU14) - 1 -> 0.04995065 | AP14: =(Z14/BV14) - 1 -> -0.057142857 | AQ14: =(AA14/BW14) - 1 -> 0.21878863 | AR14: =(AC14/BX14) - 1 -> -0.03030303 | AS14: =(AD14/BY14) - 1 -> 0.063096501 | AT14: =(AE14/BZ14) - 1 -> 0.13892129 | AU14: =(AF14/CA14) - 1 -> -0.087856117 | AV14: =(AG14/CB14) - 1 -> 0.38116592 | AW14: =(AH14/CC14) - 1 -> 0.12069878 | AX14: =(AI14/CD14) - 1 -> -0.10909091 | AY14: =(AJ14/CE14) - 1 -> 0.096728307 | BA14: Total | BB14: =SUM(BB5:BB12) -> 633 | BC14: =SUM(BC5:BC12) -> 208 | BD14: =SUM(BD5:BD12) -> 393 | BE14: =SUM(BE5:BE12) -> 358 | BF14: =SUM(BF5:BF12) -> 97 | BG14: =SUM(BG5:BG12) -> 26 | BH14: =SUM(BH5:BH12) -> 107 | BI14: =SUM(BI5:BI12) -> 67 | ... BQ14: =SUM(BQ5:BQ12) -> 21 | BS14: =BB14+BD14+BF14+BH14+BJ14+BL14+BN14+BP14 -> 1384 | BT14: =BC14+BE14+BG14+BI14+BK14+BM14+BO14+BQ14 -> 725 | BU14: =BT14/(BT14+BS14) -> 0.34376482 | BV14: =BB14+BC14+BJ14+BK14 -> 945 | BW14: =BD14+BE14+BL14+BM14 -> 809 | BX14: =BF14+BG14+BN14+BO14 -> 132 | BY14: =SUM(BV14:BX14) -> 1886 | BZ14: =BW14/(BW14+BV14) -> 0.46123147 | CA14: =BX14/BY14 -> 0.069989396 | CB14: =BH14+BI14+BP14+BQ14 -> 223 | CC14: =SUM(BB14:BI14) -> 1889 | CD14: =SUM(BJ14:BQ14) -> 220 | CE14: =SUM(BB14:BQ14) -> 2109 | CH14: =(BS14/DN14) - 1 -> 0.0021723389 | CI14: =(BT14/DO14) - 1 -> 0.052249637 | CJ14: =(BU14/DP14) - 1 -> 0.032791251 | CK14: =(BV14/DQ14) - 1 -> -0.07079646 | CL14: =(BW14/DR14) - 1 -> 0.075797872 | CM14: =(BX14/DS14) - 1 -> 0.14782609 | CN14: =(BY14/DT14) - 1 -> 0.0010615711 | CO14: =(BZ14/DU14) - 1 -> 0.15553204 | ... CT14: =(CE14/DZ14) - 1 -> 0.01884058 | CV14: Total | CW14: =SUM(CW5:CW12) -> 705 | CX14: =SUM(CX5:CX12) -> 214 | CY14: =SUM(CY5:CY12) -> 356 | CZ14: =SUM(CZ5:CZ12) -> 337 | DA14: =SUM(DA5:DA12) -> 86 | DB14: =SUM(DB5:DB12) -> 18 | DC14: =SUM(DC5:DC12) -> 93 | DD14: =SUM(DD5:DD12) -> 50 | ... DL14: =SUM(DL5:DL12) -> 21 | DN14: =CW14+CY14+DA14+DC14+DE14+DG14+DI14+DK14 -> 1381 | DO14: =CX14+CZ14+DB14+DD14+DF14+DH14+DJ14+DL14 -> 689 | DP14: =DO14/(DO14+DN14) -> 0.33285024 | DQ14: =CW14+CX14+DE14+DF14 -> 1017 | DR14: =CY14+CZ14+DG14+DH14 -> 752 | DS14: =DA14+DB14+DI14+DJ14 -> 115 | DT14: =SUM(DQ14:DS14) -> 1884 | DU14: =DR14/DT14 -> 0.39915074 | DV14: =DS14/DT14 -> 0.06104034 | DW14: =DC14+DD14+DK14+DL14 -> 186 | DX14: =SUM(CW14:DD14) -> 1859 | DY14: =SUM(DE14:DL14) -> 211 | DZ14: =SUM(CW14:DL14) -> 2070 | EC14: =(DN14/FI14) - 1 -> 0.36868186 | ED14: =(DO14/FJ14) - 1 -> 0.42946058 | EE14: =(DP14/FK14) - 1 -> 0.029625955 | EF14: =(DQ14/FL14) - 1 -> 0.35239362 | EG14: =(DR14/FM14) - 1 -> 0.51004016 | EH14: =(DS14/FN14) - 1 -> 0.69117647 | EI14: =(DT14/FO14) - 1 -> 0.42943854 | EJ14: =(DU14/FP14) - 1 -> 0.056386906 | ... EO14: =(DZ14/FU14) - 1 -> 0.38832998 | EQ14: Total | ER14: =SUM(ER5:ER12) -> 495 | ES14: =SUM(ES5:ES12) -> 194 | ET14: =SUM(ET5:ET12) -> 271 | EU14: =SUM(EU5:EU12) -> 189 | EV14: =SUM(EV5:EV12) -> 49 | EW14: =SUM(EW5:EW12) -> 12 | EX14: =SUM(EX5:EX12) -> 91 | EY14: =SUM(EY5:EY12) -> 45 | ... FG14: =SUM(FG5:FG12) -> 16 | FI14: =ER14+ET14+EV14+EX14+EZ14+FB14+FD14+FF14 -> 1009 | FJ14: =ES14+EU14+EW14+EY14+FA14+FC14+FE14+FG14 -> 482 | FK14: =FJ14/(FJ14+FI14) -> 0.32327297 | FL14: =ER14+ES14+EZ14+FA14 -> 752 | FM14: =ET14+EU14+FB14+FC14 -> 498 | FN14: =EV14+EW14+FD14+FE14 -> 68 | FO14: =SUM(FL14:FN14) -> 1318 | FP14: =FM14/FO14 -> 0.37784522 | FQ14: =FN14/FO14 -> 0.051593323 | FR14: =EX14+EY14+FF14+FG14 -> 173 | FS14: =SUM(ER14:EY14) -> 1346 | FT14: =SUM(EZ14:FG14) -> 145 | FU14: =SUM(ER14:FG14) -> 1491 | FX14: =(FI14/HD14) - 1 -> 0.32763158 | FY14: =(FJ14/HE14) - 1 -> 0.52531646 | FZ14: =(FK14/HF14) - 1 -> 0.10076493 | GA14: =(FL14/HG14) - 1 -> 0.29209622 | GB14: =(FM14/HH14) - 1 -> 0.47774481 | GC14: =(FN14/HI14) - 1 -> 0.47826087 | GD14: =(FO14/HJ14) - 1 -> 0.36580311 | GE14: =(FP14/HK14) - 1 -> 0.081960348 | ... GJ14: =(FU14/HP14) - 1 -> 0.38568773 | GL14: Total | GM14: =SUM(GM5:GM13) -> #REF! | GN14: =SUM(GN5:GN13) -> #REF! | GO14: =SUM(GO5:GO13) -> #REF! | GP14: =SUM(GP5:GP13) -> #REF! | GQ14: =SUM(GQ5:GQ13) -> #REF! | GR14: =SUM(GR5:GR13) -> #REF! | GS14: =SUM(GS5:GS13) -> #REF! | GT14: =SUM(GT5:GT13) -> #REF! | ... HB14: =SUM(HB5:HB13) -> #REF! | HD14: 760 | HE14: 316 | HF14: 0.2936803 | HG14: 582 | HH14: 337 | HI14: 46 | HJ14: 965 | HK14: 0.3492228 | HL14: 0.047668394 | HM14: 111 | HN14: 959 | HO14: 117 | HP14: 1076 | HR14: 414 | HS14: 224 | HT14: 0.35109718 | HU14: 344 | HV14: 175 | HW14: 42 | HX14: 561 | HY14: 0.31194296 | HZ14: 0.07486631 | IA14: 77 | IB14: 559 | IC14: 79 | ID14: 638 | IF14: =(HD14/HR14) - 1 -> 0.83574879 | IG14: =(HE14/HS14) - 1 -> 0.41071429 | IH14: =(HF14/HT14) - 1 -> -0.16353558 | II14: =(HG14/HU14) - 1 -> 0.69186047 | IJ14: =(HH14/HV14) - 1 -> 0.92571429 | IK14: =(HI14/HW14) - 1 -> 0.095238095 | IL14: =(HJ14/HX14) - 1 -> 0.7201426 | IM14: =(HK14/HY14) - 1 -> 0.11950851 | ... IR14: =(HP14/ID14) - 1 -> 0.68652038
A15: Total HP | B15: =SUM(B7:B10) -> 343 | C15: =SUM(C7:C10) -> 114 | D15: =SUM(D7:D10) -> 276 | E15: =SUM(E7:E10) -> 219 | F15: =SUM(F7:F10) -> 31 | G15: =SUM(G7:G10) -> 16 | H15: =SUM(H7:H10) -> 32 | I15: =SUM(I7:I10) -> 24 | ... U15: =SUM(U7:U10) -> 21 | W15: =B15+D15+H15+J15+L15+N15+R15+T15 -> 783 | X15: =C15+E15+I15+K15+M15+O15+S15+U15 -> 462 | Y15: =X15/(X15+W15) -> 0.37108434 | Z15: =B15+C15+L15+M15 -> 485 | AA15: =D15+E15+N15+O15+F15+G15+P15+Q15 -> 576 | AB15: =F15+G15+P15+Q15 -> 50 | AC15: =H15+I15+R15+S15 -> 60 | AD15: =Z15+AA15+AC15 -> 1121 | AE15: =AA15/(Z15+AA15) -> 0.54288407 | AF15: =AC15/AD15 -> 0.05352364 | AG15: =J15+K15+T15+U15 -> 174 | AH15: =SUM(B15:K15) -> 1192 | AI15: =SUM(L15:U15) -> 103 | AJ15: =SUM(B15:U15) -> 1295 | AM15: =(W15/BS15) - 1 -> 0.075549451 | AN15: =(X15/BT15) - 1 -> 0.16666667 | AO15: =(Y15/BU15) - 1 -> 0.053279786 | AP15: =(Z15/BV15) - 1 -> -0.018218623 | AQ15: =(AA15/BW15) - 1 -> 0.28285078 | AR15: =(AC15/BX15) - 1 -> -0.15492958 | AS15: =(AD15/BY15) - 1 -> 0.10552268 | AT15: =(AE15/BZ15) - 1 -> 0.14017746 | AU15: =(AF15/CA15) - 1 -> -0.23559196 | AV15: =(AG15/CB15) - 1 -> 0.58181818 | AW15: =(AH15/CC15) - 1 -> 0.20525784 | AX15: =(AI15/CD15) - 1 -> -0.23703704 | AY15: =(AJ15/CE15) - 1 -> 0.15213523 | BA15: Total HP | BB15: =SUM(BB7:BB10) -> 328 | BC15: =SUM(BC7:BC10) -> 104 | BD15: =SUM(BD7:BD10) -> 210 | BE15: =SUM(BE7:BE10) -> 204 | BF15: =SUM(BF7:BF10) -> 51 | BG15: =SUM(BG7:BG10) -> 14 | BH15: =SUM(BH7:BH10) -> 50 | BI15: =SUM(BI7:BI10) -> 28 | ... BQ15: =SUM(BQ7:BQ10) -> 14 | BS15: =BB15+BD15+BF15+BH15+BJ15+BL15+BN15+BP15 -> 728 | BT15: =BC15+BE15+BG15+BI15+BK15+BM15+BO15+BQ15 -> 396 | BU15: =BT15/(BT15+BS15) -> 0.35231317 | BV15: =BB15+BC15+BJ15+BK15 -> 494 | BW15: =BD15+BE15+BL15+BM15 -> 449 | BX15: =BF15+BG15+BN15+BO15 -> 71 | BY15: =SUM(BV15:BX15) -> 1014 | BZ15: =BW15/(BW15+BV15) -> 0.47613998 | CA15: =BX15/BY15 -> 0.070019724 | CB15: =BH15+BI15+BP15+BQ15 -> 110 | CC15: =SUM(BB15:BI15) -> 989 | CD15: =SUM(BJ15:BQ15) -> 135 | CE15: =SUM(BB15:BQ15) -> 1124 | CH15: =(BS15/DN15) - 1 -> 0.026798307 | CI15: =(BT15/DO15) - 1 -> 0.03125 | CJ15: =(BU15/DP15) - 1 -> 0.0028080516 | CK15: =(BV15/DQ15) - 1 -> -0.069679849 | CL15: =(BW15/DR15) - 1 -> 0.08716707 | CM15: =(BX15/DS15) - 1 -> 0.12698413 | CN15: =(BY15/DT15) - 1 -> 0.0069513406 | CO15: =(BZ15/DU15) - 1 -> 0.16095147 | ... CT15: =(CE15/DZ15) - 1 -> 0.028362306 | CV15: Total HP | CW15: =SUM(CW7:CW10) -> 366 | CX15: =SUM(CX7:CX10) -> 114 | CY15: =SUM(CY7:CY10) -> 187 | CZ15: =SUM(CZ7:CZ10) -> 194 | DA15: =SUM(DA7:DA10) -> 45 | DB15: =SUM(DB7:DB10) -> 13 | DC15: =SUM(DC7:DC10) -> 42 | DD15: =SUM(DD7:DD10) -> 29 | ... DL15: =SUM(DL7:DL10) -> 7 | DN15: =CW15+CY15+DA15+DC15+DE15+DG15+DI15+DK15 -> 709 | DO15: =CX15+CZ15+DB15+DD15+DF15+DH15+DJ15+DL15 -> 384 | DP15: =DO15/(DO15+DN15) -> 0.35132662 | DQ15: =CW15+CX15+DE15+DF15 -> 531 | DR15: =CY15+CZ15+DG15+DH15 -> 413 | DS15: =DA15+DB15+DI15+DJ15 -> 63 | DT15: =SUM(DQ15:DS15) -> 1007 | DU15: =DR15/DT15 -> 0.4101291 | DV15: =DS15/DT15 -> 0.062562066 | DW15: =DC15+DD15+DK15+DL15 -> 86 | DX15: =SUM(CW15:DD15) -> 990 | DY15: =SUM(DE15:DL15) -> 103 | DZ15: =SUM(CW15:DL15) -> 1093 | EC15: =(DN15/FI15) - 1 -> 0.34535104 | ED15: =(DO15/FJ15) - 1 -> 0.44360902 | EE15: =(DP15/FK15) - 1 -> 0.047375988 | EF15: =(DQ15/FL15) - 1 -> 0.37564767 | EG15: =(DR15/FM15) - 1 -> 0.40955631 | EH15: =(DS15/FN15) - 1 -> 0.75 | EI15: =(DT15/FO15) - 1 -> 0.40839161 | EJ15: =(DU15/FP15) - 1 -> 0.00082697568 | ... EO15: =(DZ15/FU15) - 1 -> 0.37831021 | EQ15: Total HP | ER15: =SUM(ER7:ER10) -> 259 | ES15: =SUM(ES7:ES10) -> 93 | ET15: =SUM(ET7:ET10) -> 157 | EU15: =SUM(EU7:EU10) -> 113 | EV15: =SUM(EV7:EV10) -> 24 | EW15: =SUM(EW7:EW10) -> 9 | EX15: =SUM(EX7:EX10) -> 32 | EY15: =SUM(EY7:EY10) -> 24 | ... FG15: =SUM(FG7:FG10) -> 10 | FI15: =ER15+ET15+EV15+EX15+EZ15+FB15+FD15+FF15 -> 527 | FJ15: =ES15+EU15+EW15+EY15+FA15+FC15+FE15+FG15 -> 266 | FK15: =FJ15/(FJ15+FI15) -> 0.33543506 | FL15: =ER15+ES15+EZ15+FA15 -> 386 | FM15: =ET15+EU15+FB15+FC15 -> 293 | FN15: =EV15+EW15+FD15+FE15 -> 36 | FO15: =SUM(FL15:FN15) -> 715 | FP15: =FM15/FO15 -> 0.40979021 | FQ15: =FN15/FO15 -> 0.05034965 | FR15: =EX15+EY15+FF15+FG15 -> 78 | FS15: =SUM(ER15:EY15) -> 711 | FT15: =SUM(EZ15:FG15) -> 82 | FU15: =SUM(ER15:FG15) -> 793 | FX15: =(FI15/HD15) - 1 -> 0.29802956 | FY15: =(FJ15/HE15) - 1 -> 0.60240964 | FZ15: =(FK15/HF15) - 1 -> 0.15583646 | GA15: =(FL15/HG15) - 1 -> 0.34965035 | GB15: =(FM15/HH15) - 1 -> 0.54210526 | GC15: =(FN15/HI15) - 1 -> 0.63636364 | GD15: =(FO15/HJ15) - 1 -> 0.43574297 | GE15: =(FP15/HK15) - 1 -> 0.074081708 | ... GJ15: =(FU15/HP15) - 1 -> 0.38636364 | GL15: Total HP | GM15: =SUM(GM7:GM10) -> #REF! | GN15: =SUM(GN7:GN10) -> #REF! | GO15: =SUM(GO7:GO10) -> #REF! | GP15: =SUM(GP7:GP10) -> #REF! | GQ15: =SUM(GQ7:GQ10) -> #REF! | GR15: =SUM(GR7:GR10) -> #REF! | GS15: =SUM(GS7:GS10) -> #REF! | GT15: =SUM(GT7:GT10) -> #REF! | ... HB15: =SUM(HB7:HB10) -> #REF! | HD15: 406 | HE15: 166 | HF15: 0.29020979 | HG15: 286 | HH15: 190 | HI15: 22 | HJ15: 498 | HK15: 0.3815261 | HL15: 0.044176707 | HM15: 74 | HN15: 505 | HO15: 67 | HP15: 572 | HR15: 195 | HS15: 116 | HT15: 0.37299035 | HU15: 170 | HV15: 91 | HW15: 16 | HX15: 277 | HY15: 0.32851986 | HZ15: 0.057761733 | IA15: 34 | IB15: 275 | IC15: 36 | ID15: 311 | IF15: =(HD15/HR15) - 1 -> 1.0820513 | IG15: =(HE15/HS15) - 1 -> 0.43103448 | IH15: =(HF15/HT15) - 1 -> -0.22193755 | II15: =(HG15/HU15) - 1 -> 0.68235294 | IJ15: =(HH15/HV15) - 1 -> 1.0879121 | IK15: =(HI15/HW15) - 1 -> 0.375 | IL15: =(HJ15/HX15) - 1 -> 0.79783394 | IM15: =(HK15/HY15) - 1 -> 0.16134869 | ... IR15: =(HP15/ID15) - 1 -> 0.8392283
A17: Tot 7h | B17: =SUM(B5:B8) -> 265 | C17: =SUM(C5:C8) -> 96 | D17: =SUM(D5:D8) -> 192 | E17: =SUM(E5:E8) -> 180 | F17: =SUM(F5:F8) -> 21 | G17: =SUM(G5:G8) -> 12 | H17: =SUM(H5:H8) -> 47 | I17: =SUM(I5:I8) -> 23 | ... U17: =SUM(U5:U8) -> 11 | BA17: Tot 7h | BB17: =SUM(BB5:BB8) -> 258 | BC17: =SUM(BC5:BC8) -> 93 | BD17: =SUM(BD5:BD8) -> 179 | BE17: =SUM(BE5:BE8) -> 149 | BF17: =SUM(BF5:BF8) -> 50 | BG17: =SUM(BG5:BG8) -> 10 | BH17: =SUM(BH5:BH8) -> 41 | BI17: =SUM(BI5:BI8) -> 34 | ... BQ17: =SUM(BQ5:BQ8) -> 13 | CV17: Tot 7h | CW17: =SUM(CW5:CW8) -> 290 | CX17: =SUM(CX5:CX8) -> 82 | CY17: =SUM(CY5:CY8) -> 157 | CZ17: =SUM(CZ5:CZ8) -> 159 | DA17: =SUM(DA5:DA8) -> 37 | DB17: =SUM(DB5:DB8) -> 9 | DC17: =SUM(DC5:DC8) -> 24 | DD17: =SUM(DD5:DD8) -> 18 | ... DL17: =SUM(DL5:DL8) -> 2 | EQ17: Tot 7h | ER17: =SUM(ER5:ER8) -> 200 | ES17: =SUM(ES5:ES8) -> 96 | ET17: =SUM(ET5:ET8) -> 132 | EU17: =SUM(EU5:EU8) -> 91 | EV17: =SUM(EV5:EV8) -> 22 | EW17: =SUM(EW5:EW8) -> 6 | EX17: =SUM(EX5:EX8) -> 29 | EY17: =SUM(EY5:EY8) -> 20 | ... FG17: =SUM(FG5:FG8) -> 1 | GL17: Tot 7h | GM17: =SUM(GM5:GM8) -> #REF! | GN17: =SUM(GN5:GN8) -> #REF! | GO17: =SUM(GO5:GO8) -> #REF! | GP17: =SUM(GP5:GP8) -> #REF! | GQ17: =SUM(GQ5:GQ8) -> #REF! | GR17: =SUM(GR5:GR8) -> #REF! | GS17: =SUM(GS5:GS8) -> #REF! | GT17: =SUM(GT5:GT8) -> #REF! | ... HB17: =SUM(HB5:HB8) -> #REF!
A18: Tot 8h | B18: =SUM(B9:B12) -> 371 | C18: =SUM(C9:C12) -> 94 | D18: =SUM(D9:D12) -> 264 | E18: =SUM(E9:E12) -> 211 | F18: =SUM(F9:F12) -> 32 | G18: =SUM(G9:G12) -> 18 | H18: =SUM(H9:H12) -> 29 | I18: =SUM(I9:I12) -> 16 | ... U18: =SUM(U9:U12) -> 23 | BA18: Tot 8h | BB18: =SUM(BB9:BB12) -> 375 | BC18: =SUM(BC9:BC12) -> 115 | BD18: =SUM(BD9:BD12) -> 214 | BE18: =SUM(BE9:BE12) -> 209 | BF18: =SUM(BF9:BF12) -> 47 | BG18: =SUM(BG9:BG12) -> 16 | BH18: =SUM(BH9:BH12) -> 66 | BI18: =SUM(BI9:BI12) -> 33 | ... BQ18: =SUM(BQ9:BQ12) -> 8 | CV18: Tot 8h | CW18: =SUM(CW9:CW12) -> 415 | CX18: =SUM(CX9:CX12) -> 132 | CY18: =SUM(CY9:CY12) -> 199 | CZ18: =SUM(CZ9:CZ12) -> 178 | DA18: =SUM(DA9:DA12) -> 49 | DB18: =SUM(DB9:DB12) -> 9 | DC18: =SUM(DC9:DC12) -> 69 | DD18: =SUM(DD9:DD12) -> 32 | ... DL18: =SUM(DL9:DL12) -> 19 | EQ18: Tot 8h | ER18: =SUM(ER9:ER12) -> 295 | ES18: =SUM(ES9:ES12) -> 98 | ET18: =SUM(ET9:ET12) -> 139 | EU18: =SUM(EU9:EU12) -> 98 | EV18: =SUM(EV9:EV12) -> 27 | EW18: =SUM(EW9:EW12) -> 6 | EX18: =SUM(EX9:EX12) -> 62 | EY18: =SUM(EY9:EY12) -> 25 | ... FG18: =SUM(FG9:FG12) -> 15 | GL18: Tot 8h | GM18: =SUM(GM9:GM12) -> #REF! | GN18: =SUM(GN9:GN12) -> #REF! | GO18: =SUM(GO9:GO12) -> #REF! | GP18: =SUM(GP9:GP12) -> #REF! | GQ18: =SUM(GQ9:GQ12) -> #REF! | GR18: =SUM(GR9:GR12) -> #REF! | GS18: =SUM(GS9:GS12) -> #REF! | GT18: =SUM(GT9:GT12) -> #REF! | ... HB18: =SUM(HB9:HB12) -> #REF! | HP18: =HP14/#REF! -> #REF!
HD21: =HD14/#REF! -> #REF! | HE21: =HE14/#REF! -> #REF!
W23: Velos total | X23: Vélos HP | Y23: % VAE dans le total | Z23: NB VAE dans le total | AA23: % femmes dans le total | AC23: NB de femmes dans le total | AD23: % de VAE chez les femmes | AE23: NB de VAE chez les femmes | AF23: Autres modes total | AG23: Autres Modes HP | AH23: Pietons total | AI23: Pietons HP | AJ23: >CH total | AK23: >CH HP | AL23: >FR total | AM23: >FR HP | BS23: Velos total | BT23: Vélos HP | BU23: % VAE dans le total | BV23: NB VAE dans le total | BW23: % femmes dans le total | BX23: NB de femmes dans le total | BY23: % de VAE chez les femmes | BZ23: NB de VAE chez les femmes | CA23: Autres modes total | CB23: Autres Modes HP | CC23: Pietons total | CD23: Pietons HP | CE23: >CH total | CF23: >CH HP | CG23: >FR total | CH23: >FR HP | DN23: Velos total | DO23: Vélos HP | DP23: % VAE dans le total | DQ23: NB VAE dans le total | DR23: % femmes dans le total | DS23: NB de femmes dans le total | DT23: % de VAE chez les femmes | DU23: NB de VAE chez les femmes | DV23: Autres modes total | DW23: Autres Modes HP | DX23: Pietons total | DY23: Pietons HP | DZ23: >CH total | EA23: >CH HP | EB23: >FR total | EC23: >FR HP
W24: =AD14 -> 2005 | X24: =AD15 -> 1121 | Y24: =Z24/W24 -> 0.49177057 | Z24: =AA14 -> 986 | AA24: =AC24/W24 -> 0.32817955 | AC24: =C14+E14+I14+M14+O14+S14 -> 658 | AD24: =AE24/AC24 -> 0.62158055 | AE24: =E14+O14 -> 409 | AF24: =AC14 -> 128 | AG24: =AC15 -> 60 | AH24: =AG14 -> 308 | AI24: =AG15 -> 174 | AJ24: =AH14 -> 2117 | AK24: =AH15 -> 1192 | AL24: =AI14 -> 196 | AM24: =AI15 -> 103 | BS24: =BY14 -> 1886 | BT24: =BY15 -> 1014 | BU24: =BV24/BS24 -> 0.42895016 | BV24: =BW14 -> 809 | BW24: =BX24/BS24 -> 0.33775186 | BX24: =BC14+BE14+BG14+BK14+BM14+BO14 -> 637 | BY24: =BZ24/BX24 -> 0.59340659 | BZ24: =BE14+BM14 -> 378 | CA24: =BX14 -> 132 | CB24: =BX15 -> 71 | CC24: =CB14 -> 223 | CD24: =CB15 -> 110 | CE24: =CC14 -> 1889 | CF24: =CC15 -> 989 | CG24: =CD14 -> 220 | CH24: =CD15 -> 135 | DN24: =DT14 -> 1884 | DO24: =DT15 -> 1007 | DP24: =DQ24/DN24 -> 0.39915074 | DQ24: =DR14 -> 752 | DR24: =DS24/DN24 -> 0.32802548 | DS24: =CX14+CZ14+DB14+DF14+DH14+DJ14 -> 618 | DT24: =DU24/DS24 -> 0.58414239 | DU24: =CZ14+DH14 -> 361 | DV24: =DS14 -> 115 | DW24: =DS15 -> 63 | DX24: =DW14 -> 186 | DY24: =DW15 -> 86 | DZ24: =DX14 -> 1859 | EA24: =DX15 -> 990 | EB24: =DY14 -> 211 | EC24: =DY15 -> 103

Sheet PdG Centre Total
A1: 2025 | B1: Lieu: | C1: {=MID(CELL("filename",A1),FIND("]",CELL("filename",A1))+1,255)} -> PdG Centre Total | BA1: 2024 | BB1: Lieu: | BC1: {=MID(CELL("filename",BA1),FIND("]",CELL("filename",BA1))+1,255)} -> PdG Centre Total | CV1: 2023 | CW1: Lieu: | CX1: {=MID(CELL("filename",CV1),FIND("]",CELL("filename",CV1))+1,255)} -> PdG Centre Total | EQ1: 2022 | ER1: Lieu: | ES1: {=MID(CELL("filename",EQ1),FIND("]",CELL("filename",EQ1))+1,255)} -> PdG Centre Total | GL1: 2021 | GM1: Lieu:
B2: France -> Suisse | L2: Suisse -> France | W2: ="Totaux "& A1 & " " & $C1 -> Totaux 2025 PdG Centre Total | AM2: ="Changement depuis " & (A1 - 1) & " " & $C1 -> Changement depuis 2024 PdG Centre Total | BB2: France -> Suisse | BJ2: Suisse -> France | BS2: ="Totaux 2024 " & $CX1 -> Totaux 2024 PdG Centre Total | CH2: ="Changement depuis 2023 " & $CX1 -> Changement depuis 2023 PdG Centre Total | CW2: France -> Suisse | DE2: Suisse -> France | DN2: ="Totaux 2023 " & $CX1 -> Totaux 2023 PdG Centre Total | EC2: ="Changement depuis 2022 " & $CX1 -> Changement depuis 2022 PdG Centre Total | ER2: France -> Suisse | EZ2: Suisse -> France | FI2: ="Totaux 2022 " & $ES1 -> Totaux 2022 PdG Centre Total | FX2: ="Changement depuis 2021 " & $ES1 -> Changement depuis 2021 PdG Centre Total | GM2: France -> Suisse | GU2: Suisse -> France | HD2: ="Totaux 2021 " & $GN1 -> Totaux 2021 | HR2: ="Totaux 2020 " & $GN1 -> Totaux 2020 | IF2: ="Changement depuis 2020 " & $GN1 -> Changement depuis 2020
B3: Vélo traditionel | D3: VAE | F3: Vélos Speciaux | H3: Mode Nouveau Electrique | J3: Piéton/ne | L3: Vélo traditionel | N3: VAE | P3: Vélos Speciaux | R3: Mode Nouveau Electrique | T3: Piéton/ne | W3: Hommes | X3: Femmes | Y3: %Femmes | Z3: VT | AA3: VAE (incl speciaux) | AB3: Vélos Speciaux | AC3: EDPM | AD3: Tot 2roues (vélo+ EDPM) | AE3: %VAE (incl speciaux) | AF3: %Nouveau | AG3: Piétons | AH3: >CH | AI3: >FR | AJ3: TOT | AM3: Hommes | AN3: Femmes | AO3: %Femmes | AP3: VT | AQ3: VAE | AR3: Nouveau | AS3: 2r | AT3: %VAE | AU3: %Nouveau | AV3: Piétons | AW3: >CH | AX3: >FR | AY3: TOT | BB3: Vélo traditionel | BD3: VAE | BF3: Mode Nouveau Electrique | BH3: Piéton/ne | BJ3: Vélo traditionel | BL3: VAE | BN3: Mode Nouveau Electrique | BP3: Piéton/ne | BS3: Hommes | BT3: Femmes | BU3: %Femmes | BV3: VT | BW3: VAE | BX3: Nouveau | BY3: 2r | BZ3: %VAE | CA3: %Nouveau | CB3: Piétons | CC3: >CH | CD3: >FR | CE3: TOT | CH3: Hommes | CI3: Femmes | CJ3: %Femmes | CK3: VT | CL3: VAE | CM3: Nouveau | CN3: 2r | CO3: %VAE | CP3: %Nouveau | CQ3: Piétons | CR3: >CH | CS3: >FR | CT3: TOT | CW3: Vélo traditionel | CY3: VAE | DA3: Mode Nouveau Electrique | DC3: Piéton/ne | DE3: Vélo traditionel | DG3: VAE | DI3: Mode Nouveau Electrique | DK3: Piéton/ne | DN3: Hommes | DO3: Femmes | DP3: %Femmes | DQ3: VT | DR3: VAE | DS3: Nouveau | DT3: 2r | DU3: %VAE | DV3: %Nouveau | DW3: Piétons | DX3: >CH | DY3: >FR | DZ3: TOT | EC3: Hommes | ED3: Femmes | EE3: %Femmes | EF3: VT | EG3: VAE | EH3: Nouveau | EI3: 2r | EJ3: %VAE | EK3: %Nouveau | EL3: Piétons | EM3: >CH | EN3: >FR | EO3: TOT | ER3: Vélo traditionel | ET3: VAE | EV3: Mode Nouveau Electrique | EX3: Piéton/ne | EZ3: Vélo traditionel | FB3: VAE | FD3: Mode Nouveau Electrique | FF3: Piéton/ne | FI3: Hommes | FJ3: Femmes | FK3: %Femmes | FL3: VT | FM3: VAE | FN3: Nouveau | FO3: 2r | FP3: %VAE | FQ3: %Nouveau | FR3: Piétons | FS3: >CH | FT3: >FR | FU3: TOT | FX3: Hommes | FY3: Femmes | FZ3: %Femmes | GA3: VT | GB3: VAE | GC3: Nouveau | GD3: 2r | GE3: %VAE | GF3: %Nouveau | GG3: Piétons | GH3: >CH | GI3: >FR | GJ3: TOT | GM3: Vélo traditionel | GO3: VAE | GQ3: Mode Nouveau Electrique | GS3: Piéton/ne | GU3: Vélo traditionel | GW3: VAE | GY3: Mode Nouveau Electrique (trotinette, scateboard , …) | HA3: Piéton/ne | HD3: Hommes | HE3: Femmes | HF3: %Femmes | HG3: VT | HH3: VAE | HI3: Nouveau | HJ3: 2r | HK3: %VAE | HL3: %Nouveau | HM3: Piétons | HN3: >CH | HO3: >FR | HP3: TOT | IF3: Hommes | IG3: Femmes | IH3: %Femmes | II3: VT | IJ3: VAE | IK3: Nouveau | IL3: 2r | IM3: %VAE | IN3: %Nouveau | IO3: Piétons | IP3: >CH | IQ3: >FR | IR3: TOT
A4: Heure | B4: H | C4: F | D4: H | E4: F | F4: H | G4: F | H4: H | I4: F | J4: H | K4: F | L4: H | M4: F | N4: H | O4: F | P4: H | Q4: F | R4: H | S4: F | T4: H | U4: F | BA4: Heure | BB4: H | BC4: F | BD4: H | BE4: F | BF4: H | BG4: F | BH4: H | BI4: F | BJ4: H | BK4: F | BL4: H | BM4: F | BN4: H | BO4: F | BP4: H | BQ4: F | CV4: Heure | CW4: H | CX4: F | CY4: H | CZ4: F | DA4: H | DB4: F | DC4: H | DD4: F | DE4: H | DF4: F | DG4: H | DH4: F | DI4: H | DJ4: F | DK4: H | DL4: F | EQ4: Heure | ER4: H | ES4: F | ET4: H | EU4: F | EV4: H | EW4: F | EX4: H | EY4: F | EZ4: H | FA4: F | FB4: H | FC4: F | FD4: H | FE4: F | FF4: H | FG4: F | GL4: Heure | GM4: H | GN4: F | GO4: H | GP4: F | GQ4: H | GR4: F | GS4: H | GT4: F | GU4: H | GV4: F | GW4: H | GX4: F | GY4: H | GZ4: F | HA4: H | HB4: F
A5: 0.29166667 | B5: ='Ferney->Genève'!B5+'StGenis total'!B5+'Mategnin Total'!B5 -> 41 | C5: ='Ferney->Genève'!C5+'StGenis total'!C5+'Mategnin Total'!C5 -> 10 | D5: ='Ferney->Genève'!D5+'StGenis total'!D5+'Mategnin Total'!D5 -> 21 | E5: ='Ferney->Genève'!E5+'StGenis total'!E5+'Mategnin Total'!E5 -> 21 | F5: ='Ferney->Genève'!F5+'StGenis total'!F5+'Mategnin Total'!F5 -> 1 | G5: ='Ferney->Genève'!G5+'StGenis total'!G5+'Mategnin Total'!G5 -> 0 | H5: ='Ferney->Genève'!H5+'StGenis total'!H5+'Mategnin Total'!H5 -> 8 | I5: ='Ferney->Genève'!I5+'StGenis total'!I5+'Mategnin Total'!I5 -> 1 | ... U5: ='Ferney->Genève'!U5+'StGenis total'!U5+'Mategnin Total'!U5 -> 0 | W5: =B5+D5+F5+H5+J5+L5+N5+P5+R5+T5 -> 81 | X5: =C5+E5+G5+I5+K5+M5+O5+Q5+S5+U5 -> 38 | Y5: =X5/(X5+W5) -> 0.31932773 | Z5: =B5+C5+L5+M5 -> 54 | AA5: =D5+E5+N5+O5+F5+G5+P5+Q5 -> 43 | AB5: =F5+G5+P5+Q5 -> 1 | AC5: =H5+I5+R5+S5 -> 10 | AD5: =Z5+AA5+AC5 -> 107 | AE5: =AA5/(Z5+AA5) -> 0.44329897 | AF5: =AC5/AD5 -> 0.093457944 | AG5: =J5+K5+T5+U5 -> 12 | AH5: =SUM(B5:K5) -> 115 | AI5: =SUM(L5:U5) -> 4 | AJ5: =SUM(B5:U5) -> 119 | AM5: =(W5/BS5) - 1 -> -0.10989011 | AN5: =(X5/BT5) - 1 -> -0.11627907 | AO5: =(Y5/BU5) - 1 -> -0.0048856752 | AP5: =(Z5/BV5) - 1 -> -0.035714286 | AQ5: =(AA5/BW5) - 1 -> -0.21818182 | AR5: =(AC5/BX5) - 1 -> -0.44444444 | AS5: =(AD5/BY5) - 1 -> -0.17054264 | AT5: =(AE5/BZ5) - 1 -> -0.10534208 | AU5: =(AF5/CA5) - 1 -> -0.33021807 | AV5: =(AG5/CB5) - 1 -> 1.4 | AW5: =(AH5/CC5) - 1 -> -0.11538462 | AX5: =(AI5/CD5) - 1 -> 0 | AY5: =(AJ5/CE5) - 1 -> -0.1119403 | BA5: 0.29166667 | BB5: ='Ferney->Genève'!BB5+'StGenis total'!BB5+'Mategnin Total'!BB5 -> 42 | BC5: ='Ferney->Genève'!BC5+'StGenis total'!BC5+'Mategnin Total'!BC5 -> 12 | BD5: ='Ferney->Genève'!BD5+'StGenis total'!BD5+'Mategnin Total'!BD5 -> 30 | BE5: ='Ferney->Genève'!BE5+'StGenis total'!BE5+'Mategnin Total'!BE5 -> 24 | BF5: ='Ferney->Genève'!BF5+'StGenis total'!BF5+'Mategnin Total'!BF5 -> 13 | BG5: ='Ferney->Genève'!BG5+'StGenis total'!BG5+'Mategnin Total'!BG5 -> 5 | BH5: ='Ferney->Genève'!BH5+'StGenis total'!BH5+'Mategnin Total'!BH5 -> 2 | BI5: ='Ferney->Genève'!BI5+'StGenis total'!BI5+'Mategnin Total'!BI5 -> 2 | ... BQ5: ='Ferney->Genève'!BQ5+'StGenis total'!BQ5+'Mategnin Total'!BQ5 -> 0 | BS5: =BB5+BD5+BF5+BH5+BJ5+BL5+BN5+BP5 -> 91 | BT5: =BC5+BE5+BG5+BI5+BK5+BM5+BO5+BQ5 -> 43 | BU5: =BT5/(BT5+BS5) -> 0.32089552 | BV5: =BB5+BC5+BJ5+BK5 -> 56 | BW5: =BD5+BE5+BL5+BM5 -> 55 | BX5: =BF5+BG5+BN5+BO5 -> 18 | BY5: =SUM(BV5:BX5) -> 129 | BZ5: =BW5/(BW5+BV5) -> 0.4954955 | CA5: =BX5/BY5 -> 0.13953488 | CB5: =BH5+BI5+BP5+BQ5 -> 5 | CC5: =SUM(BB5:BI5) -> 130 | CD5: =SUM(BJ5:BQ5) -> 4 | CE5: =SUM(BB5:BQ5) -> 134 | CH5: =(BS5/DN5) - 1 -> -0.10784314 | CI5: =(BT5/DO5) - 1 -> 0.075 | CJ5: =(BU5/DP5) - 1 -> 0.1391791 | CK5: =(BV5/DQ5) - 1 -> -0.066666667 | CL5: =(BW5/DR5) - 1 -> -0.12698413 | CM5: =(BX5/DS5) - 1 -> 0.5 | CN5: =(BY5/DT5) - 1 -> -0.044444444 | CO5: =(BZ5/DU5) - 1 -> 0.061776062 | ... CT5: =(CE5/DZ5) - 1 -> -0.056338028 | CV5: 0.29166667 | CW5: ='Ferney->Genève'!CW5+'StGenis total'!CW5+'Mategnin Total'!CW5 -> 50 | CX5: ='Ferney->Genève'!CX5+'StGenis total'!CX5+'Mategnin Total'!CX5 -> 7 | CY5: ='Ferney->Genève'!CY5+'StGenis total'!CY5+'Mategnin Total'!CY5 -> 34 | CZ5: ='Ferney->Genève'!CZ5+'StGenis total'!CZ5+'Mategnin Total'!CZ5 -> 26 | DA5: ='Ferney->Genève'!DA5+'StGenis total'!DA5+'Mategnin Total'!DA5 -> 7 | DB5: ='Ferney->Genève'!DB5+'StGenis total'!DB5+'Mategnin Total'!DB5 -> 1 | DC5: ='Ferney->Genève'!DC5+'StGenis total'!DC5+'Mategnin Total'!DC5 -> 3 | DD5: ='Ferney->Genève'!DD5+'StGenis total'!DD5+'Mategnin Total'!DD5 -> 2 | ... DL5: ='Ferney->Genève'!DL5+'StGenis total'!DL5+'Mategnin Total'!DL5 -> 1 | DN5: =CW5+CY5+DA5+DC5+DE5+DG5+DI5+DK5 -> 102 | DO5: =CX5+CZ5+DB5+DD5+DF5+DH5+DJ5+DL5 -> 40 | DP5: =DO5/(DO5+DN5) -> 0.28169014 | DQ5: =CW5+CX5+DE5+DF5 -> 60 | DR5: =CY5+CZ5+DG5+DH5 -> 63 | DS5: =DA5+DB5+DI5+DJ5 -> 12 | DT5: =SUM(DQ5:DS5) -> 135 | DU5: =DR5/DT5 -> 0.46666667 | DV5: =DS5/DT5 -> 0.088888889 | DW5: =DC5+DD5+DK5+DL5 -> 7 | DX5: =SUM(CW5:DD5) -> 130 | DY5: =SUM(DE5:DL5) -> 12 | DZ5: =SUM(CW5:DL5) -> 142 | EC5: =(DN5/FI5) - 1 -> 0.72881356 | ED5: =(DO5/FJ5) - 1 -> 0.37931034 | EE5: =(DP5/FK5) - 1 -> -0.14521612 | EF5: =(DQ5/FL5) - 1 -> 0.27659574 | EG5: =(DR5/FM5) - 1 -> 1.52 | EH5: =(DS5/FN5) - 1 -> 0.71428571 | EI5: =(DT5/FO5) - 1 -> 0.70886076 | EJ5: =(DU5/FP5) - 1 -> 0.47466667 | ... EO5: =(DZ5/FU5) - 1 -> 0.61363636 | EQ5: 0.29166667 | ER5: ='Ferney->Genève'!ER5+'StGenis total'!ER5+'Mategnin Total'!ER5 -> 30 | ES5: ='Ferney->Genève'!ES5+'StGenis total'!ES5+'Mategnin Total'!ES5 -> 17 | ET5: ='Ferney->Genève'!ET5+'StGenis total'!ET5+'Mategnin Total'!ET5 -> 14 | EU5: ='Ferney->Genève'!EU5+'StGenis total'!EU5+'Mategnin Total'!EU5 -> 10 | EV5: ='Ferney->Genève'!EV5+'StGenis total'!EV5+'Mategnin Total'!EV5 -> 5 | EW5: ='Ferney->Genève'!EW5+'StGenis total'!EW5+'Mategnin Total'!EW5 -> 0 | EX5: ='Ferney->Genève'!EX5+'StGenis total'!EX5+'Mategnin Total'!EX5 -> 6 | EY5: ='Ferney->Genève'!EY5+'StGenis total'!EY5+'Mategnin Total'!EY5 -> 2 | ... FG5: ='Ferney->Genève'!FG5+'StGenis total'!FG5+'Mategnin Total'!FG5 -> 0 | FI5: =ER5+ET5+EV5+EX5+EZ5+FB5+FD5+FF5 -> 59 | FJ5: =ES5+EU5+EW5+EY5+FA5+FC5+FE5+FG5 -> 29 | FK5: =FJ5/(FJ5+FI5) -> 0.32954545 | FL5: =ER5+ES5+EZ5+FA5 -> 47 | FM5: =ET5+EU5+FB5+FC5 -> 25 | FN5: =EV5+EW5+FD5+FE5 -> 7 | FO5: =SUM(FL5:FN5) -> 79 | FP5: =FM5/FO5 -> 0.3164557 | FQ5: =FN5/FO5 -> 0.088607595 | FR5: =EX5+EY5+FF5+FG5 -> 9 | FS5: =SUM(ER5:EY5) -> 84 | FT5: =SUM(EZ5:FG5) -> 4 | FU5: =SUM(ER5:FG5) -> 88 | FX5: =(FI5/HD5) - 1 -> 0.035087719 | FY5: =(FJ5/HE5) - 1 -> 0.31818182 | FZ5: =(FK5/HF5) - 1 -> 0.18336777 | GA5: =(FL5/HG5) - 1 -> 0.068181818 | GB5: =(FM5/HH5) - 1 -> -0.074074074 | GC5: =(FN5/HI5) - 1 -> 0.16666667 | GD5: =(FO5/HJ5) - 1 -> 0.025974026 | GE5: =(FP5/HK5) - 1 -> -0.097515237 | ... GJ5: =(FU5/HP5) - 1 -> 0.11392405 | GL5: 0.29166667 | GM5: ='Ferney->Genève'!GM5+'StGenis total'!GM5+'Mategnin Total'!GM5 -> 31 | GN5: ='Ferney->Genève'!GN5+'StGenis total'!GN5+'Mategnin Total'!GN5 -> 10 | GO5: ='Ferney->Genève'!GO5+'StGenis total'!GO5+'Mategnin Total'!GO5 -> 15 | GP5: ='Ferney->Genève'!GP5+'StGenis total'!GP5+'Mategnin Total'!GP5 -> 10 | GQ5: ='Ferney->Genève'!GQ5+'StGenis total'!GQ5+'Mategnin Total'!GQ5 -> 6 | GR5: ='Ferney->Genève'!GR5+'StGenis total'!GR5+'Mategnin Total'!GR5 -> 0 | GS5: ='Ferney->Genève'!GS5+'StGenis total'!GS5+'Mategnin Total'!GS5 -> 2 | GT5: ='Ferney->Genève'!GT5+'StGenis total'!GT5+'Mategnin Total'!GT5 -> 0 | ... HB5: ='Ferney->Genève'!HB5+'StGenis total'!HB5+'Mategnin Total'!HB5 -> 0 | HD5: =GM5+GO5+GQ5+GS5+GU5+GW5+GY5+HA5 -> 57 | HE5: =GN5+GP5+GR5+GT5+GV5+GX5+GZ5+HB5 -> 22 | HF5: =HE5/(HE5+HD5) -> 0.27848101 | HG5: =GM5+GN5+GU5+GV5 -> 44 | HH5: =GO5+GP5+GW5+GX5 -> 27 | HI5: =GQ5+GR5+GY5+GZ5 -> 6 | HJ5: =SUM(HG5:HI5) -> 77 | HK5: =HH5/HJ5 -> 0.35064935 | HL5: =HI5/HJ5 -> 0.077922078 | HM5: =GS5+GT5+HA5+HB5 -> 2 | HN5: =SUM(GM5:GT5) -> 74 | HO5: =SUM(GU5:HB5) -> 5 | HP5: =SUM(GM5:HB5) -> 79 | IF5: =(HD5/HR5) - 1 -> #DIV/0! | IG5: =(HE5/HS5) - 1 -> #DIV/0! | IH5: =(HF5/HT5) - 1 -> #DIV/0! | II5: =(HG5/HU5) - 1 -> #DIV/0! | IJ5: =(HH5/HV5) - 1 -> #DIV/0! | IK5: =(HI5/HW5) - 1 -> #DIV/0! | IL5: =(HJ5/HX5) - 1 -> #DIV/0! | IM5: =(HK5/HY5) - 1 -> #DIV/0! | ... IR5: =(HP5/ID5) - 1 -> #DIV/0!
A6: 0.30208333 | B6: ='Ferney->Genève'!B6+'StGenis total'!B6+'Mategnin Total'!B6 -> 39 | C6: ='Ferney->Genève'!C6+'StGenis total'!C6+'Mategnin Total'!C6 -> 19 | D6: ='Ferney->Genève'!D6+'StGenis total'!D6+'Mategnin Total'!D6 -> 38 | E6: ='Ferney->Genève'!E6+'StGenis total'!E6+'Mategnin Total'!E6 -> 31 | F6: ='Ferney->Genève'!F6+'StGenis total'!F6+'Mategnin Total'!F6 -> 3 | G6: ='Ferney->Genève'!G6+'StGenis total'!G6+'Mategnin Total'!G6 -> 3 | H6: ='Ferney->Genève'!H6+'StGenis total'!H6+'Mategnin Total'!H6 -> 18 | I6: ='Ferney->Genève'!I6+'StGenis total'!I6+'Mategnin Total'!I6 -> 6 | ... U6: ='Ferney->Genève'!U6+'StGenis total'!U6+'Mategnin Total'!U6 -> 1 | W6: =B6+D6+F6+H6+J6+L6+N6+P6+R6+T6 -> 111 | X6: =C6+E6+G6+I6+K6+M6+O6+Q6+S6+U6 -> 68 | Y6: =X6/(X6+W6) -> 0.37988827 | Z6: =B6+C6+L6+M6 -> 63 | AA6: =D6+E6+N6+O6+F6+G6+P6+Q6 -> 79 | AB6: =F6+G6+P6+Q6 -> 6 | AC6: =H6+I6+R6+S6 -> 26 | AD6: =Z6+AA6+AC6 -> 168 | AE6: =AA6/(Z6+AA6) -> 0.55633803 | AF6: =AC6/AD6 -> 0.1547619 | AG6: =J6+K6+T6+U6 -> 11 | AH6: =SUM(B6:K6) -> 165 | AI6: =SUM(L6:U6) -> 14 | AJ6: =SUM(B6:U6) -> 179 | AM6: =(W6/BS6) - 1 -> 0.077669903 | AN6: =(X6/BT6) - 1 -> 0.30769231 | AO6: =(Y6/BU6) - 1 -> 0.13235926 | AP6: =(Z6/BV6) - 1 -> -0.073529412 | AQ6: =(AA6/BW6) - 1 -> 0.36206897 | AR6: =(AC6/BX6) - 1 -> 1 | AS6: =(AD6/BY6) - 1 -> 0.20863309 | AT6: =(AE6/BZ6) - 1 -> 0.20859641 | AU6: =(AF6/CA6) - 1 -> 0.6547619 | AV6: =(AG6/CB6) - 1 -> -0.3125 | AW6: =(AH6/CC6) - 1 -> 0.092715232 | AX6: =(AI6/CD6) - 1 -> 2.5 | AY6: =(AJ6/CE6) - 1 -> 0.15483871 | BA6: 0.30208333 | BB6: ='Ferney->Genève'!BB6+'StGenis total'!BB6+'Mategnin Total'!BB6 -> 45 | BC6: ='Ferney->Genève'!BC6+'StGenis total'!BC6+'Mategnin Total'!BC6 -> 19 | BD6: ='Ferney->Genève'!BD6+'StGenis total'!BD6+'Mategnin Total'!BD6 -> 31 | BE6: ='Ferney->Genève'!BE6+'StGenis total'!BE6+'Mategnin Total'!BE6 -> 27 | BF6: ='Ferney->Genève'!BF6+'StGenis total'!BF6+'Mategnin Total'!BF6 -> 12 | BG6: ='Ferney->Genève'!BG6+'StGenis total'!BG6+'Mategnin Total'!BG6 -> 1 | BH6: ='Ferney->Genève'!BH6+'StGenis total'!BH6+'Mategnin Total'!BH6 -> 11 | BI6: ='Ferney->Genève'!BI6+'StGenis total'!BI6+'Mategnin Total'!BI6 -> 5 | ... BQ6: ='Ferney->Genève'!BQ6+'StGenis total'!BQ6+'Mategnin Total'!BQ6 -> 0 | BS6: =BB6+BD6+BF6+BH6+BJ6+BL6+BN6+BP6 -> 103 | BT6: =BC6+BE6+BG6+BI6+BK6+BM6+BO6+BQ6 -> 52 | BU6: =BT6/(BT6+BS6) -> 0.33548387 | BV6: =BB6+BC6+BJ6+BK6 -> 68 | BW6: =BD6+BE6+BL6+BM6 -> 58 | BX6: =BF6+BG6+BN6+BO6 -> 13 | BY6: =SUM(BV6:BX6) -> 139 | BZ6: =BW6/(BW6+BV6) -> 0.46031746 | CA6: =BX6/BY6 -> 0.09352518 | CB6: =BH6+BI6+BP6+BQ6 -> 16 | CC6: =SUM(BB6:BI6) -> 151 | CD6: =SUM(BJ6:BQ6) -> 4 | CE6: =SUM(BB6:BQ6) -> 155 | CH6: =(BS6/DN6) - 1 -> 0.06185567 | CI6: =(BT6/DO6) - 1 -> 0.20930233 | CJ6: =(BU6/DP6) - 1 -> 0.092273068 | CK6: =(BV6/DQ6) - 1 -> -0.014492754 | CL6: =(BW6/DR6) - 1 -> 0.054545455 | CM6: =(BX6/DS6) - 1 -> 0.44444444 | CN6: =(BY6/DT6) - 1 -> 0.045112782 | CO6: =(BZ6/DU6) - 1 -> 0.11313131 | ... CT6: =(CE6/DZ6) - 1 -> 0.10714286 | CV6: 0.30208333 | CW6: ='Ferney->Genève'!CW6+'StGenis total'!CW6+'Mategnin Total'!CW6 -> 53 | CX6: ='Ferney->Genève'!CX6+'StGenis total'!CX6+'Mategnin Total'!CX6 -> 12 | CY6: ='Ferney->Genève'!CY6+'StGenis total'!CY6+'Mategnin Total'!CY6 -> 26 | CZ6: ='Ferney->Genève'!CZ6+'StGenis total'!CZ6+'Mategnin Total'!CZ6 -> 27 | DA6: ='Ferney->Genève'!DA6+'StGenis total'!DA6+'Mategnin Total'!DA6 -> 8 | DB6: ='Ferney->Genève'!DB6+'StGenis total'!DB6+'Mategnin Total'!DB6 -> 1 | DC6: ='Ferney->Genève'!DC6+'StGenis total'!DC6+'Mategnin Total'!DC6 -> 2 | DD6: ='Ferney->Genève'!DD6+'StGenis total'!DD6+'Mategnin Total'!DD6 -> 2 | ... DL6: ='Ferney->Genève'!DL6+'StGenis total'!DL6+'Mategnin Total'!DL6 -> 0 | DN6: =CW6+CY6+DA6+DC6+DE6+DG6+DI6+DK6 -> 97 | DO6: =CX6+CZ6+DB6+DD6+DF6+DH6+DJ6+DL6 -> 43 | DP6: =DO6/(DO6+DN6) -> 0.30714286 | DQ6: =CW6+CX6+DE6+DF6 -> 69 | DR6: =CY6+CZ6+DG6+DH6 -> 55 | DS6: =DA6+DB6+DI6+DJ6 -> 9 | DT6: =SUM(DQ6:DS6) -> 133 | DU6: =DR6/DT6 -> 0.41353383 | DV6: =DS6/DT6 -> 0.067669173 | DW6: =DC6+DD6+DK6+DL6 -> 7 | DX6: =SUM(CW6:DD6) -> 131 | DY6: =SUM(DE6:DL6) -> 9 | DZ6: =SUM(CW6:DL6) -> 140 | EC6: =(DN6/FI6) - 1 -> 0.27631579 | ED6: =(DO6/FJ6) - 1 -> 0.048780488 | EE6: =(DP6/FK6) - 1 -> -0.12351916 | EF6: =(DQ6/FL6) - 1 -> 0.16949153 | EG6: =(DR6/FM6) - 1 -> 0.34146341 | EH6: =(DS6/FN6) - 1 -> 0.125 | EI6: =(DT6/FO6) - 1 -> 0.23148148 | EJ6: =(DU6/FP6) - 1 -> 0.089308637 | ... EO6: =(DZ6/FU6) - 1 -> 0.1965812 | EQ6: 0.30208333 | ER6: ='Ferney->Genève'!ER6+'StGenis total'!ER6+'Mategnin Total'!ER6 -> 34 | ES6: ='Ferney->Genève'!ES6+'StGenis total'!ES6+'Mategnin Total'!ES6 -> 21 | ET6: ='Ferney->Genève'!ET6+'StGenis total'!ET6+'Mategnin Total'!ET6 -> 22 | EU6: ='Ferney->Genève'!EU6+'StGenis total'!EU6+'Mategnin Total'!EU6 -> 18 | EV6: ='Ferney->Genève'!EV6+'StGenis total'!EV6+'Mategnin Total'!EV6 -> 6 | EW6: ='Ferney->Genève'!EW6+'StGenis total'!EW6+'Mategnin Total'!EW6 -> 1 | EX6: ='Ferney->Genève'!EX6+'StGenis total'!EX6+'Mategnin Total'!EX6 -> 6 | EY6: ='Ferney->Genève'!EY6+'StGenis total'!EY6+'Mategnin Total'!EY6 -> 1 | ... FG6: ='Ferney->Genève'!FG6+'StGenis total'!FG6+'Mategnin Total'!FG6 -> 0 | FI6: =ER6+ET6+EV6+EX6+EZ6+FB6+FD6+FF6 -> 76 | FJ6: =ES6+EU6+EW6+EY6+FA6+FC6+FE6+FG6 -> 41 | FK6: =FJ6/(FJ6+FI6) -> 0.35042735 | FL6: =ER6+ES6+EZ6+FA6 -> 59 | FM6: =ET6+EU6+FB6+FC6 -> 41 | FN6: =EV6+EW6+FD6+FE6 -> 8 | FO6: =SUM(FL6:FN6) -> 108 | FP6: =FM6/FO6 -> 0.37962963 | FQ6: =FN6/FO6 -> 0.074074074 | FR6: =EX6+EY6+FF6+FG6 -> 9 | FS6: =SUM(ER6:EY6) -> 109 | FT6: =SUM(EZ6:FG6) -> 8 | FU6: =SUM(ER6:FG6) -> 117 | FX6: =(FI6/HD6) - 1 -> 0.085714286 | FY6: =(FJ6/HE6) - 1 -> 0.64 | FZ6: =(FK6/HF6) - 1 -> 0.33162393 | GA6: =(FL6/HG6) - 1 -> 0.18 | GB6: =(FM6/HH6) - 1 -> 0.10810811 | GC6: =(FN6/HI6) - 1 -> 0.6 | GD6: =(FO6/HJ6) - 1 -> 0.17391304 | GE6: =(FP6/HK6) - 1 -> -0.056056056 | ... GJ6: =(FU6/HP6) - 1 -> 0.23157895 | GL6: 0.30208333 | GM6: ='Ferney->Genève'!GM6+'StGenis total'!GM6+'Mategnin Total'!GM6 -> 39 | GN6: ='Ferney->Genève'!GN6+'StGenis total'!GN6+'Mategnin Total'!GN6 -> 8 | GO6: ='Ferney->Genève'!GO6+'StGenis total'!GO6+'Mategnin Total'!GO6 -> 21 | GP6: ='Ferney->Genève'!GP6+'StGenis total'!GP6+'Mategnin Total'!GP6 -> 14 | GQ6: ='Ferney->Genève'!GQ6+'StGenis total'!GQ6+'Mategnin Total'!GQ6 -> 2 | GR6: ='Ferney->Genève'!GR6+'StGenis total'!GR6+'Mategnin Total'!GR6 -> 3 | GS6: ='Ferney->Genève'!GS6+'StGenis total'!GS6+'Mategnin Total'!GS6 -> 2 | GT6: ='Ferney->Genève'!GT6+'StGenis total'!GT6+'Mategnin Total'!GT6 -> 0 | ... HB6: ='Ferney->Genève'!HB6+'StGenis total'!HB6+'Mategnin Total'!HB6 -> 0 | HD6: =GM6+GO6+GQ6+GS6+GU6+GW6+GY6+HA6 -> 70 | HE6: =GN6+GP6+GR6+GT6+GV6+GX6+GZ6+HB6 -> 25 | HF6: =HE6/(HE6+HD6) -> 0.26315789 | HG6: =GM6+GN6+GU6+GV6 -> 50 | HH6: =GO6+GP6+GW6+GX6 -> 37 | HI6: =GQ6+GR6+GY6+GZ6 -> 5 | HJ6: =SUM(HG6:HI6) -> 92 | HK6: =HH6/HJ6 -> 0.40217391 | HL6: =HI6/HJ6 -> 0.054347826 | HM6: =GS6+GT6+HA6+HB6 -> 3 | HN6: =SUM(GM6:GT6) -> 89 | HO6: =SUM(GU6:HB6) -> 6 | HP6: =SUM(GM6:HB6) -> 95 | IF6: =(HD6/HR6) - 1 -> #DIV/0! | IG6: =(HE6/HS6) - 1 -> #DIV/0! | IH6: =(HF6/HT6) - 1 -> #DIV/0! | II6: =(HG6/HU6) - 1 -> #DIV/0! | IJ6: =(HH6/HV6) - 1 -> #DIV/0! | IK6: =(HI6/HW6) - 1 -> #DIV/0! | IL6: =(HJ6/HX6) - 1 -> #DIV/0! | IM6: =(HK6/HY6) - 1 -> #DIV/0! | ... IR6: =(HP6/ID6) - 1 -> #DIV/0!
A7: 0.3125 | B7: ='Ferney->Genève'!B7+'StGenis total'!B7+'Mategnin Total'!B7 -> 48 | C7: ='Ferney->Genève'!C7+'StGenis total'!C7+'Mategnin Total'!C7 -> 15 | D7: ='Ferney->Genève'!D7+'StGenis total'!D7+'Mategnin Total'!D7 -> 35 | E7: ='Ferney->Genève'!E7+'StGenis total'!E7+'Mategnin Total'!E7 -> 37 | F7: ='Ferney->Genève'!F7+'StGenis total'!F7+'Mategnin Total'!F7 -> 5 | G7: ='Ferney->Genève'!G7+'StGenis total'!G7+'Mategnin Total'!G7 -> 0 | H7: ='Ferney->Genève'!H7+'StGenis total'!H7+'Mategnin Total'!H7 -> 11 | I7: ='Ferney->Genève'!I7+'StGenis total'!I7+'Mategnin Total'!I7 -> 7 | ... U7: ='Ferney->Genève'!U7+'StGenis total'!U7+'Mategnin Total'!U7 -> 1 | W7: =B7+D7+F7+H7+J7+L7+N7+P7+R7+T7 -> 113 | X7: =C7+E7+G7+I7+K7+M7+O7+Q7+S7+U7 -> 66 | Y7: =X7/(X7+W7) -> 0.36871508 | Z7: =B7+C7+L7+M7 -> 65 | AA7: =D7+E7+N7+O7+F7+G7+P7+Q7 -> 77 | AB7: =F7+G7+P7+Q7 -> 5 | AC7: =H7+I7+R7+S7 -> 19 | AD7: =Z7+AA7+AC7 -> 161 | AE7: =AA7/(Z7+AA7) -> 0.54225352 | AF7: =AC7/AD7 -> 0.11801242 | AG7: =J7+K7+T7+U7 -> 18 | AH7: =SUM(B7:K7) -> 174 | AI7: =SUM(L7:U7) -> 5 | AJ7: =SUM(B7:U7) -> 179 | AM7: =(W7/BS7) - 1 -> -0.096 | AN7: =(X7/BT7) - 1 -> -0.014925373 | AO7: =(Y7/BU7) - 1 -> 0.05661636 | AP7: =(Z7/BV7) - 1 -> -0.24418605 | AQ7: =(AA7/BW7) - 1 -> -0.025316456 | AR7: =(AC7/BX7) - 1 -> 0.26666667 | AS7: =(AD7/BY7) - 1 -> -0.10555556 | AT7: =(AE7/BZ7) - 1 -> 0.13255482 | AU7: =(AF7/CA7) - 1 -> 0.41614907 | AV7: =(AG7/CB7) - 1 -> 0.5 | AW7: =(AH7/CC7) - 1 -> -0.049180328 | AX7: =(AI7/CD7) - 1 -> -0.44444444 | AY7: =(AJ7/CE7) - 1 -> -0.067708333 | BA7: 0.3125 | BB7: ='Ferney->Genève'!BB7+'StGenis total'!BB7+'Mategnin Total'!BB7 -> 62 | BC7: ='Ferney->Genève'!BC7+'StGenis total'!BC7+'Mategnin Total'!BC7 -> 21 | BD7: ='Ferney->Genève'!BD7+'StGenis total'!BD7+'Mategnin Total'!BD7 -> 42 | BE7: ='Ferney->Genève'!BE7+'StGenis total'!BE7+'Mategnin Total'!BE7 -> 33 | BF7: ='Ferney->Genève'!BF7+'StGenis total'!BF7+'Mategnin Total'!BF7 -> 12 | BG7: ='Ferney->Genève'!BG7+'StGenis total'!BG7+'Mategnin Total'!BG7 -> 2 | BH7: ='Ferney->Genève'!BH7+'StGenis total'!BH7+'Mategnin Total'!BH7 -> 5 | BI7: ='Ferney->Genève'!BI7+'StGenis total'!BI7+'Mategnin Total'!BI7 -> 6 | ... BQ7: ='Ferney->Genève'!BQ7+'StGenis total'!BQ7+'Mategnin Total'!BQ7 -> 1 | BS7: =BB7+BD7+BF7+BH7+BJ7+BL7+BN7+BP7 -> 125 | BT7: =BC7+BE7+BG7+BI7+BK7+BM7+BO7+BQ7 -> 67 | BU7: =BT7/(BT7+BS7) -> 0.34895833 | BV7: =BB7+BC7+BJ7+BK7 -> 86 | BW7: =BD7+BE7+BL7+BM7 -> 79 | BX7: =BF7+BG7+BN7+BO7 -> 15 | BY7: =SUM(BV7:BX7) -> 180 | BZ7: =BW7/(BW7+BV7) -> 0.47878788 | CA7: =BX7/BY7 -> 0.083333333 | CB7: =BH7+BI7+BP7+BQ7 -> 12 | CC7: =SUM(BB7:BI7) -> 183 | CD7: =SUM(BJ7:BQ7) -> 9 | CE7: =SUM(BB7:BQ7) -> 192 | CH7: =(BS7/DN7) - 1 -> 0.13636364 | CI7: =(BT7/DO7) - 1 -> 0.030769231 | CJ7: =(BU7/DP7) - 1 -> -0.060496795 | CK7: =(BV7/DQ7) - 1 -> 0.023809524 | CL7: =(BW7/DR7) - 1 -> 0.097222222 | CM7: =(BX7/DS7) - 1 -> 0.66666667 | CN7: =(BY7/DT7) - 1 -> 0.090909091 | CO7: =(BZ7/DU7) - 1 -> 0.097222222 | ... CT7: =(CE7/DZ7) - 1 -> 0.097142857 | CV7: 0.3125 | CW7: ='Ferney->Genève'!CW7+'StGenis total'!CW7+'Mategnin Total'!CW7 -> 58 | CX7: ='Ferney->Genève'!CX7+'StGenis total'!CX7+'Mategnin Total'!CX7 -> 18 | CY7: ='Ferney->Genève'!CY7+'StGenis total'!CY7+'Mategnin Total'!CY7 -> 30 | CZ7: ='Ferney->Genève'!CZ7+'StGenis total'!CZ7+'Mategnin Total'!CZ7 -> 40 | DA7: ='Ferney->Genève'!DA7+'StGenis total'!DA7+'Mategnin Total'!DA7 -> 8 | DB7: ='Ferney->Genève'!DB7+'StGenis total'!DB7+'Mategnin Total'!DB7 -> 1 | DC7: ='Ferney->Genève'!DC7+'StGenis total'!DC7+'Mategnin Total'!DC7 -> 4 | DD7: ='Ferney->Genève'!DD7+'StGenis total'!DD7+'Mategnin Total'!DD7 -> 3 | ... DL7: ='Ferney->Genève'!DL7+'StGenis total'!DL7+'Mategnin Total'!DL7 -> 1 | DN7: =CW7+CY7+DA7+DC7+DE7+DG7+DI7+DK7 -> 110 | DO7: =CX7+CZ7+DB7+DD7+DF7+DH7+DJ7+DL7 -> 65 | DP7: =DO7/(DO7+DN7) -> 0.37142857 | DQ7: =CW7+CX7+DE7+DF7 -> 84 | DR7: =CY7+CZ7+DG7+DH7 -> 72 | DS7: =DA7+DB7+DI7+DJ7 -> 9 | DT7: =SUM(DQ7:DS7) -> 165 | DU7: =DR7/DT7 -> 0.43636364 | DV7: =DS7/DT7 -> 0.054545455 | DW7: =DC7+DD7+DK7+DL7 -> 10 | DX7: =SUM(CW7:DD7) -> 162 | DY7: =SUM(DE7:DL7) -> 13 | DZ7: =SUM(CW7:DL7) -> 175 | EC7: =(DN7/FI7) - 1 -> 0.30952381 | ED7: =(DO7/FJ7) - 1 -> 0.58536585 | EE7: =(DP7/FK7) - 1 -> 0.13240418 | EF7: =(DQ7/FL7) - 1 -> 0.44827586 | EG7: =(DR7/FM7) - 1 -> 0.5 | EH7: =(DS7/FN7) - 1 -> -0.1 | EI7: =(DT7/FO7) - 1 -> 0.42241379 | EJ7: =(DU7/FP7) - 1 -> 0.054545455 | ... EO7: =(DZ7/FU7) - 1 -> 0.4 | EQ7: 0.3125 | ER7: ='Ferney->Genève'!ER7+'StGenis total'!ER7+'Mategnin Total'!ER7 -> 42 | ES7: ='Ferney->Genève'!ES7+'StGenis total'!ES7+'Mategnin Total'!ES7 -> 15 | ET7: ='Ferney->Genève'!ET7+'StGenis total'!ET7+'Mategnin Total'!ET7 -> 28 | EU7: ='Ferney->Genève'!EU7+'StGenis total'!EU7+'Mategnin Total'!EU7 -> 17 | EV7: ='Ferney->Genève'!EV7+'StGenis total'!EV7+'Mategnin Total'!EV7 -> 5 | EW7: ='Ferney->Genève'!EW7+'StGenis total'!EW7+'Mategnin Total'!EW7 -> 3 | EX7: ='Ferney->Genève'!EX7+'StGenis total'!EX7+'Mategnin Total'!EX7 -> 5 | EY7: ='Ferney->Genève'!EY7+'StGenis total'!EY7+'Mategnin Total'!EY7 -> 3 | ... FG7: ='Ferney->Genève'!FG7+'StGenis total'!FG7+'Mategnin Total'!FG7 -> 0 | FI7: =ER7+ET7+EV7+EX7+EZ7+FB7+FD7+FF7 -> 84 | FJ7: =ES7+EU7+EW7+EY7+FA7+FC7+FE7+FG7 -> 41 | FK7: =FJ7/(FJ7+FI7) -> 0.328 | FL7: =ER7+ES7+EZ7+FA7 -> 58 | FM7: =ET7+EU7+FB7+FC7 -> 48 | FN7: =EV7+EW7+FD7+FE7 -> 10 | FO7: =SUM(FL7:FN7) -> 116 | FP7: =FM7/FO7 -> 0.4137931 | FQ7: =FN7/FO7 -> 0.086206897 | FR7: =EX7+EY7+FF7+FG7 -> 9 | FS7: =SUM(ER7:EY7) -> 118 | FT7: =SUM(EZ7:FG7) -> 7 | FU7: =SUM(ER7:FG7) -> 125 | FX7: =(FI7/HD7) - 1 -> 0.2173913 | FY7: =(FJ7/HE7) - 1 -> 0.51851852 | FZ7: =(FK7/HF7) - 1 -> 0.16622222 | GA7: =(FL7/HG7) - 1 -> 0.20833333 | GB7: =(FM7/HH7) - 1 -> 0.33333333 | GC7: =(FN7/HI7) - 1 -> 1.5 | GD7: =(FO7/HJ7) - 1 -> 0.31818182 | GE7: =(FP7/HK7) - 1 -> 0.011494253 | ... GJ7: =(FU7/HP7) - 1 -> 0.30208333 | GL7: 0.3125 | GM7: ='Ferney->Genève'!GM7+'StGenis total'!GM7+'Mategnin Total'!GM7 -> 29 | GN7: ='Ferney->Genève'!GN7+'StGenis total'!GN7+'Mategnin Total'!GN7 -> 11 | GO7: ='Ferney->Genève'!GO7+'StGenis total'!GO7+'Mategnin Total'!GO7 -> 19 | GP7: ='Ferney->Genève'!GP7+'StGenis total'!GP7+'Mategnin Total'!GP7 -> 14 | GQ7: ='Ferney->Genève'!GQ7+'StGenis total'!GQ7+'Mategnin Total'!GQ7 -> 4 | GR7: ='Ferney->Genève'!GR7+'StGenis total'!GR7+'Mategnin Total'!GR7 -> 0 | GS7: ='Ferney->Genève'!GS7+'StGenis total'!GS7+'Mategnin Total'!GS7 -> 6 | GT7: ='Ferney->Genève'!GT7+'StGenis total'!GT7+'Mategnin Total'!GT7 -> 1 | ... HB7: ='Ferney->Genève'!HB7+'StGenis total'!HB7+'Mategnin Total'!HB7 -> 0 | HD7: =GM7+GO7+GQ7+GS7+GU7+GW7+GY7+HA7 -> 69 | HE7: =GN7+GP7+GR7+GT7+GV7+GX7+GZ7+HB7 -> 27 | HF7: =HE7/(HE7+HD7) -> 0.28125 | HG7: =GM7+GN7+GU7+GV7 -> 48 | HH7: =GO7+GP7+GW7+GX7 -> 36 | HI7: =GQ7+GR7+GY7+GZ7 -> 4 | HJ7: =SUM(HG7:HI7) -> 88 | HK7: =HH7/HJ7 -> 0.40909091 | HL7: =HI7/HJ7 -> 0.045454545 | HM7: =GS7+GT7+HA7+HB7 -> 8 | HN7: =SUM(GM7:GT7) -> 84 | HO7: =SUM(GU7:HB7) -> 12 | HP7: =SUM(GM7:HB7) -> 96 | IF7: =(HD7/HR7) - 1 -> #DIV/0! | IG7: =(HE7/HS7) - 1 -> #DIV/0! | IH7: =(HF7/HT7) - 1 -> #DIV/0! | II7: =(HG7/HU7) - 1 -> #DIV/0! | IJ7: =(HH7/HV7) - 1 -> #DIV/0! | IK7: =(HI7/HW7) - 1 -> #DIV/0! | IL7: =(HJ7/HX7) - 1 -> #DIV/0! | IM7: =(HK7/HY7) - 1 -> #DIV/0! | ... IR7: =(HP7/ID7) - 1 -> #DIV/0!
A8: 0.32291667 | B8: ='Ferney->Genève'!B8+'StGenis total'!B8+'Mategnin Total'!B8 -> 75 | C8: ='Ferney->Genève'!C8+'StGenis total'!C8+'Mategnin Total'!C8 -> 23 | D8: ='Ferney->Genève'!D8+'StGenis total'!D8+'Mategnin Total'!D8 -> 68 | E8: ='Ferney->Genève'!E8+'StGenis total'!E8+'Mategnin Total'!E8 -> 52 | F8: ='Ferney->Genève'!F8+'StGenis total'!F8+'Mategnin Total'!F8 -> 5 | G8: ='Ferney->Genève'!G8+'StGenis total'!G8+'Mategnin Total'!G8 -> 2 | H8: ='Ferney->Genève'!H8+'StGenis total'!H8+'Mategnin Total'!H8 -> 6 | I8: ='Ferney->Genève'!I8+'StGenis total'!I8+'Mategnin Total'!I8 -> 5 | ... U8: ='Ferney->Genève'!U8+'StGenis total'!U8+'Mategnin Total'!U8 -> 1 | W8: =B8+D8+F8+H8+J8+L8+N8+P8+R8+T8 -> 168 | X8: =C8+E8+G8+I8+K8+M8+O8+Q8+S8+U8 -> 91 | Y8: =X8/(X8+W8) -> 0.35135135 | Z8: =B8+C8+L8+M8 -> 100 | AA8: =D8+E8+N8+O8+F8+G8+P8+Q8 -> 131 | AB8: =F8+G8+P8+Q8 -> 7 | AC8: =H8+I8+R8+S8 -> 13 | AD8: =Z8+AA8+AC8 -> 244 | AE8: =AA8/(Z8+AA8) -> 0.56709957 | AF8: =AC8/AD8 -> 0.053278689 | AG8: =J8+K8+T8+U8 -> 15 | AH8: =SUM(B8:K8) -> 246 | AI8: =SUM(L8:U8) -> 13 | AJ8: =SUM(B8:U8) -> 259 | AM8: =(W8/BS8) - 1 -> 0.35483871 | AN8: =(X8/BT8) - 1 -> 0.44444444 | AO8: =(Y8/BU8) - 1 -> 0.042900043 | AP8: =(Z8/BV8) - 1 -> 0.098901099 | AQ8: =(AA8/BW8) - 1 -> 0.74666667 | AR8: =(AC8/BX8) - 1 -> 0.3 | AS8: =(AD8/BY8) - 1 -> 0.38636364 | AT8: =(AE8/BZ8) - 1 -> 0.25518038 | AU8: =(AF8/CA8) - 1 -> -0.062295082 | AV8: =(AG8/CB8) - 1 -> 0.36363636 | AW8: =(AH8/CC8) - 1 -> 0.38983051 | AX8: =(AI8/CD8) - 1 -> 0.3 | AY8: =(AJ8/CE8) - 1 -> 0.38502674 | BA8: 0.32291667 | BB8: ='Ferney->Genève'!BB8+'StGenis total'!BB8+'Mategnin Total'!BB8 -> 64 | BC8: ='Ferney->Genève'!BC8+'StGenis total'!BC8+'Mategnin Total'!BC8 -> 22 | BD8: ='Ferney->Genève'!BD8+'StGenis total'!BD8+'Mategnin Total'!BD8 -> 39 | BE8: ='Ferney->Genève'!BE8+'StGenis total'!BE8+'Mategnin Total'!BE8 -> 35 | BF8: ='Ferney->Genève'!BF8+'StGenis total'!BF8+'Mategnin Total'!BF8 -> 9 | BG8: ='Ferney->Genève'!BG8+'StGenis total'!BG8+'Mategnin Total'!BG8 -> 1 | BH8: ='Ferney->Genève'!BH8+'StGenis total'!BH8+'Mategnin Total'!BH8 -> 6 | BI8: ='Ferney->Genève'!BI8+'StGenis total'!BI8+'Mategnin Total'!BI8 -> 1 | ... BQ8: ='Ferney->Genève'!BQ8+'StGenis total'!BQ8+'Mategnin Total'!BQ8 -> 2 | BS8: =BB8+BD8+BF8+BH8+BJ8+BL8+BN8+BP8 -> 124 | BT8: =BC8+BE8+BG8+BI8+BK8+BM8+BO8+BQ8 -> 63 | BU8: =BT8/(BT8+BS8) -> 0.3368984 | BV8: =BB8+BC8+BJ8+BK8 -> 91 | BW8: =BD8+BE8+BL8+BM8 -> 75 | BX8: =BF8+BG8+BN8+BO8 -> 10 | BY8: =SUM(BV8:BX8) -> 176 | BZ8: =BW8/(BW8+BV8) -> 0.45180723 | CA8: =BX8/BY8 -> 0.056818182 | CB8: =BH8+BI8+BP8+BQ8 -> 11 | CC8: =SUM(BB8:BI8) -> 177 | CD8: =SUM(BJ8:BQ8) -> 10 | CE8: =SUM(BB8:BQ8) -> 187 | CH8: =(BS8/DN8) - 1 -> 0.16981132 | CI8: =(BT8/DO8) - 1 -> 0.016129032 | CJ8: =(BU8/DP8) - 1 -> -0.087114024 | CK8: =(BV8/DQ8) - 1 -> 0.12345679 | CL8: =(BW8/DR8) - 1 -> 0.056338028 | CM8: =(BX8/DS8) - 1 -> -0.090909091 | CN8: =(BY8/DT8) - 1 -> 0.079754601 | CO8: =(BZ8/DU8) - 1 -> 0.037247582 | ... CT8: =(CE8/DZ8) - 1 -> 0.11309524 | CV8: 0.32291667 | CW8: ='Ferney->Genève'!CW8+'StGenis total'!CW8+'Mategnin Total'!CW8 -> 65 | CX8: ='Ferney->Genève'!CX8+'StGenis total'!CX8+'Mategnin Total'!CX8 -> 15 | CY8: ='Ferney->Genève'!CY8+'StGenis total'!CY8+'Mategnin Total'!CY8 -> 29 | CZ8: ='Ferney->Genève'!CZ8+'StGenis total'!CZ8+'Mategnin Total'!CZ8 -> 36 | DA8: ='Ferney->Genève'!DA8+'StGenis total'!DA8+'Mategnin Total'!DA8 -> 7 | DB8: ='Ferney->Genève'!DB8+'StGenis total'!DB8+'Mategnin Total'!DB8 -> 4 | DC8: ='Ferney->Genève'!DC8+'StGenis total'!DC8+'Mategnin Total'!DC8 -> 1 | DD8: ='Ferney->Genève'!DD8+'StGenis total'!DD8+'Mategnin Total'!DD8 -> 4 | ... DL8: ='Ferney->Genève'!DL8+'StGenis total'!DL8+'Mategnin Total'!DL8 -> 0 | DN8: =CW8+CY8+DA8+DC8+DE8+DG8+DI8+DK8 -> 106 | DO8: =CX8+CZ8+DB8+DD8+DF8+DH8+DJ8+DL8 -> 62 | DP8: =DO8/(DO8+DN8) -> 0.36904762 | DQ8: =CW8+CX8+DE8+DF8 -> 81 | DR8: =CY8+CZ8+DG8+DH8 -> 71 | DS8: =DA8+DB8+DI8+DJ8 -> 11 | DT8: =SUM(DQ8:DS8) -> 163 | DU8: =DR8/DT8 -> 0.43558282 | DV8: =DS8/DT8 -> 0.067484663 | DW8: =DC8+DD8+DK8+DL8 -> 5 | DX8: =SUM(CW8:DD8) -> 161 | DY8: =SUM(DE8:DL8) -> 7 | DZ8: =SUM(CW8:DL8) -> 168 | EC8: =(DN8/FI8) - 1 -> 0.081632653 | ED8: =(DO8/FJ8) - 1 -> 0.24 | EE8: =(DP8/FK8) - 1 -> 0.092380952 | EF8: =(DQ8/FL8) - 1 -> 0.22727273 | EG8: =(DR8/FM8) - 1 -> 0.075757576 | EH8: =(DS8/FN8) - 1 -> 2.6666667 | EI8: =(DT8/FO8) - 1 -> 0.20740741 | EJ8: =(DU8/FP8) - 1 -> -0.10903514 | ... EO8: =(DZ8/FU8) - 1 -> 0.13513514 | EQ8: 0.32291667 | ER8: ='Ferney->Genève'!ER8+'StGenis total'!ER8+'Mategnin Total'!ER8 -> 42 | ES8: ='Ferney->Genève'!ES8+'StGenis total'!ES8+'Mategnin Total'!ES8 -> 19 | ET8: ='Ferney->Genève'!ET8+'StGenis total'!ET8+'Mategnin Total'!ET8 -> 40 | EU8: ='Ferney->Genève'!EU8+'StGenis total'!EU8+'Mategnin Total'!EU8 -> 24 | EV8: ='Ferney->Genève'!EV8+'StGenis total'!EV8+'Mategnin Total'!EV8 -> 3 | EW8: ='Ferney->Genève'!EW8+'StGenis total'!EW8+'Mategnin Total'!EW8 -> 0 | EX8: ='Ferney->Genève'!EX8+'StGenis total'!EX8+'Mategnin Total'!EX8 -> 5 | EY8: ='Ferney->Genève'!EY8+'StGenis total'!EY8+'Mategnin Total'!EY8 -> 4 | ... FG8: ='Ferney->Genève'!FG8+'StGenis total'!FG8+'Mategnin Total'!FG8 -> 1 | FI8: =ER8+ET8+EV8+EX8+EZ8+FB8+FD8+FF8 -> 98 | FJ8: =ES8+EU8+EW8+EY8+FA8+FC8+FE8+FG8 -> 50 | FK8: =FJ8/(FJ8+FI8) -> 0.33783784 | FL8: =ER8+ES8+EZ8+FA8 -> 66 | FM8: =ET8+EU8+FB8+FC8 -> 66 | FN8: =EV8+EW8+FD8+FE8 -> 3 | FO8: =SUM(FL8:FN8) -> 135 | FP8: =FM8/FO8 -> 0.48888889 | FQ8: =FN8/FO8 -> 0.022222222 | FR8: =EX8+EY8+FF8+FG8 -> 13 | FS8: =SUM(ER8:EY8) -> 137 | FT8: =SUM(EZ8:FG8) -> 11 | FU8: =SUM(ER8:FG8) -> 148 | FX8: =(FI8/HD8) - 1 -> 0.25641026 | FY8: =(FJ8/HE8) - 1 -> 0.31578947 | FZ8: =(FK8/HF8) - 1 -> 0.031294452 | GA8: =(FL8/HG8) - 1 -> 0.22222222 | GB8: =(FM8/HH8) - 1 -> 0.46666667 | GC8: =(FN8/HI8) - 1 -> -0.5 | GD8: =(FO8/HJ8) - 1 -> 0.28571429 | GE8: =(FP8/HK8) - 1 -> 0.14074074 | ... GJ8: =(FU8/HP8) - 1 -> 0.27586207 | GL8: 0.32291667 | GM8: ='Ferney->Genève'!GM8+'StGenis total'!GM8+'Mategnin Total'!GM8 -> 39 | GN8: ='Ferney->Genève'!GN8+'StGenis total'!GN8+'Mategnin Total'!GN8 -> 11 | GO8: ='Ferney->Genève'!GO8+'StGenis total'!GO8+'Mategnin Total'!GO8 -> 22 | GP8: ='Ferney->Genève'!GP8+'StGenis total'!GP8+'Mategnin Total'!GP8 -> 21 | GQ8: ='Ferney->Genève'!GQ8+'StGenis total'!GQ8+'Mategnin Total'!GQ8 -> 6 | GR8: ='Ferney->Genève'!GR8+'StGenis total'!GR8+'Mategnin Total'!GR8 -> 0 | GS8: ='Ferney->Genève'!GS8+'StGenis total'!GS8+'Mategnin Total'!GS8 -> 6 | GT8: ='Ferney->Genève'!GT8+'StGenis total'!GT8+'Mategnin Total'!GT8 -> 3 | ... HB8: ='Ferney->Genève'!HB8+'StGenis total'!HB8+'Mategnin Total'!HB8 -> 1 | HD8: =GM8+GO8+GQ8+GS8+GU8+GW8+GY8+HA8 -> 78 | HE8: =GN8+GP8+GR8+GT8+GV8+GX8+GZ8+HB8 -> 38 | HF8: =HE8/(HE8+HD8) -> 0.32758621 | HG8: =GM8+GN8+GU8+GV8 -> 54 | HH8: =GO8+GP8+GW8+GX8 -> 45 | HI8: =GQ8+GR8+GY8+GZ8 -> 6 | HJ8: =SUM(HG8:HI8) -> 105 | HK8: =HH8/HJ8 -> 0.42857143 | HL8: =HI8/HJ8 -> 0.057142857 | HM8: =GS8+GT8+HA8+HB8 -> 11 | HN8: =SUM(GM8:GT8) -> 108 | HO8: =SUM(GU8:HB8) -> 8 | HP8: =SUM(GM8:HB8) -> 116 | IF8: =(HD8/HR8) - 1 -> #DIV/0! | IG8: =(HE8/HS8) - 1 -> #DIV/0! | IH8: =(HF8/HT8) - 1 -> #DIV/0! | II8: =(HG8/HU8) - 1 -> #DIV/0! | IJ8: =(HH8/HV8) - 1 -> #DIV/0! | IK8: =(HI8/HW8) - 1 -> #DIV/0! | IL8: =(HJ8/HX8) - 1 -> #DIV/0! | IM8: =(HK8/HY8) - 1 -> #DIV/0! | ... IR8: =(HP8/ID8) - 1 -> #DIV/0!
A9: 0.33333333 | B9: ='Ferney->Genève'!B9+'StGenis total'!B9+'Mategnin Total'!B9 -> 75 | C9: ='Ferney->Genève'!C9+'StGenis total'!C9+'Mategnin Total'!C9 -> 24 | D9: ='Ferney->Genève'!D9+'StGenis total'!D9+'Mategnin Total'!D9 -> 69 | E9: ='Ferney->Genève'!E9+'StGenis total'!E9+'Mategnin Total'!E9 -> 45 | F9: ='Ferney->Genève'!F9+'StGenis total'!F9+'Mategnin Total'!F9 -> 8 | G9: ='Ferney->Genève'!G9+'StGenis total'!G9+'Mategnin Total'!G9 -> 3 | H9: ='Ferney->Genève'!H9+'StGenis total'!H9+'Mategnin Total'!H9 -> 5 | I9: ='Ferney->Genève'!I9+'StGenis total'!I9+'Mategnin Total'!I9 -> 6 | ... U9: ='Ferney->Genève'!U9+'StGenis total'!U9+'Mategnin Total'!U9 -> 5 | W9: =B9+D9+F9+H9+J9+L9+N9+P9+R9+T9 -> 177 | X9: =C9+E9+G9+I9+K9+M9+O9+Q9+S9+U9 -> 89 | Y9: =X9/(X9+W9) -> 0.33458647 | Z9: =B9+C9+L9+M9 -> 105 | AA9: =D9+E9+N9+O9+F9+G9+P9+Q9 -> 128 | AB9: =F9+G9+P9+Q9 -> 11 | AC9: =H9+I9+R9+S9 -> 11 | AD9: =Z9+AA9+AC9 -> 244 | AE9: =AA9/(Z9+AA9) -> 0.54935622 | AF9: =AC9/AD9 -> 0.045081967 | AG9: =J9+K9+T9+U9 -> 22 | AH9: =SUM(B9:K9) -> 250 | AI9: =SUM(L9:U9) -> 16 | AJ9: =SUM(B9:U9) -> 266 | AM9: =(W9/BS9) - 1 -> 0.12738854 | AN9: =(X9/BT9) - 1 -> 0.022988506 | AO9: =(Y9/BU9) - 1 -> -0.061619566 | AP9: =(Z9/BV9) - 1 -> 0 | AQ9: =(AA9/BW9) - 1 -> 0.20754717 | AR9: =(AC9/BX9) - 1 -> -0.21428571 | AS9: =(AD9/BY9) - 1 -> 0.084444444 | AT9: =(AE9/BZ9) - 1 -> 0.09352984 | AU9: =(AF9/CA9) - 1 -> -0.27546838 | AV9: =(AG9/CB9) - 1 -> 0.15789474 | AW9: =(AH9/CC9) - 1 -> 0.11111111 | AX9: =(AI9/CD9) - 1 -> -0.15789474 | AY9: =(AJ9/CE9) - 1 -> 0.090163934 | BA9: 0.33333333 | BB9: ='Ferney->Genève'!BB9+'StGenis total'!BB9+'Mategnin Total'!BB9 -> 74 | BC9: ='Ferney->Genève'!BC9+'StGenis total'!BC9+'Mategnin Total'!BC9 -> 23 | BD9: ='Ferney->Genève'!BD9+'StGenis total'!BD9+'Mategnin Total'!BD9 -> 51 | BE9: ='Ferney->Genève'!BE9+'StGenis total'!BE9+'Mategnin Total'!BE9 -> 50 | BF9: ='Ferney->Genève'!BF9+'StGenis total'!BF9+'Mategnin Total'!BF9 -> 8 | BG9: ='Ferney->Genève'!BG9+'StGenis total'!BG9+'Mategnin Total'!BG9 -> 5 | BH9: ='Ferney->Genève'!BH9+'StGenis total'!BH9+'Mategnin Total'!BH9 -> 10 | BI9: ='Ferney->Genève'!BI9+'StGenis total'!BI9+'Mategnin Total'!BI9 -> 4 | ... BQ9: ='Ferney->Genève'!BQ9+'StGenis total'!BQ9+'Mategnin Total'!BQ9 -> 3 | BS9: =BB9+BD9+BF9+BH9+BJ9+BL9+BN9+BP9 -> 157 | BT9: =BC9+BE9+BG9+BI9+BK9+BM9+BO9+BQ9 -> 87 | BU9: =BT9/(BT9+BS9) -> 0.35655738 | BV9: =BB9+BC9+BJ9+BK9 -> 105 | BW9: =BD9+BE9+BL9+BM9 -> 106 | BX9: =BF9+BG9+BN9+BO9 -> 14 | BY9: =SUM(BV9:BX9) -> 225 | BZ9: =BW9/(BW9+BV9) -> 0.50236967 | CA9: =BX9/BY9 -> 0.062222222 | CB9: =BH9+BI9+BP9+BQ9 -> 19 | CC9: =SUM(BB9:BI9) -> 225 | CD9: =SUM(BJ9:BQ9) -> 19 | CE9: =SUM(BB9:BQ9) -> 244 | CH9: =(BS9/DN9) - 1 -> 0.082758621 | CI9: =(BT9/DO9) - 1 -> 0.27941176 | CJ9: =(BU9/DP9) - 1 -> 0.11686355 | CK9: =(BV9/DQ9) - 1 -> 0 | CL9: =(BW9/DR9) - 1 -> 0.35897436 | CM9: =(BX9/DS9) - 1 -> 0.4 | CN9: =(BY9/DT9) - 1 -> 0.16580311 | CO9: =(BZ9/DU9) - 1 -> 0.2430429 | ... CT9: =(CE9/DZ9) - 1 -> 0.14553991 | CV9: 0.33333333 | CW9: ='Ferney->Genève'!CW9+'StGenis total'!CW9+'Mategnin Total'!CW9 -> 77 | CX9: ='Ferney->Genève'!CX9+'StGenis total'!CX9+'Mategnin Total'!CX9 -> 22 | CY9: ='Ferney->Genève'!CY9+'StGenis total'!CY9+'Mategnin Total'!CY9 -> 37 | CZ9: ='Ferney->Genève'!CZ9+'StGenis total'!CZ9+'Mategnin Total'!CZ9 -> 35 | DA9: ='Ferney->Genève'!DA9+'StGenis total'!DA9+'Mategnin Total'!DA9 -> 6 | DB9: ='Ferney->Genève'!DB9+'StGenis total'!DB9+'Mategnin Total'!DB9 -> 3 | DC9: ='Ferney->Genève'!DC9+'StGenis total'!DC9+'Mategnin Total'!DC9 -> 14 | DD9: ='Ferney->Genève'!DD9+'StGenis total'!DD9+'Mategnin Total'!DD9 -> 6 | ... DL9: ='Ferney->Genève'!DL9+'StGenis total'!DL9+'Mategnin Total'!DL9 -> 0 | DN9: =CW9+CY9+DA9+DC9+DE9+DG9+DI9+DK9 -> 145 | DO9: =CX9+CZ9+DB9+DD9+DF9+DH9+DJ9+DL9 -> 68 | DP9: =DO9/(DO9+DN9) -> 0.31924883 | DQ9: =CW9+CX9+DE9+DF9 -> 105 | DR9: =CY9+CZ9+DG9+DH9 -> 78 | DS9: =DA9+DB9+DI9+DJ9 -> 10 | DT9: =SUM(DQ9:DS9) -> 193 | DU9: =DR9/DT9 -> 0.40414508 | DV9: =DS9/DT9 -> 0.051813472 | DW9: =DC9+DD9+DK9+DL9 -> 20 | DX9: =SUM(CW9:DD9) -> 200 | DY9: =SUM(DE9:DL9) -> 13 | DZ9: =SUM(CW9:DL9) -> 213 | EC9: =(DN9/FI9) - 1 -> 0.43564356 | ED9: =(DO9/FJ9) - 1 -> 0.3877551 | EE9: =(DP9/FK9) - 1 -> -0.022707675 | EF9: =(DQ9/FL9) - 1 -> 0.36363636 | EG9: =(DR9/FM9) - 1 -> 0.52941176 | EH9: =(DS9/FN9) - 1 -> 0.11111111 | EI9: =(DT9/FO9) - 1 -> 0.40875912 | EJ9: =(DU9/FP9) - 1 -> 0.085644621 | ... EO9: =(DZ9/FU9) - 1 -> 0.42 | EQ9: 0.33333333 | ER9: ='Ferney->Genève'!ER9+'StGenis total'!ER9+'Mategnin Total'!ER9 -> 52 | ES9: ='Ferney->Genève'!ES9+'StGenis total'!ES9+'Mategnin Total'!ES9 -> 19 | ET9: ='Ferney->Genève'!ET9+'StGenis total'!ET9+'Mategnin Total'!ET9 -> 27 | EU9: ='Ferney->Genève'!EU9+'StGenis total'!EU9+'Mategnin Total'!EU9 -> 21 | EV9: ='Ferney->Genève'!EV9+'StGenis total'!EV9+'Mategnin Total'!EV9 -> 8 | EW9: ='Ferney->Genève'!EW9+'StGenis total'!EW9+'Mategnin Total'!EW9 -> 1 | EX9: ='Ferney->Genève'!EX9+'StGenis total'!EX9+'Mategnin Total'!EX9 -> 8 | EY9: ='Ferney->Genève'!EY9+'StGenis total'!EY9+'Mategnin Total'!EY9 -> 3 | ... FG9: ='Ferney->Genève'!FG9+'StGenis total'!FG9+'Mategnin Total'!FG9 -> 2 | FI9: =ER9+ET9+EV9+EX9+EZ9+FB9+FD9+FF9 -> 101 | FJ9: =ES9+EU9+EW9+EY9+FA9+FC9+FE9+FG9 -> 49 | FK9: =FJ9/(FJ9+FI9) -> 0.32666667 | FL9: =ER9+ES9+EZ9+FA9 -> 77 | FM9: =ET9+EU9+FB9+FC9 -> 51 | FN9: =EV9+EW9+FD9+FE9 -> 9 | FO9: =SUM(FL9:FN9) -> 137 | FP9: =FM9/FO9 -> 0.37226277 | FQ9: =FN9/FO9 -> 0.065693431 | FR9: =EX9+EY9+FF9+FG9 -> 13 | FS9: =SUM(ER9:EY9) -> 139 | FT9: =SUM(EZ9:FG9) -> 11 | FU9: =SUM(ER9:FG9) -> 150 | FX9: =(FI9/HD9) - 1 -> 0.31168831 | FY9: =(FJ9/HE9) - 1 -> 0.68965517 | FZ9: =(FK9/HF9) - 1 -> 0.19402299 | GA9: =(FL9/HG9) - 1 -> 0.30508475 | GB9: =(FM9/HH9) - 1 -> 0.7 | GC9: =(FN9/HI9) - 1 -> 0.8 | GD9: =(FO9/HJ9) - 1 -> 0.45744681 | GE9: =(FP9/HK9) - 1 -> 0.16642336 | ... GJ9: =(FU9/HP9) - 1 -> 0.41509434 | GL9: 0.33333333 | GM9: ='Ferney->Genève'!GM9+'StGenis total'!GM9+'Mategnin Total'!GM9 -> 43 | GN9: ='Ferney->Genève'!GN9+'StGenis total'!GN9+'Mategnin Total'!GN9 -> 14 | GO9: ='Ferney->Genève'!GO9+'StGenis total'!GO9+'Mategnin Total'!GO9 -> 17 | GP9: ='Ferney->Genève'!GP9+'StGenis total'!GP9+'Mategnin Total'!GP9 -> 8 | GQ9: ='Ferney->Genève'!GQ9+'StGenis total'!GQ9+'Mategnin Total'!GQ9 -> 2 | GR9: ='Ferney->Genève'!GR9+'StGenis total'!GR9+'Mategnin Total'!GR9 -> 3 | GS9: ='Ferney->Genève'!GS9+'StGenis total'!GS9+'Mategnin Total'!GS9 -> 9 | GT9: ='Ferney->Genève'!GT9+'StGenis total'!GT9+'Mategnin Total'!GT9 -> 2 | ... HB9: ='Ferney->Genève'!HB9+'StGenis total'!HB9+'Mategnin Total'!HB9 -> 1 | HD9: =GM9+GO9+GQ9+GS9+GU9+GW9+GY9+HA9 -> 77 | HE9: =GN9+GP9+GR9+GT9+GV9+GX9+GZ9+HB9 -> 29 | HF9: =HE9/(HE9+HD9) -> 0.27358491 | HG9: =GM9+GN9+GU9+GV9 -> 59 | HH9: =GO9+GP9+GW9+GX9 -> 30 | HI9: =GQ9+GR9+GY9+GZ9 -> 5 | HJ9: =SUM(HG9:HI9) -> 94 | HK9: =HH9/HJ9 -> 0.31914894 | HL9: =HI9/HJ9 -> 0.053191489 | HM9: =GS9+GT9+HA9+HB9 -> 12 | HN9: =SUM(GM9:GT9) -> 98 | HO9: =SUM(GU9:HB9) -> 8 | HP9: =SUM(GM9:HB9) -> 106 | IF9: =(HD9/HR9) - 1 -> #DIV/0! | IG9: =(HE9/HS9) - 1 -> #DIV/0! | IH9: =(HF9/HT9) - 1 -> #DIV/0! | II9: =(HG9/HU9) - 1 -> #DIV/0! | IJ9: =(HH9/HV9) - 1 -> #DIV/0! | IK9: =(HI9/HW9) - 1 -> #DIV/0! | IL9: =(HJ9/HX9) - 1 -> #DIV/0! | IM9: =(HK9/HY9) - 1 -> #DIV/0! | ... IR9: =(HP9/ID9) - 1 -> #DIV/0!
A10: 0.34375 | B10: ='Ferney->Genève'!B10+'StGenis total'!B10+'Mategnin Total'!B10 -> 100 | C10: ='Ferney->Genève'!C10+'StGenis total'!C10+'Mategnin Total'!C10 -> 20 | D10: ='Ferney->Genève'!D10+'StGenis total'!D10+'Mategnin Total'!D10 -> 55 | E10: ='Ferney->Genève'!E10+'StGenis total'!E10+'Mategnin Total'!E10 -> 47 | F10: ='Ferney->Genève'!F10+'StGenis total'!F10+'Mategnin Total'!F10 -> 7 | G10: ='Ferney->Genève'!G10+'StGenis total'!G10+'Mategnin Total'!G10 -> 6 | H10: ='Ferney->Genève'!H10+'StGenis total'!H10+'Mategnin Total'!H10 -> 7 | I10: ='Ferney->Genève'!I10+'StGenis total'!I10+'Mategnin Total'!I10 -> 4 | ... U10: ='Ferney->Genève'!U10+'StGenis total'!U10+'Mategnin Total'!U10 -> 5 | W10: =B10+D10+F10+H10+J10+L10+N10+P10+R10+T10 -> 195 | X10: =C10+E10+G10+I10+K10+M10+O10+Q10+S10+U10 -> 95 | Y10: =X10/(X10+W10) -> 0.32758621 | Z10: =B10+C10+L10+M10 -> 122 | AA10: =D10+E10+N10+O10+F10+G10+P10+Q10 -> 125 | AB10: =F10+G10+P10+Q10 -> 13 | AC10: =H10+I10+R10+S10 -> 12 | AD10: =Z10+AA10+AC10 -> 259 | AE10: =AA10/(Z10+AA10) -> 0.50607287 | AF10: =AC10/AD10 -> 0.046332046 | AG10: =J10+K10+T10+U10 -> 31 | AH10: =SUM(B10:K10) -> 269 | AI10: =SUM(L10:U10) -> 21 | AJ10: =SUM(B10:U10) -> 290 | AM10: =(W10/BS10) - 1 -> 0.26623377 | AN10: =(X10/BT10) - 1 -> 0.1875 | AO10: =(Y10/BU10) - 1 -> -0.041810345 | AP10: =(Z10/BV10) - 1 -> 0.18446602 | AQ10: =(AA10/BW10) - 1 -> 0.43678161 | AR10: =(AC10/BX10) - 1 -> -0.5 | AS10: =(AD10/BY10) - 1 -> 0.21028037 | AT10: =(AE10/BZ10) - 1 -> 0.10521662 | AU10: =(AF10/CA10) - 1 -> -0.58687259 | AV10: =(AG10/CB10) - 1 -> 0.55 | AW10: =(AH10/CC10) - 1 -> 0.21171171 | AX10: =(AI10/CD10) - 1 -> 0.75 | AY10: =(AJ10/CE10) - 1 -> 0.23931624 | BA10: 0.34375 | BB10: ='Ferney->Genève'!BB10+'StGenis total'!BB10+'Mategnin Total'!BB10 -> 79 | BC10: ='Ferney->Genève'!BC10+'StGenis total'!BC10+'Mategnin Total'!BC10 -> 20 | BD10: ='Ferney->Genève'!BD10+'StGenis total'!BD10+'Mategnin Total'!BD10 -> 35 | BE10: ='Ferney->Genève'!BE10+'StGenis total'!BE10+'Mategnin Total'!BE10 -> 47 | BF10: ='Ferney->Genève'!BF10+'StGenis total'!BF10+'Mategnin Total'!BF10 -> 18 | BG10: ='Ferney->Genève'!BG10+'StGenis total'!BG10+'Mategnin Total'!BG10 -> 4 | BH10: ='Ferney->Genève'!BH10+'StGenis total'!BH10+'Mategnin Total'!BH10 -> 13 | BI10: ='Ferney->Genève'!BI10+'StGenis total'!BI10+'Mategnin Total'!BI10 -> 6 | ... BQ10: ='Ferney->Genève'!BQ10+'StGenis total'!BQ10+'Mategnin Total'!BQ10 -> 0 | BS10: =BB10+BD10+BF10+BH10+BJ10+BL10+BN10+BP10 -> 154 | BT10: =BC10+BE10+BG10+BI10+BK10+BM10+BO10+BQ10 -> 80 | BU10: =BT10/(BT10+BS10) -> 0.34188034 | BV10: =BB10+BC10+BJ10+BK10 -> 103 | BW10: =BD10+BE10+BL10+BM10 -> 87 | BX10: =BF10+BG10+BN10+BO10 -> 24 | BY10: =SUM(BV10:BX10) -> 214 | BZ10: =BW10/(BW10+BV10) -> 0.45789474 | CA10: =BX10/BY10 -> 0.11214953 | CB10: =BH10+BI10+BP10+BQ10 -> 20 | CC10: =SUM(BB10:BI10) -> 222 | CD10: =SUM(BJ10:BQ10) -> 12 | CE10: =SUM(BB10:BQ10) -> 234 | CH10: =(BS10/DN10) - 1 -> -0.13483146 | CI10: =(BT10/DO10) - 1 -> 0.012658228 | CJ10: =(BU10/DP10) - 1 -> 0.11219301 | CK10: =(BV10/DQ10) - 1 -> -0.22556391 | CL10: =(BW10/DR10) - 1 -> 0.074074074 | CM10: =(BX10/DS10) - 1 -> 0.71428571 | CN10: =(BY10/DT10) - 1 -> -0.061403509 | CO10: =(BZ10/DU10) - 1 -> 0.28888889 | ... CT10: =(CE10/DZ10) - 1 -> -0.089494163 | CV10: 0.34375 | CW10: ='Ferney->Genève'!CW10+'StGenis total'!CW10+'Mategnin Total'!CW10 -> 101 | CX10: ='Ferney->Genève'!CX10+'StGenis total'!CX10+'Mategnin Total'!CX10 -> 28 | CY10: ='Ferney->Genève'!CY10+'StGenis total'!CY10+'Mategnin Total'!CY10 -> 43 | CZ10: ='Ferney->Genève'!CZ10+'StGenis total'!CZ10+'Mategnin Total'!CZ10 -> 35 | DA10: ='Ferney->Genève'!DA10+'StGenis total'!DA10+'Mategnin Total'!DA10 -> 12 | DB10: ='Ferney->Genève'!DB10+'StGenis total'!DB10+'Mategnin Total'!DB10 -> 1 | DC10: ='Ferney->Genève'!DC10+'StGenis total'!DC10+'Mategnin Total'!DC10 -> 14 | DD10: ='Ferney->Genève'!DD10+'StGenis total'!DD10+'Mategnin Total'!DD10 -> 9 | ... DL10: ='Ferney->Genève'!DL10+'StGenis total'!DL10+'Mategnin Total'!DL10 -> 3 | DN10: =CW10+CY10+DA10+DC10+DE10+DG10+DI10+DK10 -> 178 | DO10: =CX10+CZ10+DB10+DD10+DF10+DH10+DJ10+DL10 -> 79 | DP10: =DO10/(DO10+DN10) -> 0.307393 | DQ10: =CW10+CX10+DE10+DF10 -> 133 | DR10: =CY10+CZ10+DG10+DH10 -> 81 | DS10: =DA10+DB10+DI10+DJ10 -> 14 | DT10: =SUM(DQ10:DS10) -> 228 | DU10: =DR10/DT10 -> 0.35526316 | DV10: =DS10/DT10 -> 0.061403509 | DW10: =DC10+DD10+DK10+DL10 -> 29 | DX10: =SUM(CW10:DD10) -> 243 | DY10: =SUM(DE10:DL10) -> 14 | DZ10: =SUM(CW10:DL10) -> 257 | EC10: =(DN10/FI10) - 1 -> 0.33834586 | ED10: =(DO10/FJ10) - 1 -> 0.234375 | EE10: =(DP10/FK10) - 1 -> -0.053805934 | EF10: =(DQ10/FL10) - 1 -> 0.41489362 | EG10: =(DR10/FM10) - 1 -> 0.125 | EH10: =(DS10/FN10) - 1 -> 1 | EI10: =(DT10/FO10) - 1 -> 0.31791908 | EJ10: =(DU10/FP10) - 1 -> -0.14638158 | ... EO10: =(DZ10/FU10) - 1 -> 0.30456853 | EQ10: 0.34375 | ER10: ='Ferney->Genève'!ER10+'StGenis total'!ER10+'Mategnin Total'!ER10 -> 72 | ES10: ='Ferney->Genève'!ES10+'StGenis total'!ES10+'Mategnin Total'!ES10 -> 18 | ET10: ='Ferney->Genève'!ET10+'StGenis total'!ET10+'Mategnin Total'!ET10 -> 35 | EU10: ='Ferney->Genève'!EU10+'StGenis total'!EU10+'Mategnin Total'!EU10 -> 33 | EV10: ='Ferney->Genève'!EV10+'StGenis total'!EV10+'Mategnin Total'!EV10 -> 4 | EW10: ='Ferney->Genève'!EW10+'StGenis total'!EW10+'Mategnin Total'!EW10 -> 3 | EX10: ='Ferney->Genève'!EX10+'StGenis total'!EX10+'Mategnin Total'!EX10 -> 12 | EY10: ='Ferney->Genève'!EY10+'StGenis total'!EY10+'Mategnin Total'!EY10 -> 3 | ... FG10: ='Ferney->Genève'!FG10+'StGenis total'!FG10+'Mategnin Total'!FG10 -> 5 | FI10: =ER10+ET10+EV10+EX10+EZ10+FB10+FD10+FF10 -> 133 | FJ10: =ES10+EU10+EW10+EY10+FA10+FC10+FE10+FG10 -> 64 | FK10: =FJ10/(FJ10+FI10) -> 0.3248731 | FL10: =ER10+ES10+EZ10+FA10 -> 94 | FM10: =ET10+EU10+FB10+FC10 -> 72 | FN10: =EV10+EW10+FD10+FE10 -> 7 | FO10: =SUM(FL10:FN10) -> 173 | FP10: =FM10/FO10 -> 0.41618497 | FQ10: =FN10/FO10 -> 0.040462428 | FR10: =EX10+EY10+FF10+FG10 -> 24 | FS10: =SUM(ER10:EY10) -> 180 | FT10: =SUM(EZ10:FG10) -> 17 | FU10: =SUM(ER10:FG10) -> 197 | FX10: =(FI10/HD10) - 1 -> 0.41489362 | FY10: =(FJ10/HE10) - 1 -> 1.0645161 | FZ10: =(FK10/HF10) - 1 -> 0.30997216 | GA10: =(FL10/HG10) - 1 -> 0.67857143 | GB10: =(FM10/HH10) - 1 -> 0.89473684 | GC10: =(FN10/HI10) - 1 -> 0.16666667 | GD10: =(FO10/HJ10) - 1 -> 0.73 | GE10: =(FP10/HK10) - 1 -> 0.095223608 | ... GJ10: =(FU10/HP10) - 1 -> 0.576 | GL10: 0.34375 | GM10: ='Ferney->Genève'!GM10+'StGenis total'!GM10+'Mategnin Total'!GM10 -> 37 | GN10: ='Ferney->Genève'!GN10+'StGenis total'!GN10+'Mategnin Total'!GN10 -> 11 | GO10: ='Ferney->Genève'!GO10+'StGenis total'!GO10+'Mategnin Total'!GO10 -> 22 | GP10: ='Ferney->Genève'!GP10+'StGenis total'!GP10+'Mategnin Total'!GP10 -> 10 | GQ10: ='Ferney->Genève'!GQ10+'StGenis total'!GQ10+'Mategnin Total'!GQ10 -> 6 | GR10: ='Ferney->Genève'!GR10+'StGenis total'!GR10+'Mategnin Total'!GR10 -> 0 | GS10: ='Ferney->Genève'!GS10+'StGenis total'!GS10+'Mategnin Total'!GS10 -> 19 | GT10: ='Ferney->Genève'!GT10+'StGenis total'!GT10+'Mategnin Total'!GT10 -> 2 | ... HB10: ='Ferney->Genève'!HB10+'StGenis total'!HB10+'Mategnin Total'!HB10 -> 2 | HD10: =GM10+GO10+GQ10+GS10+GU10+GW10+GY10+HA10 -> 94 | HE10: =GN10+GP10+GR10+GT10+GV10+GX10+GZ10+HB10 -> 31 | HF10: =HE10/(HE10+HD10) -> 0.248 | HG10: =GM10+GN10+GU10+GV10 -> 56 | HH10: =GO10+GP10+GW10+GX10 -> 38 | HI10: =GQ10+GR10+GY10+GZ10 -> 6 | HJ10: =SUM(HG10:HI10) -> 100 | HK10: =HH10/HJ10 -> 0.38 | HL10: =HI10/HJ10 -> 0.06 | HM10: =GS10+GT10+HA10+HB10 -> 25 | HN10: =SUM(GM10:GT10) -> 107 | HO10: =SUM(GU10:HB10) -> 18 | HP10: =SUM(GM10:HB10) -> 125 | IF10: =(HD10/HR10) - 1 -> #DIV/0! | IG10: =(HE10/HS10) - 1 -> #DIV/0! | IH10: =(HF10/HT10) - 1 -> #DIV/0! | II10: =(HG10/HU10) - 1 -> #DIV/0! | IJ10: =(HH10/HV10) - 1 -> #DIV/0! | IK10: =(HI10/HW10) - 1 -> #DIV/0! | IL10: =(HJ10/HX10) - 1 -> #DIV/0! | IM10: =(HK10/HY10) - 1 -> #DIV/0! | ... IR10: =(HP10/ID10) - 1 -> #DIV/0!
A11: 0.35416667 | B11: ='Ferney->Genève'!B11+'StGenis total'!B11+'Mategnin Total'!B11 -> 80 | C11: ='Ferney->Genève'!C11+'StGenis total'!C11+'Mategnin Total'!C11 -> 22 | D11: ='Ferney->Genève'!D11+'StGenis total'!D11+'Mategnin Total'!D11 -> 58 | E11: ='Ferney->Genève'!E11+'StGenis total'!E11+'Mategnin Total'!E11 -> 52 | F11: ='Ferney->Genève'!F11+'StGenis total'!F11+'Mategnin Total'!F11 -> 8 | G11: ='Ferney->Genève'!G11+'StGenis total'!G11+'Mategnin Total'!G11 -> 4 | H11: ='Ferney->Genève'!H11+'StGenis total'!H11+'Mategnin Total'!H11 -> 9 | I11: ='Ferney->Genève'!I11+'StGenis total'!I11+'Mategnin Total'!I11 -> 4 | ... U11: ='Ferney->Genève'!U11+'StGenis total'!U11+'Mategnin Total'!U11 -> 3 | W11: =B11+D11+F11+H11+J11+L11+N11+P11+R11+T11 -> 183 | X11: =C11+E11+G11+I11+K11+M11+O11+Q11+S11+U11 -> 94 | Y11: =X11/(X11+W11) -> 0.33935018 | Z11: =B11+C11+L11+M11 -> 108 | AA11: =D11+E11+N11+O11+F11+G11+P11+Q11 -> 129 | AB11: =F11+G11+P11+Q11 -> 15 | AC11: =H11+I11+R11+S11 -> 15 | AD11: =Z11+AA11+AC11 -> 252 | AE11: =AA11/(Z11+AA11) -> 0.5443038 | AF11: =AC11/AD11 -> 0.05952381 | AG11: =J11+K11+T11+U11 -> 25 | AH11: =SUM(B11:K11) -> 256 | AI11: =SUM(L11:U11) -> 21 | AJ11: =SUM(B11:U11) -> 277 | AM11: =(W11/BS11) - 1 -> -0.016129032 | AN11: =(X11/BT11) - 1 -> 0.16049383 | AO11: =(Y11/BU11) - 1 -> 0.11859874 | AP11: =(Z11/BV11) - 1 -> -0.14285714 | AQ11: =(AA11/BW11) - 1 -> 0.18348624 | AR11: =(AC11/BX11) - 1 -> 0.15384615 | AS11: =(AD11/BY11) - 1 -> 0.016129032 | AT11: =(AE11/BZ11) - 1 -> 0.17349901 | AU11: =(AF11/CA11) - 1 -> 0.13553114 | AV11: =(AG11/CB11) - 1 -> 0.31578947 | AW11: =(AH11/CC11) - 1 -> 0.053497942 | AX11: =(AI11/CD11) - 1 -> -0.125 | AY11: =(AJ11/CE11) - 1 -> 0.037453184 | BA11: 0.35416667 | BB11: ='Ferney->Genève'!BB11+'StGenis total'!BB11+'Mategnin Total'!BB11 -> 93 | BC11: ='Ferney->Genève'!BC11+'StGenis total'!BC11+'Mategnin Total'!BC11 -> 23 | BD11: ='Ferney->Genève'!BD11+'StGenis total'!BD11+'Mategnin Total'!BD11 -> 54 | BE11: ='Ferney->Genève'!BE11+'StGenis total'!BE11+'Mategnin Total'!BE11 -> 48 | BF11: ='Ferney->Genève'!BF11+'StGenis total'!BF11+'Mategnin Total'!BF11 -> 7 | BG11: ='Ferney->Genève'!BG11+'StGenis total'!BG11+'Mategnin Total'!BG11 -> 3 | BH11: ='Ferney->Genève'!BH11+'StGenis total'!BH11+'Mategnin Total'!BH11 -> 11 | BI11: ='Ferney->Genève'!BI11+'StGenis total'!BI11+'Mategnin Total'!BI11 -> 4 | ... BQ11: ='Ferney->Genève'!BQ11+'StGenis total'!BQ11+'Mategnin Total'!BQ11 -> 1 | BS11: =BB11+BD11+BF11+BH11+BJ11+BL11+BN11+BP11 -> 186 | BT11: =BC11+BE11+BG11+BI11+BK11+BM11+BO11+BQ11 -> 81 | BU11: =BT11/(BT11+BS11) -> 0.30337079 | BV11: =BB11+BC11+BJ11+BK11 -> 126 | BW11: =BD11+BE11+BL11+BM11 -> 109 | BX11: =BF11+BG11+BN11+BO11 -> 13 | BY11: =SUM(BV11:BX11) -> 248 | BZ11: =BW11/(BW11+BV11) -> 0.46382979 | CA11: =BX11/BY11 -> 0.052419355 | CB11: =BH11+BI11+BP11+BQ11 -> 19 | CC11: =SUM(BB11:BI11) -> 243 | CD11: =SUM(BJ11:BQ11) -> 24 | CE11: =SUM(BB11:BQ11) -> 267 | CH11: =(BS11/DN11) - 1 -> 0.027624309 | CI11: =(BT11/DO11) - 1 -> 0.0125 | CJ11: =(BU11/DP11) - 1 -> -0.010252809 | CK11: =(BV11/DQ11) - 1 -> -0.045454545 | CL11: =(BW11/DR11) - 1 -> 0.26744186 | CM11: =(BX11/DS11) - 1 -> 0.083333333 | CN11: =(BY11/DT11) - 1 -> 0.07826087 | CO11: =(BZ11/DU11) - 1 -> 0.24047501 | ... CT11: =(CE11/DZ11) - 1 -> 0.022988506 | CV11: 0.35416667 | CW11: ='Ferney->Genève'!CW11+'StGenis total'!CW11+'Mategnin Total'!CW11 -> 104 | CX11: ='Ferney->Genève'!CX11+'StGenis total'!CX11+'Mategnin Total'!CX11 -> 24 | CY11: ='Ferney->Genève'!CY11+'StGenis total'!CY11+'Mategnin Total'!CY11 -> 41 | CZ11: ='Ferney->Genève'!CZ11+'StGenis total'!CZ11+'Mategnin Total'!CZ11 -> 41 | DA11: ='Ferney->Genève'!DA11+'StGenis total'!DA11+'Mategnin Total'!DA11 -> 9 | DB11: ='Ferney->Genève'!DB11+'StGenis total'!DB11+'Mategnin Total'!DB11 -> 2 | DC11: ='Ferney->Genève'!DC11+'StGenis total'!DC11+'Mategnin Total'!DC11 -> 16 | DD11: ='Ferney->Genève'!DD11+'StGenis total'!DD11+'Mategnin Total'!DD11 -> 9 | ... DL11: ='Ferney->Genève'!DL11+'StGenis total'!DL11+'Mategnin Total'!DL11 -> 3 | DN11: =CW11+CY11+DA11+DC11+DE11+DG11+DI11+DK11 -> 181 | DO11: =CX11+CZ11+DB11+DD11+DF11+DH11+DJ11+DL11 -> 80 | DP11: =DO11/(DO11+DN11) -> 0.30651341 | DQ11: =CW11+CX11+DE11+DF11 -> 132 | DR11: =CY11+CZ11+DG11+DH11 -> 86 | DS11: =DA11+DB11+DI11+DJ11 -> 12 | DT11: =SUM(DQ11:DS11) -> 230 | DU11: =DR11/DT11 -> 0.37391304 | DV11: =DS11/DT11 -> 0.052173913 | DW11: =DC11+DD11+DK11+DL11 -> 31 | DX11: =SUM(CW11:DD11) -> 246 | DY11: =SUM(DE11:DL11) -> 15 | DZ11: =SUM(CW11:DL11) -> 261 | EC11: =(DN11/FI11) - 1 -> 0.29285714 | ED11: =(DO11/FJ11) - 1 -> 0.6 | EE11: =(DP11/FK11) - 1 -> 0.16475096 | EF11: =(DQ11/FL11) - 1 -> 0.29411765 | EG11: =(DR11/FM11) - 1 -> 0.43333333 | EH11: =(DS11/FN11) - 1 -> 0.5 | EI11: =(DT11/FO11) - 1 -> 0.35294118 | EJ11: =(DU11/FP11) - 1 -> 0.05942029 | ... EO11: =(DZ11/FU11) - 1 -> 0.37368421 | EQ11: 0.35416667 | ER11: ='Ferney->Genève'!ER11+'StGenis total'!ER11+'Mategnin Total'!ER11 -> 74 | ES11: ='Ferney->Genève'!ES11+'StGenis total'!ES11+'Mategnin Total'!ES11 -> 24 | ET11: ='Ferney->Genève'!ET11+'StGenis total'!ET11+'Mategnin Total'!ET11 -> 40 | EU11: ='Ferney->Genève'!EU11+'StGenis total'!EU11+'Mategnin Total'!EU11 -> 18 | EV11: ='Ferney->Genève'!EV11+'StGenis total'!EV11+'Mategnin Total'!EV11 -> 7 | EW11: ='Ferney->Genève'!EW11+'StGenis total'!EW11+'Mategnin Total'!EW11 -> 1 | EX11: ='Ferney->Genève'!EX11+'StGenis total'!EX11+'Mategnin Total'!EX11 -> 13 | EY11: ='Ferney->Genève'!EY11+'StGenis total'!EY11+'Mategnin Total'!EY11 -> 3 | ... FG11: ='Ferney->Genève'!FG11+'StGenis total'!FG11+'Mategnin Total'!FG11 -> 1 | FI11: =ER11+ET11+EV11+EX11+EZ11+FB11+FD11+FF11 -> 140 | FJ11: =ES11+EU11+EW11+EY11+FA11+FC11+FE11+FG11 -> 50 | FK11: =FJ11/(FJ11+FI11) -> 0.26315789 | FL11: =ER11+ES11+EZ11+FA11 -> 102 | FM11: =ET11+EU11+FB11+FC11 -> 60 | FN11: =EV11+EW11+FD11+FE11 -> 8 | FO11: =SUM(FL11:FN11) -> 170 | FP11: =FM11/FO11 -> 0.35294118 | FQ11: =FN11/FO11 -> 0.047058824 | FR11: =EX11+EY11+FF11+FG11 -> 20 | FS11: =SUM(ER11:EY11) -> 180 | FT11: =SUM(EZ11:FG11) -> 10 | FU11: =SUM(ER11:FG11) -> 190 | FX11: =(FI11/HD11) - 1 -> 0.47368421 | FY11: =(FJ11/HE11) - 1 -> 0.66666667 | FZ11: =(FK11/HF11) - 1 -> 0.096491228 | GA11: =(FL11/HG11) - 1 -> 0.43661972 | GB11: =(FM11/HH11) - 1 -> 0.875 | GC11: =(FN11/HI11) - 1 -> 0.14285714 | GD11: =(FO11/HJ11) - 1 -> 0.54545455 | GE11: =(FP11/HK11) - 1 -> 0.21323529 | ... GJ11: =(FU11/HP11) - 1 -> 0.52 | GL11: 0.35416667 | GM11: ='Ferney->Genève'!GM11+'StGenis total'!GM11+'Mategnin Total'!GM11 -> 56 | GN11: ='Ferney->Genève'!GN11+'StGenis total'!GN11+'Mategnin Total'!GN11 -> 9 | GO11: ='Ferney->Genève'!GO11+'StGenis total'!GO11+'Mategnin Total'!GO11 -> 22 | GP11: ='Ferney->Genève'!GP11+'StGenis total'!GP11+'Mategnin Total'!GP11 -> 9 | GQ11: ='Ferney->Genève'!GQ11+'StGenis total'!GQ11+'Mategnin Total'!GQ11 -> 4 | GR11: ='Ferney->Genève'!GR11+'StGenis total'!GR11+'Mategnin Total'!GR11 -> 3 | GS11: ='Ferney->Genève'!GS11+'StGenis total'!GS11+'Mategnin Total'!GS11 -> 6 | GT11: ='Ferney->Genève'!GT11+'StGenis total'!GT11+'Mategnin Total'!GT11 -> 7 | ... HB11: ='Ferney->Genève'!HB11+'StGenis total'!HB11+'Mategnin Total'!HB11 -> 0 | HD11: =GM11+GO11+GQ11+GS11+GU11+GW11+GY11+HA11 -> 95 | HE11: =GN11+GP11+GR11+GT11+GV11+GX11+GZ11+HB11 -> 30 | HF11: =HE11/(HE11+HD11) -> 0.24 | HG11: =GM11+GN11+GU11+GV11 -> 71 | HH11: =GO11+GP11+GW11+GX11 -> 32 | HI11: =GQ11+GR11+GY11+GZ11 -> 7 | HJ11: =SUM(HG11:HI11) -> 110 | HK11: =HH11/HJ11 -> 0.29090909 | HL11: =HI11/HJ11 -> 0.063636364 | HM11: =GS11+GT11+HA11+HB11 -> 15 | HN11: =SUM(GM11:GT11) -> 116 | HO11: =SUM(GU11:HB11) -> 9 | HP11: =SUM(GM11:HB11) -> 125 | IF11: =(HD11/HR11) - 1 -> #DIV/0! | IG11: =(HE11/HS11) - 1 -> #DIV/0! | IH11: =(HF11/HT11) - 1 -> #DIV/0! | II11: =(HG11/HU11) - 1 -> #DIV/0! | IJ11: =(HH11/HV11) - 1 -> #DIV/0! | IK11: =(HI11/HW11) - 1 -> #DIV/0! | IL11: =(HJ11/HX11) - 1 -> #DIV/0! | IM11: =(HK11/HY11) - 1 -> #DIV/0! | ... IR11: =(HP11/ID11) - 1 -> #DIV/0!
A12: 0.36458333 | B12: ='Ferney->Genève'!B12+'StGenis total'!B12+'Mategnin Total'!B12 -> 84 | C12: ='Ferney->Genève'!C12+'StGenis total'!C12+'Mategnin Total'!C12 -> 11 | D12: ='Ferney->Genève'!D12+'StGenis total'!D12+'Mategnin Total'!D12 -> 37 | E12: ='Ferney->Genève'!E12+'StGenis total'!E12+'Mategnin Total'!E12 -> 37 | F12: ='Ferney->Genève'!F12+'StGenis total'!F12+'Mategnin Total'!F12 -> 8 | G12: ='Ferney->Genève'!G12+'StGenis total'!G12+'Mategnin Total'!G12 -> 4 | H12: ='Ferney->Genève'!H12+'StGenis total'!H12+'Mategnin Total'!H12 -> 6 | I12: ='Ferney->Genève'!I12+'StGenis total'!I12+'Mategnin Total'!I12 -> 0 | ... U12: ='Ferney->Genève'!U12+'StGenis total'!U12+'Mategnin Total'!U12 -> 6 | W12: =B12+D12+F12+H12+J12+L12+N12+P12+R12+T12 -> 175 | X12: =C12+E12+G12+I12+K12+M12+O12+Q12+S12+U12 -> 75 | Y12: =X12/(X12+W12) -> 0.3 | Z12: =B12+C12+L12+M12 -> 100 | AA12: =D12+E12+N12+O12+F12+G12+P12+Q12 -> 93 | AB12: =F12+G12+P12+Q12 -> 13 | AC12: =H12+I12+R12+S12 -> 9 | AD12: =Z12+AA12+AC12 -> 202 | AE12: =AA12/(Z12+AA12) -> 0.48186528 | AF12: =AC12/AD12 -> 0.044554455 | AG12: =J12+K12+T12+U12 -> 48 | AH12: =SUM(B12:K12) -> 223 | AI12: =SUM(L12:U12) -> 27 | AJ12: =SUM(B12:U12) -> 250 | AM12: =(W12/BS12) - 1 -> 0.14379085 | AN12: =(X12/BT12) - 1 -> 0 | AO12: =(Y12/BU12) - 1 -> -0.088 | AP12: =(Z12/BV12) - 1 -> -0.15254237 | AQ12: =(AA12/BW12) - 1 -> 0.5 | AR12: =(AC12/BX12) - 1 -> 0.125 | AS12: =(AD12/BY12) - 1 -> 0.074468085 | AT12: =(AE12/BZ12) - 1 -> 0.39896373 | AU12: =(AF12/CA12) - 1 -> 0.047029703 | AV12: =(AG12/CB12) - 1 -> 0.2 | AW12: =(AH12/CC12) - 1 -> 0.037209302 | AX12: =(AI12/CD12) - 1 -> 1.0769231 | AY12: =(AJ12/CE12) - 1 -> 0.096491228 | BA12: 0.36458333 | BB12: ='Ferney->Genève'!BB12+'StGenis total'!BB12+'Mategnin Total'!BB12 -> 83 | BC12: ='Ferney->Genève'!BC12+'StGenis total'!BC12+'Mategnin Total'!BC12 -> 30 | BD12: ='Ferney->Genève'!BD12+'StGenis total'!BD12+'Mategnin Total'!BD12 -> 30 | BE12: ='Ferney->Genève'!BE12+'StGenis total'!BE12+'Mategnin Total'!BE12 -> 26 | BF12: ='Ferney->Genève'!BF12+'StGenis total'!BF12+'Mategnin Total'!BF12 -> 8 | BG12: ='Ferney->Genève'!BG12+'StGenis total'!BG12+'Mategnin Total'!BG12 -> 0 | BH12: ='Ferney->Genève'!BH12+'StGenis total'!BH12+'Mategnin Total'!BH12 -> 21 | BI12: ='Ferney->Genève'!BI12+'StGenis total'!BI12+'Mategnin Total'!BI12 -> 17 | ... BQ12: ='Ferney->Genève'!BQ12+'StGenis total'!BQ12+'Mategnin Total'!BQ12 -> 1 | BS12: =BB12+BD12+BF12+BH12+BJ12+BL12+BN12+BP12 -> 153 | BT12: =BC12+BE12+BG12+BI12+BK12+BM12+BO12+BQ12 -> 75 | BU12: =BT12/(BT12+BS12) -> 0.32894737 | BV12: =BB12+BC12+BJ12+BK12 -> 118 | BW12: =BD12+BE12+BL12+BM12 -> 62 | BX12: =BF12+BG12+BN12+BO12 -> 8 | BY12: =SUM(BV12:BX12) -> 188 | BZ12: =BW12/(BW12+BV12) -> 0.34444444 | CA12: =BX12/BY12 -> 0.042553191 | CB12: =BH12+BI12+BP12+BQ12 -> 40 | CC12: =SUM(BB12:BI12) -> 215 | CD12: =SUM(BJ12:BQ12) -> 13 | CE12: =SUM(BB12:BQ12) -> 228 | CH12: =(BS12/DN12) - 1 -> -0.067073171 | CI12: =(BT12/DO12) - 1 -> 0.02739726 | CJ12: =(BU12/DP12) - 1 -> 0.067952415 | CK12: =(BV12/DQ12) - 1 -> -0.048387097 | CL12: =(BW12/DR12) - 1 -> -0.060606061 | CM12: =(BX12/DS12) - 1 -> -0.46666667 | CN12: =(BY12/DT12) - 1 -> -0.082926829 | CO12: =(BZ12/DU12) - 1 -> 0.06986532 | ... CT12: =(CE12/DZ12) - 1 -> -0.037974684 | CV12: 0.36458333 | CW12: ='Ferney->Genève'!CW12+'StGenis total'!CW12+'Mategnin Total'!CW12 -> 84 | CX12: ='Ferney->Genève'!CX12+'StGenis total'!CX12+'Mategnin Total'!CX12 -> 31 | CY12: ='Ferney->Genève'!CY12+'StGenis total'!CY12+'Mategnin Total'!CY12 -> 36 | CZ12: ='Ferney->Genève'!CZ12+'StGenis total'!CZ12+'Mategnin Total'!CZ12 -> 25 | DA12: ='Ferney->Genève'!DA12+'StGenis total'!DA12+'Mategnin Total'!DA12 -> 13 | DB12: ='Ferney->Genève'!DB12+'StGenis total'!DB12+'Mategnin Total'!DB12 -> 1 | DC12: ='Ferney->Genève'!DC12+'StGenis total'!DC12+'Mategnin Total'!DC12 -> 17 | DD12: ='Ferney->Genève'!DD12+'StGenis total'!DD12+'Mategnin Total'!DD12 -> 4 | ... DL12: ='Ferney->Genève'!DL12+'StGenis total'!DL12+'Mategnin Total'!DL12 -> 8 | DN12: =CW12+CY12+DA12+DC12+DE12+DG12+DI12+DK12 -> 164 | DO12: =CX12+CZ12+DB12+DD12+DF12+DH12+DJ12+DL12 -> 73 | DP12: =DO12/(DO12+DN12) -> 0.30801688 | DQ12: =CW12+CX12+DE12+DF12 -> 124 | DR12: =CY12+CZ12+DG12+DH12 -> 66 | DS12: =DA12+DB12+DI12+DJ12 -> 15 | DT12: =SUM(DQ12:DS12) -> 205 | DU12: =DR12/DT12 -> 0.32195122 | DV12: =DS12/DT12 -> 0.073170732 | DW12: =DC12+DD12+DK12+DL12 -> 32 | DX12: =SUM(CW12:DD12) -> 211 | DY12: =SUM(DE12:DL12) -> 26 | DZ12: =SUM(CW12:DL12) -> 237 | EC12: =(DN12/FI12) - 1 -> 0.33333333 | ED12: =(DO12/FJ12) - 1 -> 0.40384615 | EE12: =(DP12/FK12) - 1 -> 0.036595261 | EF12: =(DQ12/FL12) - 1 -> 0.34782609 | EG12: =(DR12/FM12) - 1 -> 0.88571429 | EH12: =(DS12/FN12) - 1 -> 0.875 | EI12: =(DT12/FO12) - 1 -> 0.51851852 | EJ12: =(DU12/FP12) - 1 -> 0.24181185 | ... EO12: =(DZ12/FU12) - 1 -> 0.35428571 | EQ12: 0.36458333 | ER12: ='Ferney->Genève'!ER12+'StGenis total'!ER12+'Mategnin Total'!ER12 -> 64 | ES12: ='Ferney->Genève'!ES12+'StGenis total'!ES12+'Mategnin Total'!ES12 -> 24 | ET12: ='Ferney->Genève'!ET12+'StGenis total'!ET12+'Mategnin Total'!ET12 -> 20 | EU12: ='Ferney->Genève'!EU12+'StGenis total'!EU12+'Mategnin Total'!EU12 -> 13 | EV12: ='Ferney->Genève'!EV12+'StGenis total'!EV12+'Mategnin Total'!EV12 -> 6 | EW12: ='Ferney->Genève'!EW12+'StGenis total'!EW12+'Mategnin Total'!EW12 -> 1 | EX12: ='Ferney->Genève'!EX12+'StGenis total'!EX12+'Mategnin Total'!EX12 -> 26 | EY12: ='Ferney->Genève'!EY12+'StGenis total'!EY12+'Mategnin Total'!EY12 -> 7 | ... FG12: ='Ferney->Genève'!FG12+'StGenis total'!FG12+'Mategnin Total'!FG12 -> 5 | FI12: =ER12+ET12+EV12+EX12+EZ12+FB12+FD12+FF12 -> 123 | FJ12: =ES12+EU12+EW12+EY12+FA12+FC12+FE12+FG12 -> 52 | FK12: =FJ12/(FJ12+FI12) -> 0.29714286 | FL12: =ER12+ES12+EZ12+FA12 -> 92 | FM12: =ET12+EU12+FB12+FC12 -> 35 | FN12: =EV12+EW12+FD12+FE12 -> 8 | FO12: =SUM(FL12:FN12) -> 135 | FP12: =FM12/FO12 -> 0.25925926 | FQ12: =FN12/FO12 -> 0.059259259 | FR12: =EX12+EY12+FF12+FG12 -> 40 | FS12: =SUM(ER12:EY12) -> 161 | FT12: =SUM(EZ12:FG12) -> 14 | FU12: =SUM(ER12:FG12) -> 175 | FX12: =(FI12/HD12) - 1 -> 0.64 | FY12: =(FJ12/HE12) - 1 -> 0.18181818 | FZ12: =(FK12/HF12) - 1 -> -0.19636364 | GA12: =(FL12/HG12) - 1 -> 0.26027397 | GB12: =(FM12/HH12) - 1 -> 0.12903226 | GC12: =(FN12/HI12) - 1 -> 1 | GD12: =(FO12/HJ12) - 1 -> 0.25 | GE12: =(FP12/HK12) - 1 -> -0.096774194 | ... GJ12: =(FU12/HP12) - 1 -> 0.47058824 | GL12: 0.36458333 | GM12: ='Ferney->Genève'!GM12+'StGenis total'!GM12+'Mategnin Total'!GM12 -> 46 | GN12: ='Ferney->Genève'!GN12+'StGenis total'!GN12+'Mategnin Total'!GN12 -> 24 | GO12: ='Ferney->Genève'!GO12+'StGenis total'!GO12+'Mategnin Total'!GO12 -> 18 | GP12: ='Ferney->Genève'!GP12+'StGenis total'!GP12+'Mategnin Total'!GP12 -> 12 | GQ12: ='Ferney->Genève'!GQ12+'StGenis total'!GQ12+'Mategnin Total'!GQ12 -> 3 | GR12: ='Ferney->Genève'!GR12+'StGenis total'!GR12+'Mategnin Total'!GR12 -> 1 | GS12: ='Ferney->Genève'!GS12+'StGenis total'!GS12+'Mategnin Total'!GS12 -> 4 | GT12: ='Ferney->Genève'!GT12+'StGenis total'!GT12+'Mategnin Total'!GT12 -> 6 | ... HB12: ='Ferney->Genève'!HB12+'StGenis total'!HB12+'Mategnin Total'!HB12 -> 1 | HD12: =GM12+GO12+GQ12+GS12+GU12+GW12+GY12+HA12 -> 75 | HE12: =GN12+GP12+GR12+GT12+GV12+GX12+GZ12+HB12 -> 44 | HF12: =HE12/(HE12+HD12) -> 0.3697479 | HG12: =GM12+GN12+GU12+GV12 -> 73 | HH12: =GO12+GP12+GW12+GX12 -> 31 | HI12: =GQ12+GR12+GY12+GZ12 -> 4 | HJ12: =SUM(HG12:HI12) -> 108 | HK12: =HH12/HJ12 -> 0.28703704 | HL12: =HI12/HJ12 -> 0.037037037 | HM12: =GS12+GT12+HA12+HB12 -> 11 | HN12: =SUM(GM12:GT12) -> 114 | HO12: =SUM(GU12:HB12) -> 5 | HP12: =SUM(GM12:HB12) -> 119 | IF12: =(HD12/HR12) - 1 -> #DIV/0! | IG12: =(HE12/HS12) - 1 -> #DIV/0! | IH12: =(HF12/HT12) - 1 -> #DIV/0! | II12: =(HG12/HU12) - 1 -> #DIV/0! | IJ12: =(HH12/HV12) - 1 -> #DIV/0! | IK12: =(HI12/HW12) - 1 -> #DIV/0! | IL12: =(HJ12/HX12) - 1 -> #DIV/0! | IM12: =(HK12/HY12) - 1 -> #DIV/0! | ... IR12: =(HP12/ID12) - 1 -> #DIV/0!
A13: 0.375 | B13: ='Ferney->Genève'!B13+'StGenis total'!B13+'Mategnin Total'!B13 -> 0 | C13: ='Ferney->Genève'!C13+'StGenis total'!C13+'Mategnin Total'!C13 -> 0 | D13: ='Ferney->Genève'!D13+'StGenis total'!D13+'Mategnin Total'!D13 -> 0 | E13: ='Ferney->Genève'!E13+'StGenis total'!E13+'Mategnin Total'!E13 -> 0 | F13: ='Ferney->Genève'!F13+'StGenis total'!F13+'Mategnin Total'!F13 -> 0 | G13: ='Ferney->Genève'!G13+'StGenis total'!G13+'Mategnin Total'!G13 -> 0 | H13: ='Ferney->Genève'!H13+'StGenis total'!H13+'Mategnin Total'!H13 -> 0 | I13: ='Ferney->Genève'!I13+'StGenis total'!I13+'Mategnin Total'!I13 -> 0 | ... U13: ='Ferney->Genève'!U13+'StGenis total'!U13+'Mategnin Total'!U13 -> 0 | BA13: 0.375 | BB13: ='Ferney->Genève'!BB13+'StGenis total'!BB13+'Mategnin Total'!BB13 -> 50 | BC13: ='Ferney->Genève'!BC13+'StGenis total'!BC13+'Mategnin Total'!BC13 -> 9 | BD13: ='Ferney->Genève'!BD13+'StGenis total'!BD13+'Mategnin Total'!BD13 -> 16 | BE13: ='Ferney->Genève'!BE13+'StGenis total'!BE13+'Mategnin Total'!BE13 -> 17 | BF13: ='Ferney->Genève'!BF13+'StGenis total'!BF13+'Mategnin Total'!BF13 -> 5 | BG13: ='Ferney->Genève'!BG13+'StGenis total'!BG13+'Mategnin Total'!BG13 -> 2 | BH13: ='Ferney->Genève'!BH13+'StGenis total'!BH13+'Mategnin Total'!BH13 -> 9 | BI13: ='Ferney->Genève'!BI13+'StGenis total'!BI13+'Mategnin Total'!BI13 -> 1 | ... BQ13: ='Ferney->Genève'!BQ13+'StGenis total'!BQ13+'Mategnin Total'!BQ13 -> 0 | CV13: 0.375 | CW13: ='Ferney->Genève'!CW13+'StGenis total'!CW13+'Mategnin Total'!CW13 -> 0 | CX13: ='Ferney->Genève'!CX13+'StGenis total'!CX13+'Mategnin Total'!CX13 -> 0 | CY13: ='Ferney->Genève'!CY13+'StGenis total'!CY13+'Mategnin Total'!CY13 -> 0 | CZ13: ='Ferney->Genève'!CZ13+'StGenis total'!CZ13+'Mategnin Total'!CZ13 -> 0 | DA13: ='Ferney->Genève'!DA13+'StGenis total'!DA13+'Mategnin Total'!DA13 -> 0 | DB13: ='Ferney->Genève'!DB13+'StGenis total'!DB13+'Mategnin Total'!DB13 -> 0 | DC13: ='Ferney->Genève'!DC13+'StGenis total'!DC13+'Mategnin Total'!DC13 -> 0 | DD13: ='Ferney->Genève'!DD13+'StGenis total'!DD13+'Mategnin Total'!DD13 -> 0 | ... DL13: ='Ferney->Genève'!DL13+'StGenis total'!DL13+'Mategnin Total'!DL13 -> 0 | EQ13: 0.375 | ER13: ='Ferney->Genève'!ER13+'StGenis total'!ER13+'Mategnin Total'!ER13 -> 0 | ES13: ='Ferney->Genève'!ES13+'StGenis total'!ES13+'Mategnin Total'!ES13 -> 0 | ET13: ='Ferney->Genève'!ET13+'StGenis total'!ET13+'Mategnin Total'!ET13 -> 0 | EU13: ='Ferney->Genève'!EU13+'StGenis total'!EU13+'Mategnin Total'!EU13 -> 0 | EV13: ='Ferney->Genève'!EV13+'StGenis total'!EV13+'Mategnin Total'!EV13 -> 0 | EW13: ='Ferney->Genève'!EW13+'StGenis total'!EW13+'Mategnin Total'!EW13 -> 0 | EX13: ='Ferney->Genève'!EX13+'StGenis total'!EX13+'Mategnin Total'!EX13 -> 0 | EY13: ='Ferney->Genève'!EY13+'StGenis total'!EY13+'Mategnin Total'!EY13 -> 0 | ... FG13: ='Ferney->Genève'!FG13+'StGenis total'!FG13+'Mategnin Total'!FG13 -> 0 | GM13: ='Ferney->Genève'!GM13+'StGenis total'!GM13+'Mategnin Total'!GM13 -> 4 | GN13: ='Ferney->Genève'!GN13+'StGenis total'!GN13+'Mategnin Total'!GN13 -> 6 | GO13: ='Ferney->Genève'!GO13+'StGenis total'!GO13+'Mategnin Total'!GO13 -> 1 | GP13: ='Ferney->Genève'!GP13+'StGenis total'!GP13+'Mategnin Total'!GP13 -> 2 | GQ13: ='Ferney->Genève'!GQ13+'StGenis total'!GQ13+'Mategnin Total'!GQ13 -> 1 | GR13: ='Ferney->Genève'!GR13+'StGenis total'!GR13+'Mategnin Total'!GR13 -> 0 | GS13: ='Ferney->Genève'!GS13+'StGenis total'!GS13+'Mategnin Total'!GS13 -> 1 | GT13: ='Ferney->Genève'!GT13+'StGenis total'!GT13+'Mategnin Total'!GT13 -> 0 | ... HB13: ='Ferney->Genève'!HB13+'StGenis total'!HB13+'Mategnin Total'!HB13 -> 1
A14: Total | B14: =SUM(B5:B12) -> 542 | C14: =SUM(C5:C12) -> 144 | D14: =SUM(D5:D12) -> 381 | E14: =SUM(E5:E12) -> 322 | F14: =SUM(F5:F12) -> 45 | G14: =SUM(G5:G12) -> 22 | H14: =SUM(H5:H12) -> 70 | I14: =SUM(I5:I12) -> 33 | ... U14: =SUM(U5:U12) -> 22 | W14: =B14+D14+H14+J14+L14+N14+R14+T14 -> 1155 | X14: =C14+E14+I14+K14+M14+O14+S14+U14 -> 593 | Y14: =X14/(X14+W14) -> 0.33924485 | Z14: =B14+C14+L14+M14 -> 717 | AA14: =D14+E14+N14+O14+F14+G14+P14+Q14 -> 805 | AB14: =F14+G14+P14+Q14 -> 71 | AC14: =H14+I14+R14+S14 -> 115 | AD14: =Z14+AA14+AC14 -> 1637 | AE14: =AA14/(Z14+AA14) -> 0.52890933 | AF14: =AC14/AD14 -> 0.070250458 | AG14: =J14+K14+T14+U14 -> 182 | AH14: =SUM(B14:K14) -> 1698 | AI14: =SUM(L14:U14) -> 121 | AJ14: =SUM(B14:U14) -> 1819 | AM14: =(W14/BS14) - 1 -> 0.056724611 | AN14: =(X14/BT14) - 1 -> 0.082116788 | AO14: =(Y14/BU14) - 1 -> 0.015877374 | AP14: =(Z14/BV14) - 1 -> -0.047808765 | AQ14: =(AA14/BW14) - 1 -> 0.27575277 | AR14: =(AC14/BX14) - 1 -> 0 | AS14: =(AD14/BY14) - 1 -> 0.092061374 | AT14: =(AE14/BZ14) - 1 -> 0.16008005 | AU14: =(AF14/CA14) - 1 -> -0.08430055 | AV14: =(AG14/CB14) - 1 -> 0.28169014 | AW14: =(AH14/CC14) - 1 -> 0.098318241 | AX14: =(AI14/CD14) - 1 -> 0.27368421 | AY14: =(AJ14/CE14) - 1 -> 0.10847044 | BA14: Total | BB14: =SUM(BB5:BB12) -> 542 | BC14: =SUM(BC5:BC12) -> 170 | BD14: =SUM(BD5:BD12) -> 312 | BE14: =SUM(BE5:BE12) -> 290 | BF14: =SUM(BF5:BF12) -> 87 | BG14: =SUM(BG5:BG12) -> 21 | BH14: =SUM(BH5:BH12) -> 79 | BI14: =SUM(BI5:BI12) -> 45 | ... BQ14: =SUM(BQ5:BQ12) -> 8 | BS14: =BB14+BD14+BF14+BH14+BJ14+BL14+BN14+BP14 -> 1093 | BT14: =BC14+BE14+BG14+BI14+BK14+BM14+BO14+BQ14 -> 548 | BU14: =BT14/(BT14+BS14) -> 0.33394272 | BV14: =BB14+BC14+BJ14+BK14 -> 753 | BW14: =BD14+BE14+BL14+BM14 -> 631 | BX14: =BF14+BG14+BN14+BO14 -> 115 | BY14: =SUM(BV14:BX14) -> 1499 | BZ14: =BW14/(BW14+BV14) -> 0.45592486 | CA14: =BX14/BY14 -> 0.076717812 | CB14: =BH14+BI14+BP14+BQ14 -> 142 | CC14: =SUM(BB14:BI14) -> 1546 | CD14: =SUM(BJ14:BQ14) -> 95 | CE14: =SUM(BB14:BQ14) -> 1641 | CH14: =(BS14/DN14) - 1 -> 0.0092336103 | CI14: =(BT14/DO14) - 1 -> 0.074509804 | CJ14: =(BU14/DP14) - 1 -> 0.043079901 | CK14: =(BV14/DQ14) - 1 -> -0.044416244 | CL14: =(BW14/DR14) - 1 -> 0.10314685 | CM14: =(BX14/DS14) - 1 -> 0.25 | CN14: =(BY14/DT14) - 1 -> 0.032369146 | CO14: =(BZ14/DU14) - 1 -> 0.15734771 | ... CT14: =(CE14/DZ14) - 1 -> 0.030131827 | CV14: Total | CW14: =SUM(CW5:CW12) -> 592 | CX14: =SUM(CX5:CX12) -> 157 | CY14: =SUM(CY5:CY12) -> 276 | CZ14: =SUM(CZ5:CZ12) -> 265 | DA14: =SUM(DA5:DA12) -> 70 | DB14: =SUM(DB5:DB12) -> 14 | DC14: =SUM(DC5:DC12) -> 71 | DD14: =SUM(DD5:DD12) -> 39 | ... DL14: =SUM(DL5:DL12) -> 16 | DN14: =CW14+CY14+DA14+DC14+DE14+DG14+DI14+DK14 -> 1083 | DO14: =CX14+CZ14+DB14+DD14+DF14+DH14+DJ14+DL14 -> 510 | DP14: =DO14/(DO14+DN14) -> 0.32015066 | DQ14: =CW14+CX14+DE14+DF14 -> 788 | DR14: =CY14+CZ14+DG14+DH14 -> 572 | DS14: =DA14+DB14+DI14+DJ14 -> 92 | DT14: =SUM(DQ14:DS14) -> 1452 | DU14: =DR14/DT14 -> 0.39393939 | DV14: =DS14/DT14 -> 0.063360882 | DW14: =DC14+DD14+DK14+DL14 -> 141 | DX14: =SUM(CW14:DD14) -> 1484 | DY14: =SUM(DE14:DL14) -> 109 | DZ14: =SUM(CW14:DL14) -> 1593 | EC14: =(DN14/FI14) - 1 -> 0.33046683 | ED14: =(DO14/FJ14) - 1 -> 0.35638298 | EE14: =(DP14/FK14) - 1 -> 0.013242778 | EF14: =(DQ14/FL14) - 1 -> 0.32436975 | EG14: =(DR14/FM14) - 1 -> 0.43718593 | EH14: =(DS14/FN14) - 1 -> 0.53333333 | EI14: =(DT14/FO14) - 1 -> 0.37891738 | EJ14: =(DU14/FP14) - 1 -> 0.042256738 | ... EO14: =(DZ14/FU14) - 1 -> 0.33865546 | EQ14: Total | ER14: =SUM(ER5:ER12) -> 410 | ES14: =SUM(ES5:ES12) -> 157 | ET14: =SUM(ET5:ET12) -> 226 | EU14: =SUM(EU5:EU12) -> 154 | EV14: =SUM(EV5:EV12) -> 44 | EW14: =SUM(EW5:EW12) -> 10 | EX14: =SUM(EX5:EX12) -> 81 | EY14: =SUM(EY5:EY12) -> 26 | ... FG14: =SUM(FG5:FG12) -> 14 | FI14: =ER14+ET14+EV14+EX14+EZ14+FB14+FD14+FF14 -> 814 | FJ14: =ES14+EU14+EW14+EY14+FA14+FC14+FE14+FG14 -> 376 | FK14: =FJ14/(FJ14+FI14) -> 0.31596639 | FL14: =ER14+ES14+EZ14+FA14 -> 595 | FM14: =ET14+EU14+FB14+FC14 -> 398 | FN14: =EV14+EW14+FD14+FE14 -> 60 | FO14: =SUM(FL14:FN14) -> 1053 | FP14: =FM14/FO14 -> 0.37796771 | FQ14: =FN14/FO14 -> 0.056980057 | FR14: =EX14+EY14+FF14+FG14 -> 137 | FS14: =SUM(ER14:EY14) -> 1108 | FT14: =SUM(EZ14:FG14) -> 82 | FU14: =SUM(ER14:FG14) -> 1190 | FX14: =(FI14/HD14) - 1 -> 0.32357724 | FY14: =(FJ14/HE14) - 1 -> 0.52845528 | FZ14: =(FK14/HF14) - 1 -> 0.10588235 | GA14: =(FL14/HG14) - 1 -> 0.30769231 | GB14: =(FM14/HH14) - 1 -> 0.44202899 | GC14: =(FN14/HI14) - 1 -> 0.39534884 | GD14: =(FO14/HJ14) - 1 -> 0.36046512 | GE14: =(FP14/HK14) - 1 -> 0.05995293 | ... GJ14: =(FU14/HP14) - 1 -> 0.38211382 | GL14: Total | GM14: =SUM(GM5:GM12) -> 320 | GN14: =SUM(GN5:GN12) -> 98 | GO14: =SUM(GO5:GO12) -> 156 | GP14: =SUM(GP5:GP12) -> 98 | GQ14: =SUM(GQ5:GQ12) -> 33 | GR14: =SUM(GR5:GR12) -> 10 | GS14: =SUM(GS5:GS12) -> 54 | GT14: =SUM(GT5:GT12) -> 21 | ... HB14: =SUM(HB5:HB12) -> 5 | HD14: =GM14+GO14+GQ14+GS14+GU14+GW14+GY14+HA14 -> 615 | HE14: =GN14+GP14+GR14+GT14+GV14+GX14+GZ14+HB14 -> 246 | HF14: =HE14/(HE14+HD14) -> 0.28571429 | HG14: =GM14+GN14+GU14+GV14 -> 455 | HH14: =GO14+GP14+GW14+GX14 -> 276 | HI14: =GQ14+GR14+GY14+GZ14 -> 43 | HJ14: =SUM(HG14:HI14) -> 774 | HK14: =HH14/HJ14 -> 0.35658915 | HL14: =HI14/HJ14 -> 0.055555556 | HM14: =GS14+GT14+HA14+HB14 -> 87 | HN14: =SUM(GM14:GT14) -> 790 | HO14: =SUM(GU14:HB14) -> 71 | HP14: =SUM(GM14:HB14) -> 861 | IF14: =(HD14/HR14) - 1 -> #DIV/0! | IG14: =(HE14/HS14) - 1 -> #DIV/0! | IH14: =(HF14/HT14) - 1 -> #DIV/0! | II14: =(HG14/HU14) - 1 -> #DIV/0! | IJ14: =(HH14/HV14) - 1 -> #DIV/0! | IK14: =(HI14/HW14) - 1 -> #DIV/0! | IL14: =(HJ14/HX14) - 1 -> #DIV/0! | IM14: =(HK14/HY14) - 1 -> #DIV/0! | ... IR14: =(HP14/ID14) - 1 -> #DIV/0!
