Workbook

Sheet LA RO BIOCOOP
A1: Lieu : | B1: La Roche Face Biocoop | O1: Date : | P1: 16 juin 2020
A2: Nom des personnes participant au comptage : | L2: Philippe Poirier
A3: Météo :
A4: Remarques :
A5: Principe d'utilisation pour chaque intervalle de temps,
A6: Marquer une croix vélo ou VAE dans la colonne H ou F. Sauf si 'enfant' marquer E ou 'modes nouveaux de déplacement' (trotinette, skate, ets) marquer Z
A7: Il y a donc un seul marquage par personne comptée
C8: De La Gare (Fg St Bernard) vers | O8: Du Pont du Foron vers | AA8: Du Rd Point La Poste vers
C9: Rd Pt Poste | G9: Rue Perrine | K9: Pont du Foron | O9: Rue Perrine | S9: Rd Pt Poste | W9: La Gare | AA9: Rue Perrine | AE9: Pont du Foron | AI9: La Gare
C10: H | E10: F | G10: H | I10: F | K10: H | M10: F | O10: H | Q10: F | S10: H | U10: F | W10: H | Y10: F | AA10: H | AC10: F | AE10: H | AG10: F | AI10: H | AK10: F
A11: Heure | B11: Minute | C11: VAE | D11: vélo | E11: VAE | F11: vélo | G11: VAE | H11: vélo | I11: VAE | J11: vélo | K11: VAE | L11: vélo | M11: VAE | N11: vélo | O11: VAE | P11: vélo | Q11: VAE | R11: vélo | S11: VAE | T11: vélo | U11: VAE | V11: vélo | W11: VAE | X11: vélo | Y11: VAE | Z11: vélo | AA11: VAE | AB11: vélo | AC11: VAE | AD11: vélo | AE11: VAE | AF11: vélo | AG11: VAE | AH11: vélo | AI11: VAE | AJ11: vélo | AK11: VAE | AL11: vélo
A12: 6 | B12: 30 – 45 | S12: 1
B13: 45 - 59 | U13: 1 | W13: 1
A14: 7 | B14: 00 – 15 | N14: 1 | X14: 1
B15: 15 – 30 | T15: 1 | X15: 1
B16: 30 – 45 | Y16: 1 | AI16: 1
B17: 45 – 59 | X17: 1
A18: 8 | B18: 00 – 15 | R18: 1 | V18: 1 | W18: 1 | X18: 3 | Y18: 1
B19: 15 – 30 | F19: 1 | K19: 1 | L19: 2 | M19: 1 | N19: 1 | T19: 2 | X19: 1 | Z19: 1 | AF19: 1 | AJ19: 2
B20: 30 – 45
A21: 9 | B21: 45 – 59 | O21: 1
A23: Lieu : | B23: =B1 -> La Roche Face Biocoop | O23: Date : | P23: =P1 -> 16 juin 2020
A24: Nom des personnes participant au comptage : | L24: =L2 -> Philippe Poirier
A25: Météo : | C25: =C3 -> 0
A26: Remarques : | C26: =C4 -> 0
A27: Principe d'utilisation : pour chaque intervalle de temps, marquer une croix par personne comptée dans la colonne la décrivant; si enfant marquer E
A28: Il y a donc une seule croix par personne comptée
AO29: 7 trotinnettes
C31: =C8 -> De La Gare (Fg St Bernard) vers | O31: =O8 -> Du Pont du Foron vers | AA31: =AA8 -> Du Rd Point La Poste vers | AO31: TOTAL | AP31: Nombre de VAE dans le total | AQ31: Nombre de femmes dans le total | AR31: Nombre de VAE chez les femmes | AS31: Cycles direc La Gare
C32: =C9 -> Rd Pt Poste | G32: =G9 -> Rue Perrine | K32: =K9 -> Pont du Foron | O32: =O9 -> Rue Perrine | S32: =S9 -> Rd Pt Poste | W32: =W9 -> La Gare | AA32: =AA9 -> Rue Perrine | AE32: =AE9 -> Pont du Foron | AI32: =AI9 -> La Gare
C33: H | E33: F | G33: H | I33: F | K33: H | M33: F | O33: H | Q33: F | S33: H | U33: F | W33: H | Y33: F | AA33: H | AC33: F | AE33: H | AG33: F | AI33: H | AK33: F
A34: Période | C34: VAE | D34: vélo | E34: VAE | F34: vélo | G34: VAE | H34: vélo | I34: VAE | J34: vélo | K34: VAE | L34: vélo | M34: VAE | N34: vélo | O34: VAE | P34: vélo | Q34: VAE | R34: vélo | S34: VAE | T34: vélo | U34: VAE | V34: vélo | W34: VAE | X34: vélo | Y34: VAE | Z34: vélo | AA34: VAE | AB34: vélo | AC34: VAE | AD34: vélo | AE34: VAE | AF34: vélo | AG34: VAE | AH34: vélo | AI34: VAE | AJ34: vélo | AK34: VAE | AL34: vélo | AM34: Période
A35: 6:30 à 7:00 | C35: =SUM(C12:C13) -> 0 | D35: =SUM(D12:D13) -> 0 | E35: =SUM(E12:E13) -> 0 | F35: =SUM(F12:F13) -> 0 | G35: =SUM(G12:G13) -> 0 | H35: =SUM(H12:H13) -> 0 | I35: =SUM(I12:I13) -> 0 | J35: =SUM(J12:J13) -> 0 | ... AL35: =SUM(AL12:AL13) -> 0 | AM35: =A35 -> 6:30 à 7:00 | AO35: =SUM(C35:AL35) -> 3 | AP35: =C35+E35+G35+I35+K35+M35+O35+Q35+S35+U35+W35+Y35+AA35+AC35+AE35+AG35+AI35+AK35 -> 3 | AQ35: =E35+F35+I35+J35+M35+N35+Q35+R35+U35+V35+Y35+Z35+AC35+AD35+AG35+AH35+AK35+AL35 -> 1 | AR35: =E35+I35+M35+Q35+U35+Y35+AC35+AG35+AK35 -> 1 | AS35: =SUM(C35:N35)+SUM(W35:Z35)+SUM(AI35:AL35) -> 1
A36: 7:00 à 8:00 | C36: =SUM(C14:C17) -> 0 | D36: =SUM(D14:D17) -> 0 | E36: =SUM(E14:E17) -> 0 | F36: =SUM(F14:F17) -> 0 | G36: =SUM(G14:G17) -> 0 | H36: =SUM(H14:H17) -> 0 | I36: =SUM(I14:I17) -> 0 | J36: =SUM(J14:J17) -> 0 | ... AL36: =SUM(AL14:AL17) -> 0 | AM36: =A36 -> 7:00 à 8:00 | AO36: =SUM(C36:AL36) -> 7 | AP36: =C36+E36+G36+I36+K36+M36+O36+Q36+S36+U36+W36+Y36+AA36+AC36+AE36+AG36+AI36+AK36 -> 2 | AQ36: =E36+F36+I36+J36+M36+N36+Q36+R36+U36+V36+Y36+Z36+AC36+AD36+AG36+AH36+AK36+AL36 -> 2 | AR36: =E36+I36+M36+Q36+U36+Y36+AC36+AG36+AK36 -> 1 | AS36: =SUM(C36:N36)+SUM(W36:Z36)+SUM(AI36:AL36) -> 6
A37: 7:30 à 8:30 | C37: =SUM(C16:C19) -> 0 | D37: =SUM(D16:D19) -> 0 | E37: =SUM(E16:E19) -> 0 | F37: =SUM(F16:F19) -> 1 | G37: =SUM(G16:G19) -> 0 | H37: =SUM(H16:H19) -> 0 | I37: =SUM(I16:I19) -> 0 | J37: =SUM(J16:J19) -> 0 | ... AL37: =SUM(AL16:AL19) -> 0 | AM37: =A37 -> 7:30 à 8:30 | AO37: =SUM(C37:AL37) -> 23 | AP37: =C37+E37+G37+I37+K37+M37+O37+Q37+S37+U37+W37+Y37+AA37+AC37+AE37+AG37+AI37+AK37 -> 6 | AQ37: =E37+F37+I37+J37+M37+N37+Q37+R37+U37+V37+Y37+Z37+AC37+AD37+AG37+AH37+AK37+AL37 -> 8 | AR37: =E37+I37+M37+Q37+U37+Y37+AC37+AG37+AK37 -> 3 | AS37: =SUM(C37:N37)+SUM(W37:Z37)+SUM(AI37:AL37) -> 18
A38: 8:00 à 9:00 | C38: =SUM(C18:C21) -> 0 | D38: =SUM(D18:D21) -> 0 | E38: =SUM(E18:E21) -> 0 | F38: =SUM(F18:F21) -> 1 | G38: =SUM(G18:G21) -> 0 | H38: =SUM(H18:H21) -> 0 | I38: =SUM(I18:I21) -> 0 | J38: =SUM(J18:J21) -> 0 | ... AL38: =SUM(AL18:AL21) -> 0 | AM38: =A38 -> 8:00 à 9:00 | AO38: =SUM(C38:AL38) -> 21 | AP38: =C38+E38+G38+I38+K38+M38+O38+Q38+S38+U38+W38+Y38+AA38+AC38+AE38+AG38+AI38+AK38 -> 5 | AQ38: =E38+F38+I38+J38+M38+N38+Q38+R38+U38+V38+Y38+Z38+AC38+AD38+AG38+AH38+AK38+AL38 -> 7 | AR38: =E38+I38+M38+Q38+U38+Y38+AC38+AG38+AK38 -> 2 | AS38: =SUM(C38:N38)+SUM(W38:Z38)+SUM(AI38:AL38) -> 15
A39: TOTAL | C39: =SUM(C12:C21) -> 0 | D39: =SUM(D12:D21) -> 0 | E39: =SUM(E12:E21) -> 0 | F39: =SUM(F12:F21) -> 1 | G39: =SUM(G12:G21) -> 0 | H39: =SUM(H12:H21) -> 0 | I39: =SUM(I12:I21) -> 0 | J39: =SUM(J12:J21) -> 0 | ... AL39: =SUM(AL12:AL21) -> 0 | AM39: TOTAL | AO39: =SUM(C39:AL39) -> 31 | AP39: =C39+E39+G39+I39+K39+M39+O39+Q39+S39+U39+W39+Y39+AA39+AC39+AE39+AG39+AI39+AK39 -> 10 | AQ39: =E39+F39+I39+J39+M39+N39+Q39+R39+U39+V39+Y39+Z39+AC39+AD39+AG39+AH39+AK39+AL39 -> 10 | AR39: =E39+I39+M39+Q39+U39+Y39+AC39+AG39+AK39 -> 4 | AS39: =SUM(C39:N39)+SUM(W39:Z39)+SUM(AI39:AL39) -> 22
AM40: =IF($AO$37=MAX($AO$35:$AO$38),AM37,IF($AO$36=MAX($AO$35:$AO$38),AM36,IF($AN$35=MAX($AO$35:$AO$38),AM35,IF($AO$38=MAX($AO$35:$AO$38),AM38,AM38)))) -> 7:30 à 8:30 | AO40: =IF($AO$37=MAX($AO$35:$AO$38),AO37,IF($AO$36=MAX($AO$35:$AO$38),AO36,IF($AN$35=MAX($AO$35:$AO$38),AO35,IF($AO$38=MAX($AO$35:$AO$38),AO38,AO38)))) -> 23 | AP40: =IF($AO$37=MAX($AO$35:$AO$38),AP37,IF($AO$36=MAX($AO$35:$AO$38),AP36,IF($AN$35=MAX($AO$35:$AO$38),AP35,IF($AO$38=MAX($AO$35:$AO$38),AP38,AP38)))) -> 6 | AQ40: =IF($AO$37=MAX($AO$35:$AO$38),AQ37,IF($AO$36=MAX($AO$35:$AO$38),AQ36,IF($AO$35=MAX($AO$35:$AO$38),AQ35,IF($AO$38=MAX($AO$35:$AO$38),AQ38,AQ38)))) -> 8 | AR40: =IF($AO$37=MAX($AO$35:$AO$38),AR37,IF($AO$36=MAX($AO$35:$AO$38),AR36,IF($AO$35=MAX($AO$35:$AO$38),AR35,IF($AO$38=MAX($AO$35:$AO$38),AR38,AR38)))) -> 3 | AS40: =IF($AO$37=MAX($AO$35:$AO$38),AS37,IF($AO$36=MAX($AO$35:$AO$38),AS36,IF($AO$35=MAX($AO$35:$AO$38),AS35,IF($AO$38=MAX($AO$35:$AO$38),AS38,AS38)))) -> 18
AO41: TOTAL | AP41: Part des VAE dans le total | AQ41: Part des femmes dans le total | AR41: Part des VAE chez les femmes | AS41: =AS31 -> Cycles direc La Gare
AM44: Période
AM45: =AM35 -> 6:30 à 7:00 | AP45: =IF(AP35=0,0,AP35/AO35) -> 1 | AQ45: =IF(AQ35=0,0,AQ35/AO35) -> 0.33333333 | AR45: =IF(AR35=0,0,AR35/AP35) -> 0.33333333 | AS45: =IF(AS35=0,0,AS35/AO35) -> 0.33333333
AM46: =AM36 -> 7:00 à 8:00 | AP46: =IF(AP36=0,0,AP36/AO36) -> 0.28571429 | AQ46: =IF(AQ36=0,0,AQ36/AO36) -> 0.28571429 | AR46: =IF(AR36=0,0,AR36/AP36) -> 0.5 | AS46: =IF(AS36=0,0,AS36/AO36) -> 0.85714286
AM47: =AM37 -> 7:30 à 8:30 | AP47: =IF(AP37=0,0,AP37/AO37) -> 0.26086957 | AQ47: =IF(AQ37=0,0,AQ37/AO37) -> 0.34782609 | AR47: =IF(AR37=0,0,AR37/AP37) -> 0.5 | AS47: =IF(AS37=0,0,AS37/AO37) -> 0.7826087
AM48: =AM38 -> 8:00 à 9:00 | AP48: =IF(AP38=0,0,AP38/AO38) -> 0.23809524 | AQ48: =IF(AQ38=0,0,AQ38/AO38) -> 0.33333333 | AR48: =IF(AR38=0,0,AR38/AP38) -> 0.4 | AS48: =IF(AS38=0,0,AS38/AO38) -> 0.71428571
AM49: TOTAL | AP49: =IF(AP39=0,0,AP39/AO39) -> 0.32258065 | AQ49: =IF(AQ39=0,0,AQ39/AO39) -> 0.32258065 | AR49: =IF(AR39=0,0,AR39/AP39) -> 0.4 | AS49: =IF(AS39=0,0,AS39/AO39) -> 0.70967742
AM50: =AM40 -> 7:30 à 8:30 | AP50: =AP40/AO40 -> 0.26086957 | AQ50: =AQ40/AP40 -> 1.3333333 | AR50: =AR40/AO40 -> 0.13043478 | AS50: =AS40/AO40 -> 0.7826087

Sheet LA RO POSTE
B1: La Roche Rond-Point La Poste | S1: Date : | T1: 16 juin 2020 | BC1: Date : | BD1: 16 juin 2020
A2: Nom des personnes participant au comptage : | P2: Lise
A3: Météo :
A4: Remarques :
A5: Principe d'utilisation pour chaque intervalle de temps,
A6: Marquer une croix vélo ou VAE dans la colonne H ou F. Sauf si 'enfant' marquer E ou 'modes nouveaux de déplacement' (trotinette, skate, ets) marquer Z
A7: Il y a donc un seul marquage par personne comptée
C8: De Bonneville vers | S8: DeGrenette (contre-sens) | AE8: DePompiers(contre-sens) | AQ8: De Tourisme vers | BC8: De MJC vers
C9: Grenette | G9: Office Tourisme | K9: Pompiers | O9: Parking | S9: Office Tourisme | W9: Pompiers | AA9: Bonneville | AE9: Bonneville | AI9: Office Tourisme | AM9: Place Grenette | AQ9: Pompiers | AU9: Bonneville | AY9: Grenette | BC9: Office tourisme | BG9: Grenette | BK9: Bonneville | BO9: Pompiers
C10: H | E10: F | G10: H | I10: F | K10: H | M10: F | O10: H | Q10: F | S10: H | U10: F | W10: H | Y10: F | AA10: H | AC10: F | AE10: H | AG10: F | AI10: H | AK10: F | AM10: H | AO10: F | AQ10: H | AS10: F | AU10: H | AW10: F | AY10: H | BA10: F | BC10: H | BE10: F | BG10: H | BI10: F | BK10: H | BM10: F | BO10: H | BQ10: F
A11: Heure | B11: Minute | C11: VAE | D11: vélo | E11: VAE | F11: vélo | G11: VAE | H11: vélo | I11: VAE | J11: vélo | K11: VAE | L11: vélo | M11: VAE | N11: vélo | O11: VAE | P11: vélo | Q11: VAE | R11: vélo | S11: VAE | T11: vélo | U11: VAE | V11: vélo | W11: VAE | X11: vélo | Y11: VAE | Z11: vélo | AA11: VAE | AB11: vélo | AC11: VAE | AD11: vélo | AE11: VAE | AF11: vélo | AG11: VAE | AH11: vélo | AI11: VAE | AJ11: vélo | AK11: VAE | AL11: vélo | AM11: VAE | AN11: vélo | AO11: VAE | AP11: vélo | AQ11: VAE | AR11: vélo | AS11: VAE | AT11: vélo | AU11: VAE | AV11: vélo | AW11: VAE | AX11: vélo | AY11: VAE | AZ11: vélo | BA11: VAE | BB11: vélo | BC11: VAE | BD11: vélo | BE11: VAE | BF11: vélo | BG11: VAE | BH11: vélo | BI11: VAE | BJ11: vélo | BK11: VAE | BL11: vélo | BM11: VAE | BN11: vélo | BO11: VAE | BP11: vélo | BQ11: VAE | BR11: vélo
A12: 6 | B12: 30 – 45
B13: 45 - 59 | I13: 1 | X13: 1 | AY13: 1 | BA13: 1
A14: 7 | B14: 00 – 15 | BN14: 1
B15: 15 – 30 | AB15: 1 | BQ15: 2
B16: 30 – 45 | G16: 1 | K16: 1 | P16: 1 | BL16: 2 | BM16: 1
B17: 45 – 59 | L17: 1
A18: 8 | B18: 00 – 15 | K18: 2 | L18: 1 | AT18: 1 | BP18: 1
B19: 15 – 30 | AQ19: 1
B20: 30 – 45 | AV20: 1 | AX20: 1 | BK20: 1
B21: 45 – 59 | N21: 1
A22: 9 | B22: 00 – 15
B23: 15 – 30
A25: Lieu : | B25: =B1 -> La Roche Rond-Point La Poste | S25: Date : | T25: =T1 -> 16 juin 2020 | BC25: Date : | BD25: =BD1 -> 16 juin 2020
A26: Nom des personnes participant au comptage : | P26: =P2 -> Lise | AZ26: =AZ2 -> 0
A27: Météo : | C27: =C3 -> 0 | AQ27: =AQ3 -> 0
A28: Remarques : | C28: =C4 -> 0 | AQ28: =AQ4 -> 0 | BT28: 5 enfants et sur trottoir 3 trotinettes et 1 vélo à contre-sens
A29: Principe d'utilisation : pour chaque intervalle de temps, marquer une croix par personne comptée dans la colonne la décrivant; si enfant marquer E | BT29: 1 velo+cariole avec enfant pour aller à l'école
A30: Il y a donc une seule croix par personne comptée | BT30: 3 cyclosportifs
C32: =C8 -> De Bonneville vers | S32: =S8 -> DeGrenette (contre-sens) | AE32: =AE8 -> DePompiers(contre-sens) | AQ32: =AQ8 -> De Tourisme vers | BC32: =BC8 -> De MJC vers | BU32: TOTAL | BV32: Nombre de VAE dans le total | BW32: Nombre de femmes dans le total | BX32: Nombre de VAE chez les femmes | BY32: Cycle sur rte Bonneville | BZ32: Remarque
C33: =C9 -> Grenette | G33: =G9 -> Office Tourisme | K33: =K9 -> Pompiers | O33: =O9 -> Parking | S33: =S9 -> Office Tourisme | W33: =W9 -> Pompiers | AA33: =AA9 -> Bonneville | AE33: =AE9 -> Bonneville | AI33: =AI9 -> Office Tourisme | AM33: =AM9 -> Place Grenette | AQ33: =AQ9 -> Pompiers | AU33: =AU9 -> Bonneville | AY33: =AY9 -> Grenette | BC33: =BC9 -> Office tourisme | BG33: =BG9 -> Grenette | BK33: =BK9 -> Bonneville | BO33: =BO9 -> Pompiers
C34: H | E34: F | G34: H | I34: F | K34: H | M34: F | O34: H | Q34: F | S34: H | U34: F | W34: H | Y34: F | AA34: H | AC34: F | AE34: H | AG34: F | AI34: H | AK34: F | AM34: H | AO34: F | AQ34: H | AS34: F | AU34: H | AW34: F | AY34: H | BA34: F | BC34: H | BE34: F | BG34: H | BI34: F | BK34: H | BM34: F | BO34: H | BQ34: F
A35: Période | C35: VAE | D35: vélo | E35: VAE | F35: vélo | G35: VAE | H35: vélo | I35: VAE | J35: vélo | K35: VAE | L35: vélo | M35: VAE | N35: vélo | O35: VAE | P35: vélo | Q35: VAE | R35: vélo | S35: VAE | T35: vélo | U35: VAE | V35: vélo | W35: VAE | X35: vélo | Y35: VAE | Z35: vélo | AA35: VAE | AB35: vélo | AC35: VAE | AD35: vélo | AE35: VAE | AF35: vélo | AG35: VAE | AH35: vélo | AI35: VAE | AJ35: vélo | AK35: VAE | AL35: vélo | AM35: VAE | AN35: vélo | AO35: VAE | AP35: vélo | AQ35: VAE | AR35: vélo | AS35: VAE | AT35: vélo | AU35: VAE | AV35: vélo | AW35: VAE | AX35: vélo | AY35: VAE | AZ35: vélo | BA35: VAE | BB35: vélo | BC35: VAE | BD35: vélo | BE35: VAE | BF35: vélo | BG35: VAE | BH35: vélo | BI35: VAE | BJ35: vélo | BK35: VAE | BL35: vélo | BM35: VAE | BN35: vélo | BO35: VAE | BP35: vélo | BQ35: VAE | BR35: vélo | BS35: Période
A36: 6:30 à 7:00 | C36: =SUM(C12:C13) -> 0 | D36: =SUM(D12:D13) -> 0 | E36: =SUM(E12:E13) -> 0 | F36: =SUM(F12:F13) -> 0 | G36: =SUM(G12:G13) -> 0 | H36: =SUM(H12:H13) -> 0 | I36: =SUM(I12:I13) -> 1 | J36: =SUM(J12:J13) -> 0 | ... BR36: =SUM(BR12:BR13) -> 0 | BS36: =A36 -> 6:30 à 7:00 | BU36: =SUM(C36:BR36) -> 4 | BV36: =C36+E36+G36+I36+K36+M36+O36+Q36+S36+U36+W36+Y36+AA36+AC36+AE36+AG36+AI36+AK36+AM36+AO36+AQ36+AS36+AU36+AW36+AY36+BA36+BC36+BE36+BG36+BI36+BK36+BM36+BO36+BQ36 -> 3 | BW36: =E36+F36+I36+J36+M36+N36+Q36+R36+U36+V36+Y36+Z36+AC36+AD36+AG36+AH36+AK36+AL36+AO36+AP36+AS36+AT36+AW36+AX36+BA36+BB36+BE36+BF36+BI36+BJ36+BM36+BN36+BQ36+BR36 -> 2 | BX36: =E36+I36+M36+Q36+U36+Y36+AC36+AG36+AK36+AO36+AS36+AW36+BA36+BE36+BI36+BM36+BQ36 -> 2 | BY36: =SUM(C36:R36)+SUM(AA36:AH36)+SUM(AU36:AX36)+SUM(BK36:BN36) -> 1
A37: 7:00 à 8:00 | C37: =SUM(C14:C17) -> 0 | D37: =SUM(D14:D17) -> 0 | E37: =SUM(E14:E17) -> 0 | F37: =SUM(F14:F17) -> 0 | G37: =SUM(G14:G17) -> 1 | H37: =SUM(H14:H17) -> 0 | I37: =SUM(I14:I17) -> 0 | J37: =SUM(J14:J17) -> 0 | ... BR37: =SUM(BR14:BR17) -> 0 | BS37: =A37 -> 7:00 à 8:00 | BU37: =SUM(C37:BR37) -> 11 | BV37: =C37+E37+G37+I37+K37+M37+O37+Q37+S37+U37+W37+Y37+AA37+AC37+AE37+AG37+AI37+AK37+AM37+AO37+AQ37+AS37+AU37+AW37+AY37+BA37+BC37+BE37+BG37+BI37+BK37+BM37+BO37+BQ37 -> 5 | BW37: =E37+F37+I37+J37+M37+N37+Q37+R37+U37+V37+Y37+Z37+AC37+AD37+AG37+AH37+AK37+AL37+AO37+AP37+AS37+AT37+AW37+AX37+BA37+BB37+BE37+BF37+BI37+BJ37+BM37+BN37+BQ37+BR37 -> 4 | BX37: =E37+I37+M37+Q37+U37+Y37+AC37+AG37+AK37+AO37+AS37+AW37+BA37+BE37+BI37+BM37+BQ37 -> 3 | BY37: =SUM(C37:R37)+SUM(AA37:AH37)+SUM(AU37:AX37)+SUM(BK37:BN37) -> 9
A38: 7:30 à 8:30 | C38: =SUM(C16:C19) -> 0 | D38: =SUM(D16:D19) -> 0 | E38: =SUM(E16:E19) -> 0 | F38: =SUM(F16:F19) -> 0 | G38: =SUM(G16:G19) -> 1 | H38: =SUM(H16:H19) -> 0 | I38: =SUM(I16:I19) -> 0 | J38: =SUM(J16:J19) -> 0 | ... BR38: =SUM(BR16:BR19) -> 0 | BS38: =A38 -> 7:30 à 8:30 | BU38: =SUM(C38:BR38) -> 13 | BV38: =C38+E38+G38+I38+K38+M38+O38+Q38+S38+U38+W38+Y38+AA38+AC38+AE38+AG38+AI38+AK38+AM38+AO38+AQ38+AS38+AU38+AW38+AY38+BA38+BC38+BE38+BG38+BI38+BK38+BM38+BO38+BQ38 -> 6 | BW38: =E38+F38+I38+J38+M38+N38+Q38+R38+U38+V38+Y38+Z38+AC38+AD38+AG38+AH38+AK38+AL38+AO38+AP38+AS38+AT38+AW38+AX38+BA38+BB38+BE38+BF38+BI38+BJ38+BM38+BN38+BQ38+BR38 -> 2 | BX38: =E38+I38+M38+Q38+U38+Y38+AC38+AG38+AK38+AO38+AS38+AW38+BA38+BE38+BI38+BM38+BQ38 -> 1 | BY38: =SUM(C38:R38)+SUM(AA38:AH38)+SUM(AU38:AX38)+SUM(BK38:BN38) -> 10
A39: 8:00 à 9:00 | C39: =SUM(C18:C21) -> 0 | D39: =SUM(D18:D21) -> 0 | E39: =SUM(E18:E21) -> 0 | F39: =SUM(F18:F21) -> 0 | G39: =SUM(G18:G21) -> 0 | H39: =SUM(H18:H21) -> 0 | I39: =SUM(I18:I21) -> 0 | J39: =SUM(J18:J21) -> 0 | ... BR39: =SUM(BR18:BR21) -> 0 | BS39: =A39 -> 8:00 à 9:00 | BU39: =SUM(C39:BR39) -> 10 | BV39: =C39+E39+G39+I39+K39+M39+O39+Q39+S39+U39+W39+Y39+AA39+AC39+AE39+AG39+AI39+AK39+AM39+AO39+AQ39+AS39+AU39+AW39+AY39+BA39+BC39+BE39+BG39+BI39+BK39+BM39+BO39+BQ39 -> 4 | BW39: =E39+F39+I39+J39+M39+N39+Q39+R39+U39+V39+Y39+Z39+AC39+AD39+AG39+AH39+AK39+AL39+AO39+AP39+AS39+AT39+AW39+AX39+BA39+BB39+BE39+BF39+BI39+BJ39+BM39+BN39+BQ39+BR39 -> 3 | BX39: =E39+I39+M39+Q39+U39+Y39+AC39+AG39+AK39+AO39+AS39+AW39+BA39+BE39+BI39+BM39+BQ39 -> 0 | BY39: =SUM(C39:R39)+SUM(AA39:AH39)+SUM(AU39:AX39)+SUM(BK39:BN39) -> 7
A40: TOTAL | C40: =SUM(C12:C23) -> 0 | D40: =SUM(D12:D23) -> 0 | E40: =SUM(E12:E23) -> 0 | F40: =SUM(F12:F23) -> 0 | G40: =SUM(G12:G23) -> 1 | H40: =SUM(H12:H23) -> 0 | I40: =SUM(I12:I23) -> 1 | J40: =SUM(J12:J23) -> 0 | ... BR40: =SUM(BR12:BR23) -> 0 | BS40: TOTAL | BU40: =SUM(C40:BR40) -> 25 | BV40: =C40+E40+G40+I40+K40+M40+O40+Q40+S40+U40+W40+Y40+AA40+AC40+AE40+AG40+AI40+AK40+AM40+AO40+AQ40+AS40+AU40+AW40+AY40+BA40+BC40+BE40+BG40+BI40+BK40+BM40+BO40+BQ40 -> 12 | BW40: =E40+F40+I40+J40+M40+N40+Q40+R40+U40+V40+Y40+Z40+AC40+AD40+AG40+AH40+AK40+AL40+AO40+AP40+AS40+AT40+AW40+AX40+BA40+BB40+BE40+BF40+BI40+BJ40+BM40+BN40+BQ40+BR40 -> 9 | BX40: =E40+I40+M40+Q40+U40+Y40+AC40+AG40+AK40+AO40+AS40+AW40+BA40+BE40+BI40+BM40+BQ40 -> 5 | BY40: =SUM(C40:R40)+SUM(AA40:AH40)+SUM(AU40:AX40)+SUM(BK40:BN40) -> 17
BS41: =IF($BU$36=MAX($BU$36:$BU$39),BS36,IF($BU$37=MAX($BU$36:$BU$39),BS37,IF($BU$38=MAX($BU$36:$BU$39),BS38,IF($BU$39=MAX($BU$36:$BU$39),BS39,BS38)))) -> 7:30 à 8:30 | BU41: =IF($BU$36=MAX($BU$36:$BU$39),BU36,IF($BU$37=MAX($BU$36:$BU$39),BU37,IF($BU$38=MAX($BU$36:$BU$39),BU38,IF($BU$39=MAX($BU$36:$BU$39),BU39,BU38)))) -> 13 | BV41: =IF($BU$36=MAX($BU$36:$BU$39),BV36,IF($BU$37=MAX($BU$36:$BU$39),BV37,IF($BU$38=MAX($BU$36:$BU$39),BV38,IF($BU$39=MAX($BU$36:$BU$39),BV39,BV38)))) -> 6 | BW41: =IF($BU$36=MAX($BU$36:$BU$39),BW36,IF($BU$37=MAX($BU$36:$BU$39),BW37,IF($BU$38=MAX($BU$36:$BU$39),BW38,IF($BU$39=MAX($BU$36:$BU$39),BW39,BW38)))) -> 2 | BX41: =IF($BU$36=MAX($BU$36:$BU$39),BX36,IF($BU$37=MAX($BU$36:$BU$39),BX37,IF($BU$38=MAX($BU$36:$BU$39),BX38,IF($BU$39=MAX($BU$36:$BU$39),BX39,BX38)))) -> 1 | BY41: =IF($BU$36=MAX($BU$36:$BU$39),BY36,IF($BU$37=MAX($BU$36:$BU$39),BY37,IF($BU$38=MAX($BU$36:$BU$39),BY38,IF($BU$39=MAX($BU$36:$BU$39),BY39,BY38)))) -> 10
BU42: TOTAL | BV42: Part des VAE dans le total | BW42: Part des femmes dans le total | BX42: Part des VAE chez les femmes | BZ42: Remarque
BS45: Période
G46: =SUM(G40:J40,AQ40:BB40) -> 8 | BS46: =BS36 -> 6:30 à 7:00 | BV46: =IF(BV36=0,0,BV36/BU36) -> 0.75 | BW46: =IF(BW36=0,0,BW36/BU36) -> 0.5 | BX46: =IF(BX36=0,0,BX36/BV36) -> 0.66666667 | BY46: =IF(BY36=0,0,BY36/BU36) -> 0.25
BS47: =BS37 -> 7:00 à 8:00 | BV47: =IF(BV37=0,0,BV37/BU37) -> 0.45454545 | BW47: =IF(BW37=0,0,BW37/BU37) -> 0.36363636 | BX47: =IF(BX37=0,0,BX37/BV37) -> 0.6 | BY47: =IF(BY37=0,0,BY37/BU37) -> 0.81818182
BS48: =BS38 -> 7:30 à 8:30 | BV48: =IF(BV38=0,0,BV38/BU38) -> 0.46153846 | BW48: =IF(BW38=0,0,BW38/BU38) -> 0.15384615 | BX48: =IF(BX38=0,0,BX38/BV38) -> 0.16666667 | BY48: =IF(BY38=0,0,BY38/BU38) -> 0.76923077
BS49: =BS39 -> 8:00 à 9:00 | BV49: =IF(BV39=0,0,BV39/BU39) -> 0.4 | BW49: =IF(BW39=0,0,BW39/BU39) -> 0.3 | BX49: =IF(BX39=0,0,BX39/BV39) -> 0 | BY49: =IF(BY39=0,0,BY39/BU39) -> 0.7
BS50: TOTAL | BV50: =IF(BV40=0,0,BV40/BU40) -> 0.48 | BW50: =IF(BW40=0,0,BW40/BU40) -> 0.36 | BX50: =IF(BX40=0,0,BX40/BV40) -> 0.41666667 | BY50: =IF(BY40=0,0,BY40/BU40) -> 0.68
BS51: =BS41 -> 7:30 à 8:30 | BV51: =BV41/$BU$41 -> 0.46153846 | BW51: =BW41/$BU$41 -> 0.15384615 | BX51: =BX41/$BU$41 -> 0.076923077 | BY51: =BY41/$BU$41 -> 0.76923077

Sheet LA RO ENILV
A1: Lieu : | B1: La Roche Rond-Point ENILV | O1: Date : | P1: 16 juin 2020
A2: Nom des personnes participant au comptage : | L2: Sylviane
A3: Météo :
A4: Remarques :
A5: Principe d'utilisation pour chaque intervalle de temps,
A6: Marquer une croix vélo ou VAE dans la colonne H ou F
A7: Sauf si 'enfant' marquer E ou 'modes nouveaux de déplacement' (trotinette, skate, ets) marquer Z
A8: Il y a donc un seul marquage par personne comptée
C9: Du centre (La Roche) vers | O9: D'Eteaux av Gambetta vers | AA9: De boutique Enilv vers | AM9: De Reignier vers
C10: Av Gambetta Eteaux | G10: Boutique Enilv | K10: Reignier | O10: Bout Enilv | S10: Reignier | W10: La Roche | AA10: Reignier | AE10: La Roche | AI10: Av Gambetta Eteaux | AM10: La Roche | AQ10: Av Gambetta Eteaux | AU10: Bout Enilv
C11: H | E11: F | G11: H | I11: F | K11: H | M11: F | O11: H | Q11: F | S11: H | U11: F | W11: H | Y11: F | AA11: H | AC11: F | AE11: H | AG11: F | AI11: H | AK11: F | AM11: H | AO11: F | AQ11: H | AS11: F | AU11: H | AW11: F
A12: H | B12: Minute | C12: VAE | D12: vélo | E12: VAE | F12: vélo | G12: VAE | H12: vélo | I12: VAE | J12: vélo | K12: VAE | L12: vélo | M12: VAE | N12: vélo | O12: VAE | P12: vélo | Q12: VAE | R12: vélo | S12: VAE | T12: vélo | U12: VAE | V12: vélo | W12: VAE | X12: vélo | Y12: VAE | Z12: vélo | AA12: VAE | AB12: vélo | AC12: VAE | AD12: vélo | AE12: VAE | AF12: vélo | AG12: VAE | AH12: vélo | AI12: VAE | AJ12: vélo | AK12: VAE | AL12: vélo | AM12: VAE | AN12: vélo | AO12: VAE | AP12: vélo | AQ12: VAE | AR12: vélo | AS12: VAE | AT12: vélo | AU12: VAE | AV12: vélo | AW12: VAE | AX12: vélo
A13: 6 | B13: 30 – 45
B14: 45 - 59 | L14: 1
A15: 7 | B15: 00 – 15 | AE15: 1 | AF15: 1
B16: 15 – 30 | L16: 1 | N16: 1
B17: 30 – 45 | AM17: 1
B18: 45 – 59 | K18: 1 | V18: 1
A19: 8 | B19: 00 – 15 | K19: 1 | Z19: 1
B20: 15 – 30 | L20: 1 | AB20: 1 | AM20: 1 | AN20: 1
B21: 30 – 45 | S21: 2 | AM21: 1
A22: 9 | B22: 45 – 59 | S22: 1
A25: Lieu : | B25: =B1 -> La Roche Rond-Point ENILV | O25: Date : | P25: =P1 -> 16 juin 2020
A26: Nom des personnes participant au comptage : | L26: =L2 -> Sylviane
A27: Météo : | C27: beau mais frais, annoncé pluies dans l'après-midi
A28: Remarques : | C28: 34 piétons plus 32 étudiants piéton en direction lycée et seulement 2 écoliers- les 2 enfants comptés étaient sur le trottoir avec 1 parent- 1 femme sur trottoir
A29: Principe d'utilisation : pour chaque intervalle de temps, marquer une croix par personne comptée dans la colonne la décrivant; si enfant marquer E
A30: Il y a donc une seule croix par personne comptée
C32: =C9 -> Du centre (La Roche) vers | O32: =O9 -> D'Eteaux av Gambetta vers | AA32: =AA9 -> De boutique Enilv vers | AM32: =AM9 -> De Reignier vers | BA32: TOTAL | BB32: Nombre de VAE dans le total | BC32: Nombre de femmes dans le total | BD32: Nombre de VAE chez les femmes | BE32: Cycles sur route de Reignier | BF32: Remarque
C33: =C10 -> Av Gambetta Eteaux | G33: =G10 -> Boutique Enilv | K33: =K10 -> Reignier | O33: =O10 -> Bout Enilv | S33: =S10 -> Reignier | W33: =W10 -> La Roche | AA33: =AA10 -> Reignier | AE33: =AE10 -> La Roche | AI33: =AI10 -> Av Gambetta Eteaux | AM33: =AM10 -> La Roche | AQ33: =AQ10 -> Av Gambetta Eteaux | AU33: =AU10 -> Bout Enilv
C34: H | E34: F | G34: H | I34: F | K34: H | M34: F | O34: H | Q34: F | S34: H | U34: F | W34: H | Y34: F | AA34: H | AC34: F | AE34: H | AG34: F | AI34: H | AK34: F | AM34: H | AO34: F | AQ34: H | AS34: F | AU34: H | AW34: F
A35: Période | C35: VAE | D35: vélo | E35: VAE | F35: vélo | G35: VAE | H35: vélo | I35: VAE | J35: vélo | K35: VAE | L35: vélo | M35: VAE | N35: vélo | O35: VAE | P35: vélo | Q35: VAE | R35: vélo | S35: VAE | T35: vélo | U35: VAE | V35: vélo | W35: VAE | X35: vélo | Y35: VAE | Z35: vélo | AA35: VAE | AB35: vélo | AC35: VAE | AD35: vélo | AE35: VAE | AF35: vélo | AG35: VAE | AH35: vélo | AI35: VAE | AJ35: vélo | AK35: VAE | AL35: vélo | AM35: VAE | AN35: vélo | AO35: VAE | AP35: vélo | AQ35: VAE | AR35: vélo | AS35: VAE | AT35: vélo | AU35: VAE | AV35: vélo | AW35: VAE | AX35: vélo | AY35: Période
A36: 6:30 à 7:00 | C36: =SUM(C13:C14) -> 0 | D36: =SUM(D13:D14) -> 0 | E36: =SUM(E13:E14) -> 0 | F36: =SUM(F13:F14) -> 0 | G36: =SUM(G13:G14) -> 0 | H36: =SUM(H13:H14) -> 0 | I36: =SUM(I13:I14) -> 0 | J36: =SUM(J13:J14) -> 0 | ... AX36: =SUM(AX13:AX14) -> 0 | AY36: =A36 -> 6:30 à 7:00 | BA36: =SUM(C36:AX36) -> 1 | BB36: =C36+E36+G36+I36+K36+M36+O36+Q36+S36+U36+W36+Y36+AA36+AC36+AE36+AG36+AI36+AK36+AM36+AO36+AQ36+AS36+AU36+AW36 -> 0 | BC36: =E36+F36+I36+J36+M36+N36+Q36+R36+U36+V36+Y36+Z36+AC36+AD36+AG36+AH36+AK36+AL36+AO36+AP36+AS36+AT36+AW36+AX36 -> 0 | BD36: =E36+I36+M36+Q36+U36+Y36+AC36+AG36+AK36+AO36+AS36+AW36 -> 0 | BE36: =SUM(K36:N36)+SUM(S36:V36)+SUM(AA36:AD36)+SUM(AM36:AX36) -> 1 | BF36: 34 piétons plus 32 étudiants piétons en direction lycée
A37: 7:00 à 8:00 | C37: =SUM(C15:C18) -> 0 | D37: =SUM(D15:D18) -> 0 | E37: =SUM(E15:E18) -> 0 | F37: =SUM(F15:F18) -> 0 | G37: =SUM(G15:G18) -> 0 | H37: =SUM(H15:H18) -> 0 | I37: =SUM(I15:I18) -> 0 | J37: =SUM(J15:J18) -> 0 | ... AX37: =SUM(AX15:AX18) -> 0 | AY37: =A37 -> 7:00 à 8:00 | BA37: =SUM(C37:AX37) -> 7 | BB37: =C37+E37+G37+I37+K37+M37+O37+Q37+S37+U37+W37+Y37+AA37+AC37+AE37+AG37+AI37+AK37+AM37+AO37+AQ37+AS37+AU37+AW37 -> 3 | BC37: =E37+F37+I37+J37+M37+N37+Q37+R37+U37+V37+Y37+Z37+AC37+AD37+AG37+AH37+AK37+AL37+AO37+AP37+AS37+AT37+AW37+AX37 -> 2 | BD37: =E37+I37+M37+Q37+U37+Y37+AC37+AG37+AK37+AO37+AS37+AW37 -> 0 | BE37: =SUM(K37:N37)+SUM(S37:V37)+SUM(AA37:AD37)+SUM(AM37:AX37) -> 5 | BF37: et seulement 2 écoliers- 2 enfants comptés qui étaient sur le trottoir avec 1 parent
A38: 7:30 à 8:30 | C38: =SUM(C17:C20) -> 0 | D38: =SUM(D17:D20) -> 0 | E38: =SUM(E17:E20) -> 0 | F38: =SUM(F17:F20) -> 0 | G38: =SUM(G17:G20) -> 0 | H38: =SUM(H17:H20) -> 0 | I38: =SUM(I17:I20) -> 0 | J38: =SUM(J17:J20) -> 0 | ... AX38: =SUM(AX17:AX20) -> 0 | AY38: =A38 -> 7:30 à 8:30 | BA38: =SUM(C38:AX38) -> 9 | BB38: =C38+E38+G38+I38+K38+M38+O38+Q38+S38+U38+W38+Y38+AA38+AC38+AE38+AG38+AI38+AK38+AM38+AO38+AQ38+AS38+AU38+AW38 -> 4 | BC38: =E38+F38+I38+J38+M38+N38+Q38+R38+U38+V38+Y38+Z38+AC38+AD38+AG38+AH38+AK38+AL38+AO38+AP38+AS38+AT38+AW38+AX38 -> 2 | BD38: =E38+I38+M38+Q38+U38+Y38+AC38+AG38+AK38+AO38+AS38+AW38 -> 0 | BE38: =SUM(K38:N38)+SUM(S38:V38)+SUM(AA38:AD38)+SUM(AM38:AX38) -> 8 | BF38: 2 des 3 femmes circulaient sur le trottoir !
A39: 8:00 à 9:00 | C39: =SUM(C19:C22) -> 0 | D39: =SUM(D19:D22) -> 0 | E39: =SUM(E19:E22) -> 0 | F39: =SUM(F19:F22) -> 0 | G39: =SUM(G19:G22) -> 0 | H39: =SUM(H19:H22) -> 0 | I39: =SUM(I19:I22) -> 0 | J39: =SUM(J19:J22) -> 0 | ... AX39: =SUM(AX19:AX22) -> 0 | AY39: =A39 -> 8:00 à 9:00 | BA39: =SUM(C39:AX39) -> 10 | BB39: =C39+E39+G39+I39+K39+M39+O39+Q39+S39+U39+W39+Y39+AA39+AC39+AE39+AG39+AI39+AK39+AM39+AO39+AQ39+AS39+AU39+AW39 -> 6 | BC39: =E39+F39+I39+J39+M39+N39+Q39+R39+U39+V39+Y39+Z39+AC39+AD39+AG39+AH39+AK39+AL39+AO39+AP39+AS39+AT39+AW39+AX39 -> 1 | BD39: =E39+I39+M39+Q39+U39+Y39+AC39+AG39+AK39+AO39+AS39+AW39 -> 0 | BE39: =SUM(K39:N39)+SUM(S39:V39)+SUM(AA39:AD39)+SUM(AM39:AX39) -> 9 | BF39: 3 cyclosportifs
A40: TOTAL | C40: =SUM(C13:C22) -> 0 | D40: =SUM(D13:D22) -> 0 | E40: =SUM(E13:E22) -> 0 | F40: =SUM(F13:F22) -> 0 | G40: =SUM(G13:G22) -> 0 | H40: =SUM(H13:H22) -> 0 | I40: =SUM(I13:I22) -> 0 | J40: =SUM(J13:J22) -> 0 | ... AX40: =SUM(AX13:AX22) -> 0 | AY40: TOTAL | BA40: =SUM(C40:AX40) -> 18 | BB40: =C40+E40+G40+I40+K40+M40+O40+Q40+S40+U40+W40+Y40+AA40+AC40+AE40+AG40+AI40+AK40+AM40+AO40+AQ40+AS40+AU40+AW40 -> 9 | BC40: =E40+F40+I40+J40+M40+N40+Q40+R40+U40+V40+Y40+Z40+AC40+AD40+AG40+AH40+AK40+AL40+AO40+AP40+AS40+AT40+AW40+AX40 -> 3 | BD40: =E40+I40+M40+Q40+U40+Y40+AC40+AG40+AK40+AO40+AS40+AW40 -> 0 | BE40: =SUM(K40:N40)+SUM(S40:V40)+SUM(AA40:AD40)+SUM(AM40:AX40) -> 15
AY41: =IF($BA$36=MAX($BA$36:$BA$39),AY36,IF($BA$37=MAX($BA$36:$BA$39),AY37,IF($BA$38=MAX($BA$36:$BA$39),AY38,IF($BA$39=MAX($BA$36:$BA$39),AY39,AY38)))) -> 8:00 à 9:00 | BA41: =IF($BA$36=MAX($BA$36:$BA$39),BA36,IF($BA$37=MAX($BA$36:$BA$39),BA37,IF($BA$38=MAX($BA$36:$BA$39),BA38,IF($BA$39=MAX($BA$36:$BA$39),BA39,BA38)))) -> 10 | BB41: =IF($BA$36=MAX($BA$36:$BA$39),BB36,IF($BA$37=MAX($BA$36:$BA$39),BB37,IF($BA$38=MAX($BA$36:$BA$39),BB38,IF($BA$39=MAX($BA$36:$BA$39),BB39,BB38)))) -> 6 | BC41: =IF($BA$36=MAX($BA$36:$BA$39),BC36,IF($BA$37=MAX($BA$36:$BA$39),BC37,IF($BA$38=MAX($BA$36:$BA$39),BC38,IF($BA$39=MAX($BA$36:$BA$39),BC39,BC38)))) -> 1 | BD41: =IF($BA$36=MAX($BA$36:$BA$39),BD36,IF($BA$37=MAX($BA$36:$BA$39),BD37,IF($BA$38=MAX($BA$36:$BA$39),BD38,IF($BA$39=MAX($BA$36:$BA$39),BD39,BD38)))) -> 0 | BE41: =IF($BA$36=MAX($BA$36:$BA$39),BE36,IF($BA$37=MAX($BA$36:$BA$39),BE37,IF($BA$38=MAX($BA$36:$BA$39),BE38,IF($BA$39=MAX($BA$36:$BA$39),BE39,BE38)))) -> 9
BA42: TOTAL | BB42: Part des VAE dans le total | BC42: Part des femmes dans le total | BD42: Part des VAE chez les femmes | BE42: =BE32 -> Cycles sur route de Reignier | BF42: Remarque
AY45: Période
AY46: =AY36 -> 6:30 à 7:00 | BB46: =IF(BB36=0,0,BB36/BA36) -> 0 | BC46: =IF(BC36=0,0,BC36/BA36) -> 0 | BD46: =IF(BD36=0,0,BD36/BB36) -> 0 | BE46: =IF(BE36=0,0,BE36/BA36) -> 1
AY47: =AY37 -> 7:00 à 8:00 | BB47: =IF(BB37=0,0,BB37/BA37) -> 0.42857143 | BC47: =IF(BC37=0,0,BC37/BA37) -> 0.28571429 | BD47: =IF(BD37=0,0,BD37/BB37) -> 0 | BE47: =IF(BE37=0,0,BE37/BA37) -> 0.71428571
AY48: =AY38 -> 7:30 à 8:30 | BB48: =IF(BB38=0,0,BB38/BA38) -> 0.44444444 | BC48: =IF(BC38=0,0,BC38/BA38) -> 0.22222222 | BD48: =IF(BD38=0,0,BD38/BB38) -> 0 | BE48: =IF(BE38=0,0,BE38/BA38) -> 0.88888889
AY49: =AY39 -> 8:00 à 9:00 | BB49: =IF(BB39=0,0,BB39/BA39) -> 0.6 | BC49: =IF(BC39=0,0,BC39/BA39) -> 0.1 | BD49: =IF(BD39=0,0,BD39/BB39) -> 0 | BE49: =IF(BE39=0,0,BE39/BA39) -> 0.9
AY50: TOTAL | BB50: =IF(BB40=0,0,BB40/BA40) -> 0.5 | BC50: =IF(BC40=0,0,BC40/BA40) -> 0.16666667 | BD50: =IF(BD40=0,0,BD40/BB40) -> 0 | BE50: =IF(BE40=0,0,BE40/BA40) -> 0.83333333
AY51: =AY41 -> 8:00 à 9:00 | BB51: =BB41/$BA$41 -> 0.6 | BC51: =BC41/$BA$41 -> 0.1 | BD51: =BD41/$BA$41 -> 0 | BE51: =BE41/$BA$41 -> 0.9

Sheet AR PAPETERI
B1: Arenthon La Papeterie RD19/TNA | S1: Date : | T1: 16 juin 2020
A2: Nom des personnes participant au comptage : | L2: Béa
A3: Météo : | D3: Beau mais temps incertain annoncé
A4: Remarques :
A5: Principe d'utilisation pour chaque intervalle de temps,
A6: Marquer une croix vélo ou VAE dans la colonne H ou F.
A7: Sauf si 'enfant' marquer E ou 'modes nouveaux de déplacement' (trotinette, skate, ets) marquer Z
A8: Il y a donc un seul marquage par personne comptée
C9: De Arenthon vers | O9: De Bonneville vers | AA9: De Rte de La Papeterie vers
C10: Bonneville | G10: TNA | K10: Rte Papeterie | O10: TNA | S10: Arenthon | W10: Rte Papeterie | AA10: Arenthon | AE10: TNA | AI10: Bonneville
C11: H | E11: F | G11: H | I11: F | K11: H | M11: F | O11: H | Q11: F | S11: H | U11: F | W11: H | Y11: F | AA11: H | AC11: F | AE11: H | AG11: F | AI11: H | AK11: F
A12: Heure | B12: Minute | C12: VAE | D12: vélo | E12: VAE | F12: vélo | G12: VAE | H12: vélo | I12: VAE | J12: vélo | K12: VAE | L12: vélo | M12: VAE | N12: vélo | O12: VAE | P12: vélo | Q12: VAE | R12: vélo | S12: VAE | T12: vélo | U12: VAE | V12: vélo | W12: VAE | X12: vélo | Y12: VAE | Z12: vélo | AA12: VAE | AB12: vélo | AC12: VAE | AD12: vélo | AE12: VAE | AF12: vélo | AG12: VAE | AH12: vélo | AI12: VAE | AJ12: vélo | AK12: VAE | AL12: vélo
A13: 6 | B13: 30 – 45
B14: 45 - 59 | D14: 1
A15: 7 | B15: 00 – 15
B16: 15 – 30 | T16: 1
B17: 30 – 45
B18: 45 – 59 | D18: 1 | F18: 1 | T18: 1
A19: 8 | B19: 00 – 15
B20: 15 – 30 | D20: 1 | L20: 1 | T20: 1 | AF20: 1
B21: 30 – 45 | T21: 1 | AJ21: 1
A22: 9 | B22: 45 – 59 | D22: 1 | AI22: 1 | AJ22: 1
A24: Lieu : | B24: =B1 -> Arenthon La Papeterie RD19/TNA | S24: Date : | T24: =T1 -> 16 juin 2020
A25: Nom des personnes participant au comptage : | L25: =L2 -> Béa
A26: Météo :
A27: Remarques :
A28: Principe d'utilisation pour chaque intervalle de temps, | AO28: 11 cyclosportifs
A29: Marquer une croix vélo ou VAE dans la colonne H ou F. Sauf si 'enfant' marquer E ou 'modes nouveaux de déplacement' (trotinette, skate, ets) marquer Z
A30: Il y a donc un seul marquage par personne comptée
C31: =C9 -> De Arenthon vers | O31: =O9 -> De Bonneville vers | AA31: =AA9 -> De Rte de La Papeterie vers | AO31: TOTAL | AP31: Nombre de VAE dans le total | AQ31: Nombre de femmes dans le total | AR31: Nombre de VAE chez les femmes | AS31: Cycles sur RD 19
C32: =C10 -> Bonneville | G32: =G10 -> TNA | K32: =K10 -> Rte Papeterie | O32: =O10 -> TNA | S32: =S10 -> Arenthon | W32: =W10 -> Rte Papeterie | AA32: =AA10 -> Arenthon | AE32: =AE10 -> TNA | AI32: =AI10 -> Bonneville
C33: H | E33: F | G33: H | I33: F | K33: H | M33: F | O33: H | Q33: F | S33: H | U33: F | W33: H | Y33: F | AA33: H | AC33: F | AE33: H | AG33: F | AI33: H | AK33: F
A34: Période | C34: VAE | D34: vélo | E34: VAE | F34: vélo | G34: VAE | H34: vélo | I34: VAE | J34: vélo | K34: VAE | L34: vélo | M34: VAE | N34: vélo | O34: VAE | P34: vélo | Q34: VAE | R34: vélo | S34: VAE | T34: vélo | U34: VAE | V34: vélo | W34: VAE | X34: vélo | Y34: VAE | Z34: vélo | AA34: VAE | AB34: vélo | AC34: VAE | AD34: vélo | AE34: VAE | AF34: vélo | AG34: VAE | AH34: vélo | AI34: VAE | AJ34: vélo | AK34: VAE | AL34: vélo | AM34: Période
A35: 6:30 à 7:00 | C35: =SUM(C13:C14) -> 0 | D35: =SUM(D13:D14) -> 1 | E35: =SUM(E13:E14) -> 0 | F35: =SUM(F13:F14) -> 0 | G35: =SUM(G13:G14) -> 0 | H35: =SUM(H13:H14) -> 0 | I35: =SUM(I13:I14) -> 0 | J35: =SUM(J13:J14) -> 0 | ... AL35: =SUM(AL13:AL14) -> 0 | AM35: =A35 -> 6:30 à 7:00 | AO35: =SUM(C35:AL35) -> 1 | AP35: =C35+E35+G35+I35+K35+M35+O35+Q35+S35+U35+W35+Y35+AA35+AC35+AE35+AG35+AI35+AK35 -> 0 | AQ35: =E35+F35+I35+J35+M35+N35+Q35+R35+U35+V35+Y35+Z35+AC35+AD35+AG35+AH35+AK35+AL35 -> 0 | AR35: =E35+I35+M35+Q35+U35+Y35+AC35+AG35+AK35 -> 0 | AS35: =SUM(C35:AD35)+SUM(AI35:AL35) -> 1
A36: 7:00 à 8:00 | C36: =SUM(C15:C18) -> 0 | D36: =SUM(D15:D18) -> 1 | E36: =SUM(E15:E18) -> 0 | F36: =SUM(F15:F18) -> 1 | G36: =SUM(G15:G18) -> 0 | H36: =SUM(H15:H18) -> 0 | I36: =SUM(I15:I18) -> 0 | J36: =SUM(J15:J18) -> 0 | ... AL36: =SUM(AL15:AL18) -> 0 | AM36: =A36 -> 7:00 à 8:00 | AO36: =SUM(C36:AL36) -> 4 | AP36: =C36+E36+G36+I36+K36+M36+O36+Q36+S36+U36+W36+Y36+AA36+AC36+AE36+AG36+AI36+AK36 -> 0 | AQ36: =E36+F36+I36+J36+M36+N36+Q36+R36+U36+V36+Y36+Z36+AC36+AD36+AG36+AH36+AK36+AL36 -> 1 | AR36: =E36+I36+M36+Q36+U36+Y36+AC36+AG36+AK36 -> 0 | AS36: =SUM(C36:AD36)+SUM(AI36:AL36) -> 4
A37: 7:30 à 8:30 | C37: =SUM(C17:C20) -> 0 | D37: =SUM(D17:D20) -> 2 | E37: =SUM(E17:E20) -> 0 | F37: =SUM(F17:F20) -> 1 | G37: =SUM(G17:G20) -> 0 | H37: =SUM(H17:H20) -> 0 | I37: =SUM(I17:I20) -> 0 | J37: =SUM(J17:J20) -> 0 | ... AL37: =SUM(AL17:AL20) -> 0 | AM37: =A37 -> 7:30 à 8:30 | AO37: =SUM(C37:AL37) -> 7 | AP37: =C37+E37+G37+I37+K37+M37+O37+Q37+S37+U37+W37+Y37+AA37+AC37+AE37+AG37+AI37+AK37 -> 0 | AQ37: =E37+F37+I37+J37+M37+N37+Q37+R37+U37+V37+Y37+Z37+AC37+AD37+AG37+AH37+AK37+AL37 -> 1 | AR37: =E37+I37+M37+Q37+U37+Y37+AC37+AG37+AK37 -> 0 | AS37: =SUM(C37:AD37)+SUM(AI37:AL37) -> 6
A38: 8:00 à 9:00 | C38: =SUM(C19:C22) -> 0 | D38: =SUM(D19:D22) -> 2 | E38: =SUM(E19:E22) -> 0 | F38: =SUM(F19:F22) -> 0 | G38: =SUM(G19:G22) -> 0 | H38: =SUM(H19:H22) -> 0 | I38: =SUM(I19:I22) -> 0 | J38: =SUM(J19:J22) -> 0 | ... AL38: =SUM(AL19:AL22) -> 0 | AM38: =A38 -> 8:00 à 9:00 | AO38: =SUM(C38:AL38) -> 9 | AP38: =C38+E38+G38+I38+K38+M38+O38+Q38+S38+U38+W38+Y38+AA38+AC38+AE38+AG38+AI38+AK38 -> 1 | AQ38: =E38+F38+I38+J38+M38+N38+Q38+R38+U38+V38+Y38+Z38+AC38+AD38+AG38+AH38+AK38+AL38 -> 0 | AR38: =E38+I38+M38+Q38+U38+Y38+AC38+AG38+AK38 -> 0 | AS38: =SUM(C38:AD38)+SUM(AI38:AL38) -> 8
A39: TOTAL | C39: =SUM(C13:C22) -> 0 | D39: =SUM(D13:D22) -> 4 | E39: =SUM(E13:E22) -> 0 | F39: =SUM(F13:F22) -> 1 | G39: =SUM(G13:G22) -> 0 | H39: =SUM(H13:H22) -> 0 | I39: =SUM(I13:I22) -> 0 | J39: =SUM(J13:J22) -> 0 | ... AL39: =SUM(AL13:AL22) -> 0 | AM39: TOTAL | AO39: =SUM(C39:AL39) -> 14 | AP39: =C39+E39+G39+I39+K39+M39+O39+Q39+S39+U39+W39+Y39+AA39+AC39+AE39+AG39+AI39+AK39 -> 1 | AQ39: =E39+F39+I39+J39+M39+N39+Q39+R39+U39+V39+Y39+Z39+AC39+AD39+AG39+AH39+AK39+AL39 -> 1 | AR39: =E39+I39+M39+Q39+U39+Y39+AC39+AG39+AK39 -> 0 | AS39: =AS35+AS36+AS38 -> 13
AM40: =IF($AO$37=MAX($AO$35:$AO$38),AM37,IF($AO$36=MAX($AO$35:$AO$38),AM36,IF($AN$35=MAX($AO$35:$AO$38),AM35,IF($AO$38=MAX($AO$35:$AO$38),AM38,AM38)))) -> 8:00 à 9:00 | AO40: =IF($AO$37=MAX($AO$35:$AO$38),AO37,IF($AO$36=MAX($AO$35:$AO$38),AO36,IF($AN$35=MAX($AO$35:$AO$38),AO35,IF($AO$38=MAX($AO$35:$AO$38),AO38,AO38)))) -> 9 | AP40: =IF($AO$37=MAX($AO$35:$AO$38),AP37,IF($AO$36=MAX($AO$35:$AO$38),AP36,IF($AN$35=MAX($AO$35:$AO$38),AP35,IF($AO$38=MAX($AO$35:$AO$38),AP38,AP38)))) -> 1 | AQ40: =IF($AO$37=MAX($AO$35:$AO$38),AQ37,IF($AO$36=MAX($AO$35:$AO$38),AQ36,IF($AN$35=MAX($AO$35:$AO$38),AQ35,IF($AO$38=MAX($AO$35:$AO$38),AQ38,AQ38)))) -> 0 | AR40: =IF($AO$37=MAX($AO$35:$AO$38),AR37,IF($AO$36=MAX($AO$35:$AO$38),AR36,IF($AN$35=MAX($AO$35:$AO$38),AR35,IF($AO$38=MAX($AO$35:$AO$38),AR38,AR38)))) -> 0 | AS40: =IF($AO$37=MAX($AO$35:$AO$38),AS37,IF($AO$36=MAX($AO$35:$AO$38),AS36,IF($AN$35=MAX($AO$35:$AO$38),AS35,IF($AO$38=MAX($AO$35:$AO$38),AS38,AS38)))) -> 8
AO41: TOTAL | AP41: Part des VAE dans le total | AQ41: Part des femmes dans le total | AR41: Part des VAE chez les femmes | AS41: =AS31 -> Cycles sur RD 19
AM44: Période
AM45: =AM35 -> 6:30 à 7:00 | AP45: =IF(AP35=0,0,AP35/AO35) -> 0 | AQ45: =IF(AQ35=0,0,AQ35/AO35) -> 0 | AR45: =IF(AR35=0,0,AR35/AO35) -> 0 | AS45: =IF(AS35=0,0,AS35/AO35) -> 1
AM46: =AM36 -> 7:00 à 8:00 | AP46: =IF(AP36=0,0,AP36/AO36) -> 0 | AQ46: =IF(AQ36=0,0,AQ36/AO36) -> 0.25 | AR46: =IF(AR36=0,0,AR36/AO36) -> 0 | AS46: =IF(AS36=0,0,AS36/AO36) -> 1
AM47: =AM37 -> 7:30 à 8:30 | AP47: =IF(AP37=0,0,AP37/AO37) -> 0 | AQ47: =IF(AQ37=0,0,AQ37/AO37) -> 0.14285714 | AR47: =IF(AR37=0,0,AR37/AQ37) -> 0 | AS47: =IF(AS37=0,0,AS37/AO37) -> 0.85714286
AM48: =AM38 -> 8:00 à 9:00 | AP48: =IF(AP38=0,0,AP38/AO38) -> 0.11111111 | AQ48: =IF(AQ38=0,0,AQ38/AO38) -> 0 | AR48: =IF(AR38=0,0,AR38/AO38) -> 0 | AS48: =IF(AS38=0,0,AS38/AO38) -> 0.88888889
AM49: TOTAL | AP49: =IF(AP39=0,0,AP39/AO39) -> 0.071428571 | AQ49: =IF(AQ39=0,0,AQ39/AO39) -> 0.071428571 | AR49: =IF(AR39=0,0,AR39/AP39) -> 0 | AS49: =IF(AS39=0,0,AS39/AO39) -> 0.92857143
AM50: =AM40 -> 8:00 à 9:00 | AO50: =IF(#REF!=MAX(#REF!),AO45,IF(#REF!=MAX(#REF!),AO46,IF(#REF!=MAX(#REF!),AO47,IF(#REF!=MAX(#REF!),(AO47),AO48)))) -> #REF! | AP50: =AP40/AO40 -> 0.11111111 | AQ50: =AQ40/AP40 -> 0 | AR50: =AR40/AO40 -> 0 | AS50: =AS40/AO40 -> 0.88888889

Sheet SCIEN BELCOMBE
A1: Lieu : | B1: Scientrier Carrefour Pont de Bellecombe | M1: Date : | N1: mardi 16 juin 2020
A2: Nom des personnes participant au comptage : | G2: Philippe LEMOINE
A3: Météo : | C3: Beau temps, mais frais
A4: Remarques : | C4: Petite brume matinale (liée à l'Arve) et carrefour très bruyant (beaucoup de camions !)
A5: Méthodologie : | C5: Pour chaque intervalle de temps, marquer une seule croix par personne comptée
C6: Si c'est enfant, remplacer la croix par E, une trottinette T, un piéton P, etc.
C8: Depuis 'La Roche' | K8: Depuis 'Reignier' | S8: Depuis 'Findrol'
C9: vers 'Reignier' | G9: vers 'Findrol' | K9: vers 'Findrol' | O9: vers 'La Roche' | S9: vers 'Reignier' | W9: vers 'La Roche'
C10: H | E10: F | G10: H | I10: F | K10: H | M10: F | O10: H | Q10: F | S10: H | U10: F | W10: H | Y10: F
A11: Heure | B11: Minute | C11: VAE | D11: vélo | E11: VAE | F11: vélo | G11: VAE | H11: vélo | I11: VAE | J11: vélo | K11: VAE | L11: vélo | M11: VAE | N11: vélo | O11: VAE | P11: vélo | Q11: VAE | R11: vélo | S11: VAE | T11: vélo | U11: VAE | V11: vélo | W11: VAE | X11: vélo | Y11: VAE | Z11: vélo
A12: 6 | B12: 30 – 44'59
B13: 45 – 59'59
A14: 7 | B14: 00 – 14'59 | T14: 1
B15: 15 – 29'59
B16: 30 – 44'59 | H16: 1 | L16: 1
B17: 45 – 59'59 | H17: 1 | L17: 1
A18: 8 | B18: 00 – 14'59 | L18: 1
B19: 15 – 29'59
B20: 30 – 44'59
A21: 9 | B21: 45 – 59'59
A23: Lieu : | B23: =B1 -> Scientrier Carrefour Pont de Bellecombe | M23: Date : | N23: =N1 -> mardi 16 juin 2020
A24: Nom des personnes participant au comptage : | G24: =G2 -> Philippe LEMOINE
A25: Météo : | C25: =C3 -> Beau temps, mais frais
A26: Remarques : | C26: =C4 -> Petite brume matinale (liée à l'Arve) et carrefour très bruyant (beaucoup de camions !)
AA27: C'est l'enfer ce carrefour
AA29: Lieu :
C30: =C8 -> Depuis 'La Roche' | K30: =K8 -> Depuis 'Reignier' | S30: =S8 -> Depuis 'Findrol' | AC30: TOTAL | AD30: Nombre de VAE dans le total | AE30: Nombre de femmes dans le total | AF30: Nombre de VAE chez les femmes
C31: =C9 -> vers 'Reignier' | G31: =G9 -> vers 'Findrol' | K31: =K9 -> vers 'Findrol' | O31: =O9 -> vers 'La Roche' | S31: =S9 -> vers 'Reignier' | W31: =W9 -> vers 'La Roche'
C32: H | E32: F | G32: H | I32: F | K32: H | M32: F | O32: H | Q32: F | S32: H | U32: F | W32: H | Y32: F
A33: Période | C33: VAE | D33: vélo | E33: VAE | F33: vélo | G33: VAE | H33: vélo | I33: VAE | J33: vélo | K33: VAE | L33: vélo | M33: VAE | N33: vélo | O33: VAE | P33: vélo | Q33: VAE | R33: vélo | S33: VAE | T33: vélo | U33: VAE | V33: vélo | W33: VAE | X33: vélo | Y33: VAE | Z33: vélo | AA33: Période
A34: 6:30 à 7:00 | C34: =SUM(C12:C13) -> 0 | D34: =SUM(D12:D13) -> 0 | E34: =SUM(E12:E13) -> 0 | F34: =SUM(F12:F13) -> 0 | G34: =SUM(G12:G13) -> 0 | H34: =SUM(H12:H13) -> 0 | I34: =SUM(I12:I13) -> 0 | J34: =SUM(J12:J13) -> 0 | ... Z34: =SUM(Z12:Z13) -> 0 | AA34: =A34 -> 6:30 à 7:00 | AC34: =SUM(C34:Z34) -> 0 | AD34: =C34+E34+G34+I34+K34+M34+O34+Q34+S34+U34+W34+Y34 -> 0 | AE34: =E34+F34+I34+J34+M34+N34+Q34+R34+U34+V34+Y34+Z34 -> 0 | AF34: =E34+I34+M34+Q34+U34+Y34 -> 0
A35: 7:00 à 8:00 | C35: =SUM(C14:C17) -> 0 | D35: =SUM(D14:D17) -> 0 | E35: =SUM(E14:E17) -> 0 | F35: =SUM(F14:F17) -> 0 | G35: =SUM(G14:G17) -> 0 | H35: =SUM(H14:H17) -> 2 | I35: =SUM(I14:I17) -> 0 | J35: =SUM(J14:J17) -> 0 | ... Z35: =SUM(Z14:Z17) -> 0 | AA35: =A35 -> 7:00 à 8:00 | AC35: =SUM(C35:Z35) -> 5 | AD35: =C35+E35+G35+I35+K35+M35+O35+Q35+S35+U35+W35+Y35 -> 0 | AE35: =E35+F35+I35+J35+M35+N35+Q35+R35+U35+V35+Y35+Z35 -> 0 | AF35: =E35+I35+M35+Q35+U35+Y35 -> 0
A36: 7:30 à 8:30 | C36: =SUM(C16:C19) -> 0 | D36: =SUM(D16:D19) -> 0 | E36: =SUM(E16:E19) -> 0 | F36: =SUM(F16:F19) -> 0 | G36: =SUM(G16:G19) -> 0 | H36: =SUM(H16:H19) -> 2 | I36: =SUM(I16:I19) -> 0 | J36: =SUM(J16:J19) -> 0 | ... Z36: =SUM(Z16:Z19) -> 0 | AA36: =A36 -> 7:30 à 8:30 | AC36: =SUM(C36:Z36) -> 5 | AD36: =C36+E36+G36+I36+K36+M36+O36+Q36+S36+U36+W36+Y36 -> 0 | AE36: =E36+F36+I36+J36+M36+N36+Q36+R36+U36+V36+Y36+Z36 -> 0 | AF36: =E36+I36+M36+Q36+U36+Y36 -> 0
A37: 8:00 à 9:00 | C37: =SUM(C18:C21) -> 0 | D37: =SUM(D18:D21) -> 0 | E37: =SUM(E18:E21) -> 0 | F37: =SUM(F18:F21) -> 0 | G37: =SUM(G18:G21) -> 0 | H37: =SUM(H18:H21) -> 0 | I37: =SUM(I18:I21) -> 0 | J37: =SUM(J18:J21) -> 0 | ... Z37: =SUM(Z18:Z21) -> 0 | AA37: =A37 -> 8:00 à 9:00 | AC37: =SUM(C37:Z37) -> 1 | AD37: =C37+E37+G37+I37+K37+M37+O37+Q37+S37+U37+W37+Y37 -> 0 | AE37: =E37+F37+I37+J37+M37+N37+Q37+R37+U37+V37+Y37+Z37 -> 0 | AF37: =E37+I37+M37+Q37+U37+Y37 -> 0
A38: TOTAL | C38: =SUM(C12:C21) -> 0 | D38: =SUM(D12:D21) -> 0 | E38: =SUM(E12:E21) -> 0 | F38: =SUM(F12:F21) -> 0 | G38: =SUM(G12:G21) -> 0 | H38: =SUM(H12:H21) -> 2 | I38: =SUM(I12:I21) -> 0 | J38: =SUM(J12:J21) -> 0 | ... Z38: =SUM(Z12:Z21) -> 0 | AA38: TOTAL | AC38: =SUM(C38:Z38) -> 6 | AD38: =AD34+AD35+AD37 -> 0 | AE38: =AE34+AE35+AE37 -> 0 | AF38: =AF34+AF35+AF37 -> 0
AA39: =IF($AC$37=MAX($AC$34:$AC$37),AA37,IF($AC$36=MAX($AC$34:$AC$37),AA36,IF($AC$35=MAX($AC$34:$AC$37),AA35,IF($AC$34=MAX($AC$34:$AC$37),AA34,AA37)))) -> 7:30 à 8:30 | AC39: =IF($AC$37=MAX($AC$34:$AC$37),AC37,IF($AC$36=MAX($AC$34:$AC$37),AC36,IF($AC$35=MAX($AC$34:$AC$37),AC35,IF($AC$34=MAX($AC$34:$AC$37),AC34,AC37)))) -> 5 | AD39: =IF($AC$37=MAX($AC$34:$AC$37),AD37,IF($AC$36=MAX($AC$34:$AC$37),AD36,IF($AC$35=MAX($AC$34:$AC$37),AD35,IF($AC$34=MAX($AC$34:$AC$37),AD34,AD37)))) -> 0 | AE39: =IF($AC$37=MAX($AC$34:$AC$37),AE37,IF($AC$36=MAX($AC$34:$AC$37),AE36,IF($AC$35=MAX($AC$34:$AC$37),AE35,IF($AC$34=MAX($AC$34:$AC$37),AE34,AE37)))) -> 0 | AF39: =IF($AC$37=MAX($AC$34:$AC$37),AF37,IF($AC$36=MAX($AC$34:$AC$37),AF36,IF($AC$35=MAX($AC$34:$AC$37),AF35,IF($AC$34=MAX($AC$34:$AC$37),AF34,AF37)))) -> 0
AC40: TOTAL | AD40: Part des VAE dans le total | AE40: Part des femmes dans le total | AF40: Part des VAE chez les femmes
AA43: Période
AA44: =AA34 -> 6:30 à 7:00 | AD44: =IF(AD34=0,0,AD34/AC34) -> 0 | AE44: =IF(AE34=0,0,AE34/AC34) -> 0 | AF44: =IF(AF34=0,0,AF34/AD34) -> 0
AA45: =AA35 -> 7:00 à 8:00 | AD45: =IF(AD35=0,0,AD35/AC35) -> 0 | AE45: =IF(AE35=0,0,AE35/AC35) -> 0 | AF45: =IF(AF35=0,0,AF35/AD35) -> 0
AA46: =AA36 -> 7:30 à 8:30 | AD46: =IF(AD36=0,0,AD36/AC36) -> 0 | AE46: =IF(AE36=0,0,AE36/AC36) -> 0 | AF46: =IF(AF36=0,0,AF36/AD36) -> 0
AA47: =AA37 -> 8:00 à 9:00 | AD47: =IF(AD37=0,0,AD37/AC37) -> 0 | AE47: =IF(AE37=0,0,AE37/AC37) -> 0 | AF47: =IF(AF37=0,0,AF37/AD37) -> 0
AA48: TOTAL | AD48: =IF(AD38=0,0,AD38/AC38) -> 0 | AE48: =IF(AE38=0,0,AE38/AC38) -> 0 | AF48: =IF(AF38=0,0,AF38/AD38) -> 0
AA49: =AA39 -> 7:30 à 8:30 | AD49: =AD39/AC39 -> 0 | AE49: =AE39/AC39 -> 0 | AF49: =AF39/AC39 -> 0

Sheet ST PI BORNE DESSY
A1: Lieu : | B1: St Pierre Franchissement du Borne Dessy | K1: Date : | L1: 16 juin 2020
A2: Nom des personnes participant au comptage : | I2: Stéphane Moutard-Martin / La Fabrique à Biclou
A3: Météo : | C3: frais 13°C
A4: Remarques : | C4: Faire colonnes VELO puis VAE
A6: Principe d'utilisation pour chaque intervalle de temps,
A7: Marquer une croix vélo ou VAE dans la colonne H ou F.
A8: Sauf si 'enfant' marquer E ou 'modes nouveaux de déplacement' (trotinette, skate, ets) marquer Z
A9: Il y a donc un seul marquage par personne comptée
C10: De Rte Gorges du Borne vers | K10: De Avenue des Digues vers | S10: De Dessy vers
C11: Av des Digues | G11: Dessy | K11: Dessy | O11: Rte Gorges du Borne | S11: Rte Gorges du Borne | W11: Av des Digues
C12: H | E12: F | G12: H | I12: F | K12: H | M12: F | O12: H | Q12: F | S12: H | U12: F | W12: H | Y12: F
A13: Heure | B13: Minute | C13: VAE | D13: vélo | E13: VAE | F13: vélo | G13: VAE | H13: vélo | I13: VAE | J13: vélo | K13: VAE | L13: vélo | M13: VAE | N13: vélo | O13: VAE | P13: vélo | Q13: VAE | R13: vélo | S13: VAE | T13: vélo | U13: VAE | V13: vélo | W13: VAE | X13: vélo | Y13: VAE | Z13: vélo
A14: 6 | B14: 30 – 45
B15: 45 - 59
A16: 7 | B16: 00 – 15 | T16: 1
B17: 15 – 30
B18: 30 – 45 | H18: 2 | Z18: 1
B19: 45 – 59 | D19: 1 | F19: 1 | H19: 2
A20: 8 | B20: 00 – 15 | D20: 1 | I20: 1
B21: 15 – 30 | D21: 1 | H21: 2
B22: 30 – 45 | D22: 1 | H22: 1 | P22: 1 | T22: 1
A23: 9 | B23: 45 – 59 | H23: 3 | J23: 1 | T23: 1 | X23: 1 | Z23: 1
A24: Lieu : | B24: =B1 -> St Pierre Franchissement du Borne Dessy | K24: Date : | L24: =L1 -> 16 juin 2020
A25: Nom des personnes participant au comptage : | I25: =I2 -> Stéphane Moutard-Martin / La Fabrique à Biclou
A26: Météo : | C26: =C3 -> frais 13°C
A27: Remarques : | C27: =C4 -> Faire colonnes VELO puis VAE
A28: Principe d'utilisation : pour chaque intervalle de temps, marquer une croix par personne comptée dans la colonne la décrivant; si enfant marquer E
A29: Il y a donc une seule croix par personne comptée | AA29: Lieu :
C30: =C10 -> De Rte Gorges du Borne vers | K30: =K10 -> De Avenue des Digues vers | S30: =S10 -> De Dessy vers | AC30: TOTAL | AD30: Nombre de VAE dans le total | AE30: Nombre de femmes dans le total | AF30: Nombre de VAE chez les femmes | AG30: Cycles sur rte de Dessy | AH30: Cycles sur rte des Digues
C31: =C11 -> Av des Digues | G31: =G11 -> Dessy | K31: =K11 -> Dessy | O31: =O11 -> Rte Gorges du Borne | S31: =S11 -> Rte Gorges du Borne | W31: =W11 -> Av des Digues
C32: H | E32: F | G32: H | I32: F | K32: H | M32: F | O32: H | Q32: F | S32: H | U32: F | W32: H | Y32: F
A33: Période | C33: VAE | D33: vélo | E33: VAE | F33: vélo | G33: VAE | H33: vélo | I33: VAE | J33: vélo | K33: VAE | L33: vélo | M33: VAE | N33: vélo | O33: VAE | P33: vélo | Q33: VAE | R33: vélo | S33: VAE | T33: vélo | U33: VAE | V33: vélo | W33: VAE | X33: vélo | Y33: VAE | Z33: vélo | AA33: Période
A34: 6:30 à 7:00 | C34: =SUM(C14:C15) -> 0 | D34: =SUM(D14:D15) -> 0 | E34: =SUM(E14:E15) -> 0 | F34: =SUM(F14:F15) -> 0 | G34: =SUM(G14:G15) -> 0 | H34: =SUM(H14:H15) -> 0 | I34: =SUM(I14:I15) -> 0 | J34: =SUM(J14:J15) -> 0 | ... Z34: =SUM(Z14:Z15) -> 0 | AA34: =A34 -> 6:30 à 7:00 | AC34: =SUM(C34:Z34) -> 0 | AD34: =C34+E34+G34+I34+K34+M34+O34+Q34+S34+U34+W34+Y34 -> 0 | AE34: =E34+F34+I34+J34+M34+N34+Q34+R34+U34+V34+Y34+Z34 -> 0 | AF34: =E34+I34+M34+Q34+U34+Y34 -> 0 | AG34: =SUM(G34:N34)+SUM(S34:Z34) -> 0 | AH34: =SUM(C34:F34)+SUM(W34:Z34)+SUM(K34:R34) -> 0
A35: 7:00 à 8:00 | C35: =SUM(C16:C19) -> 0 | D35: =SUM(D16:D19) -> 1 | E35: =SUM(E16:E19) -> 0 | F35: =SUM(F16:F19) -> 1 | G35: =SUM(G16:G19) -> 0 | H35: =SUM(H16:H19) -> 4 | I35: =SUM(I16:I19) -> 0 | J35: =SUM(J16:J19) -> 0 | ... Z35: =SUM(Z16:Z19) -> 1 | AA35: =A35 -> 7:00 à 8:00 | AC35: =SUM(C35:Z35) -> 8 | AD35: =C35+E35+G35+I35+K35+M35+O35+Q35+S35+U35+W35+Y35 -> 0 | AE35: =E35+F35+I35+J35+M35+N35+Q35+R35+U35+V35+Y35+Z35 -> 2 | AF35: =E35+I35+M35+Q35+U35+Y35 -> 0 | AG35: =SUM(G35:N35)+SUM(S35:Z35) -> 6 | AH35: =SUM(C35:F35)+SUM(W35:Z35)+SUM(K35:R35) -> 3
A36: 7:30 à 8:30 | C36: =SUM(C18:C21) -> 0 | D36: =SUM(D18:D21) -> 3 | E36: =SUM(E18:E21) -> 0 | F36: =SUM(F18:F21) -> 1 | G36: =SUM(G18:G21) -> 0 | H36: =SUM(H18:H21) -> 6 | I36: =SUM(I18:I21) -> 1 | J36: =SUM(J18:J21) -> 0 | ... Z36: =SUM(Z18:Z21) -> 1 | AA36: =A36 -> 7:30 à 8:30 | AC36: =SUM(C36:Z36) -> 12 | AD36: =C36+E36+G36+I36+K36+M36+O36+Q36+S36+U36+W36+Y36 -> 1 | AE36: =E36+F36+I36+J36+M36+N36+Q36+R36+U36+V36+Y36+Z36 -> 3 | AF36: =E36+I36+M36+Q36+U36+Y36 -> 1 | AG36: =SUM(G36:N36)+SUM(S36:Z36) -> 8 | AH36: =SUM(C36:F36)+SUM(W36:Z36)+SUM(K36:R36) -> 5
A37: 8:00 à 9:00 | C37: =SUM(C20:C23) -> 0 | D37: =SUM(D20:D23) -> 3 | E37: =SUM(E20:E23) -> 0 | F37: =SUM(F20:F23) -> 0 | G37: =SUM(G20:G23) -> 0 | H37: =SUM(H20:H23) -> 6 | I37: =SUM(I20:I23) -> 1 | J37: =SUM(J20:J23) -> 1 | ... Z37: =SUM(Z20:Z23) -> 1 | AA37: =A37 -> 8:00 à 9:00 | AC37: =SUM(C37:Z37) -> 16 | AD37: =C37+E37+G37+I37+K37+M37+O37+Q37+S37+U37+W37+Y37 -> 1 | AE37: =E37+F37+I37+J37+M37+N37+Q37+R37+U37+V37+Y37+Z37 -> 3 | AF37: =E37+I37+M37+Q37+U37+Y37 -> 1 | AG37: =SUM(G37:N37)+SUM(S37:Z37) -> 12 | AH37: =SUM(C37:F37)+SUM(W37:Z37)+SUM(K37:R37) -> 6
A38: TOTAL | C38: =SUM(C14:C23) -> 0 | D38: =SUM(D14:D23) -> 4 | E38: =SUM(E14:E23) -> 0 | F38: =SUM(F14:F23) -> 1 | G38: =SUM(G14:G23) -> 0 | H38: =SUM(H14:H23) -> 10 | I38: =SUM(I14:I23) -> 1 | J38: =SUM(J14:J23) -> 1 | ... Z38: =SUM(Z14:Z23) -> 2 | AA38: TOTAL | AC38: =SUM(C38:Z38) -> 24 | AD38: =AD34+AD35+AD37 -> 1 | AE38: =AE34+AE35+AE37 -> 5 | AF38: =AF34+AF35+AF37 -> 1 | AG38: =AG34+AG35+AG37 -> 18 | AH38: =AH34+AH35+AH37 -> 9
AA39: =IF($AC$37=MAX($AC$34:$AC$37),AA37,IF($AC$36=MAX($AC$34:$AC$37),AA36,IF($AC$35=MAX($AC$34:$AC$37),AA35,IF($AC$34=MAX($AC$34:$AC$37),AA34,AA37)))) -> 8:00 à 9:00 | AC39: =IF($AC$37=MAX($AC$34:$AC$37),AC37,IF($AC$36=MAX($AC$34:$AC$37),AC36,IF($AC$35=MAX($AC$34:$AC$37),AC35,IF($AC$34=MAX($AC$34:$AC$37),AC34,AC37)))) -> 16 | AD39: =IF($AC$37=MAX($AC$34:$AC$37),AD37,IF($AC$36=MAX($AC$34:$AC$37),AD36,IF($AC$35=MAX($AC$34:$AC$37),AD35,IF($AC$34=MAX($AC$34:$AC$37),AD34,AD37)))) -> 1 | AE39: =IF($AC$37=MAX($AC$34:$AC$37),AE37,IF($AC$36=MAX($AC$34:$AC$37),AE36,IF($AC$35=MAX($AC$34:$AC$37),AE35,IF($AC$34=MAX($AC$34:$AC$37),AE34,AE37)))) -> 3 | AF39: =IF($AC$37=MAX($AC$34:$AC$37),AF37,IF($AC$36=MAX($AC$34:$AC$37),AF36,IF($AC$35=MAX($AC$34:$AC$37),AF35,IF($AC$34=MAX($AC$34:$AC$37),AF34,AF37)))) -> 1 | AG39: =IF($AC$37=MAX($AC$34:$AC$37),AG37,IF($AC$36=MAX($AC$34:$AC$37),AG36,IF($AC$35=MAX($AC$34:$AC$37),AG35,IF($AC$34=MAX($AC$34:$AC$37),AG34,AG37)))) -> 12 | AH39: =IF($AC$37=MAX($AC$34:$AC$37),AH37,IF($AC$36=MAX($AC$34:$AC$37),AH36,IF($AC$35=MAX($AC$34:$AC$37),AH35,IF($AC$34=MAX($AC$34:$AC$37),AH34,AH37)))) -> 6
AC40: TOTAL | AD40: Part des VAE dans le total | AE40: Part des femmes dans le total | AF40: Part des VAE chez les femmes | AG40: =AG30 -> Cycles sur rte de Dessy | AH40: =AH30 -> Cycles sur rte des Digues
AA43: Période
AA44: =AA34 -> 6:30 à 7:00 | AD44: =IF(AD34=0,0,AD34/AC34) -> 0 | AE44: =IF(AE34=0,0,AE34/AC34) -> 0 | AF44: =IF(AF34=0,0,AF34/AD34) -> 0 | AG44: =IF(AG34=0,0,AG34/AC34) -> 0 | AH44: =IF(AH34=0,0,AH34/AC34) -> 0
AA45: =AA35 -> 7:00 à 8:00 | AD45: =IF(AD35=0,0,AD35/AC35) -> 0 | AE45: =IF(AE35=0,0,AE35/AC35) -> 0.25 | AF45: =IF(AF35=0,0,AF35/AD35) -> 0 | AG45: =IF(AG35=0,0,AG35/AC35) -> 0.75 | AH45: =IF(AH35=0,0,AH35/AC35) -> 0.375
AA46: =AA36 -> 7:30 à 8:30 | AD46: =IF(AD36=0,0,AD36/AC36) -> 0.083333333 | AE46: =IF(AE36=0,0,AE36/AC36) -> 0.25 | AF46: =IF(AF36=0,0,AF36/AD36) -> 1 | AG46: =IF(AG36=0,0,AG36/AC36) -> 0.66666667 | AH46: =IF(AH36=0,0,AH36/AC36) -> 0.41666667
AA47: =AA37 -> 8:00 à 9:00 | AD47: =IF(AD37=0,0,AD37/AC37) -> 0.0625 | AE47: =IF(AE37=0,0,AE37/AC37) -> 0.1875 | AF47: =IF(AF37=0,0,AF37/AD37) -> 1 | AG47: =IF(AG37=0,0,AG37/AC37) -> 0.75 | AH47: =IF(AH37=0,0,AH37/AC37) -> 0.375
AA48: TOTAL | AD48: =IF(AD38=0,0,AD38/AC38) -> 0.041666667 | AE48: =IF(AE38=0,0,AE38/AC38) -> 0.20833333 | AF48: =IF(AF38=0,0,AF38/AD38) -> 1 | AG48: =IF(AG38=0,0,AG38/AC38) -> 0.75 | AH48: =IF(AH38=0,0,AH38/AC38) -> 0.375
AA49: =AA39 -> 8:00 à 9:00 | AC49: =IF($AW$48=MAX($AW$48:$AW$52),AC44,IF($AW$49=MAX($AW$48:$AW$52),AC45,IF($AW$50=MAX($AW$48:$AW$52),AC46,IF($AW$51=MAX($AW$48:$AW$52),(AC46),AC47)))) -> 0 | AD49: =AD39/AC39 -> 0.0625 | AE49: =AE39/AC39 -> 0.1875 | AF49: =AF39/AC39 -> 0.0625 | AG49: =AG39/AC39 -> 0.75 | AH49: =AH39/AC39 -> 0.375

Sheet BO BORNE TUCINGE
A1: Lieu : | B1: Bonneville Franchissement du Borne Tucinge
A2: Nom des personnes participant au comptage : | G2: Annick
A3: Météo :
A4: Remarques :
A5: Principe d'utilisation pour chaque intervalle de temps,
A6: Marquer une croix vélo ou VAE dans la colonne H ou F. Sauf si 'enfant' marquer E ou 'modes nouveaux de déplacement' (trotinette, skate, ets) marquer Z
A7: Il y a donc un seul marquage par personne comptée
C8: Pont du Borne
C9: Depuis Bonneville | G9: Depuis St Pierre
C10: H | E10: F | G10: H | I10: F
A11: Heure | B11: Minute | C11: VAE | D11: vélo | E11: VAE | F11: vélo | G11: VAE | H11: vélo | I11: VAE | J11: vélo
A12: 6 | B12: 30 – 45 | H12: 1
B13: 45 - 59 | H13: 1
A14: 7 | B14: 00 – 15 | D14: 1 | H14: 1
B15: 15 – 30
B16: 30 – 45 | D16: 1
B17: 45 – 59 | J17: 3
A18: 8 | B18: 00 – 15 | D18: 1 | H18: 1
B19: 15 – 30 | D19: 1 | F19: 1 | J19: 3
B20: 30 – 45 | D20: 1 | F20: 1 | J20: 1
A21: 9 | B21: 45 – 59 | D21: 4 | F21: 3 | H21: 4
A23: Lieu : | B23: =B1 -> Bonneville Franchissement du Borne Tucinge
A24: Nom des personnes participant au comptage :
A25: Météo : | C25: =C3 -> 0
A26: Remarques : | C26: =C4 -> 0
A27: Principe d'utilisation : pour chaque intervalle de temps, marquer une croix par personne comptée dans la colonne la décrivant; si enfant marquer E
A28: Il y a donc une seule croix par personne comptée
C30: =C8 -> Pont du Borne | M30: TOTAL | N30: Nombre de VAE dans le total | O30: Nombre de femmes dans le total | P30: Nombre de VAE chez les femmes | Q30: Cycles en direction de Bonneville | R30: Remarque
C31: =C9 -> Depuis Bonneville | G31: =G9 -> Depuis St Pierre
C32: H | E32: F | G32: H | I32: F
A33: Période | C33: VAE | D33: vélo | E33: VAE | F33: vélo | G33: VAE | H33: vélo | I33: VAE | J33: vélo | K33: Période
A34: 6:30 à 7:00 | C34: =SUM(C12:C13) -> 0 | D34: =SUM(D12:D13) -> 0 | E34: =SUM(E12:E13) -> 0 | F34: =SUM(F12:F13) -> 0 | G34: =SUM(G12:G13) -> 0 | H34: =SUM(H12:H13) -> 2 | I34: =SUM(I12:I13) -> 0 | J34: =SUM(J12:J13) -> 0 | K34: =A34 -> 6:30 à 7:00 | M34: =SUM(C34:J34) -> 2 | N34: =C34+E34+G34+I34 -> 0 | O34: =E34+F34+I34+J34 -> 0 | P34: =E34+I34 -> 0 | Q34: =SUM(G34:J34) -> 2
A35: 7:00 à 8:00 | C35: =SUM(C14:C17) -> 0 | D35: =SUM(D14:D17) -> 2 | E35: =SUM(E14:E17) -> 0 | F35: =SUM(F14:F17) -> 0 | G35: =SUM(G14:G17) -> 0 | H35: =SUM(H14:H17) -> 1 | I35: =SUM(I14:I17) -> 0 | J35: =SUM(J14:J17) -> 3 | K35: =A35 -> 7:00 à 8:00 | M35: =SUM(C35:J35) -> 6 | N35: =C35+E35+G35+I35 -> 0 | O35: =E35+F35+I35+J35 -> 3 | P35: =E35+I35 -> 0 | Q35: =SUM(G35:J35) -> 4 | R35: 2 enfants + 3 trotinnettes
A36: 7:30 à 8:30 | C36: =SUM(C16:C19) -> 0 | D36: =SUM(D16:D19) -> 3 | E36: =SUM(E16:E19) -> 0 | F36: =SUM(F16:F19) -> 1 | G36: =SUM(G16:G19) -> 0 | H36: =SUM(H16:H19) -> 1 | I36: =SUM(I16:I19) -> 0 | J36: =SUM(J16:J19) -> 6 | K36: =A36 -> 7:30 à 8:30 | M36: =SUM(C36:J36) -> 11 | N36: =C36+E36+G36+I36 -> 0 | O36: =E36+F36+I36+J36 -> 7 | P36: =E36+I36 -> 0 | Q36: =SUM(G36:J36) -> 7
A37: 8:00 à 9:00 | C37: =SUM(C18:C21) -> 0 | D37: =SUM(D18:D21) -> 7 | E37: =SUM(E18:E21) -> 0 | F37: =SUM(F18:F21) -> 5 | G37: =SUM(G18:G21) -> 0 | H37: =SUM(H18:H21) -> 5 | I37: =SUM(I18:I21) -> 0 | J37: =SUM(J18:J21) -> 4 | K37: =A37 -> 8:00 à 9:00 | M37: =SUM(C37:J37) -> 21 | N37: =C37+E37+G37+I37 -> 0 | O37: =E37+F37+I37+J37 -> 9 | P37: =E37+I37 -> 0 | Q37: =SUM(G37:J37) -> 9 | R37: Mardi jour de marché peut expliquer le pic de fréquance de 8 à 9
A38: TOTAL | C38: =SUM(C12:C21) -> 0 | D38: =SUM(D12:D21) -> 9 | E38: =SUM(E12:E21) -> 0 | F38: =SUM(F12:F21) -> 5 | G38: =SUM(G12:G21) -> 0 | H38: =SUM(H12:H21) -> 8 | I38: =SUM(I12:I21) -> 0 | J38: =SUM(J12:J21) -> 7 | K38: TOTAL | M38: =SUM(C38:J38) -> 29 | N38: =N37+N35+N34 -> 0 | O38: =O37+O35+O34 -> 12 | P38: =P37+P35+P34 -> 0 | Q38: =Q37+Q35+Q34 -> 15 | R38: Beaucoup plus de piétons que de vélos
K39: =IF($M$37=MAX($M$34:$M$37),K37,IF($M$36=MAX($M$34:$M$37),K36,IF($M$35=MAX($M$34:$M$37),K35,IF($M$34=MAX($M$34:$M$37),K34,K37)))) -> 8:00 à 9:00 | M39: =IF($M$37=MAX($M$34:$M$37),M37,IF($M$36=MAX($M$34:$M$37),M36,IF($M$35=MAX($M$34:$M$37),M35,IF($M$34=MAX($M$34:$M$37),M34,M37)))) -> 21 | N39: =IF($M$37=MAX($M$34:$M$37),N37,IF($M$36=MAX($M$34:$M$37),N36,IF($M$35=MAX($M$34:$M$37),N35,IF($M$34=MAX($M$34:$M$37),N34,N37)))) -> 0 | O39: =IF($M$37=MAX($M$34:$M$37),O37,IF($M$36=MAX($M$34:$M$37),O36,IF($M$35=MAX($M$34:$M$37),O35,IF($M$34=MAX($M$34:$M$37),O34,O37)))) -> 9 | P39: =IF($M$37=MAX($M$34:$M$37),P37,IF($M$36=MAX($M$34:$M$37),P36,IF($M$35=MAX($M$34:$M$37),P35,IF($M$34=MAX($M$34:$M$37),P34,P37)))) -> 0 | Q39: =IF($M$37=MAX($M$34:$M$37),Q37,IF($M$36=MAX($M$34:$M$37),Q36,IF($M$35=MAX($M$34:$M$37),Q35,IF($M$34=MAX($M$34:$M$37),Q34,Q37)))) -> 9
M40: TOTAL | N40: Part des VAE dans le total | O40: Part des femmes dans le total | P40: Part des VAE chez les femmes | Q40: =Q30 -> Cycles en direction de Bonneville | R40: Remarque
K43: Période
K44: =K34 -> 6:30 à 7:00 | N44: =IF(N34=0,0,N34/M34) -> 0 | O44: =IF(O34=0,0,O34/M34) -> 0 | P44: =IF(P34=0,0,P34/N34) -> 0 | Q44: =IF(Q34=0,0,Q34/M34) -> 1
K45: =K35 -> 7:00 à 8:00 | N45: =IF(N35=0,0,N35/M35) -> 0 | O45: =IF(O35=0,0,O35/M35) -> 0.5 | P45: =IF(P35=0,0,P35/N35) -> 0 | Q45: =IF(Q35=0,0,Q35/M35) -> 0.66666667
K46: =K36 -> 7:30 à 8:30 | N46: =IF(N36=0,0,N36/M36) -> 0 | O46: =IF(O36=0,0,O36/M36) -> 0.63636364 | P46: =IF(P36=0,0,P36/N36) -> 0 | Q46: =IF(Q36=0,0,Q36/M36) -> 0.63636364
K47: =K37 -> 8:00 à 9:00 | N47: =IF(N37=0,0,N37/M37) -> 0 | O47: =IF(O37=0,0,O37/M37) -> 0.42857143 | P47: =IF(P37=0,0,P37/N37) -> 0 | Q47: =IF(Q37=0,0,Q37/M37) -> 0.42857143
K48: TOTAL | N48: =IF(N38=0,0,N38/M38) -> 0 | O48: =IF(O38=0,0,O38/M38) -> 0.4137931 | P48: =IF(P38=0,0,P38/N38) -> 0 | Q48: =IF(Q38=0,0,Q38/M38) -> 0.51724138
K49: =K39 -> 8:00 à 9:00 | M49: =IF($AW$50=MAX($AW$50:$AW$54),M44,IF($AW$51=MAX($AW$50:$AW$54),M45,IF($AW$52=MAX($AW$50:$AW$54),M46,IF($AW$53=MAX($AW$50:$AW$54),(M46),M47)))) -> 0 | N49: =IF($AW$50=MAX($AW$50:$AW$54),N44,IF($AW$51=MAX($AW$50:$AW$54),N45,IF($AW$52=MAX($AW$50:$AW$54),N46,IF($AW$53=MAX($AW$50:$AW$54),(N46),N47)))) -> 0 | O49: =O47 -> 0.42857143 | P49: =IF($AW$50=MAX($AW$50:$AW$54),P44,IF($AW$51=MAX($AW$50:$AW$54),P45,IF($AW$52=MAX($AW$50:$AW$54),P46,IF($AW$53=MAX($AW$50:$AW$54),(P46),P47)))) -> 0 | Q49: =IF($AW$50=MAX($AW$50:$AW$54),Q44,IF($AW$51=MAX($AW$50:$AW$54),Q45,IF($AW$52=MAX($AW$50:$AW$54),Q46,IF($AW$53=MAX($AW$50:$AW$54),(Q46),Q47)))) -> 1

Sheet ST PI BORNE RD1203
B1: St Pierre Pont sur le Borne Principal - RD 1203 | X1: Date : | Y1: 16 juin 2020
A2: Nom des personnes participant au comptage : | L2: René Suard côté La Roche | T2: Christine Suard côté Bonneville
A3: Météo :
A4: Remarques :
A5: Principe d'utilisation pour chaque intervalle de temps,
A6: Marquer une croix vélo ou VAE dans la colonne H ou F. Sauf si 'enfant' marquer E ou 'modes nouveaux de déplacement' (trotinette, skate, ets) marquer Z
A7: Il y a donc un seul marquage par personne comptée
C8: De S Stade vers | W8: De B Bonneville vers | AQ8: De P Prison vers
C9: B Bonneville | G9: P Prison | K9: T Tucinges | O9: R La Roche | S9: D Digues | W9: P Prison | AA9: T Tucinges | AE9: R La Roche | AI9: D Digues | AM9: S Stade | AQ9: T Tucinges | AU9: R La Roche | AY9: D Digues | BC9: S Stade | BG9: B Bonneville
C10: H | E10: F | G10: H | I10: F | K10: H | M10: F | O10: H | Q10: F | S10: H | U10: F | W10: H | Y10: F | AA10: H | AC10: F | AE10: H | AG10: F | AI10: H | AK10: F | AM10: H | AO10: F | AQ10: H | AS10: F | AU10: H | AW10: F | AY10: H | BA10: F | BC10: H | BE10: F | BG10: H | BI10: F
A11: Heure | B11: Minute | C11: VAE | D11: vélo | E11: VAE | F11: vélo | G11: VAE | H11: vélo | I11: VAE | J11: vélo | K11: VAE | L11: vélo | M11: VAE | N11: vélo | O11: VAE | P11: vélo | Q11: VAE | R11: vélo | S11: VAE | T11: vélo | U11: VAE | V11: vélo | W11: VAE | X11: vélo | Y11: VAE | Z11: vélo | AA11: VAE | AB11: vélo | AC11: VAE | AD11: vélo | AE11: VAE | AF11: vélo | AG11: VAE | AH11: vélo | AI11: VAE | AJ11: vélo | AK11: VAE | AL11: vélo | AM11: VAE | AN11: vélo | AO11: VAE | AP11: vélo | AQ11: VAE | AR11: vélo | AS11: VAE | AT11: vélo | AU11: VAE | AV11: vélo | AW11: VAE | AX11: vélo | AY11: VAE | AZ11: vélo | BA11: VAE | BB11: vélo | BC11: VAE | BD11: vélo | BE11: VAE | BF11: vélo | BG11: VAE | BH11: vélo | BI11: VAE | BJ11: vélo
A12: 6 | B12: 30 – 45
B13: 45 - 59 | H13: 1
A14: 7 | B14: 00 – 15
B15: 15 – 30 | AA15: 1 | AB15: 1 | AF15: 1
B16: 30 – 45 | X16: 1
B17: 45 – 59
A18: 8 | B18: 00 – 15 | BB18: 1
B19: 15 – 30 | AJ19: 1
B20: 30 – 45
A21: 9 | B21: 45 – 59 | K21: 3 | AF21: 1
C22: De T Toisinges vers | W22: De R La Roche vers | AQ22: De D Digues vers
C23: R La Roche | G23: D Digues | K23: S Stade | O23: B Bonneville | S23: P Prison | W23: D Digues | AA23: S Stade | AE23: B Bonneville | AI23: P Prison | AM23: T Tucinges | AQ23: S Stade | AU23: B Bonneville | AY23: P Prison | BC23: T Tucinges | BG23: R La Roche
C24: H | E24: F | G24: H | I24: F | K24: H | M24: F | O24: H | Q24: F | S24: H | U24: F | W24: H | Y24: F | AA24: H | AC24: F | AE24: H | AG24: F | AI24: H | AK24: F | AM24: H | AO24: F | AQ24: H | AS24: F | AU24: H | AW24: F | AY24: H | BA24: F | BC24: H | BE24: F | BG24: H | BI24: F
A25: Heure | B25: Minute | C25: VAE | D25: vélo | E25: VAE | F25: vélo | G25: VAE | H25: vélo | I25: VAE | J25: vélo | K25: VAE | L25: vélo | M25: VAE | N25: vélo | O25: VAE | P25: vélo | Q25: VAE | R25: vélo | S25: VAE | T25: vélo | U25: VAE | V25: vélo | W25: VAE | X25: vélo | Y25: VAE | Z25: vélo | AA25: VAE | AB25: vélo | AC25: VAE | AD25: vélo | AE25: VAE | AF25: vélo | AG25: VAE | AH25: vélo | AI25: VAE | AJ25: vélo | AK25: VAE | AL25: vélo | AM25: VAE | AN25: vélo | AO25: VAE | AP25: vélo | AQ25: VAE | AR25: vélo | AS25: VAE | AT25: vélo | AU25: VAE | AV25: vélo | AW25: VAE | AX25: vélo | AY25: VAE | AZ25: vélo | BA25: VAE | BB25: vélo | BC25: VAE | BD25: vélo | BE25: VAE | BF25: vélo | BG25: VAE | BH25: vélo | BI25: VAE | BJ25: vélo
A26: 6 | B26: 30 – 45 | P26: 1
B27: 45 - 59
A28: 7 | B28: 00 – 15
B29: 15 – 30 | AH29: 1
B30: 30 – 45 | AT30: 1
B31: 45 – 59 | AG31: 1 | AW31: 1
A32: 8 | B32: 00 – 15 | AH32: 1 | AX32: 1
B33: 15 – 30 | H33: 1 | BF33: 1 | BH33: 1
B34: 30 – 45 | AV34: 1 | AW34: 1 | AX34: 1 | BB34: 1
A35: 9 | B35: 45 – 59 | H35: 1 | BB35: 2
A36: 9 | B36: 00 – 15
B37: 15 – 30
A39: Lieu : | B39: =B1 -> St Pierre Pont sur le Borne Principal - RD 1203 | W39: Date : | X39: =AG1 -> 0 | BK39: Lieu : | BL39: =B39 -> St Pierre Pont sur le Borne Principal - RD 1203 | BQ39: Date : | BS39: =Y1
A40: Nom des personnes participant au comptage : | L40: =L2 -> René Suard côté La Roche | T40: =T2 -> Christine Suard côté Bonneville | BK40: Nom des personnes participant au comptage : | BP40: =L2 -> René Suard côté La Roche | BT40: =T2 -> Christine Suard côté Bonneville
A41: Météo : | C41: =C3 -> 0 | BK41: Météo : | BM41: =C41 -> 0
A42: Remarques : | C42: =C4 -> 0 | BK42: Remarques : | BM42: =C42 -> 0
A43: Principe d'utilisation pour chaque intervalle de temps, | BK43: Principe d'utilisation : pour chaque intervalle de temps, marquer une croix par personne comptée dans la colonne la décrivant; si enfant marquer E
A44: Marquer une croix vélo ou VAE dans la colonne H ou F. Sauf si 'enfant' marquer E ou 'modes nouveaux de déplacement' (trotinette, skate, ets) marquer Z
A45: Il y a donc un seul marquage par personne comptée
C46: De S Stade vers | W46: De B Bonneville vers | AQ46: De P Prison vers | BM46: TOTAL | BN46: Nombre de VAE dans le total | BO46: Nombre de femmes dans le total | BP46: Nombre de VAE chez les femmes | BQ46: Cycles en direction de Bonneville ou La Roche | BR46: sur piste cyclable des Digues | BS46: Remarque
C47: B Bonneville | G47: P Prison | K47: T Tucinges | O47: R La Roche | S47: D Digues | W47: P Prison | AA47: T Tucinges | AE47: R La Roche | AI47: D Digues | AM47: S Stade | AQ47: T Tucinges | AU47: R La Roche | AY47: D Digues | BC47: S Stade | BG47: B Bonneville
C48: H | E48: F | G48: H | I48: F | K48: H | M48: F | O48: H | Q48: F | S48: H | U48: F | W48: H | Y48: F | AA48: H | AC48: F | AE48: H | AG48: F | AI48: H | AK48: F | AM48: H | AO48: F | AQ48: H | AS48: F | AU48: H | AW48: F | AY48: H | BA48: F | BC48: H | BE48: F | BG48: H | BI48: F
A49: Période | C49: VAE | D49: vélo | E49: VAE | F49: vélo | G49: VAE | H49: vélo | I49: VAE | J49: vélo | K49: VAE | L49: vélo | M49: VAE | N49: vélo | O49: VAE | P49: vélo | Q49: VAE | R49: vélo | S49: VAE | T49: vélo | U49: VAE | V49: vélo | W49: VAE | X49: vélo | Y49: VAE | Z49: vélo | AA49: VAE | AB49: vélo | AC49: VAE | AD49: vélo | AE49: VAE | AF49: vélo | AG49: VAE | AH49: vélo | AI49: VAE | AJ49: vélo | AK49: VAE | AL49: vélo | AM49: VAE | AN49: vélo | AO49: VAE | AP49: vélo | AQ49: VAE | AR49: vélo | AS49: VAE | AT49: vélo | AU49: VAE | AV49: vélo | AW49: VAE | AX49: vélo | AY49: VAE | AZ49: vélo | BA49: VAE | BB49: vélo | BC49: VAE | BD49: vélo | BE49: VAE | BF49: vélo | BG49: VAE | BH49: vélo | BI49: VAE | BJ49: vélo | BK49: Période
A50: 6:30 à 7:00 | C50: =SUM(C12:C13) -> 0 | D50: =SUM(D12:D13) -> 0 | E50: =SUM(E12:E13) -> 0 | F50: =SUM(F12:F13) -> 0 | G50: =SUM(G12:G13) -> 0 | H50: =SUM(H12:H13) -> 1 | I50: =SUM(I12:I13) -> 0 | J50: =SUM(J12:J13) -> 0 | ... BJ50: =SUM(BJ12:BJ13) -> 0 | BK50: =A50 -> 6:30 à 7:00 | BM50: =SUM(C50:BJ50)+SUM(C60:BJ60) -> 2 | BN50: =C50+E50+G50+I50+K50+M50+O50+Q50+S50+U50+W50+Y50+AA50+AC50+AE50+AG50+AI50+AK50+AM50+AO50+AQ50+AS50+AU50+AW50+AY50+BA50+BC50+BE50+BG50+BI50+C60+E60+G60+I60+K60+M60+O60+Q60+S60+U60+W60+Y60+AA60+AC60+AE60+AG60+AI60+AK60+AM60+AO60+AQ60+AS60+AU60+AW60+AY60+BA60+BC60+BE60+BG60+BI60 -> 0 | BO50: =E50+F50+I50+J50+M50+N50+Q50+R50+U50+V50+Y50+Z50+AC50+AD50+AG50+AH50+AK50+AL50+AO50+AP50+AS50+AT50+AW50+AX50+BA50+BB50+BE50+BF50+BI50+BJ50+E60+F60+I60+J60+M60+N60+Q60+R60+U60+V60+Y60+Z60+AC60+AD60+AG60+AH60+AK60+AL60+AO60+AP60+AS60+AT60+AW60+AX60+BA60+BB60+BE60+BF60+BI60+BJ60 -> 0 | BP50: =E50+I50+M50+Q50+U50+Y50+AC50+AG50+AK50+AO50+AS50+AW50+BA50+BE50+BI50+E60+I60+M60+Q60+U60+Y60+AC60+AG60+AK60+AO60+AS60+AW60+BA60+BE60+BI60 -> 0 | BQ50: =C50+D50+E50+F50+O50+P50+Q50+R50++AE50+AF50+AG50+AH50+AU50+AV50+AW50+AX50+BG50+BH50+BI50+BJ50+C60+D60+E60+F60+O60+P60+Q60+R60+AE60+AF60+AG60+AH60+AU60+AV60+AW60+AX60+BG60+BH60+BI60+BJ60 -> 1 | BR50: =SUM(S50:V50)+SUM(AI50:AL50)+SUM(AY50:BB50)+SUM(G60:J60)+SUM(W60:Z60)+SUM(AQ60:BJ60) -> 0
A51: 7:00 à 8:00 | C51: =SUM(C14:C17) -> 0 | D51: =SUM(D14:D17) -> 0 | E51: =SUM(E14:E17) -> 0 | F51: =SUM(F14:F17) -> 0 | G51: =SUM(G14:G17) -> 0 | H51: =SUM(H14:H17) -> 0 | I51: =SUM(I14:I17) -> 0 | J51: =SUM(J14:J17) -> 0 | ... BJ51: =SUM(BJ14:BJ17) -> 0 | BK51: =A51 -> 7:00 à 8:00 | BM51: =SUM(C51:BJ51)+SUM(C61:BJ61) -> 8 | BN51: =C51+E51+G51+I51+K51+M51+O51+Q51+S51+U51+W51+Y51+AA51+AC51+AE51+AG51+AI51+AK51+AM51+AO51+AQ51+AS51+AU51+AW51+AY51+BA51+BC51+BE51+BG51+BI51+C61+E61+G61+I61+K61+M61+O61+Q61+S61+U61+W61+Y61+AA61+AC61+AE61+AG61+AI61+AK61+AM61+AO61+AQ61+AS61+AU61+AW61+AY61+BA61+BC61+BE61+BG61+BI61 -> 3 | BO51: =E51+F51+I51+J51+M51+N51+Q51+R51+U51+V51+Y51+Z51+AC51+AD51+AG51+AH51+AK51+AL51+AO51+AP51+AS51+AT51+AW51+AX51+BA51+BB51+BE51+BF51+BI51+BJ51+E61+F61+I61+J61+M61+N61+Q61+R61+U61+V61+Y61+Z61+AC61+AD61+AG61+AH61+AK61+AL61+AO61+AP61+AS61+AT61+AW61+AX61+BA61+BB61+BE61+BF61+BI61+BJ61 -> 4 | BP51: =E51+I51+M51+Q51+U51+Y51+AC51+AG51+AK51+AO51+AS51+AW51+BA51+BE51+BI51+E61+I61+M61+Q61+U61+Y61+AC61+AG61+AK61+AO61+AS61+AW61+BA61+BE61+BI61 -> 2 | BQ51: =C51+D51+E51+F51+O51+P51+Q51+R51++AE51+AF51+AG51+AH51+AU51+AV51+AW51+AX51+BG51+BH51+BI51+BJ51+C61+D61+E61+F61+O61+P61+Q61+R61+AE61+AF61+AG61+AH61+AU61+AV61+AW61+AX61+BG61+BH61+BI61+BJ61 -> 4 | BR51: =SUM(S51:V51)+SUM(AI51:AL51)+SUM(AY51:BB51)+SUM(G61:J61)+SUM(W61:Z61)+SUM(AQ61:BJ61) -> 2
A52: 7:30 à 8:30 | C52: =SUM(C16:C19) -> 0 | D52: =SUM(D16:D19) -> 0 | E52: =SUM(E16:E19) -> 0 | F52: =SUM(F16:F19) -> 0 | G52: =SUM(G16:G19) -> 0 | H52: =SUM(H16:H19) -> 0 | I52: =SUM(I16:I19) -> 0 | J52: =SUM(J16:J19) -> 0 | ... BJ52: =SUM(BJ16:BJ19) -> 0 | BK52: =A52 -> 7:30 à 8:30 | BM52: =SUM(C52:BJ52)+SUM(C62:BJ62) -> 11 | BN52: =C52+E52+G52+I52+K52+M52+O52+Q52+S52+U52+W52+Y52+AA52+AC52+AE52+AG52+AI52+AK52+AM52+AO52+AQ52+AS52+AU52+AW52+AY52+BA52+BC52+BE52+BG52+BI52+C62+E62+G62+I62+K62+M62+O62+Q62+S62+U62+W62+Y62+AA62+AC62+AE62+AG62+AI62+AK62+AM62+AO62+AQ62+AS62+AU62+AW62+AY62+BA62+BC62+BE62+BG62+BI62 -> 2 | BO52: =E52+F52+I52+J52+M52+N52+Q52+R52+U52+V52+Y52+Z52+AC52+AD52+AG52+AH52+AK52+AL52+AO52+AP52+AS52+AT52+AW52+AX52+BA52+BB52+BE52+BF52+BI52+BJ52+E62+F62+I62+J62+M62+N62+Q62+R62+U62+V62+Y62+Z62+AC62+AD62+AG62+AH62+AK62+AL62+AO62+AP62+AS62+AT62+AW62+AX62+BA62+BB62+BE62+BF62+BI62+BJ62 -> 7 | BP52: =E52+I52+M52+Q52+U52+Y52+AC52+AG52+AK52+AO52+AS52+AW52+BA52+BE52+BI52+E62+I62+M62+Q62+U62+Y62+AC62+AG62+AK62+AO62+AS62+AW62+BA62+BE62+BI62 -> 2 | BQ52: =C52+D52+E52+F52+O52+P52+Q52+R52++AE52+AF52+AG52+AH52+AU52+AV52+AW52+AX52+BG52+BH52+BI52+BJ52+C62+D62+E62+F62+O62+P62+Q62+R62+AE62+AF62+AG62+AH62+AU62+AV62+AW62+AX62+BG62+BH62+BI62+BJ62 -> 5 | BR52: =SUM(S52:V52)+SUM(AI52:AL52)+SUM(AY52:BB52)+SUM(G62:J62)+SUM(W62:Z62)+SUM(AQ62:BJ62) -> 8 | BS52: Rte des Digues piste cyclable depuis 6 mois, 2 vélos le l'ont pas emprumtée et sont passé sur
A53: 8:00 à 9:00 | C53: =SUM(C18:C21) -> 0 | D53: =SUM(D18:D21) -> 0 | E53: =SUM(E18:E21) -> 0 | F53: =SUM(F18:F21) -> 0 | G53: =SUM(G18:G21) -> 0 | H53: =SUM(H18:H21) -> 0 | I53: =SUM(I18:I21) -> 0 | J53: =SUM(J18:J21) -> 0 | ... BJ53: =SUM(BJ18:BJ21) -> 0 | BK53: =A53 -> 8:00 à 9:00 | BM53: =SUM(C53:BJ53)+SUM(C63:BJ63) -> 17 | BN53: =C53+E53+G53+I53+K53+M53+O53+Q53+S53+U53+W53+Y53+AA53+AC53+AE53+AG53+AI53+AK53+AM53+AO53+AQ53+AS53+AU53+AW53+AY53+BA53+BC53+BE53+BG53+BI53+C63+E63+G63+I63+K63+M63+O63+Q63+S63+U63+W63+Y63+AA63+AC63+AE63+AG63+AI63+AK63+AM63+AO63+AQ63+AS63+AU63+AW63+AY63+BA63+BC63+BE63+BG63+BI63 -> 4 | BO53: =E53+F53+I53+J53+M53+N53+Q53+R53+U53+V53+Y53+Z53+AC53+AD53+AG53+AH53+AK53+AL53+AO53+AP53+AS53+AT53+AW53+AX53+BA53+BB53+BE53+BF53+BI53+BJ53+E63+F63+I63+J63+M63+N63+Q63+R63+U63+V63+Y63+Z63+AC63+AD63+AG63+AH63+AK63+AL63+AO63+AP63+AS63+AT63+AW63+AX63+BA63+BB63+BE63+BF63+BI63+BJ63 -> 9 | BP53: =E53+I53+M53+Q53+U53+Y53+AC53+AG53+AK53+AO53+AS53+AW53+BA53+BE53+BI53+E63+I63+M63+Q63+U63+Y63+AC63+AG63+AK63+AO63+AS63+AW63+BA63+BE63+BI63 -> 1 | BQ53: =C53+D53+E53+F53+O53+P53+Q53+R53++AE53+AF53+AG53+AH53+AU53+AV53+AW53+AX53+BG53+BH53+BI53+BJ53+C63+D63+E63+F63+O63+P63+Q63+R63+AE63+AF63+AG63+AH63+AU63+AV63+AW63+AX63+BG63+BH63+BI63+BJ63 -> 7 | BR53: =SUM(S53:V53)+SUM(AI53:AL53)+SUM(AY53:BB53)+SUM(G63:J63)+SUM(W63:Z63)+SUM(AQ63:BJ63) -> 12 | BS53: Mardi jour de marché peut expliquer le pic de fréquance de 8 à 9
A54: TOTAL | C54: =C50+C51+C53 -> 0 | D54: =D50+D51+D53 -> 0 | E54: =E50+E51+E53 -> 0 | F54: =F50+F51+F53 -> 0 | G54: =G50+G51+G53 -> 0 | H54: =H50+H51+H53 -> 1 | I54: =I50+I51+I53 -> 0 | J54: =J50+J51+J53 -> 0 | ... BJ54: =BJ50+BJ51+BJ53 -> 0 | BK54: TOTAL | BM54: =SUM(C54:BJ54)+SUM(C64:BJ64) -> 27 | BN54: =BN53+BN51+BN50 -> 7 | BO54: =BO53+BO51+BO50 -> 13 | BP54: =BP53+BP51+BP50 -> 3 | BQ54: =C54+D54+E54+F54+O54+P54+Q54+R54++AE54+AF54+AG54+AH54+AU54+AV54+AW54+AX54+BG54+BH54+BI54+BJ54+C64+D64+E64+F64+O64+P64+Q64+R64+AE64+AF64+AG64+AH64+AU64+AV64+AW64+AX64+BG64+BH64+BI64+BJ64 -> 12 | BR54: =BR50+BR51+BR53 -> 14
BK55: =IF($BM$50=MAX($BM$50:$BM$53),BK50,IF($BM$51=MAX($BM$50:$BM$53),BK51,IF($BM$52=MAX($BM$50:$BM$53),BK52,IF($BM$53=MAX($BM$50:$BM$53),A53,BK53)))) -> 8:00 à 9:00 | BM55: =IF($BM$50=MAX($BM$50:$BM$53),BM50,IF($BM$51=MAX($BM$50:$BM$53),BM51,IF($BM$52=MAX($BM$50:$BM$53),BM52,IF($BM$53=MAX($BM$50:$BM$53),BM53,BM53)))) -> 17 | BN55: =IF($BM$50=MAX($BM$50:$BM$53),BN50,IF($BM$51=MAX($BM$50:$BM$53),BN51,IF($BM$52=MAX($BM$50:$BM$53),BN52,IF($BM$53=MAX($BM$50:$BM$53),BN53,BN53)))) -> 4 | BO55: =IF($BM$50=MAX($BM$50:$BM$53),BO50,IF($BM$51=MAX($BM$50:$BM$53),BO51,IF($BM$52=MAX($BM$50:$BM$53),BO52,IF($BM$53=MAX($BM$50:$BM$53),BO53,BO53)))) -> 9 | BP55: =IF($BM$50=MAX($BM$50:$BM$53),BP50,IF($BM$51=MAX($BM$50:$BM$53),BP51,IF($BM$52=MAX($BM$50:$BM$53),BP52,IF($BM$53=MAX($BM$50:$BM$53),BP53,BP53)))) -> 1 | BQ55: =IF($BM$50=MAX($BM$50:$BM$53),BQ50,IF($BM$51=MAX($BM$50:$BM$53),BQ51,IF($BM$52=MAX($BM$50:$BM$53),BQ52,IF($BM$53=MAX($BM$50:$BM$53),BQ53,BQ53)))) -> 7 | BR55: =IF($BM$50=MAX($BM$50:$BM$53),BR50,IF($BM$51=MAX($BM$50:$BM$53),BR51,IF($BM$52=MAX($BM$50:$BM$53),BR52,IF($BM$53=MAX($BM$50:$BM$53),BR53,BR53)))) -> 12
C56: De T Toisinges vers | W56: De R La Roche vers | AQ56: De D Digues vers | BM56: TOTAL | BN56: Part des VAE dans le total | BO56: Part des femmes dans le total | BP56: Part des VAE chez les femmes | BQ56: =BQ46 -> Cycles en direction de Bonneville ou La Roche | BS56: Remarque
C57: R La Roche | G57: D Digues | K57: S Stade | O57: B Bonneville | S57: P Prison | W57: D Digues | AA57: S Stade | AE57: B Bonneville | AI57: P Prison | AM57: T Tucinges | AQ57: S Stade | AU57: B Bonneville | AY57: P Prison | BC57: T Tucinges | BG57: R La Roche
C58: H | E58: F | G58: H | I58: F | K58: H | M58: F | O58: H | Q58: F | S58: H | U58: F | W58: H | Y58: F | AA58: H | AC58: F | AE58: H | AG58: F | AI58: H | AK58: F | AM58: H | AO58: F | AQ58: H | AS58: F | AU58: H | AW58: F | AY58: H | BA58: F | BC58: H | BE58: F | BG58: H | BI58: F
A59: Période | C59: VAE | D59: vélo | E59: VAE | F59: vélo | G59: VAE | H59: vélo | I59: VAE | J59: vélo | K59: VAE | L59: vélo | M59: VAE | N59: vélo | O59: VAE | P59: vélo | Q59: VAE | R59: vélo | S59: VAE | T59: vélo | U59: VAE | V59: vélo | W59: VAE | X59: vélo | Y59: VAE | Z59: vélo | AA59: VAE | AB59: vélo | AC59: VAE | AD59: vélo | AE59: VAE | AF59: vélo | AG59: VAE | AH59: vélo | AI59: VAE | AJ59: vélo | AK59: VAE | AL59: vélo | AM59: VAE | AN59: vélo | AO59: VAE | AP59: vélo | AQ59: VAE | AR59: vélo | AS59: VAE | AT59: vélo | AU59: VAE | AV59: vélo | AW59: VAE | AX59: vélo | AY59: VAE | AZ59: vélo | BA59: VAE | BB59: vélo | BC59: VAE | BD59: vélo | BE59: VAE | BF59: vélo | BG59: VAE | BH59: vélo | BI59: VAE | BJ59: vélo | BK59: Période
A60: 6:30 à 7:00 | C60: =SUM(C26:C27) -> 0 | D60: =SUM(D26:D27) -> 0 | E60: =SUM(E26:E27) -> 0 | F60: =SUM(F26:F27) -> 0 | G60: =SUM(G26:G27) -> 0 | H60: =SUM(H26:H27) -> 0 | I60: =SUM(I26:I27) -> 0 | J60: =SUM(J26:J27) -> 0 | ... BJ60: =SUM(BJ26:BJ27) -> 0 | BK60: =A60 -> 6:30 à 7:00 | BN60: =IF(BN50=0,0,BN50/BM50) -> 0 | BO60: =IF(BO50=0,0,BO50/BM50) -> 0 | BP60: =IF(BP50=0,0,BP50/BN50) -> 0 | BQ60: =IF(BQ50=0,0,BQ50/BM50) -> 0.5
A61: 7:00 à 8:00 | C61: =SUM(C28:C31) -> 0 | D61: =SUM(D28:D31) -> 0 | E61: =SUM(E28:E31) -> 0 | F61: =SUM(F28:F31) -> 0 | G61: =SUM(G28:G31) -> 0 | H61: =SUM(H28:H31) -> 0 | I61: =SUM(I28:I31) -> 0 | J61: =SUM(J28:J31) -> 0 | ... BJ61: =SUM(BJ28:BJ31) -> 0 | BK61: =A61 -> 7:00 à 8:00 | BN61: =IF(BN51=0,0,BN51/BM51) -> 0.375 | BO61: =IF(BO51=0,0,BO51/BM51) -> 0.5 | BP61: =IF(BP51=0,0,BP51/BN51) -> 0.66666667 | BQ61: =IF(BQ51=0,0,BQ51/BM51) -> 0.5
A62: 7:30 à 8:30 | C62: =SUM(C30:C33) -> 0 | D62: =SUM(D30:D33) -> 0 | E62: =SUM(E30:E33) -> 0 | F62: =SUM(F30:F33) -> 0 | G62: =SUM(G30:G33) -> 0 | H62: =SUM(H30:H33) -> 1 | I62: =SUM(I30:I33) -> 0 | J62: =SUM(J30:J33) -> 0 | ... BJ62: =SUM(BJ30:BJ33) -> 0 | BK62: =A62 -> 7:30 à 8:30 | BN62: =IF(BN52=0,0,BN52/BM52) -> 0.18181818 | BO62: =IF(BO52=0,0,BO52/BM52) -> 0.63636364 | BP62: =IF(BP52=0,0,BP52/BN52) -> 1 | BQ62: =IF(BQ52=0,0,BQ52/BM52) -> 0.45454545
A63: 8:00 à 9:00 | C63: =SUM(C32:C35) -> 0 | D63: =SUM(D32:D35) -> 0 | E63: =SUM(E32:E35) -> 0 | F63: =SUM(F32:F35) -> 0 | G63: =SUM(G32:G35) -> 0 | H63: 1 | I63: =SUM(I32:I35) -> 0 | J63: =SUM(J32:J35) -> 0 | K63: =SUM(K32:K35) -> 0 | L63: =SUM(L32:L35) -> 0 | M63: =SUM(M32:M35) -> 0 | N63: =SUM(N32:N35) -> 0 | O63: =SUM(O32:O35) -> 0 | P63: =SUM(P32:P35) -> 0 | ... BJ63: =SUM(BJ32:BJ35) -> 0 | BK63: =A63 -> 8:00 à 9:00 | BN63: =IF(BN53=0,0,BN53/BM53) -> 0.23529412 | BO63: =IF(BO53=0,0,BO53/BM53) -> 0.52941176 | BP63: =IF(BP53=0,0,BP53/BN53) -> 0.25 | BQ63: =IF(BQ53=0,0,BQ53/BM53) -> 0.41176471
A64: TOTAL | C64: =C60+C61+C63 -> 0 | D64: =D60+D61+D63 -> 0 | E64: =E60+E61+E63 -> 0 | F64: =F60+F61+F63 -> 0 | G64: =G60+G61+G63 -> 0 | H64: =H60+H61+H63 -> 1 | I64: =I60+I61+I63 -> 0 | J64: =J60+J61+J63 -> 0 | ... BJ64: =BJ60+BJ61+BJ63 -> 0 | BK64: TOTAL | BM64: =SUM(C66:BJ66)+SUM(C75:BJ75) -> 0 | BN64: =IF(BN54=0,0,BN54/BM54) -> 0.25925926 | BO64: =IF(BO54=0,0,BO54/BM54) -> 0.48148148 | BP64: =IF(BP54=0,0,BP54/BN54) -> 0.42857143 | BQ64: =IF(BQ54=0,0,BQ54/BM54) -> 0.44444444
BK65: =IF($BM$50=MAX($BM$50:$BM$54),A60,IF($BM$51=MAX($BM$50:$BM$54),A61,IF($BM$52=MAX($BM$50:$BM$54),A62,IF($BM$53=MAX($BM$50:$BM$54),A63,BK63)))) -> 8:00 à 9:00 | BM65: =IF($BM$50=MAX($BM$50:$BM$54),BM60,IF($BM$51=MAX($BM$50:$BM$54),BM61,IF($BM$52=MAX($BM$50:$BM$54),BM62,IF($BM$53=MAX($BM$50:$BM$54),(BM62),BM63)))) -> 0 | BN65: =BN55/$BM$55 -> 0.23529412 | BO65: =BO55/$BM$55 -> 0.52941176 | BP65: =BP55/$BM$55 -> 0.058823529 | BQ65: =BQ55/$BM$55 -> 0.41176471

Sheet AM CORIANDE
A1: Lieu : | B1: Amancy Giratoire de la Coriandre- RD903 et 1203 | M1: Date : | N1: mardi 16 juin 2020
A2: Nom des personnes participant au comptage : | G2: Yannick ROGUET
A3: Météo : | C3: Beau temps, mais frais | G3: P piéton | I3: NE PLUS FAIRE CE CARREFOUR LES ANNEES PROCHAINES
A4: Remarques : | C4: Pour la destintation des cyclistes, se référer au SCAN de la grille utilisée sur le terrain
A5: Méthodologie : | C5: Pour chaque intervalle de temps, marquer une seule croix par personne comptée
C6: Si c'est enfant, remplacer la croix par E, une trottinette T, un piéton P, etc.
C7: Indiquer aussi la lettre correspondant à la sortie : A-ANNECY / B-BIGAILLE / C-COLLEGE / I-INTERMARCHE / V-VETO / Z-ZA
C9: D'Intermarché | G9: de ZA | K9: de Bigaille | O9: d'Annecy | S9: de Véto | W9: de Collège
C10: H | E10: F | G10: H | I10: F | K10: H | M10: F | O10: H | Q10: F | S10: H | U10: F | W10: H | Y10: F
A11: Heure | B11: Minute | C11: VAE | D11: vélo | E11: VAE | F11: vélo | G11: VAE | H11: vélo | I11: VAE | J11: vélo | K11: VAE | L11: vélo | M11: VAE | N11: vélo | O11: VAE | P11: vélo | Q11: VAE | R11: vélo | S11: VAE | T11: vélo | U11: VAE | V11: vélo | W11: VAE | X11: vélo | Y11: VAE | Z11: vélo
A12: 6 | B12: 30 – 44'59
B13: 45 – 59'59 | W13: ZP
A14: 7 | B14: 00 – 14'59 | W14: CP
B15: 15 – 29'59 | G15: 1
B16: 30 – 44'59 | D16: 1
B17: 45 – 59'59
A18: 8 | B18: 00 – 14'59 | G18: CP
B19: 15 – 29'59
B20: 30 – 44'59 | I20: 2CP
A21: 9 | B21: 45 – 59'59 | P21: 1 | W21: 1
A22: 9 | B22: 00 – 14'59
B23: 15 – 29'59
A25: Lieu : | B25: =B1 -> Amancy Giratoire de la Coriandre- RD903 et 1203 | M25: Date : | N25: =N1 -> mardi 16 juin 2020 | AA25: Lieu : | AB25: =B25 -> Amancy Giratoire de la Coriandre- RD903 et 1203 | AG25: Date : | AH25: =N25 -> mardi 16 juin 2020
A26: Nom des personnes participant au comptage : | G26: =G2 -> Yannick ROGUET | AA26: Nom des personnes participant au comptage : | AE26: =G26 -> Yannick ROGUET
A27: Météo : | C27: =C3 -> Beau temps, mais frais | AA27: Météo : | AC27: =C27 -> Beau temps, mais frais
A28: Remarques : | C28: =C4 -> Pour la destintation des cyclistes, se référer au SCAN de la grille utilisée sur le terrain | AA28: Remarques : | AC28: =C28 -> Pour la destintation des cyclistes, se référer au SCAN de la grille utilisée sur le terrain
AC32: TOTAL | AD32: Part des VAE dans le total | AE32: Part des femmes dans le total | AF32: Part des VAE chez les femmes
C33: =C9 -> D'Intermarché | G33: =G9 -> de ZA | K33: =K9 -> de Bigaille | O33: =O9 -> d'Annecy | S33: =S9 -> de Véto | W33: =W9 -> de Collège
C34: H | E34: F | G34: H | I34: F | K34: H | M34: F | O34: H | Q34: F | S34: H | U34: F | W34: H | Y34: F
A35: Période | C35: VAE | D35: vélo | E35: VAE | F35: vélo | G35: VAE | H35: vélo | I35: VAE | J35: vélo | K35: VAE | L35: vélo | M35: VAE | N35: vélo | O35: VAE | P35: vélo | Q35: VAE | R35: vélo | S35: VAE | T35: vélo | U35: VAE | V35: vélo | W35: VAE | X35: vélo | Y35: VAE | Z35: vélo | AA35: Période
A36: 6:30 à 7:00 | C36: =SUM(C12:C15) -> 0 | D36: =SUM(D12:D15) -> 0 | E36: =SUM(E12:E15) -> 0 | F36: =SUM(F12:F15) -> 0 | G36: =SUM(G12:G15) -> 1 | H36: =SUM(H12:H15) -> 0 | I36: =SUM(I12:I15) -> 0 | J36: =SUM(J12:J15) -> 0 | ... Z36: =SUM(Z12:Z15) -> 0 | AA36: =A36 -> 6:30 à 7:00 | AC36: =SUM(C36:Z36) -> 1 | AD36: =IF(AC36=0,0,AD48/AC36) -> 1 | AE36: =IF(AC36=0,0,AE48/AC36) -> 0 | AF36: =IF(AE48=0,0,AF48/AE48) -> 0
A37: 7:00 à 8:00 | C37: =SUM(C14:C17) -> 0 | D37: =SUM(D14:D17) -> 1 | E37: =SUM(E14:E17) -> 0 | F37: =SUM(F14:F17) -> 0 | G37: =SUM(G14:G17) -> 1 | H37: =SUM(H14:H17) -> 0 | I37: =SUM(I14:I17) -> 0 | J37: =SUM(J14:J17) -> 0 | ... Z37: =SUM(Z14:Z17) -> 0 | AA37: =A37 -> 7:00 à 8:00 | AC37: =SUM(C37:Z37) -> 2 | AD37: =IF(AC37=0,0,AD49/AC37) -> 0.5 | AE37: =IF(AC37=0,0,AE49/AC37) -> 0 | AF37: =IF(AE49=0,0,AF49/AE49) -> 0
A38: 7:30 à 8:30 | C38: =SUM(C16:C19) -> 0 | D38: =SUM(D16:D19) -> 1 | E38: =SUM(E16:E19) -> 0 | F38: =SUM(F16:F19) -> 0 | G38: =SUM(G16:G19) -> 0 | H38: =SUM(H16:H19) -> 0 | I38: =SUM(I16:I19) -> 0 | J38: =SUM(J16:J19) -> 0 | ... Z38: =SUM(Z16:Z19) -> 0 | AA38: =A38 -> 7:30 à 8:30 | AC38: =SUM(C38:Z38) -> 1 | AD38: =IF(AC38=0,0,AD50/AC38) -> 0 | AE38: =IF(AC38=0,0,AE50/AC38) -> 0 | AF38: =IF(AE50=0,0,AF50/AE50) -> 0
A39: 8:00 à 9:00 | C39: =SUM(C18:C21) -> 0 | D39: =SUM(D18:D21) -> 0 | E39: =SUM(E18:E21) -> 0 | F39: =SUM(F18:F21) -> 0 | G39: =SUM(G18:G21) -> 0 | H39: =SUM(H18:H21) -> 0 | I39: =SUM(I18:I21) -> 0 | J39: =SUM(J18:J21) -> 0 | ... Z39: =SUM(Z18:Z21) -> 0 | AA39: =A39 -> 8:00 à 9:00 | AC39: =SUM(C39:Z39) -> 2 | AD39: =IF(AC39=0,0,AD51/AC39) -> 0.5 | AE39: =IF(AC39=0,0,AE51/AC39) -> 0 | AF39: =IF(AE51=0,0,AF51/AE51) -> 0
A40: de 8:30 à 9:30 | C40: =SUM(C20:C23) -> 0 | D40: =SUM(D20:D23) -> 0 | E40: =SUM(E20:E23) -> 0 | F40: =SUM(F20:F23) -> 0 | G40: =SUM(G20:G23) -> 0 | H40: =SUM(H20:H23) -> 0 | I40: =SUM(I20:I23) -> 0 | J40: =SUM(J20:J23) -> 0 | ... Z40: =SUM(Z20:Z23) -> 0 | AA40: de 8:30 à 9:30 | AC40: =SUM(C40:Z40) -> 2 | AD40: =IF(AC40=0,0,AD52/AC40) -> 0.5 | AE40: =IF(AC40=0,0,AE52/AC40) -> 0 | AF40: =IF(AE52=0,0,AF52/AE52) -> 0
A41: TOTAL | C41: =SUM(C12:C23) -> 0 | D41: =SUM(D12:D23) -> 1 | E41: =SUM(E12:E23) -> 0 | F41: =SUM(F12:F23) -> 0 | G41: =SUM(G12:G23) -> 1 | H41: =SUM(H12:H23) -> 0 | I41: =SUM(I12:I23) -> 0 | J41: =SUM(J12:J23) -> 0 | ... Z41: =SUM(Z12:Z23) -> 0 | AA41: TOTAL | AC41: =SUM(C41:Z41) -> 4 | AD41: =IF(AC41=0,0,AD53/AC41) -> 0.5 | AE41: =IF(AC41=0,0,AE53/AC41) -> 0 | AF41: =IF(AE53=0,0,AF53/AE53) -> 0 | AJ41: Trop peu de cyclistes pour en tirer des conslusions, mais le giratoire est trop "routier" pour attirer les cyclistes qui doivent préférer l'éviter
A42: =IF($AC$36=MAX($AC$36:$AC$40),A36,IF($AC$37=MAX($AC$36:$AC$40),A37,IF($AC$38=MAX($AC$36:$AC$40),A38,IF($AC$39=MAX($AC$36:$AC$40),A39,A40)))) -> 7:00 à 8:00 | C42: =IF($AC$36=MAX($AC$36:$AC$40),C36,IF($AC$37=MAX($AC$36:$AC$40),C37,IF($AC$38=MAX($AC$36:$AC$40),C38,IF($AC$39=MAX($AC$36:$AC$40),C39,C40)))) -> 0 | D42: =IF($AC$36=MAX($AC$36:$AC$40),D36,IF($AC$37=MAX($AC$36:$AC$40),D37,IF($AC$38=MAX($AC$36:$AC$40),D38,IF($AC$39=MAX($AC$36:$AC$40),D39,D40)))) -> 1 | E42: =IF($AC$36=MAX($AC$36:$AC$40),E36,IF($AC$37=MAX($AC$36:$AC$40),E37,IF($AC$38=MAX($AC$36:$AC$40),E38,IF($AC$39=MAX($AC$36:$AC$40),E39,E40)))) -> 0 | F42: =IF($AC$36=MAX($AC$36:$AC$40),F36,IF($AC$37=MAX($AC$36:$AC$40),F37,IF($AC$38=MAX($AC$36:$AC$40),F38,IF($AC$39=MAX($AC$36:$AC$40),F39,F40)))) -> 0 | G42: =IF($AC$36=MAX($AC$36:$AC$40),G36,IF($AC$37=MAX($AC$36:$AC$40),G37,IF($AC$38=MAX($AC$36:$AC$40),G38,IF($AC$39=MAX($AC$36:$AC$40),G39,G40)))) -> 1 | H42: =IF($AC$36=MAX($AC$36:$AC$40),H36,IF($AC$37=MAX($AC$36:$AC$40),H37,IF($AC$38=MAX($AC$36:$AC$40),H38,IF($AC$39=MAX($AC$36:$AC$40),H39,H40)))) -> 0 | I42: =IF($AC$36=MAX($AC$36:$AC$40),I36,IF($AC$37=MAX($AC$36:$AC$40),I37,IF($AC$38=MAX($AC$36:$AC$40),I38,IF($AC$39=MAX($AC$36:$AC$40),I39,I40)))) -> 0 | J42: =IF($AC$36=MAX($AC$36:$AC$40),J36,IF($AC$37=MAX($AC$36:$AC$40),J37,IF($AC$38=MAX($AC$36:$AC$40),J38,IF($AC$39=MAX($AC$36:$AC$40),J39,J40)))) -> 0 | ... Z42: =IF($AC$36=MAX($AC$36:$AC$40),Z36,IF($AC$37=MAX($AC$36:$AC$40),Z37,IF($AC$38=MAX($AC$36:$AC$40),Z38,IF($AC$39=MAX($AC$36:$AC$40),Z39,Z40)))) -> 0 | AA42: =A42 -> 7:00 à 8:00 | AC42: =SUM(C42:Z42) -> 2 | AD42: =IF(AC42=0,0,AD54/AC42) -> 0.5 | AE42: =IF(AC42=0,0,AE54/AC42) -> 0 | AF42: =IF(AE54=0,0,AF54/AE54) -> 0
AD44: Nombre de VAE dans le total | AE44: Nombre de femmes dans le total | AF44: Nombre de VAE chez les femmes
AA48: =AA36 -> 6:30 à 7:00 | AD48: =(C36+E36+G36+I36+K36+M36+O36+Q36+S36+U36+W36+Y36) -> 1 | AE48: =(E36+F36+I36+J36+M36+N36+Q36+R36+U36+V36+Y36+Z36) -> 0 | AF48: =(E36+I36+M36+Q36+U36+Y36) -> 0
AA49: =AA37 -> 7:00 à 8:00 | AD49: =(C37+E37+G37+I37+K37+M37+O37+Q37+S37+U37+W37+Y37) -> 1 | AE49: =(E37+F37+I37+J37+M37+N37+Q37+R37+U37+V37+Y37+Z37) -> 0 | AF49: =(E37+I37+M37+Q37+U37+Y37) -> 0
AA50: =AA38 -> 7:30 à 8:30 | AD50: =(C38+E38+G38+I38+K38+M38+O38+Q38+S38+U38+W38+Y38) -> 0 | AE50: =(E38+F38+I38+J38+M38+N38+Q38+R38+U38+V38+Y38+Z38) -> 0 | AF50: =(E38+I38+M38+Q38+U38+Y38) -> 0
AA51: =AA39 -> 8:00 à 9:00 | AD51: =(C39+E39+G39+I39+K39+M39+O39+Q39+S39+U39+W39+Y39) -> 1 | AE51: =(E39+F39+I39+J39+M39+N39+Q39+R39+U39+V39+Y39+Z39) -> 0 | AF51: =(E39+I39+M39+Q39+U39+Y39) -> 0
AA52: de 8:30 à 9:30 | AD52: =(C40+E40+G40+I40+K40+M40+O40+Q40+S40+U40+W40+Y40) -> 1 | AE52: =(E40+F40+I40+J40+M40+N40+Q40+R40+U40+V40+Y40+Z40) -> 0 | AF52: =(E40+I40+M40+Q40+U40+Y40) -> 0
AA53: TOTAL | AD53: =(C41+E41+G41+I41+K41+M41+O41+Q41+S41+U41+W41+Y41) -> 2 | AE53: =(E41+F41+I41+J41+M41+N41+Q41+R41+U41+V41+Y41+Z41) -> 0 | AF53: =(E41+I41+M41+Q41+U41+Y41) -> 0
AA54: =AA42 -> 7:00 à 8:00 | AD54: =(C42+E42+G42+I42+K42+M42+O42+Q42+S42+U42+W42+Y42) -> 1 | AE54: =(E42+F42+I42+J42+M42+N42+Q42+R42+U42+V42+Y42+Z42) -> 0 | AF54: =(E42+I42+M42+Q42+U42+Y42) -> 0

Sheet SYNTHESE
A1: SYNTHESE DES COMPTAGES DU 16 JUIN 2020
A3: SECTEUR "NATENV" | B3: Période comptée | D3: NB total de vélos | E3: Heure de pointe | G3: Nombre | H3: VAE / total | J3: Femmes / total
A4: COMMUNE Nom du carrefour | B4: Début | C4: Fin | E4: Nombre | F4: Heure | G4: de 8 à 9h | H4: % | I4: Nombre | J4: % | K4: Nombre
A5: ='LA RO BIOCOOP'!B1 -> La Roche Face Biocoop | B5: 6h30 | C5: 9h00 | D5: ='LA RO BIOCOOP'!AO39 -> 31 | E5: ='LA RO BIOCOOP'!AO40 -> 23 | F5: ='LA RO BIOCOOP'!AM40 -> 7:30 à 8:30 | G5: ='LA RO BIOCOOP'!AO38 -> 21 | H5: ='LA RO BIOCOOP'!AP49 -> 0.32258065 | I5: ='LA RO BIOCOOP'!AP39 -> 10 | J5: ='LA RO BIOCOOP'!AQ49 -> 0.32258065 | K5: =IF($D5=0,"-",$D5*J5) -> 10
A6: ='LA RO POSTE'!B1 -> La Roche Rond-Point La Poste | B6: 6h30 | C6: 9h00 | D6: ='LA RO POSTE'!BU40 -> 25 | E6: ='LA RO POSTE'!BU41 -> 13 | F6: ='LA RO POSTE'!BS41 -> 7:30 à 8:30 | G6: ='LA RO POSTE'!BU39 -> 10 | H6: ='LA RO POSTE'!BV50 -> 0.48 | I6: ='LA RO POSTE'!BV40 -> 12 | J6: ='LA RO POSTE'!BW50 -> 0.36 | K6: ='LA RO POSTE'!BW40 -> 9
A7: ='LA RO ENILV'!B1 -> La Roche Rond-Point ENILV | B7: 6h30 | C7: 9h00 | D7: ='LA RO ENILV'!BA40 -> 18 | E7: ='LA RO ENILV'!BA41 -> 10 | F7: ='LA RO ENILV'!AY41 -> 8:00 à 9:00 | G7: ='LA RO ENILV'!BA39 -> 10 | H7: ='LA RO ENILV'!BB50 -> 0.5 | I7: ='LA RO ENILV'!BB40 -> 9 | J7: ='LA RO ENILV'!BC50 -> 0.16666667 | K7: ='LA RO ENILV'!BC40 -> 3
A8: ='AR PAPETERI'!B1 -> Arenthon La Papeterie RD19/TNA | B8: 6h30 | C8: 9h00 | D8: ='AR PAPETERI'!AO39 -> 14 | E8: ='AR PAPETERI'!AO40 -> 9 | F8: ='AR PAPETERI'!AM40 -> 8:00 à 9:00 | G8: ='AR PAPETERI'!AO38 -> 9 | H8: ='AR PAPETERI'!AP49 -> 0.071428571 | I8: ='AR PAPETERI'!AP39 -> 1 | J8: ='AR PAPETERI'!AQ49 -> 0.071428571 | K8: ='AR PAPETERI'!AQ39 -> 1
A9: ='SCIEN BELCOMBE'!B1 -> Scientrier Carrefour Pont de Bellecombe | B9: 6h30 | C9: 9h00 | D9: ='SCIEN BELCOMBE'!AC38 -> 6 | E9: ='SCIEN BELCOMBE'!AC39 -> 5 | F9: ='SCIEN BELCOMBE'!AA39 -> 7:30 à 8:30 | G9: ='SCIEN BELCOMBE'!AC37 -> 1 | H9: ='SCIEN BELCOMBE'!AD48 -> 0 | I9: ='SCIEN BELCOMBE'!AD38 -> 0 | J9: ='SCIEN BELCOMBE'!AE38 -> 0 | K9: ='SCIEN BELCOMBE'!AF38 -> 0
A10: ='ST PI BORNE DESSY'!B1 -> St Pierre Franchissement du Borne Dessy | B10: 6h30 | C10: 9h00 | D10: ='ST PI BORNE DESSY'!AC38 -> 24 | E10: ='ST PI BORNE DESSY'!AC39 -> 16 | F10: ='ST PI BORNE DESSY'!AA39 -> 8:00 à 9:00 | G10: ='ST PI BORNE DESSY'!AC37 -> 16 | H10: ='ST PI BORNE DESSY'!AD48 -> 0.041666667 | I10: ='ST PI BORNE DESSY'!AD38 -> 1 | J10: ='ST PI BORNE DESSY'!AE48 -> 0.20833333 | K10: ='ST PI BORNE DESSY'!AE38 -> 5
A11: ='BO BORNE TUCINGE'!B1 -> Bonneville Franchissement du Borne Tucinge | B11: 6h30 | C11: 9h00 | D11: ='BO BORNE TUCINGE'!M38 -> 29 | E11: ='BO BORNE TUCINGE'!M39 -> 21 | F11: ='BO BORNE TUCINGE'!K39 -> 8:00 à 9:00 | G11: ='BO BORNE TUCINGE'!M37 -> 21 | H11: ='BO BORNE TUCINGE'!N48 -> 0 | I11: ='BO BORNE TUCINGE'!N38 -> 0 | J11: ='BO BORNE TUCINGE'!O48 -> 0.4137931 | K11: ='BO BORNE TUCINGE'!O38 -> 12
A12: ='ST PI BORNE RD1203'!B1 -> St Pierre Pont sur le Borne Principal - RD 1203 | B12: 6h30 | C12: 9h00 | D12: ='ST PI BORNE RD1203'!BM54 -> 27 | E12: ='ST PI BORNE RD1203'!BM55 -> 17 | F12: ='ST PI BORNE RD1203'!BK55 -> 8:00 à 9:00 | G12: ='ST PI BORNE RD1203'!BM53 -> 17 | H12: ='ST PI BORNE RD1203'!BN64 -> 0.25925926 | I12: ='ST PI BORNE RD1203'!BN54 -> 7 | J12: ='ST PI BORNE RD1203'!BO64 -> 0.48148148 | K12: ='ST PI BORNE RD1203'!BO54 -> 13
A13: ='AM CORIANDE'!B1 -> Amancy Giratoire de la Coriandre- RD903 et 1203 | B13: 6h30 | C13: 9h00 | D13: ='AM CORIANDE'!AC41 -> 4 | E13: ='AM CORIANDE'!AC42 -> 2 | F13: de 7:00 à 8:00 | G13: ='AM CORIANDE'!AC39 -> 2 | H13: ='AM CORIANDE'!AD41 -> 0.5 | I13: ='AM CORIANDE'!AD53 -> 2 | J13: 0 | K13: 0
A14: TOTAL | D14: =SUM(D5:D13) -> 178 | E14: =SUM(E5:E13) -> 116 | F14: de 8:00 à 9:00 | G14: =SUM(G5:G13) -> 107 | H14: =I14/$D14 -> 0.23595506 | I14: =SUM(I5:I13) -> 42 | J14: =K14/$D14 -> 0.29775281 | K14: =SUM(K5:K13) -> 53
A16: 9 points de comptage, dont 2 tenus par l'AERE (car manque de bénévole sur Pays Rochois)
A17: 7 points de comptage tenus par 8 bénévoles NATENV/La Fabrique à Biclou
