Workbook

Sheet LA_RO_BIOCOOP
A1: Lieu : | B1: La Roche Face Biocoop | O1: Date :
A2: Nom des personnes participant au comptage :
A3: Météo : | P3: Remarques :
A5: PRINCIPE D’UTILISATION : pour chaque intervalle de temps, comptabiliser VAE/vélo dans la colonne H/F
A6: Rajouter aussi en bas de la feuille si déplacement vélo sur trottoir et/ou si enfant
A7: Comptabiliser en bas de la grille si 2 roues hors vélo qui ne sont pas cochés dans la grille (trottinette, skate, ets)
C9: De La Gare (Fg St Bernard) vers | O9: Du Pont du Foron vers | AA9: Du Rd Point La Poste vers
C10: Rd Pt Poste | G10: Rue Perrine | K10: Pont du Foron | O10: Rue Perrine | S10: Rd Pt Poste | W10: La Gare | AA10: Rue Perrine | AE10: Pont du Foron | AI10: La Gare
C11: H | E11: F | G11: H | I11: F | K11: H | M11: F | O11: H | Q11: F | S11: H | U11: F | W11: H | Y11: F | AA11: H | AC11: F | AE11: H | AG11: F | AI11: H | AK11: F
A12: Heure | B12: Minute | C12: VAE | D12: vélo | E12: VAE | F12: vélo | G12: VAE | H12: vélo | I12: VAE | J12: vélo | K12: VAE | L12: vélo | M12: VAE | N12: vélo | O12: VAE | P12: vélo | Q12: VAE | R12: vélo | S12: VAE | T12: vélo | U12: VAE | V12: vélo | W12: VAE | X12: vélo | Y12: VAE | Z12: vélo | AA12: VAE | AB12: vélo | AC12: VAE | AD12: vélo | AE12: VAE | AF12: vélo | AG12: VAE | AH12: vélo | AI12: VAE | AJ12: vélo | AK12: VAE | AL12: vélo
A13: 6 | B13: 30 – 45 | X13: 1 | Y13: 1 | AK13: 1 | AL13: 1
B14: 45 - 59 | S14: 1 | T14: 1 | U14: 1
A15: 7 | B15: 00 – 15 | J15: 1 | AI15: 1
B16: 15 – 30 | H16: 1 | T16: 1 | X16: 1 | Y16: 1 | AF16: 1 | AJ16: 1
B17: 30 – 45 | D17: 1 | F17: 1 | T17: 3 | W17: 1 | X17: 1
B18: 45 – 59 | D18: 1 | E18: 1 | I18: 1 | S18: 1 | X18: 4 | Y18: 1 | Z18: 1 | AF18: 1 | AI18: 2 | AJ18: 1
A19: 8 | B19: 00 – 15 | K19: 1 | L19: 3 | S19: 1 | U19: 1 | V19: 1 | Y19: 1
B20: 15 – 30 | K20: 1 | M20: 1 | S20: 1 | W20: 2 | X20: 1 | Y20: 1 | AI20: 1
B21: 30 – 45 | D21: 1 | I21: 1 | T21: 1 | U21: 1
A22: 9 | B22: 45 – 59 | I22: 1 | L22: 1 | M22: 1
A24: Vélo sur trottoir | F24: 12 | I24: 5 de gareà rue Perrine, en fait 4 en contre-sens | U24: Vélo Spécial (Cargo/Carriole…)
A25: Enfant | F25: 6 | U25: 2 roues hors vélo (trottinette, skate...) | AF25: 20 - 6 comptés avec vélos - 14 sur trottoir non comptés
C35: =C9 -> De La Gare (Fg St Bernard) vers | O35: =O9 -> Du Pont du Foron vers | AA35: =AA9 -> Du Rd Point La Poste vers | AO35: TOTAL | AP35: Nombre de VAE dans le total | AQ35: Nombre de femmes dans le total | AR35: Nombre de VAE chez les femmes | AS35: Cycles direc La Gare
C36: =C10 -> Rd Pt Poste | G36: =G10 -> Rue Perrine | K36: =K10 -> Pont du Foron | O36: =O10 -> Rue Perrine | S36: =S10 -> Rd Pt Poste | W36: =W10 -> La Gare | AA36: =AA10 -> Rue Perrine | AE36: =AE10 -> Pont du Foron | AI36: =AI10 -> La Gare
C37: H | E37: F | G37: H | I37: F | K37: H | M37: F | O37: H | Q37: F | S37: H | U37: F | W37: H | Y37: F | AA37: H | AC37: F | AE37: H | AG37: F | AI37: H | AK37: F
A38: Période | C38: VAE | D38: vélo | E38: VAE | F38: vélo | G38: VAE | H38: vélo | I38: VAE | J38: vélo | K38: VAE | L38: vélo | M38: VAE | N38: vélo | O38: VAE | P38: vélo | Q38: VAE | R38: vélo | S38: VAE | T38: vélo | U38: VAE | V38: vélo | W38: VAE | X38: vélo | Y38: VAE | Z38: vélo | AA38: VAE | AB38: vélo | AC38: VAE | AD38: vélo | AE38: VAE | AF38: vélo | AG38: VAE | AH38: vélo | AI38: VAE | AJ38: vélo | AK38: VAE | AL38: vélo | AM38: Période
A39: 6:30 à 7:00 | C39: =SUM(C13:C14) -> 0 | D39: =SUM(D13:D14) -> 0 | E39: =SUM(E13:E14) -> 0 | F39: =SUM(F13:F14) -> 0 | G39: =SUM(G13:G14) -> 0 | H39: =SUM(H13:H14) -> 0 | I39: =SUM(I13:I14) -> 0 | J39: =SUM(J13:J14) -> 0 | ... AL39: =SUM(AL13:AL14) -> 1 | AM39: =A39 -> 6:30 à 7:00 | AO39: =SUM(C39:AL39) -> 7 | AP39: =C39+E39+G39+I39+K39+M39+O39+Q39+S39+U39+W39+Y39+AA39+AC39+AE39+AG39+AI39+AK39 -> 4 | AQ39: =E39+F39+I39+J39+M39+N39+Q39+R39+U39+V39+Y39+Z39+AC39+AD39+AG39+AH39+AK39+AL39 -> 4 | AR39: =E39+I39+M39+Q39+U39+Y39+AC39+AG39+AK39 -> 3 | AS39: =SUM(C39:N39)+SUM(W39:Z39)+SUM(AI39:AL39) -> 4
A40: 7:00 à 7:30 | C40: =SUM(C15:C16) -> 0 | D40: =SUM(D15:D16) -> 0 | E40: =SUM(E15:E16) -> 0 | F40: =SUM(F15:F16) -> 0 | G40: =SUM(G15:G16) -> 0 | H40: =SUM(H15:H16) -> 1 | I40: =SUM(I15:I16) -> 0 | J40: =SUM(J15:J16) -> 1 | ... AL40: =SUM(AL15:AL16) -> 0 | AM40: =A40 -> 7:00 à 7:30 | AO40: =SUM(C40:AL40) -> 8 | AP40: =C40+E40+G40+I40+K40+M40+O40+Q40+S40+U40+W40+Y40+AA40+AC40+AE40+AG40+AI40+AK40 -> 2 | AQ40: =E40+F40+I40+J40+M40+N40+Q40+R40+U40+V40+Y40+Z40+AC40+AD40+AG40+AH40+AK40+AL40 -> 2 | AR40: =E40+I40+M40+Q40+U40+Y40+AC40+AG40+AK40 -> 1 | AS40: =SUM(C40:N40)+SUM(W40:Z40)+SUM(AI40:AL40) -> 6
A41: 7:30 à 8:00 | C41: =SUM(C17:C18) -> 0 | D41: =SUM(D17:D18) -> 2 | E41: =SUM(E17:E18) -> 1 | F41: =SUM(F17:F18) -> 1 | G41: =SUM(G17:G18) -> 0 | H41: =SUM(H17:H18) -> 0 | I41: =SUM(I17:I18) -> 1 | J41: =SUM(J17:J18) -> 0 | ... AL41: =SUM(AL17:AL18) -> 0 | AM41: =A41 -> 7:30 à 8:00 | AO41: =SUM(C41:AL41) -> 21 | AP41: =C41+E41+G41+I41+K41+M41+O41+Q41+S41+U41+W41+Y41+AA41+AC41+AE41+AG41+AI41+AK41 -> 7 | AQ41: =E41+F41+I41+J41+M41+N41+Q41+R41+U41+V41+Y41+Z41+AC41+AD41+AG41+AH41+AK41+AL41 -> 5 | AR41: =E41+I41+M41+Q41+U41+Y41+AC41+AG41+AK41 -> 3 | AS41: =SUM(C41:N41)+SUM(W41:Z41)+SUM(AI41:AL41) -> 16
A42: 8:00 à 8:30 | C42: =SUM(C19:C20) -> 0 | D42: =SUM(D19:D20) -> 0 | E42: =SUM(E19:E20) -> 0 | F42: =SUM(F19:F20) -> 0 | G42: =SUM(G19:G20) -> 0 | H42: =SUM(H19:H20) -> 0 | I42: =SUM(I19:I20) -> 0 | J42: =SUM(J19:J20) -> 0 | ... AL42: =SUM(AL19:AL20) -> 0 | AM42: =A42 -> 8:00 à 8:30 | AO42: =SUM(C42:AL42) -> 16 | AP42: =C42+E42+G42+I42+K42+M42+O42+Q42+S42+U42+W42+Y42+AA42+AC42+AE42+AG42+AI42+AK42 -> 11 | AQ42: =E42+F42+I42+J42+M42+N42+Q42+R42+U42+V42+Y42+Z42+AC42+AD42+AG42+AH42+AK42+AL42 -> 5 | AR42: =E42+I42+M42+Q42+U42+Y42+AC42+AG42+AK42 -> 4 | AS42: =SUM(C42:N42)+SUM(W42:Z42)+SUM(AI42:AL42) -> 12
A43: 8:30 à 9:00 | C43: =SUM(C21:C22) -> 0 | D43: =SUM(D21:D22) -> 1 | E43: =SUM(E21:E22) -> 0 | F43: =SUM(F21:F22) -> 0 | G43: =SUM(G21:G22) -> 0 | H43: =SUM(H21:H22) -> 0 | I43: =SUM(I21:I22) -> 2 | J43: =SUM(J21:J22) -> 0 | ... AL43: =SUM(AL21:AL22) -> 0 | AM43: =A43 -> 8:30 à 9:00 | AO43: =SUM(C43:AL43) -> 7 | AP43: =C43+E43+G43+I43+K43+M43+O43+Q43+S43+U43+W43+Y43+AA43+AC43+AE43+AG43+AI43+AK43 -> 4 | AQ43: =E43+F43+I43+J43+M43+N43+Q43+R43+U43+V43+Y43+Z43+AC43+AD43+AG43+AH43+AK43+AL43 -> 4 | AR43: =E43+I43+M43+Q43+U43+Y43+AC43+AG43+AK43 -> 4 | AS43: =SUM(C43:N43)+SUM(W43:Z43)+SUM(AI43:AL43) -> 5
A44: TOTAL | C44: =SUM(C13:C22) -> 0 | D44: =SUM(D13:D22) -> 3 | E44: =SUM(E13:E22) -> 1 | F44: =SUM(F13:F22) -> 1 | G44: =SUM(G13:G22) -> 0 | H44: =SUM(H13:H22) -> 1 | I44: =SUM(I13:I22) -> 3 | J44: =SUM(J13:J22) -> 1 | ... AL44: =SUM(AL13:AL22) -> 1 | AM44: TOTAL | AO44: =SUM(C44:AL44) -> 59 | AP44: =C44+E44+G44+I44+K44+M44+O44+Q44+S44+U44+W44+Y44+AA44+AC44+AE44+AG44+AI44+AK44 -> 28 | AQ44: =E44+F44+I44+J44+M44+N44+Q44+R44+U44+V44+Y44+Z44+AC44+AD44+AG44+AH44+AK44+AL44 -> 20 | AR44: =E44+I44+M44+Q44+U44+Y44+AC44+AG44+AK44 -> 15 | AS44: =SUM(C44:N44)+SUM(W44:Z44)+SUM(AI44:AL44) -> 43
AM45: =IF($AO$42=MAX($AO$39:$AO$43),AM42,IF($AO$41=MAX($AO$39:$AO$43),AM41,IF($AO$40=MAX($AO$39:$AO$43),AM40,IF($AN$39=MAX($AO$39:$AO$43),AM39,IF($AO$43=MAX($AO$39:$AO$43),AM43))))) -> 7:30 à 8:00 | AO45: =IF($AO$42=MAX($AO$39:$AO$43),AO42,IF($AO$41=MAX($AO$39:$AO$43),AO41,IF($AO$40=MAX($AO$39:$AO$43),AO40,IF($AN$39=MAX($AO$39:$AO$43),AO39,IF($AO$43=MAX($AO$39:$AO$43),AO43))))) -> 21 | AP45: =IF($AO$42=MAX($AO$39:$AO$43),AP42,IF($AO$41=MAX($AO$39:$AO$43),AP41,IF($AO$40=MAX($AO$39:$AO$43),AP40,IF($AN$39=MAX($AO$39:$AO$43),AP39,IF($AO$43=MAX($AO$39:$AO$43),AP43))))) -> 7 | AQ45: =IF($AO$42=MAX($AO$39:$AO$43),AQ42,IF($AO$41=MAX($AO$39:$AO$43),AQ41,IF($AO$40=MAX($AO$39:$AO$43),AQ40,IF($AN$39=MAX($AO$39:$AO$43),AQ39,IF($AO$43=MAX($AO$39:$AO$43),AQ43))))) -> 5 | AR45: =IF($AO$42=MAX($AO$39:$AO$43),AR42,IF($AO$41=MAX($AO$39:$AO$43),AR41,IF($AO$40=MAX($AO$39:$AO$43),AR40,IF($AN$39=MAX($AO$39:$AO$43),AR39,IF($AO$43=MAX($AO$39:$AO$43),AR43))))) -> 3 | AS45: =IF($AO$42=MAX($AO$39:$AO$43),AS42,IF($AO$41=MAX($AO$39:$AO$43),AS41,IF($AO$40=MAX($AO$39:$AO$43),AS40,IF($AN$39=MAX($AO$39:$AO$43),AS39,IF($AO$43=MAX($AO$39:$AO$43),AS43))))) -> 16
AO46: TOTAL | AP46: Part des VAE dans le total | AQ46: Part des femmes dans le total | AR46: Part des VAE chez les femmes | AS46: =AS35 -> Cycles direc La Gare
AM49: Période
AM50: =AM39 -> 6:30 à 7:00 | AP50: =IF(AP39=0,0,AP39/AO39) -> 0.57142857 | AQ50: =IF(AQ39=0,0,AQ39/AO39) -> 0.57142857 | AR50: =IF(AR39=0,0,AR39/AP39) -> 0.75 | AS50: =IF(AS39=0,0,AS39/AO39) -> 0.57142857
AM51: =AM40 -> 7:00 à 7:30 | AP51: =IF(AP40=0,0,AP40/AO40) -> 0.25 | AQ51: =IF(AQ41=0,0,AQ41/AO41) -> 0.23809524 | AR51: =IF(AR41=0,0,AR41/AP41) -> 0.42857143 | AS51: =IF(AS41=0,0,AS41/AO41) -> 0.76190476
AM52: =AM41 -> 7:30 à 8:00 | AP52: =IF(AP41=0,0,AP41/AO41) -> 0.33333333 | AQ52: =IF(AQ41=0,0,AQ41/AO41) -> 0.23809524 | AR52: =IF(AR41=0,0,AR41/AP41) -> 0.42857143 | AS52: =IF(AS41=0,0,AS41/AO41) -> 0.76190476
AM53: =AM42 -> 8:00 à 8:30 | AP53: =IF(AP42=0,0,AP42/AO42) -> 0.6875 | AQ53: =IF(AQ42=0,0,AQ42/AO42) -> 0.3125 | AR53: =IF(AR42=0,0,AR42/AP42) -> 0.36363636 | AS53: =IF(AS42=0,0,AS42/AO42) -> 0.75
AM54: =AM43 -> 8:30 à 9:00 | AP54: =IF(AP43=0,0,AP43/AO43) -> 0.57142857 | AQ54: =IF(AQ43=0,0,AQ43/AO43) -> 0.57142857 | AR54: =IF(AR43=0,0,AR43/AP43) -> 1 | AS54: =IF(AS43=0,0,AS43/AO43) -> 0.71428571
AM55: TOTAL | AP55: =IF(AP44=0,0,AP44/AO44) -> 0.47457627 | AQ55: =IF(AQ44=0,0,AQ44/AO44) -> 0.33898305 | AR55: =IF(AR44=0,0,AR44/AP44) -> 0.53571429 | AS55: =IF(AS44=0,0,AS44/AO44) -> 0.72881356
AK56: voir heure de pointe | AM56: =AM45 -> 7:30 à 8:00 | AP56: =AP45/AO45 -> 0.33333333 | AQ56: =AQ45/AP45 -> 0.71428571 | AR56: =AR45/AO45 -> 0.14285714 | AS56: =AS45/AO45 -> 0.76190476

Sheet LA_RO_POSTE
B1: Rond Point La Poste | M1: Date : | O1: Date : | X1: 2022 J Jaures masqué
A2: Nom des personnes participant au comptage :
A3: Météo : | N3: Remarques : | P3: Remarques :
A5: PRINCIPE D’UTILISATION : pour chaque intervalle de temps, comptabiliser VAE/vélo dans la colonne H/F
A6: Rajouter aussi en bas de la feuille si déplacement vélo sur trottoir et/ou si enfant
A7: Comptabiliser en bas de la grille si 2 roues hors vélo qui ne sont pas cochés dans la grille (trottinette, skate, ets) | BC7: J jaurèsregroupé ici
C9: De Bonneville vers | S9: DeGrenette (contre-sens) | AE9: De La Base(contre-sens) | AQ9: De Office Tourisme vers | BG9: De MJC vers
C10: Grenette | G10: Office Tourisme | K10: La Base | O10: Parking | S10: Office Tourisme | W10: La Base | AA10: Bonneville | AE10: Bonneville | AI10: Office Tourisme | AM10: Place Grenette | AQ10: La Base | AU10: Bonneville | AY10: Grenette | BC10: De J Jaurès | BG10: Office tourisme | BK10: Grenette | BO10: Bonneville | BS10: Pompiers
C11: H | E11: F | G11: H | I11: F | K11: H | M11: F | O11: H | Q11: F | S11: H | U11: F | W11: H | Y11: F | AA11: H | AC11: F | AE11: H | AG11: F | AI11: H | AK11: F | AM11: H | AO11: F | AQ11: H | AS11: F | AU11: H | AW11: F | AY11: H | BA11: F | BC11: H | BE11: F | BG11: H | BI11: F | BK11: H | BM11: F | BO11: H | BQ11: F | BS11: H | BU11: F
A12: Heure | B12: Minute | C12: VAE | D12: vélo | E12: VAE | F12: vélo | G12: VAE | H12: vélo | I12: VAE | J12: vélo | K12: VAE | L12: vélo | M12: VAE | N12: vélo | O12: VAE | P12: vélo | Q12: VAE | R12: vélo | S12: VAE | T12: vélo | U12: VAE | V12: vélo | W12: VAE | X12: vélo | Y12: VAE | Z12: vélo | AA12: VAE | AB12: vélo | AC12: VAE | AD12: vélo | AE12: VAE | AF12: vélo | AG12: VAE | AH12: vélo | AI12: VAE | AJ12: vélo | AK12: VAE | AL12: vélo | AM12: VAE | AN12: vélo | AO12: VAE | AP12: vélo | AQ12: VAE | AR12: vélo | AS12: VAE | AT12: vélo | AU12: VAE | AV12: vélo | AW12: VAE | AX12: vélo | AY12: VAE | AZ12: vélo | BA12: VAE | BB12: vélo | BC12: VAE | BD12: vélo | BE12: VAE | BF12: vélo | BG12: VAE | BH12: vélo | BI12: VAE | BJ12: vélo | BK12: VAE | BL12: vélo | BM12: VAE | BN12: vélo | BO12: VAE | BP12: vélo | BQ12: VAE | BR12: vélo | BS12: VAE | BT12: vélo | BU12: VAE | BV12: vélo
A13: 6 | B13: 30 – 45 | J13: 1 | AV13: 1
B14: 45 - 59 | AR14: 1 | AS14: 1 | AY14: 1 | AZ14: 1
A15: 7 | B15: 00 – 15 | K15: 1
B16: 15 – 30 | H16: 1
B17: 30 – 45 | H17: 2 | AR17: 1 | BC17: 1
B18: 45 – 59 | D18: 1 | G18: 2 | L18: 3 | AF18: 1 | AQ18: 1 | AR18: 1 | AV18: 1 | AW18: 1 | AX18: 1
A19: 8 | B19: 00 – 15 | C19: 1 | L19: 1
B20: 15 – 30 | AQ20: 1 | AS20: 1
B21: 30 – 45 | AV21: 1 | BA21: 1 | BE21: 1
B22: 45 – 59 | BC22: 1
A23: 9 | B23: 00 – 15
B24: 15 – 30
A26: Vélo sur trottoir | G26: 2 | AD26: Vélo Spécial (Cargo/Carriole…)
A27: Enfant | G27: 4 écoliers | AD27: 2 roues hors vélo (trottinette, skate...) | AT27: 15
BC31: J jaurèsregroupé ici
C33: =C9 -> De Bonneville vers | S33: =S9 -> DeGrenette (contre-sens) | AE33: =AE9 -> De La Base(contre-sens) | AQ33: =AQ9 -> De Office Tourisme vers | BG33: =BG9 -> De MJC vers | BY33: TOTAL | BZ33: Nombre de VAE dans le total | CA33: Nombre de femmes dans le total | CB33: Nombre de VAE chez les femmes | CC33: Cycle sur rte Bonneville | CD33: Remarque
C34: =C10 -> Grenette | G34: =G10 -> Office Tourisme | K34: =K10 -> La Base | O34: =O10 -> Parking | S34: =S10 -> Office Tourisme | W34: =W10 -> La Base | AA34: =AA10 -> Bonneville | AE34: =AE10 -> Bonneville | AI34: =AI10 -> Office Tourisme | AM34: =AM10 -> Place Grenette | AQ34: =AQ10 -> La Base | AU34: =AU10 -> Bonneville | AY34: =AY10 -> Grenette | BC34: De J Jaurès | BG34: =BG10 -> Office tourisme | BK34: =BK10 -> Grenette | BO34: =BO10 -> Bonneville | BS34: =BS10 -> Pompiers
C35: H | E35: F | G35: H | I35: F | K35: H | M35: F | O35: H | Q35: F | S35: H | U35: F | W35: H | Y35: F | AA35: H | AC35: F | AE35: H | AG35: F | AI35: H | AK35: F | AM35: H | AO35: F | AQ35: H | AS35: F | AU35: H | AW35: F | AY35: H | BA35: F | BC35: H | BE35: F | BG35: H | BI35: F | BK35: H | BM35: F | BO35: H | BQ35: F | BS35: H | BU35: F
A36: Période | C36: VAE | D36: vélo | E36: VAE | F36: vélo | G36: VAE | H36: vélo | I36: VAE | J36: vélo | K36: VAE | L36: vélo | M36: VAE | N36: vélo | O36: VAE | P36: vélo | Q36: VAE | R36: vélo | S36: VAE | T36: vélo | U36: VAE | V36: vélo | W36: VAE | X36: vélo | Y36: VAE | Z36: vélo | AA36: VAE | AB36: vélo | AC36: VAE | AD36: vélo | AE36: VAE | AF36: vélo | AG36: VAE | AH36: vélo | AI36: VAE | AJ36: vélo | AK36: VAE | AL36: vélo | AM36: VAE | AN36: vélo | AO36: VAE | AP36: vélo | AQ36: VAE | AR36: vélo | AS36: VAE | AT36: vélo | AU36: VAE | AV36: vélo | AW36: VAE | AX36: vélo | AY36: VAE | AZ36: vélo | BA36: VAE | BB36: vélo | BC36: VAE | BD36: vélo | BE36: VAE | BF36: vélo | BG36: VAE | BH36: vélo | BI36: VAE | BJ36: vélo | BK36: VAE | BL36: vélo | BM36: VAE | BN36: vélo | BO36: VAE | BP36: vélo | BQ36: VAE | BR36: vélo | BS36: VAE | BT36: vélo | BU36: VAE | BV36: vélo | BW36: Période
A37: 6:30 à 7:00 | C37: =SUM(C13:C14) -> 0 | D37: =SUM(D13:D14) -> 0 | E37: =SUM(E13:E14) -> 0 | F37: =SUM(F13:F14) -> 0 | G37: =SUM(G13:G14) -> 0 | H37: =SUM(H13:H14) -> 0 | I37: =SUM(I13:I14) -> 0 | J37: =SUM(J13:J14) -> 1 | ... BV37: =SUM(BV13:BV14) -> 0 | BW37: =A37 -> 6:30 à 7:00 | BY37: =SUM(C37:BV37) -> 6 | BZ37: =C37+E37+G37+I37+K37+M37+O37+Q37+S37+U37+W37+Y37+AA37+AC37+AE37+AG37+AI37+AK37+AM37+AO37+AQ37+AS37+AU37+AW37+AY37+BA37+BG37+BI37+BK37+BM37+BO37+BQ37+BS37+BU37 -> 2 | CA37: =E37+F37+I37+J37+M37+N37+Q37+R37+U37+V37+Y37+Z37+AC37+AD37+AG37+AH37+AK37+AL37+AO37+AP37+AS37+AT37+AW37+AX37+BA37+BB37+BI37+BJ37+BM37+BN37+BQ37+BR37+BU37+BV37 -> 2 | CB37: =E37+I37+M37+Q37+U37+Y37+AC37+AG37+AK37+AO37+AS37+AW37+BA37+BI37+BM37+BQ37+BU37 -> 1 | CC37: =SUM(C37:R37)+SUM(AA37:AH37)+SUM(AU37:AX37)+SUM(BO37:BR37) -> 2
A38: 7:00 à 7:30 | C38: =SUM(C15:C16) -> 0 | D38: =SUM(D15:D16) -> 0 | E38: =SUM(E15:E16) -> 0 | F38: =SUM(F15:F16) -> 0 | G38: =SUM(G15:G16) -> 0 | H38: =SUM(H15:H16) -> 1 | I38: =SUM(I15:I16) -> 0 | J38: =SUM(J15:J16) -> 0 | ... BV38: =SUM(BV15:BV16) -> 0 | BW38: =A38 -> 7:00 à 7:30 | BY38: =SUM(C38:BV38) -> 2 | BZ38: =C38+E38+G38+I38+K38+M38+O38+Q38+S38+U38+W38+Y38+AA38+AC38+AE38+AG38+AI38+AK38+AM38+AO38+AQ38+AS38+AU38+AW38+AY38+BA38+BG38+BI38+BK38+BM38+BO38+BQ38+BS38+BU38 -> 1 | CA38: =E38+F38+I38+J38+M38+N38+Q38+R38+U38+V38+Y38+Z38+AC38+AD38+AG38+AH38+AK38+AL38+AO38+AP38+AS38+AT38+AW38+AX38+BA38+BB38+BI38+BJ38+BM38+BN38+BQ38+BR38+BU38+BV38 -> 0 | CB38: =E38+I38+M38+Q38+U38+Y38+AC38+AG38+AK38+AO38+AS38+AW38+BA38+BI38+BM38+BQ38+BU38 -> 0 | CC38: =SUM(C38:R38)+SUM(AA38:AH38)+SUM(AU38:AX38)+SUM(BO38:BR38) -> 2
A39: 7:30 à 8:00 | C39: =SUM(C17:C18) -> 0 | D39: =SUM(D17:D18) -> 1 | E39: =SUM(E17:E18) -> 0 | F39: =SUM(F17:F18) -> 0 | G39: =SUM(G17:G18) -> 2 | H39: =SUM(H17:H18) -> 2 | I39: =SUM(I17:I18) -> 0 | J39: =SUM(J17:J18) -> 0 | ... BV39: =SUM(BV17:BV18) -> 0 | BW39: =A39 -> 7:30 à 8:00 | BY39: =SUM(C39:BV39) -> 16 | BZ39: =C39+E39+G39+I39+K39+M39+O39+Q39+S39+U39+W39+Y39+AA39+AC39+AE39+AG39+AI39+AK39+AM39+AO39+AQ39+AS39+AU39+AW39+AY39+BA39+BG39+BI39+BK39+BM39+BO39+BQ39+BS39+BU39 -> 4 | CA39: =E39+F39+I39+J39+M39+N39+Q39+R39+U39+V39+Y39+Z39+AC39+AD39+AG39+AH39+AK39+AL39+AO39+AP39+AS39+AT39+AW39+AX39+BA39+BB39+BI39+BJ39+BM39+BN39+BQ39+BR39+BU39+BV39 -> 2 | CB39: =E39+I39+M39+Q39+U39+Y39+AC39+AG39+AK39+AO39+AS39+AW39+BA39+BI39+BM39+BQ39+BU39 -> 1 | CC39: =SUM(C39:R39)+SUM(AA39:AH39)+SUM(AU39:AX39)+SUM(BO39:BR39) -> 12
A40: 8:00 à 8:30 | C40: =SUM(C19:C20) -> 1 | D40: =SUM(D19:D20) -> 0 | E40: =SUM(E19:E20) -> 0 | F40: =SUM(F19:F20) -> 0 | G40: =SUM(G19:G20) -> 0 | H40: =SUM(H19:H20) -> 0 | I40: =SUM(I19:I20) -> 0 | J40: =SUM(J19:J20) -> 0 | ... BV40: =SUM(BV19:BV20) -> 0 | BW40: =A40 -> 8:00 à 8:30 | BY40: =SUM(C40:BV40) -> 4 | BZ40: =C40+E40+G40+I40+K40+M40+O40+Q40+S40+U40+W40+Y40+AA40+AC40+AE40+AG40+AI40+AK40+AM40+AO40+AQ40+AS40+AU40+AW40+AY40+BA40+BG40+BI40+BK40+BM40+BO40+BQ40+BS40+BU40 -> 3 | CA40: =E40+F40+I40+J40+M40+N40+Q40+R40+U40+V40+Y40+Z40+AC40+AD40+AG40+AH40+AK40+AL40+AO40+AP40+AS40+AT40+AW40+AX40+BA40+BB40+BI40+BJ40+BM40+BN40+BQ40+BR40+BU40+BV40 -> 1 | CB40: =E40+I40+M40+Q40+U40+Y40+AC40+AG40+AK40+AO40+AS40+AW40+BA40+BI40+BM40+BQ40+BU40 -> 1 | CC40: =SUM(C40:R40)+SUM(AA40:AH40)+SUM(AU40:AX40)+SUM(BO40:BR40) -> 2
A41: 8:30 à 9:00 | C41: =SUM(C21:C22) -> 0 | D41: =SUM(D21:D22) -> 0 | E41: =SUM(E21:E22) -> 0 | F41: =SUM(F21:F22) -> 0 | G41: =SUM(G21:G22) -> 0 | H41: =SUM(H21:H22) -> 0 | I41: =SUM(I21:I22) -> 0 | J41: =SUM(J21:J22) -> 0 | ... BV41: =SUM(BV21:BV22) -> 0 | BW41: =A41 -> 8:30 à 9:00 | BY41: =SUM(C41:BV41) -> 4 | BZ41: =C41+E41+G41+I41+K41+M41+O41+Q41+S41+U41+W41+Y41+AA41+AC41+AE41+AG41+AI41+AK41+AM41+AO41+AQ41+AS41+AU41+AW41+AY41+BA41+BG41+BI41+BK41+BM41+BO41+BQ41+BS41+BU41 -> 1 | CA41: =E41+F41+I41+J41+M41+N41+Q41+R41+U41+V41+Y41+Z41+AC41+AD41+AG41+AH41+AK41+AL41+AO41+AP41+AS41+AT41+AW41+AX41+BA41+BB41+BI41+BJ41+BM41+BN41+BQ41+BR41+BU41+BV41 -> 1 | CB41: =E41+I41+M41+Q41+U41+Y41+AC41+AG41+AK41+AO41+AS41+AW41+BA41+BI41+BM41+BQ41+BU41 -> 1 | CC41: =SUM(C41:R41)+SUM(AA41:AH41)+SUM(AU41:AX41)+SUM(BO41:BR41) -> 1
A42: TOTAL | C42: =SUM(C13:C24) -> 1 | D42: =SUM(D13:D24) -> 1 | E42: =SUM(E13:E24) -> 0 | F42: =SUM(F13:F24) -> 0 | G42: =SUM(G13:G24) -> 2 | H42: =SUM(H13:H24) -> 3 | I42: =SUM(I13:I24) -> 0 | J42: =SUM(J13:J24) -> 1 | ... BV42: =SUM(BV13:BV24) -> 0 | BW42: TOTAL | BY42: =SUM(C42:BV42) -> 32 | BZ42: =C42+E42+G42+I42+K42+M42+O42+Q42+S42+U42+W42+Y42+AA42+AC42+AE42+AG42+AI42+AK42+AM42+AO42+AQ42+AS42+AU42+AW42+AY42+BA42+BG42+BI42+BK42+BM42+BO42+BQ42+BS42+BU42 -> 11 | CA42: =E42+F42+I42+J42+M42+N42+Q42+R42+U42+V42+Y42+Z42+AC42+AD42+AG42+AH42+AK42+AL42+AO42+AP42+AS42+AT42+AW42+AX42+BA42+BB42+BI42+BJ42+BM42+BN42+BQ42+BR42+BU42+BV42 -> 6 | CB42: =E42+I42+M42+Q42+U42+Y42+AC42+AG42+AK42+AO42+AS42+AW42+BA42+BI42+BM42+BQ42+BU42 -> 4 | CC42: =SUM(C42:R42)+SUM(AA42:AH42)+SUM(AU42:AX42)+SUM(BO42:BR42) -> 19
BW43: =IF($BY$37=MAX($BY$37:$BY$41),BW37,IF($BY$38=MAX($BY$37:$BY$41),BW38,IF($BY$39=MAX($BY$37:$BY$41),BW39,IF($BY$40=MAX($BY$37:$BY$41),BW40,IF($BY$41=MAX($BY$37:$BY$41),BW41))))) -> 7:30 à 8:00 | BY43: =IF($BY$37=MAX($BY$37:$BY$41),BY37,IF($BY$38=MAX($BY$37:$BY$41),BY38,IF($BY$39=MAX($BY$37:$BY$41),BY39,IF($BY$40=MAX($BY$37:$BY$41),BY40,IF($BY$41=MAX($BY$37:$BY$41),BY41))))) -> 16 | BZ43: =IF($BY$37=MAX($BY$37:$BY$41),BZ37,IF($BY$38=MAX($BY$37:$BY$41),BZ38,IF($BY$39=MAX($BY$37:$BY$41),BZ39,IF($BY$40=MAX($BY$37:$BY$41),BZ40,IF($BY$41=MAX($BY$37:$BY$41),BZ41))))) -> 4 | CA43: =IF($BY$37=MAX($BY$37:$BY$41),CA37,IF($BY$38=MAX($BY$37:$BY$41),CA38,IF($BY$39=MAX($BY$37:$BY$41),CA39,IF($BY$40=MAX($BY$37:$BY$41),CA40,IF($BY$41=MAX($BY$37:$BY$41),CA41))))) -> 2 | CB43: =IF($BY$37=MAX($BY$37:$BY$41),CB37,IF($BY$38=MAX($BY$37:$BY$41),CB38,IF($BY$39=MAX($BY$37:$BY$41),CB39,IF($BY$40=MAX($BY$37:$BY$41),CB40,IF($BY$41=MAX($BY$37:$BY$41),CB41))))) -> 1 | CC43: =IF($BY$37=MAX($BY$37:$BY$41),CC37,IF($BY$38=MAX($BY$37:$BY$41),CC38,IF($BY$39=MAX($BY$37:$BY$41),CC39,IF($BY$40=MAX($BY$37:$BY$41),CC40,IF($BY$41=MAX($BY$37:$BY$41),CC41))))) -> 12
BY44: TOTAL | BZ44: Part des VAE dans le total | CA44: Part des femmes dans le total | CB44: Part des VAE chez les femmes | CD44: Remarque
BW47: Période
G48: =SUM(G42:J42,AQ42:BB42) -> 21 | BW48: =BW37 -> 6:30 à 7:00 | BZ48: =IF(BZ37=0,0,BZ37/BY37) -> 0.33333333 | CA48: =IF(CA37=0,0,CA37/BY37) -> 0.33333333 | CB48: =IF(CB37=0,0,CB37/BZ37) -> 0.5 | CC48: =IF(CC37=0,0,CC37/BY37) -> 0.33333333
BW49: =BW38 -> 7:00 à 7:30 | BZ49: =IF(BZ39=0,0,BZ39/BY39) -> 0.25 | CA49: =IF(CA39=0,0,CA39/BY39) -> 0.125 | CB49: =IF(CB39=0,0,CB39/BZ39) -> 0.25 | CC49: =IF(CC39=0,0,CC39/BY39) -> 0.75
BW50: =BW39 -> 7:30 à 8:00 | BZ50: =IF(BZ39=0,0,BZ39/BY39) -> 0.25 | CA50: =IF(CA39=0,0,CA39/BY39) -> 0.125 | CB50: =IF(CB39=0,0,CB39/BZ39) -> 0.25 | CC50: =IF(CC39=0,0,CC39/BY39) -> 0.75
BW51: =BW40 -> 8:00 à 8:30 | BZ51: =IF(BZ40=0,0,BZ40/BY40) -> 0.75 | CA51: =IF(CA40=0,0,CA40/BY40) -> 0.25 | CB51: =IF(CB40=0,0,CB40/BZ40) -> 0.33333333 | CC51: =IF(CC40=0,0,CC40/BY40) -> 0.5
BW52: =BW41 -> 8:30 à 9:00 | BZ52: =IF(BZ41=0,0,BZ41/BY41) -> 0.25 | CA52: =IF(CA41=0,0,CA41/BY41) -> 0.25 | CB52: =IF(CB41=0,0,CB41/BZ41) -> 1 | CC52: =IF(CC41=0,0,CC41/BY41) -> 0.25
BW53: TOTAL | BZ53: =IF(BZ42=0,0,BZ42/BY42) -> 0.34375 | CA53: =IF(CA42=0,0,CA42/BY42) -> 0.1875 | CB53: =IF(CB42=0,0,CB42/BZ42) -> 0.36363636 | CC53: =IF(CC42=0,0,CC42/BY42) -> 0.59375
BU54: voir heure de pointe | BW54: =BW43 -> 7:30 à 8:00 | BZ54: =BZ43/$BY$43 -> 0.25 | CA54: =CA43/$BY$43 -> 0.125 | CB54: =CB43/$BY$43 -> 0.0625 | CC54: =CC43/$BY$43 -> 0.75

Sheet LA_RO_ENILV
B1: La Roche Rond-Point ENILV - St Renan | O1: Date :
A2: Nom des personnes participant au comptage :
A3: Météo :
A4: Remarques :
A6: PRINCIPE D’UTILISATION : pour chaque intervalle de temps, comptabiliser VAE/vélo dans la colonne H/F
A7: Rajouter aussi en bas de la feuille si déplacement vélo sur trottoir et/ou si enfant
A8: Comptabiliser en bas de la grille si 2 roues hors vélo qui ne sont pas cochés dans la grille (trottinette, skate, ets)
C10: Du centre (La Roche) vers | O10: D'Eteaux av Gambetta vers | AA10: De Av Libération Enilv vers | AM10: De Reignier vers
C11: Av Gambetta Eteaux | G11: Av Libération Enilv | K11: Reignier | O11: Av Libération Enilv | S11: Reignier | W11: La Roche | AA11: Reignier | AE11: La Roche | AI11: Av Gambetta Eteaux | AM11: La Roche | AQ11: Av Gambetta Eteaux | AU11: Av Libération Enilv
C12: H | E12: F | G12: H | I12: F | K12: H | M12: F | O12: H | Q12: F | S12: H | U12: F | W12: H | Y12: F | AA12: H | AC12: F | AE12: H | AG12: F | AI12: H | AK12: F | AM12: H | AO12: F | AQ12: H | AS12: F | AU12: H | AW12: F
A13: H | B13: Minute | C13: VAE | D13: vélo | E13: VAE | F13: vélo | G13: VAE | H13: vélo | I13: VAE | J13: vélo | K13: VAE | L13: vélo | M13: VAE | N13: vélo | O13: VAE | P13: vélo | Q13: VAE | R13: vélo | S13: VAE | T13: vélo | U13: VAE | V13: vélo | W13: VAE | X13: vélo | Y13: VAE | Z13: vélo | AA13: VAE | AB13: vélo | AC13: VAE | AD13: vélo | AE13: VAE | AF13: vélo | AG13: VAE | AH13: vélo | AI13: VAE | AJ13: vélo | AK13: VAE | AL13: vélo | AM13: VAE | AN13: vélo | AO13: VAE | AP13: vélo | AQ13: VAE | AR13: vélo | AS13: VAE | AT13: vélo | AU13: VAE | AV13: vélo | AW13: VAE | AX13: vélo
A14: 6 | B14: 30 – 45
B15: 45 - 59 | T15: 2
A16: 7 | B16: 00 – 15 | K16: 1 | L16: 2
B17: 15 – 30
B18: 30 – 45
B19: 45 – 59 | D19: 3 | L19: 3
A20: 8 | B20: 00 – 15 | K20: 1 | L20: 1 | Y20: 1
B21: 15 – 30 | L21: 2 | N21: 1 | AI21: 1 | AL21: 1
B22: 30 – 45 | N22: 1
A23: 9 | B23: 45 – 59 | F23: 1
A25: Vélo sur trottoir | G25: 4 | V25: Vélo Spécial (Cargo/Carriole…)
A26: Enfant | G26: 1 | V26: 2 roues hors vélo (trottinette, skate...) | AJ26: 4
C34: =C10 -> Du centre (La Roche) vers | O34: =O10 -> D'Eteaux av Gambetta vers | AA34: =AA10 -> De Av Libération Enilv vers | AM34: =AM10 -> De Reignier vers | BA34: TOTAL | BB34: Nombre de VAE dans le total | BC34: Nombre de femmes dans le total | BD34: Nombre de VAE chez les femmes | BE34: Cycles sur route de Reignier | BF34: Remarque
C35: =C11 -> Av Gambetta Eteaux | G35: =G11 -> Av Libération Enilv | K35: =K11 -> Reignier | O35: =O11 -> Av Libération Enilv | S35: =S11 -> Reignier | W35: =W11 -> La Roche | AA35: =AA11 -> Reignier | AE35: =AE11 -> La Roche | AI35: =AI11 -> Av Gambetta Eteaux | AM35: =AM11 -> La Roche | AQ35: =AQ11 -> Av Gambetta Eteaux | AU35: =AU11 -> Av Libération Enilv
C36: H | E36: F | G36: H | I36: F | K36: H | M36: F | O36: H | Q36: F | S36: H | U36: F | W36: H | Y36: F | AA36: H | AC36: F | AE36: H | AG36: F | AI36: H | AK36: F | AM36: H | AO36: F | AQ36: H | AS36: F | AU36: H | AW36: F
A37: Période | C37: VAE | D37: vélo | E37: VAE | F37: vélo | G37: VAE | H37: vélo | I37: VAE | J37: vélo | K37: VAE | L37: vélo | M37: VAE | N37: vélo | O37: VAE | P37: vélo | Q37: VAE | R37: vélo | S37: VAE | T37: vélo | U37: VAE | V37: vélo | W37: VAE | X37: vélo | Y37: VAE | Z37: vélo | AA37: VAE | AB37: vélo | AC37: VAE | AD37: vélo | AE37: VAE | AF37: vélo | AG37: VAE | AH37: vélo | AI37: VAE | AJ37: vélo | AK37: VAE | AL37: vélo | AM37: VAE | AN37: vélo | AO37: VAE | AP37: vélo | AQ37: VAE | AR37: vélo | AS37: VAE | AT37: vélo | AU37: VAE | AV37: vélo | AW37: VAE | AX37: vélo | AY37: Période
A38: 6:30 à 7:00 | C38: =SUM(C14:C15) -> 0 | D38: =SUM(D14:D15) -> 0 | E38: =SUM(E14:E15) -> 0 | F38: =SUM(F14:F15) -> 0 | G38: =SUM(G14:G15) -> 0 | H38: =SUM(H14:H15) -> 0 | I38: =SUM(I14:I15) -> 0 | J38: =SUM(J14:J15) -> 0 | ... AX38: =SUM(AX14:AX15) -> 0 | AY38: =A38 -> 6:30 à 7:00 | BA38: =SUM(C38:AX38) -> 2 | BB38: =C38+E38+G38+I38+K38+M38+O38+Q38+S38+U38+W38+Y38+AA38+AC38+AE38+AG38+AI38+AK38+AM38+AO38+AQ38+AS38+AU38+AW38 -> 0 | BC38: =E38+F38+I38+J38+M38+N38+Q38+R38+U38+V38+Y38+Z38+AC38+AD38+AG38+AH38+AK38+AL38+AO38+AP38+AS38+AT38+AW38+AX38 -> 0 | BD38: =E38+I38+M38+Q38+U38+Y38+AC38+AG38+AK38+AO38+AS38+AW38 -> 0 | BE38: =SUM(K38:N38)+SUM(S38:V38)+SUM(AA38:AD38)+SUM(AM38:AX38) -> 2 | BF38: 34 piétons plus 32 étudiants piétons en direction lycée
A39: 7:00 à 7:30 | C39: =SUM(C16:C17) -> 0 | D39: =SUM(D16:D17) -> 0 | E39: =SUM(E16:E17) -> 0 | F39: =SUM(F16:F17) -> 0 | G39: =SUM(G16:G17) -> 0 | H39: =SUM(H16:H17) -> 0 | I39: =SUM(I16:I17) -> 0 | J39: =SUM(J16:J17) -> 0 | ... AX39: =SUM(AX16:AX17) -> 0 | AY39: =A39 -> 7:00 à 7:30 | BA39: =SUM(C39:AX39) -> 3 | BB39: =C39+E39+G39+I39+K39+M39+O39+Q39+S39+U39+W39+Y39+AA39+AC39+AE39+AG39+AI39+AK39+AM39+AO39+AQ39+AS39+AU39+AW39 -> 1 | BC39: =E39+F39+I39+J39+M39+N39+Q39+R39+U39+V39+Y39+Z39+AC39+AD39+AG39+AH39+AK39+AL39+AO39+AP39+AS39+AT39+AW39+AX39 -> 0 | BD39: =E39+I39+M39+Q39+U39+Y39+AC39+AG39+AK39+AO39+AS39+AW39 -> 0 | BE39: =SUM(K39:N39)+SUM(S39:V39)+SUM(AA39:AD39)+SUM(AM39:AX39) -> 3 | BF39: et seulement 2 écoliers- 2 enfants comptés qui étaient sur le trottoir avec 1 parent
A40: 7:30 à 8:00 | C40: =SUM(C18:C19) -> 0 | D40: =SUM(D18:D19) -> 3 | E40: =SUM(E18:E19) -> 0 | F40: =SUM(F18:F19) -> 0 | G40: =SUM(G18:G19) -> 0 | H40: =SUM(H18:H19) -> 0 | I40: =SUM(I18:I19) -> 0 | J40: =SUM(J18:J19) -> 0 | ... AX40: =SUM(AX18:AX19) -> 0 | AY40: =A40 -> 7:30 à 8:00 | BA40: =SUM(C40:AX40) -> 6 | BB40: =C40+E40+G40+I40+K40+M40+O40+Q40+S40+U40+W40+Y40+AA40+AC40+AE40+AG40+AI40+AK40+AM40+AO40+AQ40+AS40+AU40+AW40 -> 0 | BC40: =E40+F40+I40+J40+M40+N40+Q40+R40+U40+V40+Y40+Z40+AC40+AD40+AG40+AH40+AK40+AL40+AO40+AP40+AS40+AT40+AW40+AX40 -> 0 | BD40: =E40+I40+M40+Q40+U40+Y40+AC40+AG40+AK40+AO40+AS40+AW40 -> 0 | BE40: =SUM(K40:N40)+SUM(S40:V40)+SUM(AA40:AD40)+SUM(AM40:AX40) -> 3 | BF40: et seulement 2 écoliers- 2 enfants comptés qui étaient sur le trottoir avec 1 parent
A41: 8:00 à 8:30 | C41: =SUM(C20:C21) -> 0 | D41: =SUM(D20:D21) -> 0 | E41: =SUM(E20:E21) -> 0 | F41: =SUM(F20:F21) -> 0 | G41: =SUM(G20:G21) -> 0 | H41: =SUM(H20:H21) -> 0 | I41: =SUM(I20:I21) -> 0 | J41: =SUM(J20:J21) -> 0 | ... AX41: =SUM(AX20:AX21) -> 0 | AY41: =A41 -> 8:00 à 8:30 | BA41: =SUM(C41:AX41) -> 8 | BB41: =C41+E41+G41+I41+K41+M41+O41+Q41+S41+U41+W41+Y41+AA41+AC41+AE41+AG41+AI41+AK41+AM41+AO41+AQ41+AS41+AU41+AW41 -> 3 | BC41: =E41+F41+I41+J41+M41+N41+Q41+R41+U41+V41+Y41+Z41+AC41+AD41+AG41+AH41+AK41+AL41+AO41+AP41+AS41+AT41+AW41+AX41 -> 3 | BD41: =E41+I41+M41+Q41+U41+Y41+AC41+AG41+AK41+AO41+AS41+AW41 -> 1 | BE41: =SUM(K41:N41)+SUM(S41:V41)+SUM(AA41:AD41)+SUM(AM41:AX41) -> 5 | BF41: 2 des 3 femmes circulaient sur le trottoir !
A42: 8:30 à 9:00 | C42: =SUM(C21:C23) -> 0 | D42: =SUM(D21:D23) -> 0 | E42: =SUM(E21:E23) -> 0 | F42: =SUM(F21:F23) -> 1 | G42: =SUM(G21:G23) -> 0 | H42: =SUM(H21:H23) -> 0 | I42: =SUM(I21:I23) -> 0 | J42: =SUM(J21:J23) -> 0 | ... AX42: =SUM(AX21:AX23) -> 0 | AY42: =A42 -> 8:30 à 9:00 | BA42: =SUM(C42:AX42) -> 7 | BB42: =C42+E42+G42+I42+K42+M42+O42+Q42+S42+U42+W42+Y42+AA42+AC42+AE42+AG42+AI42+AK42+AM42+AO42+AQ42+AS42+AU42+AW42 -> 1 | BC42: =E42+F42+I42+J42+M42+N42+Q42+R42+U42+V42+Y42+Z42+AC42+AD42+AG42+AH42+AK42+AL42+AO42+AP42+AS42+AT42+AW42+AX42 -> 4 | BD42: =E42+I42+M42+Q42+U42+Y42+AC42+AG42+AK42+AO42+AS42+AW42 -> 0 | BE42: =SUM(K42:N42)+SUM(S42:V42)+SUM(AA42:AD42)+SUM(AM42:AX42) -> 4 | BF42: 3 cyclosportifs
A43: TOTAL | C43: =SUM(C14:C23) -> 0 | D43: =SUM(D14:D23) -> 3 | E43: =SUM(E14:E23) -> 0 | F43: =SUM(F14:F23) -> 1 | G43: =SUM(G14:G23) -> 0 | H43: =SUM(H14:H23) -> 0 | I43: =SUM(I14:I23) -> 0 | J43: =SUM(J14:J23) -> 0 | ... AX43: =SUM(AX14:AX23) -> 0 | AY43: TOTAL | BA43: =SUM(C43:AX43) -> 21 | BB43: =C43+E43+G43+I43+K43+M43+O43+Q43+S43+U43+W43+Y43+AA43+AC43+AE43+AG43+AI43+AK43+AM43+AO43+AQ43+AS43+AU43+AW43 -> 4 | BC43: =E43+F43+I43+J43+M43+N43+Q43+R43+U43+V43+Y43+Z43+AC43+AD43+AG43+AH43+AK43+AL43+AO43+AP43+AS43+AT43+AW43+AX43 -> 5 | BD43: =E43+I43+M43+Q43+U43+Y43+AC43+AG43+AK43+AO43+AS43+AW43 -> 1 | BE43: =SUM(K43:N43)+SUM(S43:V43)+SUM(AA43:AD43)+SUM(AM43:AX43) -> 14
AY44: =IF($BA$38=MAX($BA$38:$BA$42),AY38,IF($BA$39=MAX($BA$38:$BA$42),AY39,IF($BA$40=MAX($BA$38:$BA$42),AY40,IF($BA$41=MAX($BA$38:$BA$42),AY41,IF($BA$42=MAX($BA$38:$BA$42),AY42,AY41))))) -> 8:00 à 8:30 | BA44: =IF($BA$38=MAX($BA$38:$BA$42),BA38,IF($BA$39=MAX($BA$38:$BA$42),BA39,IF($BA$40=MAX($BA$38:$BA$42),BA40,IF($BA$41=MAX($BA$38:$BA$42),BA41,IF($BA$42=MAX($BA$38:$BA$42),BA42,BA41))))) -> 8 | BB44: =IF($BA$38=MAX($BA$38:$BA$42),BB38,IF($BA$39=MAX($BA$38:$BA$42),BB39,IF($BA$40=MAX($BA$38:$BA$42),BB40,IF($BA$41=MAX($BA$38:$BA$42),BB41,IF($BA$42=MAX($BA$38:$BA$42),BB42,BB41))))) -> 3 | BC44: =IF($BA$38=MAX($BA$38:$BA$42),BC38,IF($BA$39=MAX($BA$38:$BA$42),BC39,IF($BA$40=MAX($BA$38:$BA$42),BC40,IF($BA$41=MAX($BA$38:$BA$42),BC41,IF($BA$42=MAX($BA$38:$BA$42),BC42,BC41))))) -> 3 | BD44: =IF($BA$38=MAX($BA$38:$BA$42),BD38,IF($BA$39=MAX($BA$38:$BA$42),BD39,IF($BA$40=MAX($BA$38:$BA$42),BD40,IF($BA$41=MAX($BA$38:$BA$42),BD41,IF($BA$42=MAX($BA$38:$BA$42),BD42,BD41))))) -> 1 | BE44: =IF($BA$38=MAX($BA$38:$BA$42),BE38,IF($BA$39=MAX($BA$38:$BA$42),BE39,IF($BA$40=MAX($BA$38:$BA$42),BE40,IF($BA$41=MAX($BA$38:$BA$42),BE41,IF($BA$42=MAX($BA$38:$BA$42),BE42,BE41))))) -> 5
BA45: TOTAL | BB45: Part des VAE dans le total | BC45: Part des femmes dans le total | BD45: Part des VAE chez les femmes | BE45: =BE34 -> Cycles sur route de Reignier | BF45: Remarque
AY48: Période
AY49: =AY38 -> 6:30 à 7:00 | BB49: =IF(BB38=0,0,BB38/BA38) -> 0 | BC49: =IF(BC38=0,0,BC38/BA38) -> 0 | BD49: =IF(BD38=0,0,BD38/BB38) -> 0 | BE49: =IF(BE38=0,0,BE38/BA38) -> 1
AY50: =AY39 -> 7:00 à 7:30 | BB50: =IF(BB40=0,0,BB40/BA40) -> 0 | BC50: =IF(BC40=0,0,BC40/BA40) -> 0 | BD50: =IF(BD40=0,0,BD40/BB40) -> 0 | BE50: =IF(BE40=0,0,BE40/BA40) -> 0.5
AY51: =AY40 -> 7:30 à 8:00 | BB51: =IF(BB40=0,0,BB40/BA40) -> 0 | BC51: =IF(BC40=0,0,BC40/BA40) -> 0 | BD51: =IF(BD40=0,0,BD40/BB40) -> 0 | BE51: =IF(BE40=0,0,BE40/BA40) -> 0.5
AY52: =AY41 -> 8:00 à 8:30 | BB52: =IF(BB41=0,0,BB41/BA41) -> 0.375 | BC52: =IF(BC41=0,0,BC41/BA41) -> 0.375 | BD52: =IF(BD41=0,0,BD41/BB41) -> 0.33333333 | BE52: =IF(BE41=0,0,BE41/BA41) -> 0.625
AY53: =AY42 -> 8:30 à 9:00 | BB53: =IF(BB42=0,0,BB42/BA42) -> 0.14285714 | BC53: =IF(BC42=0,0,BC42/BA42) -> 0.57142857 | BD53: =IF(BD42=0,0,BD42/BB42) -> 0 | BE53: =IF(BE42=0,0,BE42/BA42) -> 0.57142857
AY54: TOTAL | BB54: =IF(BB43=0,0,BB43/BA43) -> 0.19047619 | BC54: =IF(BC43=0,0,BC43/BA43) -> 0.23809524 | BD54: =IF(BD43=0,0,BD43/BB43) -> 0.25 | BE54: =IF(BE43=0,0,BE43/BA43) -> 0.66666667
AV55: voir heure de pointe | AY55: =AY44 -> 8:00 à 8:30 | BB55: =BB44/$BA$44 -> 0.375 | BC55: =BC44/$BA$44 -> 0.375 | BD55: =BD44/$BA$44 -> 0.125 | BE55: =BE44/$BA$44 -> 0.625

Sheet LA_RO_SNCF
B1: La Roche Gare/Passage à niveau | O1: Date :
A2: Nom des personnes participant au comptage :
A3: Météo :
A4: Remarques :
A6: PRINCIPE D’UTILISATION : pour chaque intervalle de temps, comptabiliser VAE/vélo dans la colonne H/F
A7: Rajouter aussi en bas de la feuille si déplacement vélo sur trottoir et/ou si enfant
A8: Comptabiliser en bas de la grille si 2 roues hors vélo qui ne sont pas cochés dans la grille (trottinette, skate, ets)
C10: D’Eteaux vers | O10: De av Lucien Rannard vers | AA10: De av J Jaurès vers | AM10: De Gare et av Gare vers
C11: Av L Rannard | G11: Av J Jaurès | K11: Gare/av Gare | O11: Av J Jaurès | S11: Gare/av Gare | W11: Eteaux | AA11: Gare/av Gare | AE11: Eteaux | AI11: Av L Rannard | AM11: Eteaux | AQ11: Av L Rannard | AU11: Av J Jaurès
C12: H | E12: F | G12: H | I12: F | K12: H | M12: F | O12: H | Q12: F | S12: H | U12: F | W12: H | Y12: F | AA12: H | AC12: F | AE12: H | AG12: F | AI12: H | AK12: F | AM12: H | AO12: F | AQ12: H | AS12: F | AU12: H | AW12: F
A13: H | B13: Minute | C13: VAE | D13: vélo | E13: VAE | F13: vélo | G13: VAE | H13: vélo | I13: VAE | J13: vélo | K13: VAE | L13: vélo | M13: VAE | N13: vélo | O13: VAE | P13: vélo | Q13: VAE | R13: vélo | S13: VAE | T13: vélo | U13: VAE | V13: vélo | W13: VAE | X13: vélo | Y13: VAE | Z13: vélo | AA13: VAE | AB13: vélo | AC13: VAE | AD13: vélo | AE13: VAE | AF13: vélo | AG13: VAE | AH13: vélo | AI13: VAE | AJ13: vélo | AK13: VAE | AL13: vélo | AM13: VAE | AN13: vélo | AO13: VAE | AP13: vélo | AQ13: VAE | AR13: vélo | AS13: VAE | AT13: vélo | AU13: VAE | AV13: vélo | AW13: VAE | AX13: vélo
A14: 6 | B14: 30 – 45 | L14: 1 | T14: 1 | AA14: 1 | AC14: 1 | AU14: 1
B15: 45 - 59 | L15: 2 | AN15: 3 | AU15: 1
A16: 7 | B16: 00 – 15 | S16: 1 | AR16: 1 | AW16: 1
B17: 15 – 30 | M17: 1 | N17: 1 | S17: 1 | AF17: 1 | AR17: 1 | AW17: 1
B18: 30 – 45 | H18: 1 | J18: 1 | K18: 1 | T18: 2 | AD18: 1 | AV18: 1
B19: 45 – 59 | D19: 1 | H19: 1 | I19: 1 | V19: 1 | Y19: 1 | AF19: 4 | AH19: 1 | AI19: 1 | AN19: 1 | AR19: 1 | AV19: 1
A20: 8 | B20: 00 – 15 | AA20: 1 | AD20: 1 | AG20: 1 | AV20: 1
B21: 15 – 20 | D21: 1 | AB21: 1 | AC21: 1 | AR21: 1 | AT21: 1 | AV21: 1 | AX21: 1
B22: 30 – 45 | AX22: 1
A23: 9 | B23: 45 – 59 | AU23: 1 | AW23: 1
A25: Vélo sur trottoir | G25: 8 | V25: Vélo Spécial (Cargo/Carriole…) | AK25: 2
A26: Enfant | G26: 6 | V26: 2 roues hors vélo (trottinette, skate...) | AK26: 18
C34: =C10 -> D’Eteaux vers | O34: =O10 -> De av Lucien Rannard vers | AA34: =AA10 -> De av J Jaurès vers | AM34: =AM10 -> De Gare et av Gare vers | BA34: TOTAL | BB34: Nombre de VAE dans le total | BC34: Nombre de femmes dans le total | BD34: Nombre de VAE chez les femmes | BE34: Cycles sur route de Reignier | BF34: Remarque
C35: =C11 -> Av L Rannard | G35: =G11 -> Av J Jaurès | K35: =K11 -> Gare/av Gare | O35: =O11 -> Av J Jaurès | S35: =S11 -> Gare/av Gare | W35: =W11 -> Eteaux | AA35: =AA11 -> Gare/av Gare | AE35: =AE11 -> Eteaux | AI35: =AI11 -> Av L Rannard | AM35: =AM11 -> Eteaux | AQ35: =AQ11 -> Av L Rannard | AU35: =AU11 -> Av J Jaurès
C36: H | E36: F | G36: H | I36: F | K36: H | M36: F | O36: H | Q36: F | S36: H | U36: F | W36: H | Y36: F | AA36: H | AC36: F | AE36: H | AG36: F | AI36: H | AK36: F | AM36: H | AO36: F | AQ36: H | AS36: F | AU36: H | AW36: F
A37: Période | C37: VAE | D37: vélo | E37: VAE | F37: vélo | G37: VAE | H37: vélo | I37: VAE | J37: vélo | K37: VAE | L37: vélo | M37: VAE | N37: vélo | O37: VAE | P37: vélo | Q37: VAE | R37: vélo | S37: VAE | T37: vélo | U37: VAE | V37: vélo | W37: VAE | X37: vélo | Y37: VAE | Z37: vélo | AA37: VAE | AB37: vélo | AC37: VAE | AD37: vélo | AE37: VAE | AF37: vélo | AG37: VAE | AH37: vélo | AI37: VAE | AJ37: vélo | AK37: VAE | AL37: vélo | AM37: VAE | AN37: vélo | AO37: VAE | AP37: vélo | AQ37: VAE | AR37: vélo | AS37: VAE | AT37: vélo | AU37: VAE | AV37: vélo | AW37: VAE | AX37: vélo | AY37: Période
A38: 6:30 à 7:00 | C38: =SUM(C14:C15) -> 0 | D38: =SUM(D14:D15) -> 0 | E38: =SUM(E14:E15) -> 0 | F38: =SUM(F14:F15) -> 0 | G38: =SUM(G14:G15) -> 0 | H38: =SUM(H14:H15) -> 0 | I38: =SUM(I14:I15) -> 0 | J38: =SUM(J14:J15) -> 0 | ... AX38: =SUM(AX14:AX15) -> 0 | AY38: =A38 -> 6:30 à 7:00 | BA38: =SUM(C38:AX38) -> 11 | BB38: =C38+E38+G38+I38+K38+M38+O38+Q38+S38+U38+W38+Y38+AA38+AC38+AE38+AG38+AI38+AK38+AM38+AO38+AQ38+AS38+AU38+AW38 -> 4 | BC38: =E38+F38+I38+J38+M38+N38+Q38+R38+U38+V38+Y38+Z38+AC38+AD38+AG38+AH38+AK38+AL38+AO38+AP38+AS38+AT38+AW38+AX38 -> 1 | BD38: =E38+I38+M38+Q38+U38+Y38+AC38+AG38+AK38+AO38+AS38+AW38 -> 1 | BE38: =SUM(K38:N38)+SUM(S38:V38)+SUM(AA38:AD38)+SUM(AM38:AX38) -> 11
A39: 7:00 à 7:30 | C39: =SUM(C16:C17) -> 0 | D39: =SUM(D16:D17) -> 0 | E39: =SUM(E16:E17) -> 0 | F39: =SUM(F16:F17) -> 0 | G39: =SUM(G16:G17) -> 0 | H39: =SUM(H16:H17) -> 0 | I39: =SUM(I16:I17) -> 0 | J39: =SUM(J16:J17) -> 0 | ... AX39: =SUM(AX16:AX17) -> 0 | AY39: =A39 -> 7:00 à 7:30 | BA39: =SUM(C39:AX39) -> 9 | BB39: =C39+E39+G39+I39+K39+M39+O39+Q39+S39+U39+W39+Y39+AA39+AC39+AE39+AG39+AI39+AK39+AM39+AO39+AQ39+AS39+AU39+AW39 -> 5 | BC39: =E39+F39+I39+J39+M39+N39+Q39+R39+U39+V39+Y39+Z39+AC39+AD39+AG39+AH39+AK39+AL39+AO39+AP39+AS39+AT39+AW39+AX39 -> 4 | BD39: =E39+I39+M39+Q39+U39+Y39+AC39+AG39+AK39+AO39+AS39+AW39 -> 3 | BE39: =SUM(K39:N39)+SUM(S39:V39)+SUM(AA39:AD39)+SUM(AM39:AX39) -> 8
A40: 7:30 à 8:00 | C40: =SUM(C18:C19) -> 0 | D40: =SUM(D18:D19) -> 1 | E40: =SUM(E18:E19) -> 0 | F40: =SUM(F18:F19) -> 0 | G40: =SUM(G18:G19) -> 0 | H40: =SUM(H18:H19) -> 2 | I40: =SUM(I18:I19) -> 1 | J40: =SUM(J18:J19) -> 1 | ... AX40: =SUM(AX18:AX19) -> 0 | AY40: =A40 -> 7:30 à 8:00 | BA40: =SUM(C40:AX40) -> 21 | BB40: =C40+E40+G40+I40+K40+M40+O40+Q40+S40+U40+W40+Y40+AA40+AC40+AE40+AG40+AI40+AK40+AM40+AO40+AQ40+AS40+AU40+AW40 -> 4 | BC40: =E40+F40+I40+J40+M40+N40+Q40+R40+U40+V40+Y40+Z40+AC40+AD40+AG40+AH40+AK40+AL40+AO40+AP40+AS40+AT40+AW40+AX40 -> 6 | BD40: =E40+I40+M40+Q40+U40+Y40+AC40+AG40+AK40+AO40+AS40+AW40 -> 2 | BE40: =SUM(K40:N40)+SUM(S40:V40)+SUM(AA40:AD40)+SUM(AM40:AX40) -> 9
A41: 8:00 à 8:30 | C41: =SUM(C20:C21) -> 0 | D41: =SUM(D20:D21) -> 1 | E41: =SUM(E20:E21) -> 0 | F41: =SUM(F20:F21) -> 0 | G41: =SUM(G20:G21) -> 0 | H41: =SUM(H20:H21) -> 0 | I41: =SUM(I20:I21) -> 0 | J41: =SUM(J20:J21) -> 0 | ... AX41: =SUM(AX20:AX21) -> 1 | AY41: =A41 -> 8:00 à 8:30 | BA41: =SUM(C41:AX41) -> 11 | BB41: =C41+E41+G41+I41+K41+M41+O41+Q41+S41+U41+W41+Y41+AA41+AC41+AE41+AG41+AI41+AK41+AM41+AO41+AQ41+AS41+AU41+AW41 -> 3 | BC41: =E41+F41+I41+J41+M41+N41+Q41+R41+U41+V41+Y41+Z41+AC41+AD41+AG41+AH41+AK41+AL41+AO41+AP41+AS41+AT41+AW41+AX41 -> 5 | BD41: =E41+I41+M41+Q41+U41+Y41+AC41+AG41+AK41+AO41+AS41+AW41 -> 2 | BE41: =SUM(K41:N41)+SUM(S41:V41)+SUM(AA41:AD41)+SUM(AM41:AX41) -> 9
A42: 8:30 à 9:00 | C42: =SUM(C22:C23) -> 0 | D42: =SUM(D22:D23) -> 0 | E42: =SUM(E22:E23) -> 0 | F42: =SUM(F22:F23) -> 0 | G42: =SUM(G22:G23) -> 0 | H42: =SUM(H22:H23) -> 0 | I42: =SUM(I22:I23) -> 0 | J42: =SUM(J22:J23) -> 0 | ... AX42: =SUM(AX22:AX23) -> 1 | AY42: =A42 -> 8:30 à 9:00 | BA42: =SUM(C42:AX42) -> 3 | BB42: =C42+E42+G42+I42+K42+M42+O42+Q42+S42+U42+W42+Y42+AA42+AC42+AE42+AG42+AI42+AK42+AM42+AO42+AQ42+AS42+AU42+AW42 -> 2 | BC42: =E42+F42+I42+J42+M42+N42+Q42+R42+U42+V42+Y42+Z42+AC42+AD42+AG42+AH42+AK42+AL42+AO42+AP42+AS42+AT42+AW42+AX42 -> 2 | BD42: =E42+I42+M42+Q42+U42+Y42+AC42+AG42+AK42+AO42+AS42+AW42 -> 1 | BE42: =SUM(K42:N42)+SUM(S42:V42)+SUM(AA42:AD42)+SUM(AM42:AX42) -> 3
A43: TOTAL | C43: =SUM(C14:C23) -> 0 | D43: =SUM(D14:D23) -> 2 | E43: =SUM(E14:E23) -> 0 | F43: =SUM(F14:F23) -> 0 | G43: =SUM(G14:G23) -> 0 | H43: =SUM(H14:H23) -> 2 | I43: =SUM(I14:I23) -> 1 | J43: =SUM(J14:J23) -> 1 | ... AX43: =SUM(AX14:AX23) -> 2 | AY43: TOTAL | BA43: =SUM(BA38:BA42) -> 55 | BB43: =C43+E43+G43+I43+K43+M43+O43+Q43+S43+U43+W43+Y43+AA43+AC43+AE43+AG43+AI43+AK43+AM43+AO43+AQ43+AS43+AU43+AW43 -> 18 | BC43: =E43+F43+I43+J43+M43+N43+Q43+R43+U43+V43+Y43+Z43+AC43+AD43+AG43+AH43+AK43+AL43+AO43+AP43+AS43+AT43+AW43+AX43 -> 18 | BD43: =E43+I43+M43+Q43+U43+Y43+AC43+AG43+AK43+AO43+AS43+AW43 -> 9 | BE43: =SUM(K43:N43)+SUM(S43:V43)+SUM(AA43:AD43)+SUM(AM43:AX43) -> 40
AY44: =IF($BA$38=MAX($BA$38:$BA$42),AY38,IF($BA$39=MAX($BA$38:$BA$42),AY39,IF($BA$40=MAX($BA$38:$BA$42),AY40,IF($BA$41=MAX($BA$38:$BA$42),AY41,IF($BA$42=MAX($BA$38:$BA$42),AY42,AY41))))) -> 7:30 à 8:00 | BA44: =IF($BA$38=MAX($BA$38:$BA$42),BA38,IF($BA$39=MAX($BA$38:$BA$42),BA39,IF($BA$40=MAX($BA$38:$BA$42),BA40,IF($BA$41=MAX($BA$38:$BA$42),BA41,IF($BA$42=MAX($BA$38:$BA$42),BA42,BA41))))) -> 21 | BB44: =IF($BA$38=MAX($BA$38:$BA$42),BB38,IF($BA$39=MAX($BA$38:$BA$42),BB39,IF($BA$40=MAX($BA$38:$BA$42),BB40,IF($BA$41=MAX($BA$38:$BA$42),BB41,IF($BA$42=MAX($BA$38:$BA$42),BB42,BB41))))) -> 4 | BC44: =IF($BA$38=MAX($BA$38:$BA$42),BC38,IF($BA$39=MAX($BA$38:$BA$42),BC39,IF($BA$40=MAX($BA$38:$BA$42),BC40,IF($BA$41=MAX($BA$38:$BA$42),BC41,IF($BA$42=MAX($BA$38:$BA$42),BC42,BC41))))) -> 6 | BD44: =IF($BA$38=MAX($BA$38:$BA$42),BD38,IF($BA$39=MAX($BA$38:$BA$42),BD39,IF($BA$40=MAX($BA$38:$BA$42),BD40,IF($BA$41=MAX($BA$38:$BA$42),BD41,IF($BA$42=MAX($BA$38:$BA$42),BD42,BD41))))) -> 2 | BE44: =IF($BA$38=MAX($BA$38:$BA$42),BE38,IF($BA$39=MAX($BA$38:$BA$42),BE39,IF($BA$40=MAX($BA$38:$BA$42),BE40,IF($BA$41=MAX($BA$38:$BA$42),BE41,IF($BA$42=MAX($BA$38:$BA$42),BE42,BE41))))) -> 9
BA45: TOTAL | BB45: Part des VAE dans le total | BC45: Part des femmes dans le total | BD45: Part des VAE chez les femmes | BE45: =BE34 -> Cycles sur route de Reignier | BF45: Remarque
AY48: Période
AY49: =AY38 -> 6:30 à 7:00 | BB49: =IF(BB38=0,0,BB38/BA38) -> 0.36363636 | BC49: =IF(BC38=0,0,BC38/BA38) -> 0.090909091 | BD49: =IF(BD38=0,0,BD38/BB38) -> 0.25 | BE49: =IF(BE38=0,0,BE38/BA38) -> 1
AY50: =AY39 -> 7:00 à 7:30 | BB50: =IF(BB40=0,0,BB40/BA40) -> 0.19047619 | BC50: =IF(BC40=0,0,BC40/BA40) -> 0.28571429 | BD50: =IF(BD40=0,0,BD40/BB40) -> 0.5 | BE50: =IF(BE40=0,0,BE40/BA40) -> 0.42857143
AY51: =AY40 -> 7:30 à 8:00 | BB51: =IF(BB40=0,0,BB40/BA40) -> 0.19047619 | BC51: =IF(BC40=0,0,BC40/BA40) -> 0.28571429 | BD51: =IF(BD40=0,0,BD40/BB40) -> 0.5 | BE51: =IF(BE40=0,0,BE40/BA40) -> 0.42857143
AY52: =AY41 -> 8:00 à 8:30 | BB52: =IF(BB41=0,0,BB41/BA41) -> 0.27272727 | BC52: =IF(BC41=0,0,BC41/BA41) -> 0.45454545 | BD52: =IF(BD41=0,0,BD41/BB41) -> 0.66666667 | BE52: =IF(BE41=0,0,BE41/BA41) -> 0.81818182
AY53: =AY42 -> 8:30 à 9:00 | BB53: =IF(BB42=0,0,BB42/BA42) -> 0.66666667 | BC53: =IF(BC42=0,0,BC42/BA42) -> 0.66666667 | BD53: =IF(BD42=0,0,BD42/BB42) -> 0.5 | BE53: =IF(BE42=0,0,BE42/BA42) -> 1
AY54: TOTAL | BB54: =IF(BB43=0,0,BB43/BA43) -> 0.32727273 | BC54: =IF(BC43=0,0,BC43/BA43) -> 0.32727273 | BD54: =IF(BD43=0,0,BD43/BB43) -> 0.5 | BE54: =IF(BE43=0,0,BE43/BA43) -> 0.72727273
AV55: voir heure de pointe | AY55: =AY44 -> 7:30 à 8:00 | BB55: =BB44/$BA$44 -> 0.19047619 | BC55: =BC44/$BA$44 -> 0.28571429 | BD55: =BD44/$BA$44 -> 0.095238095 | BE55: =BE44/$BA$44 -> 0.42857143

Sheet AMANCY SOUS TERRAIN
B1: Amancy Vozerier Sous terrain | G1: Date :
A2: Nom des personnes participant au comptage :
A3: Météo : | G3: Remarques :
A5: PRINCIPE D’UTILISATION : pour chaque intervalle de temps, comptabiliser VAE/vélo dans la colonne H/F
A6: Rajouter aussi en bas de la feuille si enfant
A7: Comptabiliser en bas de la grille si 2 roues hors vélo qui ne sont pas cochés dans la grille (trottinette, skate, ets)
C9: RN 1203 | K9: Passage souterrain
C10: Direct Bonneville | G10: Direct La Roche | K10: Direct Amancy | O10: Direct Vozerier
C11: H | E11: F | G11: H | I11: F | K11: H | M11: F | O11: H | Q11: F
A12: H | B12: Minute | C12: VAE | D12: vélo | E12: VAE | F12: vélo | G12: VAE | H12: vélo | I12: VAE | J12: vélo | K12: VAE | L12: vélo | M12: VAE | N12: vélo | O12: VAE | P12: vélo | Q12: VAE | R12: vélo
A13: 6 | B13: 30 – 45 | D13: 1 | L13: 1
B14: 45 - 59
A15: 7 | B15: 00 – 15
B16: 15 – 30 | L16: 1 | O16: 1 | P16: 1
B17: 30 – 45 | K17: 1
B18: 45 – 59 | K18: 1 | P18: 1
A19: 8 | B19: 00 – 15
B20: 15 – 30 | L20: 5 | P20: 2
B21: 30 – 45
A22: 9 | B22: 45 – 59
A24: Enfant | K24: Enfant
A25: 2 roues hors vélo (trottinette, skate...) | F25: 3 | K25: 2 roues hors vélo (trottinette, skate...)
C27: =C9 -> RN 1203 | K27: =K9 -> Passage souterrain | U27: TOTAL | V27: Nombre de VAE dans le total | W27: Nombre de femmes dans le total | X27: Nombre de VAE chez les femmes | Z27: Remarque
C28: =C10 -> Direct Bonneville | G28: =G10 -> Direct La Roche | K28: =K10 -> Direct Amancy | O28: =O10 -> Direct Vozerier
C29: H | E29: F | G29: H | I29: F | K29: H | M29: F | O29: H | Q29: F
A30: Période | C30: VAE | D30: vélo | E30: VAE | F30: vélo | G30: VAE | H30: vélo | I30: VAE | J30: vélo | K30: VAE | L30: vélo | M30: VAE | N30: vélo | O30: VAE | P30: vélo | Q30: VAE | R30: vélo | S30: Période
A31: 6:30 à 7:00 | C31: =SUM(C13:C14) -> 0 | D31: =SUM(D13:D14) -> 1 | E31: =SUM(E13:E14) -> 0 | F31: =SUM(F13:F14) -> 0 | G31: =SUM(G13:G14) -> 0 | H31: =SUM(H13:H14) -> 0 | I31: =SUM(I13:I14) -> 0 | J31: =SUM(J13:J14) -> 0 | ... R31: =SUM(R13:R14) -> 0 | S31: =A31 -> 6:30 à 7:00 | U31: =SUM(C31:R31) -> 2 | V31: =C31+E31+G31+I31+K31+M31+O31+Q31 -> 0 | W31: =E31+F31+I31+J31+M31+N31+Q31+R31 -> 0 | X31: =E31+I31 -> 0 | Y31: =SUM(G31:J31) -> 0
A32: 7:00 à 7:30 | C32: =SUM(C15:C16) -> 0 | D32: =SUM(D15:D16) -> 0 | E32: =SUM(E15:E16) -> 0 | F32: =SUM(F15:F16) -> 0 | G32: =SUM(G15:G16) -> 0 | H32: =SUM(H15:H16) -> 0 | I32: =SUM(I15:I16) -> 0 | J32: =SUM(J15:J16) -> 0 | ... R32: =SUM(R15:R16) -> 0 | S32: =A32 -> 7:00 à 7:30 | U32: =SUM(C32:R32) -> 3 | V32: =C32+E32+G32+I32+K32+M32+O32+Q32 -> 1 | W32: =E32+F32+I32+J32+M32+N32+Q32+R32 -> 0 | X32: =E32+I32 -> 0 | Y32: =SUM(G32:J32) -> 0
A33: 7:30 à 8:00 | C33: =SUM(C17:C18) -> 0 | D33: =SUM(D17:D18) -> 0 | E33: =SUM(E17:E18) -> 0 | F33: =SUM(F17:F18) -> 0 | G33: =SUM(G17:G18) -> 0 | H33: =SUM(H17:H18) -> 0 | I33: =SUM(I17:I18) -> 0 | J33: =SUM(J17:J18) -> 0 | ... R33: =SUM(R17:R18) -> 0 | S33: =A33 -> 7:30 à 8:00 | U33: =SUM(C33:R33) -> 3 | V33: =C33+E33+G33+I33+K33+M33+O33+Q33 -> 2 | W33: =E33+F33+I33+J33+M33+N33+Q33+R33 -> 0 | X33: =E33+I33 -> 0 | Y33: =SUM(G33:J33) -> 0
A34: 8:00 à 8:30 | C34: =SUM(C19:C20) -> 0 | D34: =SUM(D19:D20) -> 0 | E34: =SUM(E19:E20) -> 0 | F34: =SUM(F19:F20) -> 0 | G34: =SUM(G19:G20) -> 0 | H34: =SUM(H19:H20) -> 0 | I34: =SUM(I19:I20) -> 0 | J34: =SUM(J19:J20) -> 0 | ... R34: =SUM(R19:R20) -> 0 | S34: =A34 -> 8:00 à 8:30 | U34: =SUM(C34:R34) -> 7 | V34: =C34+E34+G34+I34+K34+M34+O34+Q34 -> 0 | W34: =E34+F34+I34+J34+M34+N34+Q34+R34 -> 0 | X34: =E34+I34 -> 0 | Y34: =SUM(G34:J34) -> 0
A35: 8:30 à 9:00 | C35: =SUM(C21:C22) -> 0 | D35: =SUM(D21:D22) -> 0 | E35: =SUM(E21:E22) -> 0 | F35: =SUM(F21:F22) -> 0 | G35: =SUM(G21:G22) -> 0 | H35: =SUM(H21:H22) -> 0 | I35: =SUM(I21:I22) -> 0 | J35: =SUM(J21:J22) -> 0 | ... R35: =SUM(R21:R22) -> 0 | S35: =A35 -> 8:30 à 9:00 | U35: =SUM(C35:R35) -> 0 | V35: =C35+E35+G35+I35+K35+M35+O35+Q35 -> 0 | W35: =E35+F35+I35+J35+M35+N35+Q35+R35 -> 0 | X35: =E35+I35 -> 0 | Y35: =SUM(G35:J35) -> 0
A36: TOTAL | C36: =SUM(C13:C22) -> 0 | D36: =SUM(D13:D22) -> 1 | E36: =SUM(E13:E22) -> 0 | F36: =SUM(F13:F22) -> 0 | G36: =SUM(G13:G22) -> 0 | H36: =SUM(H13:H22) -> 0 | I36: =SUM(I13:I22) -> 0 | J36: =SUM(J13:J22) -> 0 | ... R36: =SUM(R13:R22) -> 0 | S36: TOTAL | U36: =SUM(C36:R36) -> 15 | V36: =V35+V34+V33+V32+V31 -> 3 | W36: =W35+W34+W33+W32+W31 -> 0 | X36: =X35+X34+X33+X32+X31 -> 0 | Y36: =Y35+Y33+Y31 -> 0
S37: =IF($U$35=MAX($U$31:$U$35),S35,IF($U$34=MAX($U$31:$U$35),S34,IF($U$33=MAX($U$31:$U$35),S33,IF($U$32=MAX($U$31:$U$35),S32,IF($U$31=MAX($U$31:$U$35),S31,S35))))) -> 8:00 à 8:30 | U37: =IF($U$35=MAX($U$31:$U$35),U35,IF($U$34=MAX($U$31:$U$35),U34,IF($U$33=MAX($U$31:$U$35),U33,IF($U$32=MAX($U$31:$U$35),U32,IF($U$31=MAX($U$31:$U$35),U31,U35))))) -> 7 | V37: =IF($U$35=MAX($U$31:$U$35),V35,IF($U$34=MAX($U$31:$U$35),V34,IF($U$33=MAX($U$31:$U$35),V33,IF($U$32=MAX($U$31:$U$35),V32,IF($U$31=MAX($U$31:$U$35),V31,V35))))) -> 0 | W37: =IF($U$35=MAX($U$31:$U$35),W35,IF($U$34=MAX($U$31:$U$35),W34,IF($U$33=MAX($U$31:$U$35),W33,IF($U$32=MAX($U$31:$U$35),W32,IF($U$31=MAX($U$31:$U$35),W31,W35))))) -> 0 | X37: =IF($U$35=MAX($U$31:$U$35),X35,IF($U$34=MAX($U$31:$U$35),X34,IF($U$33=MAX($U$31:$U$35),X33,IF($U$32=MAX($U$31:$U$35),X32,IF($U$31=MAX($U$31:$U$35),X31,X35))))) -> 0 | Y37: =IF($U$35=MAX($U$31:$U$35),Y35,IF($U$34=MAX($U$31:$U$35),Y34,IF($U$33=MAX($U$31:$U$35),Y33,IF($U$32=MAX($U$31:$U$35),Y32,IF($U$31=MAX($U$31:$U$35),Y31,Y35))))) -> 0
U38: TOTAL | V38: Part des VAE dans le total | W38: Part des femmes dans le total | X38: Part des VAE chez les femmes | Y38: =Y27 -> 0 | Z38: Remarque
S41: Période
S42: =S31 -> 6:30 à 7:00 | V42: =IF(V31=0,0,V31/U31) -> 0 | W42: =IF(W31=0,0,W31/U31) -> 0 | X42: =IF(X31=0,0,X31/V31) -> 0 | Y42: =IF(Y31=0,0,Y31/U31) -> 0
S43: =S32 -> 7:00 à 7:30 | V43: =IF(V33=0,0,V33/U33) -> 0.66666667 | W43: =IF(W33=0,0,W33/U33) -> 0 | X43: =IF(X33=0,0,X33/V33) -> 0 | Y43: =IF(Y33=0,0,Y33/U33) -> 0
S44: =S33 -> 7:30 à 8:00 | V44: =IF(V33=0,0,V33/U33) -> 0.66666667 | W44: =IF(W33=0,0,W33/U33) -> 0 | X44: =IF(X33=0,0,X33/V33) -> 0 | Y44: =IF(Y33=0,0,Y33/U33) -> 0
S45: =S34 -> 8:00 à 8:30 | V45: =IF(V34=0,0,V34/U34) -> 0 | W45: =IF(W34=0,0,W34/U34) -> 0 | X45: =IF(X34=0,0,X34/V34) -> 0 | Y45: =IF(Y34=0,0,Y34/U34) -> 0
S46: =S35 -> 8:30 à 9:00 | V46: =IF(V35=0,0,V35/U35) -> 0 | W46: =IF(W35=0,0,W35/U35) -> 0 | X46: =IF(X35=0,0,X35/V35) -> 0 | Y46: =IF(Y35=0,0,Y35/U35) -> 0
S47: TOTAL | V47: =IF(V36=0,0,V36/U36) -> 0.2 | W47: =IF(W36=0,0,W36/U36) -> 0 | X47: =IF(X36=0,0,X36/V36) -> 0 | Y47: =IF(Y36=0,0,Y36/U36) -> 0
S48: =S37 -> 8:00 à 8:30 | U48: =IF($BE$49=MAX($BE$49:$BE$53),U42,IF($BE$50=MAX($BE$49:$BE$53),U44,IF($BE$51=MAX($BE$49:$BE$53),U45,IF($BE$52=MAX($BE$49:$BE$53),(U45),U46)))) -> 0 | V48: =IF($BE$49=MAX($BE$49:$BE$53),V42,IF($BE$50=MAX($BE$49:$BE$53),V44,IF($BE$51=MAX($BE$49:$BE$53),V45,IF($BE$52=MAX($BE$49:$BE$53),(V45),V46)))) -> 0 | W48: =W46 -> 0 | X48: =IF($BE$49=MAX($BE$49:$BE$53),X42,IF($BE$50=MAX($BE$49:$BE$53),X44,IF($BE$51=MAX($BE$49:$BE$53),X45,IF($BE$52=MAX($BE$49:$BE$53),(X45),X46)))) -> 0 | Y48: =IF($BE$49=MAX($BE$49:$BE$53),Y42,IF($BE$50=MAX($BE$49:$BE$53),Y44,IF($BE$51=MAX($BE$49:$BE$53),Y45,IF($BE$52=MAX($BE$49:$BE$53),(Y45),Y46)))) -> 0

Sheet ARENT_PAPETERIE
B1: Arenthon La Papeterie | O1: Date :
A2: Nom des personnes participant au comptage : | K2: Bea
A3: Météo : | N3: Remarques :
A5: PRINCIPE D’UTILISATION : pour chaque intervalle de temps, comptabiliser VAE/vélo dans la colonne H/F
A6: Rajouter aussi en bas de la feuille si déplacement vélo sur trottoir et/ou si enfant
A7: Comptabiliser en bas de la grille si 2 roues hors vélo qui ne sont pas cochés dans la grille (trottinette, skate, ets)
C9: De Arenthon vers | O9: De Bonneville vers | AA9: De Rte Papeterie vers | AM9: De TNA vers
C10: Bonneville | G10: TNA | K10: Rte Papeterie | O10: TNA | S10: Arenthon | W10: Rte Papeterie | AA10: Arenthon | AE10: TNA | AI10: Bonneville | AM10: Bonneville | AQ10: Arenthon | AU10: Rte Papeterie
C11: H | E11: F | G11: H | I11: F | K11: H | M11: F | O11: H | Q11: F | S11: H | U11: F | W11: H | Y11: F | AA11: H | AC11: F | AE11: H | AG11: F | AI11: H | AK11: F | AM11: H | AO11: F | AQ11: H | AS11: F | AU11: H | AW11: F
A12: H | B12: Minute | C12: VAE | D12: vélo | E12: VAE | F12: vélo | G12: VAE | H12: vélo | I12: VAE | J12: vélo | K12: VAE | L12: vélo | M12: VAE | N12: vélo | O12: VAE | P12: vélo | Q12: VAE | R12: vélo | S12: VAE | T12: vélo | U12: VAE | V12: vélo | W12: VAE | X12: vélo | Y12: VAE | Z12: vélo | AA12: VAE | AB12: vélo | AC12: VAE | AD12: vélo | AE12: VAE | AF12: vélo | AG12: VAE | AH12: vélo | AI12: VAE | AJ12: vélo | AK12: VAE | AL12: vélo | AM12: VAE | AN12: vélo | AO12: VAE | AP12: vélo | AQ12: VAE | AR12: vélo | AS12: VAE | AT12: vélo | AU12: VAE | AV12: vélo | AW12: VAE | AX12: vélo
A13: 6 | B13: 30 – 45 | U13: 1
B14: 45 - 59 | D14: 1
A15: 7 | B15: 00 – 15
B16: 15 – 30
B17: 30 – 45 | AB17: 1
B18: 45 – 59 | T18: 1
A19: 8 | B19: 00 – 15
B20: 15 – 30 | C20: 1 | X20: 1
B21: 30 – 45
A22: 9 | B22: 45 – 59
A24: Vélo sur trottoir | V24: Vélo Spécial (Cargo/Carriole…)
A25: Enfant | V25: 2 roues hors vélo (trottinette, skate...)
C34: =C9 -> De Arenthon vers | O34: =O9 -> De Bonneville vers | AA34: =AA9 -> De Rte Papeterie vers | AM34: =AM9 -> De TNA vers | BA34: TOTAL | BB34: Nombre de VAE dans le total | BC34: Nombre de femmes dans le total | BD34: Nombre de VAE chez les femmes | BE34: Cycles sur route de Reignier | BF34: Remarque
C35: =C10 -> Bonneville | G35: =G10 -> TNA | K35: =K10 -> Rte Papeterie | O35: =O10 -> TNA | S35: =S10 -> Arenthon | W35: =W10 -> Rte Papeterie | AA35: =AA10 -> Arenthon | AE35: =AE10 -> TNA | AI35: =AI10 -> Bonneville | AM35: =AM10 -> Bonneville | AQ35: =AQ10 -> Arenthon | AU35: =AU10 -> Rte Papeterie
C36: H | E36: F | G36: H | I36: F | K36: H | M36: F | O36: H | Q36: F | S36: H | U36: F | W36: H | Y36: F | AA36: H | AC36: F | AE36: H | AG36: F | AI36: H | AK36: F | AM36: H | AO36: F | AQ36: H | AS36: F | AU36: H | AW36: F
A37: Période | C37: VAE | D37: vélo | E37: VAE | F37: vélo | G37: VAE | H37: vélo | I37: VAE | J37: vélo | K37: VAE | L37: vélo | M37: VAE | N37: vélo | O37: VAE | P37: vélo | Q37: VAE | R37: vélo | S37: VAE | T37: vélo | U37: VAE | V37: vélo | W37: VAE | X37: vélo | Y37: VAE | Z37: vélo | AA37: VAE | AB37: vélo | AC37: VAE | AD37: vélo | AE37: VAE | AF37: vélo | AG37: VAE | AH37: vélo | AI37: VAE | AJ37: vélo | AK37: VAE | AL37: vélo | AM37: VAE | AN37: vélo | AO37: VAE | AP37: vélo | AQ37: VAE | AR37: vélo | AS37: VAE | AT37: vélo | AU37: VAE | AV37: vélo | AW37: VAE | AX37: vélo | AY37: Période
A38: 6:30 à 7:00 | C38: =SUM(C13:C14) -> 0 | D38: =SUM(D13:D14) -> 1 | E38: =SUM(E13:E14) -> 0 | F38: =SUM(F13:F14) -> 0 | G38: =SUM(G13:G14) -> 0 | H38: =SUM(H13:H14) -> 0 | I38: =SUM(I13:I14) -> 0 | J38: =SUM(J13:J14) -> 0 | ... AX38: =SUM(AX13:AX14) -> 0 | AY38: =A38 -> 6:30 à 7:00 | BA38: =SUM(C38:AX38) -> 2 | BB38: =C38+E38+G38+I38+K38+M38+O38+Q38+S38+U38+W38+Y38+AA38+AC38+AE38+AG38+AI38+AK38+AM38+AO38+AQ38+AS38+AU38+AW38 -> 1 | BC38: =E38+F38+I38+J38+M38+N38+Q38+R38+U38+V38+Y38+Z38+AC38+AD38+AG38+AH38+AK38+AL38+AO38+AP38+AS38+AT38+AW38+AX38 -> 1 | BD38: =E38+I38+M38+Q38+U38+Y38+AC38+AG38+AK38+AO38+AS38+AW38 -> 1 | BE38: =SUM(K38:N38)+SUM(S38:V38)+SUM(AA38:AD38)+SUM(AM38:AX38) -> 1 | BF38: 34 piétons plus 32 étudiants piétons en direction lycée
A39: 7:00 à 7:30 | C39: =SUM(C15:C16) -> 0 | D39: =SUM(D15:D16) -> 0 | E39: =SUM(E15:E16) -> 0 | F39: =SUM(F15:F16) -> 0 | G39: =SUM(G15:G16) -> 0 | H39: =SUM(H15:H16) -> 0 | I39: =SUM(I15:I16) -> 0 | J39: =SUM(J15:J16) -> 0 | ... AX39: =SUM(AX15:AX16) -> 0 | AY39: =A39 -> 7:00 à 7:30 | BA39: =SUM(C39:AX39) -> 0 | BB39: =C39+E39+G39+I39+K39+M39+O39+Q39+S39+U39+W39+Y39+AA39+AC39+AE39+AG39+AI39+AK39+AM39+AO39+AQ39+AS39+AU39+AW39 -> 0 | BC39: =E39+F39+I39+J39+M39+N39+Q39+R39+U39+V39+Y39+Z39+AC39+AD39+AG39+AH39+AK39+AL39+AO39+AP39+AS39+AT39+AW39+AX39 -> 0 | BD39: =E39+I39+M39+Q39+U39+Y39+AC39+AG39+AK39+AO39+AS39+AW39 -> 0 | BE39: =SUM(K39:N39)+SUM(S39:V39)+SUM(AA39:AD39)+SUM(AM39:AX39) -> 0 | BF39: et seulement 2 écoliers- 2 enfants comptés qui étaient sur le trottoir avec 1 parent
A40: 7:30 à 8:00 | C40: =SUM(C17:C18) -> 0 | D40: =SUM(D17:D18) -> 0 | E40: =SUM(E17:E18) -> 0 | F40: =SUM(F17:F18) -> 0 | G40: =SUM(G17:G18) -> 0 | H40: =SUM(H17:H18) -> 0 | I40: =SUM(I17:I18) -> 0 | J40: =SUM(J17:J18) -> 0 | ... AX40: =SUM(AX17:AX18) -> 0 | AY40: =A40 -> 7:30 à 8:00 | BA40: =SUM(C40:AX40) -> 2 | BB40: =C40+E40+G40+I40+K40+M40+O40+Q40+S40+U40+W40+Y40+AA40+AC40+AE40+AG40+AI40+AK40+AM40+AO40+AQ40+AS40+AU40+AW40 -> 0 | BC40: =E40+F40+I40+J40+M40+N40+Q40+R40+U40+V40+Y40+Z40+AC40+AD40+AG40+AH40+AK40+AL40+AO40+AP40+AS40+AT40+AW40+AX40 -> 0 | BD40: =E40+I40+M40+Q40+U40+Y40+AC40+AG40+AK40+AO40+AS40+AW40 -> 0 | BE40: =SUM(K40:N40)+SUM(S40:V40)+SUM(AA40:AD40)+SUM(AM40:AX40) -> 2 | BF40: et seulement 2 écoliers- 2 enfants comptés qui étaient sur le trottoir avec 1 parent
A41: 8:00 à 8:30 | C41: =SUM(C19:C20) -> 1 | D41: =SUM(D19:D20) -> 0 | E41: =SUM(E19:E20) -> 0 | F41: =SUM(F19:F20) -> 0 | G41: =SUM(G19:G20) -> 0 | H41: =SUM(H19:H20) -> 0 | I41: =SUM(I19:I20) -> 0 | J41: =SUM(J19:J20) -> 0 | ... AX41: =SUM(AX19:AX20) -> 0 | AY41: =A41 -> 8:00 à 8:30 | BA41: =SUM(C41:AX41) -> 2 | BB41: =C41+E41+G41+I41+K41+M41+O41+Q41+S41+U41+W41+Y41+AA41+AC41+AE41+AG41+AI41+AK41+AM41+AO41+AQ41+AS41+AU41+AW41 -> 1 | BC41: =E41+F41+I41+J41+M41+N41+Q41+R41+U41+V41+Y41+Z41+AC41+AD41+AG41+AH41+AK41+AL41+AO41+AP41+AS41+AT41+AW41+AX41 -> 0 | BD41: =E41+I41+M41+Q41+U41+Y41+AC41+AG41+AK41+AO41+AS41+AW41 -> 0 | BE41: =SUM(K41:N41)+SUM(S41:V41)+SUM(AA41:AD41)+SUM(AM41:AX41) -> 0 | BF41: 2 des 3 femmes circulaient sur le trottoir !
A42: 8:30 à 9:00 | C42: =SUM(C20:C22) -> 1 | D42: =SUM(D20:D22) -> 0 | E42: =SUM(E20:E22) -> 0 | F42: =SUM(F20:F22) -> 0 | G42: =SUM(G20:G22) -> 0 | H42: =SUM(H20:H22) -> 0 | I42: =SUM(I20:I22) -> 0 | J42: =SUM(J20:J22) -> 0 | ... AX42: =SUM(AX20:AX22) -> 0 | AY42: =A42 -> 8:30 à 9:00 | BA42: =SUM(C42:AX42) -> 2 | BB42: =C42+E42+G42+I42+K42+M42+O42+Q42+S42+U42+W42+Y42+AA42+AC42+AE42+AG42+AI42+AK42+AM42+AO42+AQ42+AS42+AU42+AW42 -> 1 | BC42: =E42+F42+I42+J42+M42+N42+Q42+R42+U42+V42+Y42+Z42+AC42+AD42+AG42+AH42+AK42+AL42+AO42+AP42+AS42+AT42+AW42+AX42 -> 0 | BD42: =E42+I42+M42+Q42+U42+Y42+AC42+AG42+AK42+AO42+AS42+AW42 -> 0 | BE42: =SUM(K42:N42)+SUM(S42:V42)+SUM(AA42:AD42)+SUM(AM42:AX42) -> 0 | BF42: 3 cyclosportifs
A43: TOTAL | C43: =SUM(C13:C22) -> 1 | D43: =SUM(D13:D22) -> 1 | E43: =SUM(E13:E22) -> 0 | F43: =SUM(F13:F22) -> 0 | G43: =SUM(G13:G22) -> 0 | H43: =SUM(H13:H22) -> 0 | I43: =SUM(I13:I22) -> 0 | J43: =SUM(J13:J22) -> 0 | ... AX43: =SUM(AX13:AX22) -> 0 | AY43: TOTAL | BA43: =SUM(C43:AX43) -> 6 | BB43: =C43+E43+G43+I43+K43+M43+O43+Q43+S43+U43+W43+Y43+AA43+AC43+AE43+AG43+AI43+AK43+AM43+AO43+AQ43+AS43+AU43+AW43 -> 2 | BC43: =E43+F43+I43+J43+M43+N43+Q43+R43+U43+V43+Y43+Z43+AC43+AD43+AG43+AH43+AK43+AL43+AO43+AP43+AS43+AT43+AW43+AX43 -> 1 | BD43: =E43+I43+M43+Q43+U43+Y43+AC43+AG43+AK43+AO43+AS43+AW43 -> 1 | BE43: =SUM(K43:N43)+SUM(S43:V43)+SUM(AA43:AD43)+SUM(AM43:AX43) -> 3
AY44: =IF($BA$38=MAX($BA$38:$BA$42),AY38,IF($BA$39=MAX($BA$38:$BA$42),AY39,IF($BA$40=MAX($BA$38:$BA$42),AY40,IF($BA$41=MAX($BA$38:$BA$42),AY41,IF($BA$42=MAX($BA$38:$BA$42),AY42,AY41))))) -> 6:30 à 7:00 | BA44: =IF($BA$38=MAX($BA$38:$BA$42),BA38,IF($BA$39=MAX($BA$38:$BA$42),BA39,IF($BA$40=MAX($BA$38:$BA$42),BA40,IF($BA$41=MAX($BA$38:$BA$42),BA41,IF($BA$42=MAX($BA$38:$BA$42),BA42,BA41))))) -> 2 | BB44: =IF($BA$38=MAX($BA$38:$BA$42),BB38,IF($BA$39=MAX($BA$38:$BA$42),BB39,IF($BA$40=MAX($BA$38:$BA$42),BB40,IF($BA$41=MAX($BA$38:$BA$42),BB41,IF($BA$42=MAX($BA$38:$BA$42),BB42,BB41))))) -> 1 | BC44: =IF($BA$38=MAX($BA$38:$BA$42),BC38,IF($BA$39=MAX($BA$38:$BA$42),BC39,IF($BA$40=MAX($BA$38:$BA$42),BC40,IF($BA$41=MAX($BA$38:$BA$42),BC41,IF($BA$42=MAX($BA$38:$BA$42),BC42,BC41))))) -> 1 | BD44: =IF($BA$38=MAX($BA$38:$BA$42),BD38,IF($BA$39=MAX($BA$38:$BA$42),BD39,IF($BA$40=MAX($BA$38:$BA$42),BD40,IF($BA$41=MAX($BA$38:$BA$42),BD41,IF($BA$42=MAX($BA$38:$BA$42),BD42,BD41))))) -> 1 | BE44: =IF($BA$38=MAX($BA$38:$BA$42),BE38,IF($BA$39=MAX($BA$38:$BA$42),BE39,IF($BA$40=MAX($BA$38:$BA$42),BE40,IF($BA$41=MAX($BA$38:$BA$42),BE41,IF($BA$42=MAX($BA$38:$BA$42),BE42,BE41))))) -> 1
BA45: TOTAL | BB45: Part des VAE dans le total | BC45: Part des femmes dans le total | BD45: Part des VAE chez les femmes | BE45: =BE34 -> Cycles sur route de Reignier | BF45: Remarque
AY48: Période
AY49: =AY38 -> 6:30 à 7:00 | BB49: =IF(BB38=0,0,BB38/BA38) -> 0.5 | BC49: =IF(BC38=0,0,BC38/BA38) -> 0.5 | BD49: =IF(BD38=0,0,BD38/BB38) -> 1 | BE49: =IF(BE38=0,0,BE38/BA38) -> 0.5
AY50: =AY39 -> 7:00 à 7:30 | BB50: =IF(BB40=0,0,BB40/BA40) -> 0 | BC50: =IF(BC40=0,0,BC40/BA40) -> 0 | BD50: =IF(BD40=0,0,BD40/BB40) -> 0 | BE50: =IF(BE40=0,0,BE40/BA40) -> 1
AY51: =AY40 -> 7:30 à 8:00 | BB51: =IF(BB40=0,0,BB40/BA40) -> 0 | BC51: =IF(BC40=0,0,BC40/BA40) -> 0 | BD51: =IF(BD40=0,0,BD40/BB40) -> 0 | BE51: =IF(BE40=0,0,BE40/BA40) -> 1
AY52: =AY41 -> 8:00 à 8:30 | BB52: =IF(BB41=0,0,BB41/BA41) -> 0.5 | BC52: =IF(BC41=0,0,BC41/BA41) -> 0 | BD52: =IF(BD41=0,0,BD41/BB41) -> 0 | BE52: =IF(BE41=0,0,BE41/BA41) -> 0
AY53: =AY42 -> 8:30 à 9:00 | BB53: =IF(BB42=0,0,BB42/BA42) -> 0.5 | BC53: =IF(BC42=0,0,BC42/BA42) -> 0 | BD53: =IF(BD42=0,0,BD42/BB42) -> 0 | BE53: =IF(BE42=0,0,BE42/BA42) -> 0
AY54: TOTAL | BB54: =IF(BB43=0,0,BB43/BA43) -> 0.33333333 | BC54: =IF(BC43=0,0,BC43/BA43) -> 0.16666667 | BD54: =IF(BD43=0,0,BD43/BB43) -> 0.5 | BE54: =IF(BE43=0,0,BE43/BA43) -> 0.5
AV55: voir heure de pointe | AY55: =AY44 -> 6:30 à 7:00 | BB55: =BB44/$BA$44 -> 0.5 | BC55: =BC44/$BA$44 -> 0.5 | BD55: =BD44/$BA$44 -> 0.5 | BE55: =BE44/$BA$44 -> 0.5

Sheet ST_PI_BORNE_DESSY
B1: St Pierre en face Franchissement du Borne au 245 Rte des Gorges du Borne | O1: Date :
A2: Nom des personnes participant au comptage :
A3: Météo : | P3: Remarques :
A5: PRINCIPE D’UTILISATION : pour chaque intervalle de temps, comptabiliser VAE/vélo dans la colonne H/F
A6: Comptabiliser en bas de la grille si 2 roues hors vélo qui ne sont pas cochés dans la grille (trottinette, skate, ets)
C8: De Rte Gorges du Borne vers | K8: De Avenue des Digues vers | S8: De Avenue de Monaz vers
C9: Av des Digues | G9: Av de Monaz | K9: Av de Monaz | O9: Rte Gorges du Borne | S9: Rte Gorges du Borne | W9: Av des Digues
C10: H | E10: F | G10: H | I10: F | K10: H | M10: F | O10: H | Q10: F | S10: H | U10: F | W10: H | Y10: F
A11: H | B11: mn | C11: VAE | D11: vélo | E11: VAE | F11: vélo | G11: VAE | H11: vélo | I11: VAE | J11: vélo | K11: VAE | L11: vélo | M11: VAE | N11: vélo | O11: VAE | P11: vélo | Q11: VAE | R11: vélo | S11: VAE | T11: vélo | U11: VAE | V11: vélo | W11: VAE | X11: vélo | Y11: VAE | Z11: vélo
A12: 6 | B12: 30 – 45
B13: 45 - 59 | X13: 1
A14: 7 | B14: 00 – 15 | H14: 1 | T14: 1
B15: 15 – 30 | G15: 1 | H15: 1 | T15: 1 | X15: 1
B16: 30 – 45 | C16: 1 | E16: 1 | J16: 1 | T16: 1
B17: 45 – 59 | E17: 1
A18: 8 | B18: 00 – 15 | T18: 1
B19: 15 – 30 | D19: 1 | H19: 1
B20: 30 – 45 | C20: 1 | H20: 2
A21: 9 | B21: 45 – 59 | T21: 1 | V21: 1
A23: Vélo Spécial (Cargo/Carriole…)
A24: 2 roues hors vélo (trottinette, skate...) | I24: 2
C28: =C8 -> De Rte Gorges du Borne vers | K28: =K8 -> De Avenue des Digues vers | S28: =S8 -> De Avenue de Monaz vers | AC28: TOTAL | AD28: Nombre de VAE dans le total | AE28: Nombre de femmes dans le total | AF28: Nombre de VAE chez les femmes | AG28: Cycles sur rte de Dessy | AH28: Cycles sur rte des Digues
C29: =C9 -> Av des Digues | G29: =G9 -> Av de Monaz | K29: =K9 -> Av de Monaz | O29: =O9 -> Rte Gorges du Borne | S29: =S9 -> Rte Gorges du Borne | W29: =W9 -> Av des Digues
C30: H | E30: F | G30: H | I30: F | K30: H | M30: F | O30: H | Q30: F | S30: H | U30: F | W30: H | Y30: F
A31: Période | C31: VAE | D31: vélo | E31: VAE | F31: vélo | G31: VAE | H31: vélo | I31: VAE | J31: vélo | K31: VAE | L31: vélo | M31: VAE | N31: vélo | O31: VAE | P31: vélo | Q31: VAE | R31: vélo | S31: VAE | T31: vélo | U31: VAE | V31: vélo | W31: VAE | X31: vélo | Y31: VAE | Z31: vélo | AA31: Période
A32: 6:30 à 7:00 | C32: =C12+C13 -> 0 | D32: =D12+D13 -> 0 | E32: =E12+E13 -> 0 | F32: =F12+F13 -> 0 | G32: =G12+G13 -> 0 | H32: =H12+H13 -> 0 | I32: =I12+I13 -> 0 | J32: =J12+J13 -> 0 | ... Z32: =Z12+Z13 -> 0 | AA32: =A32 -> 6:30 à 7:00 | AC32: =SUM(C32:Z32) -> 1 | AD32: =C32+E32+G32+I32+K32+M32+O32+Q32+S32+U32+W32+Y32 -> 0 | AE32: =E32+F32+I32+J32+M32+N32+Q32+R32+U32+V32+Y32+Z32 -> 0 | AF32: =E32+I32+M32+Q32+U32+Y32 -> 0 | AG32: =SUM(G32:N32)+SUM(S32:Z32) -> 1 | AH32: =SUM(C32:F32)+SUM(W32:Z32)+SUM(K32:R32) -> 1
A33: 7:00 à 7:30 | C33: =C14+C15 -> 0 | D33: =D14+D15 -> 0 | E33: =E14+E15 -> 0 | F33: =F14+F15 -> 0 | G33: =G14+G15 -> 1 | H33: =H14+H15 -> 2 | I33: =I14+I15 -> 0 | J33: =J14+J15 -> 0 | ... Z33: =Z14+Z15 -> 0 | AA33: =A33 -> 7:00 à 7:30 | AC33: =SUM(C33:Z33) -> 6 | AD33: =C33+E33+G33+I33+K33+M33+O33+Q33+S33+U33+W33+Y33 -> 1 | AE33: =E33+F33+I33+J33+M33+N33+Q33+R33+U33+V33+Y33+Z33 -> 0 | AF33: =E33+I33+M33+Q33+U33+Y33 -> 0 | AG33: =SUM(G33:N33)+SUM(S33:Z33) -> 6 | AH33: =SUM(C33:F33)+SUM(W33:Z33)+SUM(K33:R33) -> 1
A34: 7:30 à 8:00 | C34: =C16+C17 -> 1 | D34: =D16+D17 -> 0 | E34: =E16+E17 -> 2 | F34: =F16+F17 -> 0 | G34: =G16+G17 -> 0 | H34: =H16+H17 -> 0 | I34: =I16+I17 -> 0 | J34: =J16+J17 -> 1 | ... Z34: =Z16+Z17 -> 0 | AA34: =A34 -> 7:30 à 8:00 | AC34: =SUM(C34:Z34) -> 5 | AD34: =C34+E34+G34+I34+K34+M34+O34+Q34+S34+U34+W34+Y34 -> 3 | AE34: =E34+F34+I34+J34+M34+N34+Q34+R34+U34+V34+Y34+Z34 -> 3 | AF34: =E34+I34+M34+Q34+U34+Y34 -> 2 | AG34: =SUM(G34:N34)+SUM(S34:Z34) -> 2 | AH34: =SUM(C34:F34)+SUM(W34:Z34)+SUM(K34:R34) -> 3
A35: 8:00 à 8:30 | C35: =C18+C19 -> 0 | D35: =D18+D19 -> 1 | E35: =E18+E19 -> 0 | F35: =F18+F19 -> 0 | G35: =G18+G19 -> 0 | H35: =H18+H19 -> 1 | I35: =I18+I19 -> 0 | J35: =J18+J19 -> 0 | ... Z35: =Z18+Z19 -> 0 | AA35: =A35 -> 8:00 à 8:30 | AC35: =SUM(C35:Z35) -> 3 | AD35: =C35+E35+G35+I35+K35+M35+O35+Q35+S35+U35+W35+Y35 -> 0 | AE35: =E35+F35+I35+J35+M35+N35+Q35+R35+U35+V35+Y35+Z35 -> 0 | AF35: =E35+I35+M35+Q35+U35+Y35 -> 0 | AG35: =SUM(G35:N35)+SUM(S35:Z35) -> 2 | AH35: =SUM(C35:F35)+SUM(W35:Z35)+SUM(K35:R35) -> 1
A36: 8:30 à 9:00 | C36: =C20+C21 -> 1 | D36: =D20+D21 -> 0 | E36: =E20+E21 -> 0 | F36: =F20+F21 -> 0 | G36: =G20+G21 -> 0 | H36: =H20+H21 -> 2 | I36: =I20+I21 -> 0 | J36: =J20+J21 -> 0 | ... Z36: =Z20+Z21 -> 0 | AA36: =A36 -> 8:30 à 9:00 | AC36: =SUM(C36:Z36) -> 5 | AD36: =C36+E36+G36+I36+K36+M36+O36+Q36+S36+U36+W36+Y36 -> 1 | AE36: =E36+F36+I36+J36+M36+N36+Q36+R36+U36+V36+Y36+Z36 -> 1 | AF36: =E36+I36+M36+Q36+U36+Y36 -> 0 | AG36: =SUM(G36:N36)+SUM(S36:Z36) -> 4 | AH36: =SUM(C36:F36)+SUM(W36:Z36)+SUM(K36:R36) -> 1
A37: TOTAL | C37: =SUM(C12:C21) -> 2 | D37: =SUM(D12:D21) -> 1 | E37: =SUM(E12:E21) -> 2 | F37: =SUM(F12:F21) -> 0 | G37: =SUM(G12:G21) -> 1 | H37: =SUM(H12:H21) -> 5 | I37: =SUM(I12:I21) -> 0 | J37: =SUM(J12:J21) -> 1 | ... Z37: =SUM(Z12:Z21) -> 0 | AA37: TOTAL | AC37: =SUM(C37:Z37) -> 20 | AD37: =AD32+AD33+AD34+AD35+AD36 -> 5 | AE37: =AE32+AE34+AE36 -> 4 | AF37: =AF32+AF34+AF36 -> 2 | AG37: =AG32+AG34+AG36 -> 7 | AH37: =AH32+AH34+AH36 -> 5
AA38: 7:00 à 7:30 | AC38: =IF($AC$36=MAX($AC$32:$AC$36),AC36,IF($AC$35=MAX($AC$32:$AC$36),AC35,IF($AC$34=MAX($AC$32:$AC$36),AC34,IF($AC$33=MAX($AC$32:$AC$36),AC33,IF($AC$32=MAX($AC$32:$AC$36),AC32))))) -> 6 | AD38: =IF($AC$36=MAX($AC$32:$AC$36),AD36,IF($AC$35=MAX($AC$32:$AC$36),AD35,IF($AC$34=MAX($AC$32:$AC$36),AD34,IF($AC$33=MAX($AC$32:$AC$36),AD33,IF($AC$32=MAX($AC$32:$AC$36),AD32))))) -> 1 | AE38: =IF($AC$36=MAX($AC$32:$AC$36),AE36,IF($AC$35=MAX($AC$32:$AC$36),AE35,IF($AC$34=MAX($AC$32:$AC$36),AE34,IF($AC$33=MAX($AC$32:$AC$36),AE33,IF($AC$32=MAX($AC$32:$AC$36),AE32))))) -> 0 | AF38: =IF($AC$36=MAX($AC$32:$AC$36),AF36,IF($AC$35=MAX($AC$32:$AC$36),AF35,IF($AC$34=MAX($AC$32:$AC$36),AF34,IF($AC$33=MAX($AC$32:$AC$36),AF33,IF($AC$32=MAX($AC$32:$AC$36),AF32))))) -> 0 | AG38: =IF($AC$36=MAX($AC$32:$AC$36),AG36,IF($AC$35=MAX($AC$32:$AC$36),AG35,IF($AC$34=MAX($AC$32:$AC$36),AG34,IF($AC$33=MAX($AC$32:$AC$36),AG33,IF($AC$32=MAX($AC$32:$AC$36),AG32))))) -> 6 | AH38: =IF($AC$36=MAX($AC$32:$AC$36),AH36,IF($AC$35=MAX($AC$32:$AC$36),AH35,IF($AC$34=MAX($AC$32:$AC$36),AH34,IF($AC$33=MAX($AC$32:$AC$36),AH33,IF($AC$32=MAX($AC$32:$AC$36),AH32))))) -> 1
AC39: TOTAL | AD39: Part des VAE dans le total | AE39: Part des femmes dans le total | AF39: Part des VAE chez les femmes | AG39: =AG28 -> Cycles sur rte de Dessy | AH39: =AH28 -> Cycles sur rte des Digues
AA42: Période
AA43: =AA32 -> 6:30 à 7:00 | AC43: =AC32 -> 1 | AD43: =IF(AD32=0,0,AD32/AC32) -> 0 | AE43: =IF(AE32=0,0,AE32/AC32) -> 0 | AF43: =IF(AF32=0,0,AF32/AD32) -> 0 | AG43: =IF(AG32=0,0,AG32/AC32) -> 1 | AH43: =IF(AH32=0,0,AH32/AC32) -> 1
AA44: =AA33 -> 7:00 à 7:30 | AC44: =AC33 -> 6 | AD44: =IF(AD34=0,0,AD34/AC34) -> 0.6 | AE44: =IF(AE34=0,0,AE34/AC34) -> 0.6 | AF44: =IF(AF34=0,0,AF34/AD34) -> 0.66666667 | AG44: =IF(AG34=0,0,AG34/AC34) -> 0.4 | AH44: =IF(AH34=0,0,AH34/AC34) -> 0.6
AA45: =AA34 -> 7:30 à 8:00 | AC45: =AC34 -> 5 | AD45: =IF(AD34=0,0,AD34/AC34) -> 0.6 | AE45: =IF(AE34=0,0,AE34/AC34) -> 0.6 | AF45: =IF(AF34=0,0,AF34/AD34) -> 0.66666667 | AG45: =IF(AG34=0,0,AG34/AC34) -> 0.4 | AH45: =IF(AH34=0,0,AH34/AC34) -> 0.6
AA46: =AA35 -> 8:00 à 8:30 | AC46: =AC35 -> 3 | AD46: =IF(AD35=0,0,AD35/AC35) -> 0 | AE46: =IF(AE35=0,0,AE35/AC35) -> 0 | AF46: =IF(AF35=0,0,AF35/AD35) -> 0 | AG46: =IF(AG35=0,0,AG35/AC35) -> 0.66666667 | AH46: =IF(AH35=0,0,AH35/AC35) -> 0.33333333
AA47: =AA36 -> 8:30 à 9:00 | AC47: =AC36 -> 5 | AD47: =IF(AD36=0,0,AD36/AC36) -> 0.2 | AE47: =IF(AE36=0,0,AE36/AC36) -> 0.2 | AF47: =IF(AF36=0,0,AF36/AD36) -> 0 | AG47: =IF(AG36=0,0,AG36/AC36) -> 0.8 | AH47: =IF(AH36=0,0,AH36/AC36) -> 0.2
AA48: TOTAL | AC48: =SUM(AC43:AC47) -> 20 | AD48: =IF(AD37=0,0,AD37/AC37) -> 0.25 | AE48: =IF(AE37=0,0,AE37/AC37) -> 0.2 | AF48: =IF(AF37=0,0,AF37/AD37) -> 0.4 | AG48: =IF(AG37=0,0,AG37/AC37) -> 0.35 | AH48: =IF(AH37=0,0,AH37/AC37) -> 0.25
AA49: =AA38 -> 7:00 à 7:30 | AC49: =IF($AW$48=MAX($AW$48:$AW$52),AC43,IF($AW$49=MAX($AW$48:$AW$52),AC45,IF($AW$50=MAX($AW$48:$AW$52),AC46,IF($AW$51=MAX($AW$48:$AW$52),(AC46),AC47)))) -> 1 | AD49: =AD38/AC38 -> 0.16666667 | AE49: =AE38/AC38 -> 0 | AF49: =AF38/AC38 -> 0 | AG49: =AG38/AC38 -> 1 | AH49: =AH38/AC38 -> 0.16666667

Sheet BO_BORNE_TUCINGE
B1: Bonneville Franchissement du Borne Tucinge | G1: Date :
A2: Nom des personnes participant au comptage :
A3: Météo : | G3: Remarques :
A5: PRINCIPE D’UTILISATION : pour chaque intervalle de temps, comptabiliser VAE/vélo dans la colonne H/F
A6: Rajouter aussi en bas de la feuille si déplacement vélo sur trottoir et/ou si enfant
A7: Comptabiliser en bas de la grille si 2 roues hors vélo qui ne sont pas cochés dans la grille (trottinette, skate, ets)
C8: Pont du Borne
C9: Depuis Bonneville | G9: Depuis St Pierre
C10: H | E10: F | G10: H | I10: F
A11: Heure | B11: Minute | C11: VAE | D11: vélo | E11: VAE | F11: vélo | G11: VAE | H11: vélo | I11: VAE | J11: vélo
A12: 6 | B12: 30 – 45
B13: 45 - 59
A14: 7 | B14: 00 – 15 | J14: 1
B15: 15 – 30 | C15: 1 | D15: 2
B16: 30 – 45 | D16: 1
B17: 45 – 59
A18: 8 | B18: 00 – 15 | G18: 1
B19: 15 – 30 | G19: 1 | H19: 3 | J19: 1
B20: 30 – 45 | D20: 2 | E20: 1
A21: 9 | B21: 45 – 59 | C21: 1 | D21: 2 | F21: 1 | H21: 1 | J21: 1
A23: Vélo sur trottoir
A24: Enfant | E24: 4
A25: Vélo Spécial (Cargo/Carriole…) | E25: 1 vélo cargo
A26: 2 roues hors vélo (trottinette, skate...)
C28: =C8 -> Pont du Borne | M28: TOTAL | N28: Nombre de VAE dans le total | O28: Nombre de femmes dans le total | P28: Nombre de VAE chez les femmes | Q28: Cycles en direction de Bonneville | R28: Remarque
C29: =C9 -> Depuis Bonneville | G29: =G9 -> Depuis St Pierre
C30: H | E30: F | G30: H | I30: F
A31: Période | C31: VAE | D31: vélo | E31: VAE | F31: vélo | G31: VAE | H31: vélo | I31: VAE | J31: vélo | K31: Période
A32: 6:30 à 7:00 | C32: =SUM(C12:C13) -> 0 | D32: =SUM(D12:D13) -> 0 | E32: =SUM(E12:E13) -> 0 | F32: =SUM(F12:F13) -> 0 | G32: =SUM(G12:G13) -> 0 | H32: =SUM(H12:H13) -> 0 | I32: =SUM(I12:I13) -> 0 | J32: =SUM(J12:J13) -> 0 | K32: =A32 -> 6:30 à 7:00 | M32: =SUM(C32:J32) -> 0 | N32: =C32+E32+G32+I32 -> 0 | O32: =E32+F32+I32+J32 -> 0 | P32: =E32+I32 -> 0 | Q32: =SUM(G32:J32) -> 0
A33: 7:00 à 7:30 | C33: =SUM(C14:C15) -> 1 | D33: =SUM(D14:D15) -> 2 | E33: =SUM(E14:E15) -> 0 | F33: =SUM(F14:F15) -> 0 | G33: =SUM(G14:G15) -> 0 | H33: =SUM(H14:H15) -> 0 | I33: =SUM(I14:I15) -> 0 | J33: =SUM(J14:J15) -> 1 | K33: =A33 -> 7:00 à 7:30 | M33: =SUM(C33:J33) -> 4 | N33: =C33+E33+G33+I33 -> 1 | O33: =E33+F33+I33+J33 -> 1 | P33: =E33+I33 -> 0 | Q33: =SUM(G33:J33) -> 1 | R33: 2 enfants + 3 trotinnettes
A34: 7:30 à 8:00 | C34: =SUM(C16:C17) -> 0 | D34: =SUM(D16:D17) -> 1 | E34: =SUM(E16:E17) -> 0 | F34: =SUM(F16:F17) -> 0 | G34: =SUM(G16:G17) -> 0 | H34: =SUM(H16:H17) -> 0 | I34: =SUM(I16:I17) -> 0 | J34: =SUM(J16:J17) -> 0 | K34: =A34 -> 7:30 à 8:00 | M34: =SUM(C34:J34) -> 1 | N34: =C34+E34+G34+I34 -> 0 | O34: =E34+F34+I34+J34 -> 0 | P34: =E34+I34 -> 0 | Q34: =SUM(G34:J34) -> 0 | R34: 2 enfants + 3 trotinnettes
A35: 8:00 à 8:30 | C35: =SUM(C18:C19) -> 0 | D35: =SUM(D18:D19) -> 0 | E35: =SUM(E18:E19) -> 0 | F35: =SUM(F18:F19) -> 0 | G35: =SUM(G18:G19) -> 2 | H35: =SUM(H18:H19) -> 3 | I35: =SUM(I18:I19) -> 0 | J35: =SUM(J18:J19) -> 1 | K35: =A35 -> 8:00 à 8:30 | M35: =SUM(C35:J35) -> 6 | N35: =C35+E35+G35+I35 -> 2 | O35: =E35+F35+I35+J35 -> 1 | P35: =E35+I35 -> 0 | Q35: =SUM(G35:J35) -> 6
A36: 8:30 à 9:00 | C36: =SUM(C20:C21) -> 1 | D36: =SUM(D20:D21) -> 4 | E36: =SUM(E20:E21) -> 1 | F36: =SUM(F20:F21) -> 1 | G36: =SUM(G20:G21) -> 0 | H36: =SUM(H20:H21) -> 1 | I36: =SUM(I20:I21) -> 0 | J36: =SUM(J20:J21) -> 1 | K36: =A36 -> 8:30 à 9:00 | M36: =SUM(C36:J36) -> 9 | N36: =C36+E36+G36+I36 -> 2 | O36: =E36+F36+I36+J36 -> 3 | P36: =E36+I36 -> 1 | Q36: =SUM(G36:J36) -> 2 | R36: Mardi jour de marché peut expliquer le pic de fréquance de 8 à 9
A37: TOTAL | C37: =SUM(C12:C21) -> 2 | D37: =SUM(D12:D21) -> 7 | E37: =SUM(E12:E21) -> 1 | F37: =SUM(F12:F21) -> 1 | G37: =SUM(G12:G21) -> 2 | H37: =SUM(H12:H21) -> 4 | I37: =SUM(I12:I21) -> 0 | J37: =SUM(J12:J21) -> 3 | K37: TOTAL | M37: =SUM(C37:J37) -> 20 | N37: =N36+N35+N34+N33+N32 -> 5 | O37: =O36+O35+O34+O33+O32 -> 5 | P37: =P36+P35+P34+P33+P32 -> 1 | Q37: =Q36+Q34+Q32 -> 2 | R37: Beaucoup plus de piétons que de vélos
K38: =IF($M$36=MAX($M$32:$M$36),K36,IF($M$35=MAX($M$32:$M$36),K35,IF($M$34=MAX($M$32:$M$36),K34,IF($M$33=MAX($M$32:$M$36),K33,IF($M$32=MAX($M$32:$M$36),K32,K36))))) -> 8:30 à 9:00 | M38: =IF($M$36=MAX($M$32:$M$36),M36,IF($M$35=MAX($M$32:$M$36),M35,IF($M$34=MAX($M$32:$M$36),M34,IF($M$33=MAX($M$32:$M$36),M33,IF($M$32=MAX($M$32:$M$36),M32,M36))))) -> 9 | N38: =IF($M$36=MAX($M$32:$M$36),N36,IF($M$35=MAX($M$32:$M$36),N35,IF($M$34=MAX($M$32:$M$36),N34,IF($M$33=MAX($M$32:$M$36),N33,IF($M$32=MAX($M$32:$M$36),N32,N36))))) -> 2 | O38: =IF($M$36=MAX($M$32:$M$36),O36,IF($M$35=MAX($M$32:$M$36),O35,IF($M$34=MAX($M$32:$M$36),O34,IF($M$33=MAX($M$32:$M$36),O33,IF($M$32=MAX($M$32:$M$36),O32,O36))))) -> 3 | P38: =IF($M$36=MAX($M$32:$M$36),P36,IF($M$35=MAX($M$32:$M$36),P35,IF($M$34=MAX($M$32:$M$36),P34,IF($M$33=MAX($M$32:$M$36),P33,IF($M$32=MAX($M$32:$M$36),P32,P36))))) -> 1 | Q38: =IF($M$36=MAX($M$32:$M$36),Q36,IF($M$35=MAX($M$32:$M$36),Q35,IF($M$34=MAX($M$32:$M$36),Q34,IF($M$33=MAX($M$32:$M$36),Q33,IF($M$32=MAX($M$32:$M$36),Q32,Q36))))) -> 2
M39: TOTAL | N39: Part des VAE dans le total | O39: Part des femmes dans le total | P39: Part des VAE chez les femmes | Q39: =Q28 -> Cycles en direction de Bonneville | R39: Remarque
K42: Période
K43: =K32 -> 6:30 à 7:00 | N43: =IF(N32=0,0,N32/M32) -> 0 | O43: =IF(O32=0,0,O32/M32) -> 0 | P43: =IF(P32=0,0,P32/N32) -> 0 | Q43: =IF(Q32=0,0,Q32/M32) -> 0
K44: =K33 -> 7:00 à 7:30 | N44: =IF(N34=0,0,N34/M34) -> 0 | O44: =IF(O34=0,0,O34/M34) -> 0 | P44: =IF(P34=0,0,P34/N34) -> 0 | Q44: =IF(Q34=0,0,Q34/M34) -> 0
K45: =K34 -> 7:30 à 8:00 | N45: =IF(N34=0,0,N34/M34) -> 0 | O45: =IF(O34=0,0,O34/M34) -> 0 | P45: =IF(P34=0,0,P34/N34) -> 0 | Q45: =IF(Q34=0,0,Q34/M34) -> 0
K46: =K35 -> 8:00 à 8:30 | N46: =IF(N35=0,0,N35/M35) -> 0.33333333 | O46: =IF(O35=0,0,O35/M35) -> 0.16666667 | P46: =IF(P35=0,0,P35/N35) -> 0 | Q46: =IF(Q35=0,0,Q35/M35) -> 1
K47: =K36 -> 8:30 à 9:00 | N47: =IF(N36=0,0,N36/M36) -> 0.22222222 | O47: =IF(O36=0,0,O36/M36) -> 0.33333333 | P47: =IF(P36=0,0,P36/N36) -> 0.5 | Q47: =IF(Q36=0,0,Q36/M36) -> 0.22222222
K48: TOTAL | N48: =IF(N37=0,0,N37/M37) -> 0.25 | O48: =IF(O37=0,0,O37/M37) -> 0.25 | P48: =IF(P37=0,0,P37/N37) -> 0.2 | Q48: =IF(Q37=0,0,Q37/M37) -> 0.1
K49: =K38 -> 8:30 à 9:00 | M49: =IF($AW$50=MAX($AW$50:$AW$54),M43,IF($AW$51=MAX($AW$50:$AW$54),M45,IF($AW$52=MAX($AW$50:$AW$54),M46,IF($AW$53=MAX($AW$50:$AW$54),(M46),M47)))) -> 0 | N49: =IF($AW$50=MAX($AW$50:$AW$54),N43,IF($AW$51=MAX($AW$50:$AW$54),N45,IF($AW$52=MAX($AW$50:$AW$54),N46,IF($AW$53=MAX($AW$50:$AW$54),(N46),N47)))) -> 0 | O49: =O47 -> 0.33333333 | P49: =IF($AW$50=MAX($AW$50:$AW$54),P43,IF($AW$51=MAX($AW$50:$AW$54),P45,IF($AW$52=MAX($AW$50:$AW$54),P46,IF($AW$53=MAX($AW$50:$AW$54),(P46),P47)))) -> 0 | Q49: =IF($AW$50=MAX($AW$50:$AW$54),Q43,IF($AW$51=MAX($AW$50:$AW$54),Q45,IF($AW$52=MAX($AW$50:$AW$54),Q46,IF($AW$53=MAX($AW$50:$AW$54),(Q46),Q47)))) -> 0

Sheet ST_PI_BORNE_RD1203
B1: St Pierre Pont sur le Borne Principal - RD 1203 | X1: Date :
A2: Nom des personnes participant au comptage : | L2: côté La Roche | T2: côté Bonneville
A3: Météo : | P3: Remarques :
A5: PRINCIPE D’UTILISATION : pour chaque intervalle de temps, comptabiliser VAE/vélo dans la colonne H/F
A6: Rajouter aussi en bas de la feuille si déplacement vélo sur trottoir et/ou si enfant
A7: Comptabiliser en bas de la grille si 2 roues hors vélo qui ne sont pas cochés dans la grille (trottinette, skate, ets)
C9: De Stade vers | W9: De Bonneville vers | AQ9: De Prison vers
C10: B Bonneville | G10: P Prison | K10: T Tucinges | O10: R La Roche | S10: D Digues | W10: P Prison | AA10: T Tucinges | AE10: R La Roche | AI10: D Digues | AM10: S Stade | AQ10: T Tucinges | AU10: R La Roche | AY10: D Digues | BC10: S Stade | BG10: B Bonneville
C11: H | E11: F | G11: H | I11: F | K11: H | M11: F | O11: H | Q11: F | S11: H | U11: F | W11: H | Y11: F | AA11: H | AC11: F | AE11: H | AG11: F | AI11: H | AK11: F | AM11: H | AO11: F | AQ11: H | AS11: F | AU11: H | AW11: F | AY11: H | BA11: F | BC11: H | BE11: F | BG11: H | BI11: F
A12: H | B12: Minute | C12: VAE | D12: vélo | E12: VAE | F12: vélo | G12: VAE | H12: vélo | I12: VAE | J12: vélo | K12: VAE | L12: vélo | M12: VAE | N12: vélo | O12: VAE | P12: vélo | Q12: VAE | R12: vélo | S12: VAE | T12: vélo | U12: VAE | V12: vélo | W12: VAE | X12: vélo | Y12: VAE | Z12: vélo | AA12: VAE | AB12: vélo | AC12: VAE | AD12: vélo | AE12: VAE | AF12: vélo | AG12: VAE | AH12: vélo | AI12: VAE | AJ12: vélo | AK12: VAE | AL12: vélo | AM12: VAE | AN12: vélo | AO12: VAE | AP12: vélo | AQ12: VAE | AR12: vélo | AS12: VAE | AT12: vélo | AU12: VAE | AV12: vélo | AW12: VAE | AX12: vélo | AY12: VAE | AZ12: vélo | BA12: VAE | BB12: vélo | BC12: VAE | BD12: vélo | BE12: VAE | BF12: vélo | BG12: VAE | BH12: vélo | BI12: VAE | BJ12: vélo
A13: 6 | B13: 30 – 45 | AE13: 1 | AF13: 1 | AJ13: 1
B14: 45 - 59
A15: 7 | B15: 00 – 15 | AF15: 1 | AI15: 2 | AJ15: 1 | AK15: 1 | AY15: 1
B16: 15 – 30 | AB16: 1 | AJ16: 2
B17: 30 – 45 | AF17: 1 | AJ17: 1
B18: 45 – 59 | AF18: 1
A19: 8 | B19: 00 – 15 | BB19: 1
B20: 15 – 30 | K20: 1
B21: 30 – 45 | H21: 1 | BC21: 1
A22: 9 | B22: 45 – 59 | U22: 1
A24: Vélo sur trottoir | H24: 5 | Z24: 2 roues hors vélo
A25: Enfant | Z25: Vélo Spécial (Cargo/Carriole…) | AJ25: 1 en aller/retour Stade/Tucinges
B27: St Pierre Pont sur le Borne Principal - RD 1203 | X27: Date :
A28: Nom des personnes participant au comptage : | L28: côté La Roche | T28: côté Bonneville
A29: Météo : | P29: Remarques :
A31: Principe d'utilisation pour chaque intervalle de temps, Marquer une croix vélo ou VAE dans la colonne H ou F
A32: Et cocher en bas de la grille si déplacement sur trottoir et/ou si enfant et/ou si 2 roues hors vélo (trottinette, skate, ets)
C34: De Toisinges vers | W34: De La Roche vers | AQ34: De Digues vers
C35: R La Roche | G35: D Digues | K35: S Stade | O35: B Bonneville | S35: P Prison | W35: D Digues | AA35: S Stade | AE35: B Bonneville | AI35: P Prison | AM35: T Tucinges | AQ35: S Stade | AU35: B Bonneville | AY35: P Prison | BC35: T Tucinges | BG35: R La Roche
C36: H | E36: F | G36: H | I36: F | K36: H | M36: F | O36: H | Q36: F | S36: H | U36: F | W36: H | Y36: F | AA36: H | AC36: F | AE36: H | AG36: F | AI36: H | AK36: F | AM36: H | AO36: F | AQ36: H | AS36: F | AU36: H | AW36: F | AY36: H | BA36: F | BC36: H | BE36: F | BG36: H | BI36: F
A37: H | B37: Minute | C37: VAE | D37: vélo | E37: VAE | F37: vélo | G37: VAE | H37: vélo | I37: VAE | J37: vélo | K37: VAE | L37: vélo | M37: VAE | N37: vélo | O37: VAE | P37: vélo | Q37: VAE | R37: vélo | S37: VAE | T37: vélo | U37: VAE | V37: vélo | W37: VAE | X37: vélo | Y37: VAE | Z37: vélo | AA37: VAE | AB37: vélo | AC37: VAE | AD37: vélo | AE37: VAE | AF37: vélo | AG37: VAE | AH37: vélo | AI37: VAE | AJ37: vélo | AK37: VAE | AL37: vélo | AM37: VAE | AN37: vélo | AO37: VAE | AP37: vélo | AQ37: VAE | AR37: vélo | AS37: VAE | AT37: vélo | AU37: VAE | AV37: vélo | AW37: VAE | AX37: vélo | AY37: VAE | AZ37: vélo | BA37: VAE | BB37: vélo | BC37: VAE | BD37: vélo | BE37: VAE | BF37: vélo | BG37: VAE | BH37: vélo | BI37: VAE | BJ37: vélo
A38: 6 | B38: 30 – 45
B39: 45 - 59
A40: 7 | B40: 00 – 15 | F40: 1
B41: 15 – 30 | AF41: 1 | AP41: 1 | AR41: 1
B42: 30 – 45 | AB42: 1
B43: 45 – 59 | AW43: 2 | AX43: 1
A44: 8 | B44: 00 – 15
B45: 15 – 30 | N45: 1 | O45: 1 | AV45: 2
B46: 30 – 45 | AX46: 1 | BD46: 1
A47: 9 | B47: 45 – 59 | AV47: 1
A48: 9 | B48: 00 – 15
B49: 15 – 30
A51: Vélo sur trottoir | Z51: Vélo Spécial (Cargo/Carriole…)
A52: Enfant | Z52: 2 roues hors vélo (trottinette, skate...)
C58: De S Stade vers | W58: De B Bonneville vers | AQ58: De P Prison vers | BM58: TOTAL | BN58: Nombre de VAE dans le total | BO58: Nombre de femmes dans le total | BP58: Nombre de VAE chez les femmes | BQ58: Cycles en direction de Bonneville ou La Roche | BR58: sur piste cyclable des Digues | BS58: Remarque
C59: B Bonneville | G59: P Prison | K59: T Tucinges | O59: R La Roche | S59: D Digues | W59: P Prison | AA59: T Tucinges | AE59: R La Roche | AI59: D Digues | AM59: S Stade | AQ59: T Tucinges | AU59: R La Roche | AY59: D Digues | BC59: S Stade | BG59: B Bonneville
C60: H | E60: F | G60: H | I60: F | K60: H | M60: F | O60: H | Q60: F | S60: H | U60: F | W60: H | Y60: F | AA60: H | AC60: F | AE60: H | AG60: F | AI60: H | AK60: F | AM60: H | AO60: F | AQ60: H | AS60: F | AU60: H | AW60: F | AY60: H | BA60: F | BC60: H | BE60: F | BG60: H | BI60: F
A61: Période | C61: VAE | D61: vélo | E61: VAE | F61: vélo | G61: VAE | H61: vélo | I61: VAE | J61: vélo | K61: VAE | L61: vélo | M61: VAE | N61: vélo | O61: VAE | P61: vélo | Q61: VAE | R61: vélo | S61: VAE | T61: vélo | U61: VAE | V61: vélo | W61: VAE | X61: vélo | Y61: VAE | Z61: vélo | AA61: VAE | AB61: vélo | AC61: VAE | AD61: vélo | AE61: VAE | AF61: vélo | AG61: VAE | AH61: vélo | AI61: VAE | AJ61: vélo | AK61: VAE | AL61: vélo | AM61: VAE | AN61: vélo | AO61: VAE | AP61: vélo | AQ61: VAE | AR61: vélo | AS61: VAE | AT61: vélo | AU61: VAE | AV61: vélo | AW61: VAE | AX61: vélo | AY61: VAE | AZ61: vélo | BA61: VAE | BB61: vélo | BC61: VAE | BD61: vélo | BE61: VAE | BF61: vélo | BG61: VAE | BH61: vélo | BI61: VAE | BJ61: vélo | BK61: Période
A62: 6:30 à 7:00 | C62: =SUM(C13:C14) -> 0 | D62: =SUM(D13:D14) -> 0 | E62: =SUM(E13:E14) -> 0 | F62: =SUM(F13:F14) -> 0 | G62: =SUM(G13:G14) -> 0 | H62: =SUM(H13:H14) -> 0 | I62: =SUM(I13:I14) -> 0 | J62: =SUM(J13:J14) -> 0 | ... BJ62: =SUM(BJ13:BJ14) -> 0 | BK62: =A62 -> 6:30 à 7:00 | BM62: =SUM(C62:BJ62)+SUM(C73:BJ73) -> 3 | BN62: =C62+E62+G62+I62+K62+M62+O62+Q62+S62+U62+W62+Y62+AA62+AC62+AE62+AG62+AI62+AK62+AM62+AO62+AQ62+AS62+AU62+AW62+AY62+BA62+BC62+BE62+BG62+BI62+C73+E73+G73+I73+K73+M73+O73+Q73+S73+U73+W73+Y73+AA73+AC73+AE73+AG73+AI73+AK73+AM73+AO73+AQ73+AS73+AU73+AW73+AY73+BA73+BC73+BE73+BG73+BI73 -> 1 | BO62: =E62+F62+I62+J62+M62+N62+Q62+R62+U62+V62+Y62+Z62+AC62+AD62+AG62+AH62+AK62+AL62+AO62+AP62+AS62+AT62+AW62+AX62+BA62+BB62+BE62+BF62+BI62+BJ62+E73+F73+I73+J73+M73+N73+Q73+R73+U73+V73+Y73+Z73+AC73+AD73+AG73+AH73+AK73+AL73+AO73+AP73+AS73+AT73+AW73+AX73+BA73+BB73+BE73+BF73+BI73+BJ73 -> 0 | BP62: =E62+I62+M62+Q62+U62+Y62+AC62+AG62+AK62+AO62+AS62+AW62+BA62+BE62+BI62+E73+I73+M73+Q73+U73+Y73+AC73+AG73+AK73+AO73+AS73+AW73+BA73+BE73+BI73 -> 0 | BQ62: =C62+D62+E62+F62+O62+P62+Q62+R62++AE62+AF62+AG62+AH62+AU62+AV62+AW62+AX62+BG62+BH62+BI62+BJ62+C73+D73+E73+F73+O73+P73+Q73+R73+AE73+AF73+AG73+AH73+AU73+AV73+AW73+AX73+BG73+BH73+BI73+BJ73 -> 2 | BR62: =SUM(S62:V62)+SUM(AI62:AL62)+SUM(AY62:BB62)+SUM(G73:J73)+SUM(W73:Z73)+SUM(AQ73:BJ73) -> 1
A63: 7:00 à 7:30 | C63: =SUM(C15:C16) -> 0 | D63: =SUM(D15:D16) -> 0 | E63: =SUM(E15:E16) -> 0 | F63: =SUM(F15:F16) -> 0 | G63: =SUM(G15:G16) -> 0 | H63: =SUM(H15:H16) -> 0 | I63: =SUM(I15:I16) -> 0 | J63: =SUM(J15:J16) -> 0 | ... BJ63: =SUM(BJ15:BJ16) -> 0 | BK63: =A63 -> 7:00 à 7:30 | BM63: =SUM(C63:BJ63)+SUM(C73:BJ73) -> 9 | BN63: =C63+E63+G63+I63+K63+M63+O63+Q63+S63+U63+W63+Y63+AA63+AC63+AE63+AG63+AI63+AK63+AM63+AO63+AQ63+AS63+AU63+AW63+AY63+BA63+BC63+BE63+BG63+BI63+C73+E73+G73+I73+K73+M73+O73+Q73+S73+U73+W73+Y73+AA73+AC73+AE73+AG73+AI73+AK73+AM73+AO73+AQ73+AS73+AU73+AW73+AY73+BA73+BC73+BE73+BG73+BI73 -> 4 | BO63: =E63+F63+I63+J63+M63+N63+Q63+R63+U63+V63+Y63+Z63+AC63+AD63+AG63+AH63+AK63+AL63+AO63+AP63+AS63+AT63+AW63+AX63+BA63+BB63+BE63+BF63+BI63+BJ63+E73+F73+I73+J73+M73+N73+Q73+R73+U73+V73+Y73+Z73+AC73+AD73+AG73+AH73+AK73+AL73+AO73+AP73+AS73+AT73+AW73+AX73+BA73+BB73+BE73+BF73+BI73+BJ73 -> 1 | BP63: =E63+I63+M63+Q63+U63+Y63+AC63+AG63+AK63+AO63+AS63+AW63+BA63+BE63+BI63+E73+I73+M73+Q73+U73+Y73+AC73+AG73+AK73+AO73+AS73+AW73+BA73+BE73+BI73 -> 1 | BQ63: =C63+D63+E63+F63+O63+P63+Q63+R63++AE63+AF63+AG63+AH63+AU63+AV63+AW63+AX63+BG63+BH63+BI63+BJ63+C73+D73+E73+F73+O73+P73+Q73+R73+AE73+AF73+AG73+AH73+AU73+AV73+AW73+AX73+BG73+BH73+BI73+BJ73 -> 1 | BR63: =SUM(S63:V63)+SUM(AI63:AL63)+SUM(AY63:BB63)+SUM(G73:J73)+SUM(W73:Z73)+SUM(AQ73:BJ73) -> 7
A64: 7:30 à 8:00 | C64: =SUM(C17:C18) -> 0 | D64: =SUM(D17:D18) -> 0 | E64: =SUM(E17:E18) -> 0 | F64: =SUM(F17:F18) -> 0 | G64: =SUM(G17:G18) -> 0 | H64: =SUM(H17:H18) -> 0 | I64: =SUM(I17:I18) -> 0 | J64: =SUM(J17:J18) -> 0 | ... BJ64: =SUM(BJ17:BJ18) -> 0 | BK64: =A64 -> 7:30 à 8:00 | BM64: =SUM(C64:BJ64)+SUM(C75:BJ75) -> 7 | BN64: =C64+E64+G64+I64+K64+M64+O64+Q64+S64+U64+W64+Y64+AA64+AC64+AE64+AG64+AI64+AK64+AM64+AO64+AQ64+AS64+AU64+AW64+AY64+BA64+BC64+BE64+BG64+BI64+C75+E75+G75+I75+K75+M75+O75+Q75+S75+U75+W75+Y75+AA75+AC75+AE75+AG75+AI75+AK75+AM75+AO75+AQ75+AS75+AU75+AW75+AY75+BA75+BC75+BE75+BG75+BI75 -> 2 | BO64: =E64+F64+I64+J64+M64+N64+Q64+R64+U64+V64+Y64+Z64+AC64+AD64+AG64+AH64+AK64+AL64+AO64+AP64+AS64+AT64+AW64+AX64+BA64+BB64+BE64+BF64+BI64+BJ64+E75+F75+I75+J75+M75+N75+Q75+R75+U75+V75+Y75+Z75+AC75+AD75+AG75+AH75+AK75+AL75+AO75+AP75+AS75+AT75+AW75+AX75+BA75+BB75+BE75+BF75+BI75+BJ75 -> 3 | BP64: =E64+I64+M64+Q64+U64+Y64+AC64+AG64+AK64+AO64+AS64+AW64+BA64+BE64+BI64+E75+I75+M75+Q75+U75+Y75+AC75+AG75+AK75+AO75+AS75+AW75+BA75+BE75+BI75 -> 2 | BQ64: =C64+D64+E64+F64+O64+P64+Q64+R64++AE64+AF64+AG64+AH64+AU64+AV64+AW64+AX64+BG64+BH64+BI64+BJ64+C75+D75+E75+F75+O75+P75+Q75+R75+AE75+AF75+AG75+AH75+AU75+AV75+AW75+AX75+BG75+BH75+BI75+BJ75 -> 5 | BR64: =SUM(S64:V64)+SUM(AI64:AL64)+SUM(AY64:BB64)+SUM(G75:J75)+SUM(W75:Z75)+SUM(AQ75:BJ75) -> 4
A65: 8:00 à 8:30 | C65: =SUM(C19:C20) -> 0 | D65: =SUM(D19:D20) -> 0 | E65: =SUM(E19:E20) -> 0 | F65: =SUM(F19:F20) -> 0 | G65: =SUM(G19:G20) -> 0 | H65: =SUM(H19:H20) -> 0 | I65: =SUM(I19:I20) -> 0 | J65: =SUM(J19:J20) -> 0 | ... BJ65: =SUM(BJ19:BJ20) -> 0 | BK65: =A65 -> 8:00 à 8:30 | BM65: =SUM(C65:BJ65)+SUM(C76:BJ76) -> 6 | BN65: =C65+E65+G65+I65+K65+M65+O65+Q65+S65+U65+W65+Y65+AA65+AC65+AE65+AG65+AI65+AK65+AM65+AO65+AQ65+AS65+AU65+AW65+AY65+BA65+BC65+BE65+BG65+BI65+C76+E76+G76+I76+K76+M76+O76+Q76+S76+U76+W76+Y76+AA76+AC76+AE76+AG76+AI76+AK76+AM76+AO76+AQ76+AS76+AU76+AW76+AY76+BA76+BC76+BE76+BG76+BI76 -> 2 | BO65: =E65+F65+I65+J65+M65+N65+Q65+R65+U65+V65+Y65+Z65+AC65+AD65+AG65+AH65+AK65+AL65+AO65+AP65+AS65+AT65+AW65+AX65+BA65+BB65+BE65+BF65+BI65+BJ65+E76+F76+I76+J76+M76+N76+Q76+R76+U76+V76+Y76+Z76+AC76+AD76+AG76+AH76+AK76+AL76+AO76+AP76+AS76+AT76+AW76+AX76+BA76+BB76+BE76+BF76+BI76+BJ76 -> 2 | BP65: =E65+I65+M65+Q65+U65+Y65+AC65+AG65+AK65+AO65+AS65+AW65+BA65+BE65+BI65+E76+I76+M76+Q76+U76+Y76+AC76+AG76+AK76+AO76+AS76+AW76+BA76+BE76+BI76 -> 0 | BQ65: =C65+D65+E65+F65+O65+P65+Q65+R65++AE65+AF65+AG65+AH65+AU65+AV65+AW65+AX65+BG65+BH65+BI65+BJ65+C76+D76+E76+F76+O76+P76+Q76+R76+AE76+AF76+AG76+AH76+AU76+AV76+AW76+AX76+BG76+BH76+BI76+BJ76 -> 3 | BR65: =SUM(S65:V65)+SUM(AI65:AL65)+SUM(AY65:BB65)+SUM(G76:J76)+SUM(W76:Z76)+SUM(AQ76:BJ76) -> 3
A66: 8:30 à 9:00 | C66: =SUM(C21:C22) -> 0 | D66: =SUM(D21:D22) -> 0 | E66: =SUM(E21:E22) -> 0 | F66: =SUM(F21:F22) -> 0 | G66: =SUM(G21:G22) -> 0 | H66: =SUM(H21:H22) -> 1 | I66: =SUM(I21:I22) -> 0 | J66: =SUM(J21:J22) -> 0 | ... BJ66: =SUM(BJ21:BJ22) -> 0 | BK66: =A66 -> 8:30 à 9:00 | BM66: =SUM(C66:BJ66)+SUM(C77:BJ77) -> 6 | BN66: =C66+E66+G66+I66+K66+M66+O66+Q66+S66+U66+W66+Y66+AA66+AC66+AE66+AG66+AI66+AK66+AM66+AO66+AQ66+AS66+AU66+AW66+AY66+BA66+BC66+BE66+BG66+BI66+C77+E77+G77+I77+K77+M77+O77+Q77+S77+U77+W77+Y77+AA77+AC77+AE77+AG77+AI77+AK77+AM77+AO77+AQ77+AS77+AU77+AW77+AY77+BA77+BC77+BE77+BG77+BI77 -> 2 | BO66: =E66+F66+I66+J66+M66+N66+Q66+R66+U66+V66+Y66+Z66+AC66+AD66+AG66+AH66+AK66+AL66+AO66+AP66+AS66+AT66+AW66+AX66+BA66+BB66+BE66+BF66+BI66+BJ66+E77+F77+I77+J77+M77+N77+Q77+R77+U77+V77+Y77+Z77+AC77+AD77+AG77+AH77+AK77+AL77+AO77+AP77+AS77+AT77+AW77+AX77+BA77+BB77+BE77+BF77+BI77+BJ77 -> 2 | BP66: =E66+I66+M66+Q66+U66+Y66+AC66+AG66+AK66+AO66+AS66+AW66+BA66+BE66+BI66+E77+I77+M77+Q77+U77+Y77+AC77+AG77+AK77+AO77+AS77+AW77+BA77+BE77+BI77 -> 1 | BQ66: =C66+D66+E66+F66+O66+P66+Q66+R66++AE66+AF66+AG66+AH66+AU66+AV66+AW66+AX66+BG66+BH66+BI66+BJ66+C77+D77+E77+F77+O77+P77+Q77+R77+AE77+AF77+AG77+AH77+AU77+AV77+AW77+AX77+BG77+BH77+BI77+BJ77 -> 2 | BR66: =SUM(S66:V66)+SUM(AI66:AL66)+SUM(AY66:BB66)+SUM(G77:J77)+SUM(W77:Z77)+SUM(AQ77:BJ77) -> 4
A67: TOTAL | C67: =C62+C63+C64+C65+C66 -> 0 | D67: =D62+D63+D64+D65+D66 -> 0 | E67: =E62+E63+E64+E65+E66 -> 0 | F67: =F62+F63+F64+F65+F66 -> 0 | G67: =G62+G63+G64+G65+G66 -> 0 | H67: =H62+H63+H64+H65+H66 -> 1 | I67: =I62+I63+I64+I65+I66 -> 0 | J67: =J62+J63+J64+J65+J66 -> 0 | ... BJ67: =BJ62+BJ63+BJ64+BJ65+BJ66 -> 0 | BK67: TOTAL | BM67: =SUM(C67:BJ67)+SUM(C78:BJ78) -> 35 | BN67: =BN66+BN65+BN63+BN64+BN62 -> 11 | BO67: =BO66+BO65+BO63+BO64+BO62 -> 8 | BP67: =BP66+BP65+BP63+BP64+BP62 -> 4 | BQ67: =C67+D67+E67+F67+O67+P67+Q67+R67++AE67+AF67+AG67+AH67+AU67+AV67+AW67+AX67+BG67+BH67+BI67+BJ67+C78+D78+E78+F78+O78+P78+Q78+R78+AE78+AF78+AG78+AH78+AU78+AV78+AW78+AX78+BG78+BH78+BI78+BJ78 -> 15 | BR67: =BR62+BR64+BR66 -> 9
BK68: =IF($BM$62=MAX($BM$62:$BM$66),BK62,IF($BM$63=MAX($BM$62:$BM$66),BK63,IF($BM$64=MAX($BM$62:$BM$66),BK64,IF($BM$65=MAX($BM$62:$BM$66),BK65,IF($BM$66=MAX($BM$62:$BM$66),A66))))) -> 7:00 à 7:30 | BM68: =IF($BM$62=MAX($BM$62:$BM$66),BM62,IF($BM$63=MAX($BM$62:$BM$66),BM63,IF($BM$64=MAX($BM$62:$BM$66),BM64,IF($BM$65=MAX($BM$62:$BM$66),BM65,IF($BM$66=MAX($BM$62:$BM$66),C66))))) -> 9 | BN68: =IF($BM$62=MAX($BM$62:$BM$66),BN62,IF($BM$63=MAX($BM$62:$BM$66),BN63,IF($BM$64=MAX($BM$62:$BM$66),BN64,IF($BM$65=MAX($BM$62:$BM$66),BN65,IF($BM$66=MAX($BM$62:$BM$66),D66))))) -> 4 | BO68: =IF($BM$62=MAX($BM$62:$BM$66),BO62,IF($BM$63=MAX($BM$62:$BM$66),BO63,IF($BM$64=MAX($BM$62:$BM$66),BO64,IF($BM$65=MAX($BM$62:$BM$66),BO65,IF($BM$66=MAX($BM$62:$BM$66),E66))))) -> 1 | BP68: =IF($BM$62=MAX($BM$62:$BM$66),BP62,IF($BM$63=MAX($BM$62:$BM$66),BP63,IF($BM$64=MAX($BM$62:$BM$66),BP64,IF($BM$65=MAX($BM$62:$BM$66),BP65,IF($BM$66=MAX($BM$62:$BM$66),F66))))) -> 1 | BQ68: =IF($BM$62=MAX($BM$62:$BM$66),BQ62,IF($BM$63=MAX($BM$62:$BM$66),BQ63,IF($BM$64=MAX($BM$62:$BM$66),BQ64,IF($BM$65=MAX($BM$62:$BM$66),BQ65,IF($BM$66=MAX($BM$62:$BM$66),G66))))) -> 1 | BR68: =IF($BM$62=MAX($BM$62:$BM$66),BR62,IF($BM$63=MAX($BM$62:$BM$66),BR63,IF($BM$64=MAX($BM$62:$BM$66),BR64,IF($BM$65=MAX($BM$62:$BM$66),BR65,IF($BM$66=MAX($BM$62:$BM$66),H66))))) -> 7
C69: De T Toisinges vers | W69: De R La Roche vers | AQ69: De D Digues vers | BM69: TOTAL | BN69: Part des VAE dans le total | BO69: Part des femmes dans le total | BP69: Part des VAE chez les femmes | BQ69: =BQ58 -> Cycles en direction de Bonneville ou La Roche | BS69: Remarque
C70: R La Roche | G70: D Digues | K70: S Stade | O70: B Bonneville | S70: P Prison | W70: D Digues | AA70: S Stade | AE70: B Bonneville | AI70: P Prison | AM70: T Tucinges | AQ70: S Stade | AU70: B Bonneville | AY70: P Prison | BC70: T Tucinges | BG70: R La Roche
C71: H | E71: F | G71: H | I71: F | K71: H | M71: F | O71: H | Q71: F | S71: H | U71: F | W71: H | Y71: F | AA71: H | AC71: F | AE71: H | AG71: F | AI71: H | AK71: F | AM71: H | AO71: F | AQ71: H | AS71: F | AU71: H | AW71: F | AY71: H | BA71: F | BC71: H | BE71: F | BG71: H | BI71: F
A72: Période | C72: VAE | D72: vélo | E72: VAE | F72: vélo | G72: VAE | H72: vélo | I72: VAE | J72: vélo | K72: VAE | L72: vélo | M72: VAE | N72: vélo | O72: VAE | P72: vélo | Q72: VAE | R72: vélo | S72: VAE | T72: vélo | U72: VAE | V72: vélo | W72: VAE | X72: vélo | Y72: VAE | Z72: vélo | AA72: VAE | AB72: vélo | AC72: VAE | AD72: vélo | AE72: VAE | AF72: vélo | AG72: VAE | AH72: vélo | AI72: VAE | AJ72: vélo | AK72: VAE | AL72: vélo | AM72: VAE | AN72: vélo | AO72: VAE | AP72: vélo | AQ72: VAE | AR72: vélo | AS72: VAE | AT72: vélo | AU72: VAE | AV72: vélo | AW72: VAE | AX72: vélo | AY72: VAE | AZ72: vélo | BA72: VAE | BB72: vélo | BC72: VAE | BD72: vélo | BE72: VAE | BF72: vélo | BG72: VAE | BH72: vélo | BI72: VAE | BJ72: vélo | BK72: Période
A73: 6:30 à 7:00 | C73: =SUM(C38:C39) -> 0 | D73: =SUM(D38:D39) -> 0 | E73: =SUM(E38:E39) -> 0 | F73: =SUM(F38:F39) -> 0 | G73: =SUM(G38:G39) -> 0 | H73: =SUM(H38:H39) -> 0 | I73: =SUM(I38:I39) -> 0 | J73: =SUM(J38:J39) -> 0 | ... BJ73: =SUM(BJ38:BJ39) -> 0 | BK73: =A73 -> 6:30 à 7:00 | BN73: =IF(BN62=0,0,BN62/BM62) -> 0.33333333 | BO73: =IF(BO62=0,0,BO62/BM62) -> 0 | BP73: =IF(BP62=0,0,BP62/BN62) -> 0 | BQ73: =IF(BQ62=0,0,BQ62/BM62) -> 0.66666667
A74: 7:00 à 7:30 | C74: =SUM(C40:C41) -> 0 | D74: =SUM(D40:D41) -> 0 | E74: =SUM(E40:E41) -> 0 | F74: =SUM(F40:F41) -> 1 | G74: =SUM(G40:G41) -> 0 | H74: =SUM(H40:H41) -> 0 | I74: =SUM(I40:I41) -> 0 | J74: =SUM(J40:J41) -> 0 | ... BJ74: =SUM(BJ40:BJ41) -> 0 | BK74: =A74 -> 7:00 à 7:30 | BN74: =IF(BN63=0,0,BN63/BM63) -> 0.44444444 | BO74: =IF(BO63=0,0,BO63/BM63) -> 0.11111111 | BP74: =IF(BP63=0,0,BP63/BN63) -> 0.25 | BQ74: =IF(BQ63=0,0,BQ63/BM63) -> 0.11111111
A75: 7:30 à 8:00 | C75: =SUM(C42:C43) -> 0 | D75: =SUM(D42:D43) -> 0 | E75: =SUM(E42:E43) -> 0 | F75: =SUM(F42:F43) -> 0 | G75: =SUM(G42:G43) -> 0 | H75: =SUM(H42:H43) -> 0 | I75: =SUM(I42:I43) -> 0 | J75: =SUM(J42:J43) -> 0 | ... BJ75: =SUM(BJ42:BJ43) -> 0 | BK75: =A75 -> 7:30 à 8:00 | BN75: =IF(BN63=0,0,BN63/BM63) -> 0.44444444 | BO75: =IF(BO63=0,0,BO63/BM63) -> 0.11111111 | BP75: =IF(BP63=0,0,BP63/BN63) -> 0.25 | BQ75: =IF(BQ63=0,0,BQ63/BM63) -> 0.11111111
A76: 8:00 à 8:30 | C76: =SUM(C44:C45) -> 0 | D76: =SUM(D44:D45) -> 0 | E76: =SUM(E44:E45) -> 0 | F76: =SUM(F44:F45) -> 0 | G76: =SUM(G44:G45) -> 0 | H76: =SUM(H44:H45) -> 0 | I76: =SUM(I44:I45) -> 0 | J76: =SUM(J44:J45) -> 0 | ... BJ76: =SUM(BJ44:BJ45) -> 0 | BK76: =A76 -> 8:00 à 8:30 | BN76: =IF(BN64=0,0,BN64/BM64) -> 0.28571429 | BO76: =IF(BO64=0,0,BO64/BM64) -> 0.42857143 | BP76: =IF(BP64=0,0,BP64/BN64) -> 1 | BQ76: =IF(BQ64=0,0,BQ64/BM64) -> 0.71428571
A77: 8:30 à 9:00 | C77: =SUM(C46:C47) -> 0 | D77: =SUM(D46:D47) -> 0 | E77: =SUM(E46:E47) -> 0 | F77: =SUM(F46:F47) -> 0 | G77: =SUM(G46:G47) -> 0 | H77: =SUM(H46:H47) -> 0 | I77: =SUM(I46:I47) -> 0 | J77: =SUM(J46:J47) -> 0 | ... BJ77: =SUM(BJ46:BJ47) -> 0 | BK77: =A77 -> 8:30 à 9:00 | BN77: =IF(BN65=0,0,BN65/BM65) -> 0.33333333 | BO77: =IF(BO65=0,0,BO65/BM65) -> 0.33333333 | BP77: =IF(BP65=0,0,BP65/BN65) -> 0 | BQ77: =IF(BQ65=0,0,BQ65/BM65) -> 0.5
A78: TOTAL | C78: =C73+C74+C75+C76+C77 -> 0 | D78: =D73+D74+D75+D76+D77 -> 0 | E78: =E73+E74+E75+E76+E77 -> 0 | F78: =F73+F74+F75+F76+F77 -> 1 | G78: =G73+G74+G75+G76+G77 -> 0 | H78: =H73+H74+H75+H76+H77 -> 0 | I78: =I73+I74+I75+I76+I77 -> 0 | J78: =J73+J74+J75+J76+J77 -> 0 | ... BJ78: =BJ73+BJ74+BJ75+BJ76+BJ77 -> 0 | BK78: =A78 -> TOTAL | BN78: =IF(BN66=0,0,BN66/BM66) -> 0.33333333 | BO78: =IF(BO66=0,0,BO66/BM66) -> 0.33333333 | BP78: =IF(BP66=0,0,BP66/BN66) -> 0.5 | BQ78: =IF(BQ66=0,0,BQ66/BM66) -> 0.33333333
BK79: =BK68 -> 7:00 à 7:30 | BM79: =IF($BM$62=MAX($BM$62:$BM$67),BM73,IF($BM$64=MAX($BM$62:$BM$67),BM76,IF($BM$65=MAX($BM$62:$BM$67),BM77,IF($BM$66=MAX($BM$62:$BM$67),(BM77),BM78)))) -> 0 | BN79: =BN68/$BM$68 -> 0.44444444 | BO79: =BO68/$BM$68 -> 0.11111111 | BP79: =BP68/$BM$68 -> 0.11111111 | BQ79: =BQ68/$BM$68 -> 0.11111111

Sheet ST PI M BRICOLAGE
B1: St Pierre Mr Bricolage | G1: Date : | H1: REFAIRE LA FEUILLE BEAUCOUP DE TRAJETS ST PIERRE ZI et calculs reports faux
A2: Nom des personnes participant au comptage :
A3: Météo : | G3: Remarques :
A5: PRINCIPE D’UTILISATION : pour chaque intervalle de temps, comptabiliser VAE/vélo dans la colonne H/F
C6: PISTE CYCLABLE | K6: ROINT-POINT
C7: De La Roche vers Bonnevile | G7: De Bonneville vers La Roche | K7: De La Roche vers Bonnevile | O7: De Bonneville vers La Roche
C8: H | E8: F | G8: H | I8: F | K8: H | M8: F | O8: H | Q8: F
A9: H | B9: Minute | C9: VAE | D9: vélo | E9: VAE | F9: vélo | G9: VAE | H9: vélo | I9: VAE | J9: vélo | K9: VAE | L9: vélo | M9: VAE | N9: vélo | O9: VAE | P9: vélo | Q9: VAE | R9: vélo
A10: 6 | B10: 30 – 45 | G10: 1 | H10: 2
B11: 45 - 59 | H11: 2 | P11: 1
A12: 7 | B12: 00 – 15 | D12: 1 | H12: 1 | P12: 1 | Q12: 1
B13: 15 – 30 | D13: 1 | H13: 1 | L13: 1
B14: 30 – 45
B15: 45 – 59 | F15: 1 | P15: 1
A16: 8 | B16: 00 – 15 | H16: 1
B17: 15 – 30 | F17: 1 | H17: 1
B18: 30 – 45 | J18: 1
A19: 9 | B19: 45 – 59 | D19: 2 | F19: 1
K22: TOTAL | L22: Nombre de VAE dans le total | M22: Nombre de femmes dans le total | N22: Nombre de VAE chez les femmes | O22: Cycles en direction de Bonneville | P22: Remarque
C24: H | E24: F | G24: H | I24: F
A25: Période | C25: VAE | D25: vélo | E25: VAE | F25: vélo | G25: VAE | H25: vélo | I25: VAE | J25: vélo
A26: 6:30 à 7:00 | C26: =SUM(C10:C11)+SUM(K10:K11) -> 0 | D26: =SUM(D10:D11)+SUM(L10:L11) -> 0 | E26: =SUM(E10:E11)+SUM(M10:M11) -> 0 | F26: =SUM(F10:F11)+SUM(N10:N11) -> 0 | G26: =SUM(G10:G11)+SUM(O10:O11) -> 1 | H26: =SUM(H10:H11)+SUM(P10:P11) -> 5 | I26: =SUM(I10:I11)+SUM(Q10:Q11) -> 0 | J26: =SUM(J10:J11)+SUM(R10:R11) -> 0 | K26: =SUM(C26:J26) -> 6 | L26: =C26+E26+G26+I26 -> 1 | M26: =E26+F26+I26+J26 -> 0 | N26: =E26+I26 -> 0 | O26: =SUM(G26:J26) -> 6
A27: 7:00 à 7:30 | C27: =SUM(C12:C13)+SUM(K12:K13) -> 0 | D27: =SUM(D12:D13)+SUM(L12:L13) -> 3 | E27: =SUM(E12:E13)+SUM(M12:M13) -> 0 | F27: =SUM(F12:F13)+SUM(N12:N13) -> 0 | G27: =SUM(G12:G13)+SUM(O12:O13) -> 0 | H27: =SUM(H12:H13)+SUM(P12:P13) -> 3 | I27: =SUM(I12:I13)+SUM(Q12:Q13) -> 1 | J27: =SUM(J12:J13)+SUM(R12:R13) -> 0 | K27: =SUM(C27:J27) -> 7 | L27: =C27+E27+G27+I27 -> 1 | M27: =E27+F27+I27+J27 -> 1 | N27: =E27+I27 -> 1 | O27: =SUM(G27:J27) -> 4
A28: 7:30 à 8:00 | C28: =SUM(C14:C15)+SUM(K14:K15) -> 0 | D28: =SUM(D14:D15)+SUM(L14:L15) -> 0 | E28: =SUM(E14:E15)+SUM(M14:M15) -> 0 | F28: =SUM(F14:F15)+SUM(N14:N15) -> 1 | G28: =SUM(G14:G15)+SUM(O14:O15) -> 0 | H28: =SUM(H14:H15)+SUM(P14:P15) -> 1 | I28: =SUM(I14:I15)+SUM(Q14:Q15) -> 0 | J28: =SUM(J14:J15)+SUM(R14:R15) -> 0 | K28: =SUM(C28:J28) -> 2 | L28: =C28+E28+G28+I28 -> 0 | M28: =E28+F28+I28+J28 -> 1 | N28: =E28+I28 -> 0 | O28: =SUM(G28:J28) -> 1
A29: 8:00 à 8:30 | C29: =SUM(C16:C17)+SUM(K16:K17) -> 0 | D29: =SUM(D16:D17)+SUM(L16:L17) -> 0 | E29: =SUM(E16:E17)+SUM(M16:M17) -> 0 | F29: =SUM(F16:F17)+SUM(N16:N17) -> 1 | G29: =SUM(G16:G17)+SUM(O16:O17) -> 0 | H29: =SUM(H16:H17)+SUM(P16:P17) -> 2 | I29: =SUM(I16:I17)+SUM(Q16:Q17) -> 0 | J29: =SUM(J16:J17)+SUM(R16:R17) -> 0 | K29: =SUM(C29:J29) -> 3 | L29: =C29+E29+G29+I29 -> 0 | M29: =E29+F29+I29+J29 -> 1 | N29: =E29+I29 -> 0 | O29: =SUM(G29:J29) -> 2
A30: 8:30 à 9:00 | C30: =SUM(C18:C19)+SUM(K18:K19) -> 0 | D30: =SUM(D18:D19)+SUM(L18:L19) -> 2 | E30: =SUM(E18:E19)+SUM(M18:M19) -> 0 | F30: =SUM(F18:F19)+SUM(N18:N19) -> 1 | G30: =SUM(G18:G19)+SUM(O18:O19) -> 0 | H30: =SUM(H18:H19)+SUM(P18:P19) -> 0 | I30: =SUM(I18:I19)+SUM(Q18:Q19) -> 0 | J30: =SUM(J18:J19)+SUM(R18:R19) -> 1 | K30: =SUM(C30:J30) -> 4 | L30: =C30+E30+G30+I30 -> 0 | M30: =E30+F30+I30+J30 -> 2 | N30: =E30+I30 -> 0 | O30: =SUM(G30:J30) -> 1
A31: TOTAL | C31: =SUM(C26:C30) -> 0 | D31: =SUM(D26:D30) -> 5 | E31: =SUM(E26:E30) -> 0 | F31: =SUM(F26:F30) -> 3 | G31: =SUM(G26:G30) -> 1 | H31: =SUM(H26:H30) -> 11 | I31: =SUM(I26:I30) -> 1 | J31: =SUM(J26:J30) -> 1 | K31: =SUM(K26:K30) -> 22 | L31: =L30+L29+L28+L27+L26 -> 2 | M31: =M30+M29+M28+M27+M26 -> 5 | N31: =N30+N29+N28+N27+N26 -> 1 | O31: =O30+O28+O26 -> 8
K32: =IF($K$30=MAX($K$26:$K$30),K30,IF($K$29=MAX($K$26:$K$30),K29,IF($K$28=MAX($K$26:$K$30),K28,IF($K$27=MAX($K$26:$K$30),K27,IF($K$26=MAX($K$26:$K$30),K26,K30))))) -> 7 | L32: =IF($K$30=MAX($K$26:$K$30),L30,IF($K$29=MAX($K$26:$K$30),L29,IF($K$28=MAX($K$26:$K$30),L28,IF($K$27=MAX($K$26:$K$30),L27,IF($K$26=MAX($K$26:$K$30),L26,L30))))) -> 1 | M32: =IF($K$30=MAX($K$26:$K$30),M30,IF($K$29=MAX($K$26:$K$30),M29,IF($K$28=MAX($K$26:$K$30),M28,IF($K$27=MAX($K$26:$K$30),M27,IF($K$26=MAX($K$26:$K$30),M26,M30))))) -> 1 | N32: =IF($K$30=MAX($K$26:$K$30),N30,IF($K$29=MAX($K$26:$K$30),N29,IF($K$28=MAX($K$26:$K$30),N28,IF($K$27=MAX($K$26:$K$30),N27,IF($K$26=MAX($K$26:$K$30),N26,N30))))) -> 1 | O32: =IF($K$30=MAX($K$26:$K$30),O30,IF($K$29=MAX($K$26:$K$30),O29,IF($K$28=MAX($K$26:$K$30),O28,IF($K$27=MAX($K$26:$K$30),O27,IF($K$26=MAX($K$26:$K$30),O26,O30))))) -> 4
K33: TOTAL | L33: Part des VAE dans le total | M33: Part des femmes dans le total | N33: Part des VAE chez les femmes | O33: =O22 -> Cycles en direction de Bonneville | P33: Remarque
L37: =IF(L26=0,0,L26/K26) -> 0.16666667 | M37: =IF(M26=0,0,M26/K26) -> 0 | N37: =IF(N26=0,0,N26/L26) -> 0 | O37: =IF(O26=0,0,O26/K26) -> 1
L38: =IF(L28=0,0,L28/K28) -> 0 | M38: =IF(M28=0,0,M28/K28) -> 0.5 | N38: =IF(N28=0,0,N28/L28) -> 0 | O38: =IF(O28=0,0,O28/K28) -> 0.5
L39: =IF(L28=0,0,L28/K28) -> 0 | M39: =IF(M28=0,0,M28/K28) -> 0.5 | N39: =IF(N28=0,0,N28/L28) -> 0 | O39: =IF(O28=0,0,O28/K28) -> 0.5
L40: =IF(L29=0,0,L29/K29) -> 0 | M40: =IF(M29=0,0,M29/K29) -> 0.33333333 | N40: =IF(N29=0,0,N29/L29) -> 0 | O40: =IF(O29=0,0,O29/K29) -> 0.66666667
L41: =IF(L30=0,0,L30/K30) -> 0 | M41: =IF(M30=0,0,M30/K30) -> 0.5 | N41: =IF(N30=0,0,N30/L30) -> 0 | O41: =IF(O30=0,0,O30/K30) -> 0.25
L42: =IF(L31=0,0,L31/K31) -> 0.090909091 | M42: =IF(M31=0,0,M31/K31) -> 0.22727273 | N42: =IF(N31=0,0,N31/L31) -> 0.5 | O42: =IF(O31=0,0,O31/K31) -> 0.36363636
K43: =IF($AU$44=MAX($AU$44:$AU$48),K37,IF($AU$45=MAX($AU$44:$AU$48),K39,IF($AU$46=MAX($AU$44:$AU$48),K40,IF($AU$47=MAX($AU$44:$AU$48),(K40),K41)))) -> 0 | L43: =IF($AU$44=MAX($AU$44:$AU$48),L37,IF($AU$45=MAX($AU$44:$AU$48),L39,IF($AU$46=MAX($AU$44:$AU$48),L40,IF($AU$47=MAX($AU$44:$AU$48),(L40),L41)))) -> 0.16666667 | M43: =M41 -> 0.5 | N43: =IF($AU$44=MAX($AU$44:$AU$48),N37,IF($AU$45=MAX($AU$44:$AU$48),N39,IF($AU$46=MAX($AU$44:$AU$48),N40,IF($AU$47=MAX($AU$44:$AU$48),(N40),N41)))) -> 0 | O43: =IF($AU$44=MAX($AU$44:$AU$48),O37,IF($AU$45=MAX($AU$44:$AU$48),O39,IF($AU$46=MAX($AU$44:$AU$48),O40,IF($AU$47=MAX($AU$44:$AU$48),(O40),O41)))) -> 1

Sheet SYNTHESE
A1: SYNTHESE DES COMPTAGES 2022
A2: 31/05/22 Temps très nuageux, menaçant, fortes pluies l'après-midi | G2: 7h30 7h30
A4: SECTEUR "NATENV" | B4: Période comptée | D4: NB total de vélos | E4: Heure de pointe | G4: Nombre | H4: VAE / total | J4: Femmes / total
A5: COMMUNE Nom du carrefour | B5: Début | C5: Fin | E5: Nombre | F5: Heure | G5: de 830à830 à 9h7 | H5: % | I5: Nombre | J5: % | K5: Nombre
A6: =LA_RO_BIOCOOP!B1 -> La Roche Face Biocoop | B6: 6h30 | C6: 9h00 | D6: =LA_RO_BIOCOOP!AO44 -> 59 | E6: =LA_RO_BIOCOOP!AO45 -> 21 | F6: 7:30 à 8:00 | G6: =LA_RO_BIOCOOP!AO41+LA_RO_BIOCOOP!AO42 -> 37 | H6: =I6/D6 -> 0.47457627 | I6: =LA_RO_BIOCOOP!AP44 -> 28 | J6: =K6/D6 -> 0.33898305 | K6: =LA_RO_BIOCOOP!AQ44 -> 20
A7: =LA_RO_POSTE!B1 -> Rond Point La Poste | B7: 6h30 | C7: 9h00 | D7: =LA_RO_POSTE!BY42 -> 32 | E7: =LA_RO_POSTE!BY43 -> 16 | F7: =LA_RO_POSTE!BW43 -> 7:30 à 8:00 | G7: =LA_RO_POSTE!BY39+LA_RO_POSTE!BY40 -> 20 | H7: =I7/D7 -> 0.34375 | I7: =LA_RO_POSTE!BZ42 -> 11 | J7: =K7/D7 -> 0.1875 | K7: =LA_RO_POSTE!CA42 -> 6
A8: =LA_RO_ENILV!B1 -> La Roche Rond-Point ENILV - St Renan | B8: 6h30 | C8: 9h00 | D8: =LA_RO_ENILV!BA43 -> 21 | E8: =LA_RO_ENILV!BA44 -> 8 | F8: =LA_RO_ENILV!AY44 -> 8:00 à 8:30 | G8: =LA_RO_ENILV!BA40+LA_RO_ENILV!BA41 -> 14 | H8: =I8/D8 -> 0.19047619 | I8: =LA_RO_ENILV!BB43 -> 4 | J8: =K8/D8 -> 0.23809524 | K8: =LA_RO_ENILV!BC43 -> 5
A9: =LA_RO_SNCF!B1 -> La Roche Gare/Passage à niveau | B9: 6h30 | C9: 8h30 | D9: =LA_RO_SNCF!BA43 -> 55 | E9: 21 | F9: 7:30 à 8:30 | G9: =LA_RO_SNCF!BA40+LA_RO_SNCF!BA41 -> 32 | H9: =I9/D9 -> 0.32727273 | I9: =LA_RO_SNCF!BB43 -> 18 | J9: =K9/D9 -> 0.32727273 | K9: =LA_RO_SNCF!BC43 -> 18
A10: Amancy Sous-Terrain | B10: 6h30 | C10: 9h00 | D10: ='AMANCY SOUS TERRAIN'!U36 -> 15 | E10: ='AMANCY SOUS TERRAIN'!U37 -> 7 | F10: 8:00 à 8:30 | H10: =I10/D10 -> 0.2 | I10: ='AMANCY SOUS TERRAIN'!V36 -> 3 | K10: 0
A11: =ARENT_PAPETERIE!B1 -> Arenthon La Papeterie | B11: 6h30 | C11: 9h00 | D11: =ARENT_PAPETERIE!BA43 -> 6 | G11: =ARENT_PAPETERIE!BA40+ARENT_PAPETERIE!BA41 -> 4 | H11: =I11/D11 -> 0.33333333 | I11: =ARENT_PAPETERIE!BB43 -> 2 | J11: =K11/D11 -> 0.16666667 | K11: =ARENT_PAPETERIE!BC43 -> 1
A12: =ST_PI_BORNE_DESSY!B1 -> St Pierre en face Franchissement du Borne au 245 Rte des Gorges du Borne | B12: 6h30 | C12: 9h00 | D12: =ST_PI_BORNE_DESSY!AC37 -> 20 | E12: =ST_PI_BORNE_DESSY!AC38 -> 6 | F12: =ST_PI_BORNE_DESSY!AA38 -> 7:00 à 7:30 | G12: =ST_PI_BORNE_DESSY!AC34+ST_PI_BORNE_DESSY!AC35 -> 8 | H12: =I12/D12 -> 0.25 | I12: =ST_PI_BORNE_DESSY!AD37 -> 5 | J12: =K12/D12 -> 0.2 | K12: =ST_PI_BORNE_DESSY!AE37 -> 4
A13: =BO_BORNE_TUCINGE!B1 -> Bonneville Franchissement du Borne Tucinge | B13: 6h30 | C13: 9h00 | D13: =BO_BORNE_TUCINGE!M37 -> 20 | E13: =BO_BORNE_TUCINGE!M38 -> 9 | F13: =BO_BORNE_TUCINGE!K38 -> 8:30 à 9:00 | G13: =BO_BORNE_TUCINGE!M34+BO_BORNE_TUCINGE!M35 -> 7 | H13: =I13/D13 -> 0.25 | I13: =BO_BORNE_TUCINGE!N37 -> 5 | J13: =K13/D13 -> 0.25 | K13: =BO_BORNE_TUCINGE!O37 -> 5
A14: =ST_PI_BORNE_RD1203!B1 -> St Pierre Pont sur le Borne Principal - RD 1203 | B14: 6h30 | C14: 9h00 | D14: =ST_PI_BORNE_RD1203!BM67 -> 35 | E14: =ST_PI_BORNE_RD1203!BM68 -> 9 | F14: =ST_PI_BORNE_RD1203!BK68 -> 7:00 à 7:30 | G14: =ST_PI_BORNE_RD1203!BM64+ST_PI_BORNE_RD1203!BM65 -> 13 | H14: =I14/D14 -> 0.31428571 | I14: =ST_PI_BORNE_RD1203!BN67 -> 11 | J14: =K14/D14 -> 0.22857143 | K14: =ST_PI_BORNE_RD1203!BO67 -> 8
A15: ='ST PI M BRICOLAGE'!B1 -> St Pierre Mr Bricolage | B15: 6h30 | C15: 9h00 | D15: ='ST PI M BRICOLAGE'!K31 -> 22 | E15: ='ST PI M BRICOLAGE'!K32 -> 7 | F15: 7:00 à 7:30 | G15: 3 | H15: =I15/D15 -> 0.090909091 | I15: ='ST PI M BRICOLAGE'!L31 -> 2 | J15: =K15/D15 -> 0.22727273 | K15: ='ST PI M BRICOLAGE'!M31 -> 5
A17: TOTAL | D17: =SUM(D6:D16) -> 285 | E17: =SUM(E6:E16) -> 104 | G17: =SUM(G6:G16) -> 138 | H17: =I17/$D17 -> 0.3122807 | I17: =SUM(I6:I16) -> 89 | J17: =K17/$D17 -> 0.25263158 | K17: =SUM(K6:K16) -> 72
A19: 10 points de comptage
A20: points de comptage tenus par 11 bénévoles NATENV/La Fabrique à Biclou/PRET

Sheet 2020 2021 2022
A1: COMPTAGES VELO 2020/2021/2022 COMPARATIF
A2: nombre de point de comptage | D2: 7 | E2: 8 | F2: 10
A3: 2 nouveaux points 2022 en italique
A4: SECTEUR "NATENV" | B4: Période comptée | D4: 2020 | E4: 2021 | F4: 2022
A5: COMMUNE Nom du carrefour | B5: Début | C5: Fin
A6: La Roche Face Biocoop | B6: 6h30 | C6: 9h00 | D6: 31 | E6: 76 | F6: 59
A7: Rond Point La Poste | B7: 6h30 | C7: 9h00 | D7: 25 | E7: 45 | F7: 32
A8: La Roche Rond-Point ENILV | B8: 6h30 | C8: 9h00 | D8: 18 | E8: 16 | F8: 21
A9: La Roche Gare/Passage à niveau | B9: 6h30 | C9: 8h30 | E9: 56 | F9: 55
A10: Amancy Vozerier Sous-Terrain | B10: 6h30 | C10: 9h00 | F10: 15
A11: Arenthon La Papeterie | B11: 6h30 | C11: 9h00 | D11: 14 | E11: 13 | F11: 6
A12: St Pierre Franchissement du Borne Dessy | B12: 6h30 | C12: 9h00 | D12: 24 | E12: 24 | F12: 20
A13: Bonneville Franchissement du Borne Tucinge | B13: 6h30 | C13: 9h00 | D13: 29 | E13: 33 | F13: 20
A14: St Pierre Pont sur le Borne Principal - RD 1203 | B14: 6h30 | C14: 9h00 | D14: 27 | E14: 32 | F14: 35
A15: St Pierre Mr Bricolage | F15: 22
A16: TOTAL | D16: =SUM(D6:D15) -> 168 | E16: =SUM(E6:E15) -> 295 | F16: =SUM(F6:F15) -> 285
A17: TOTAL sans les nouveaux points 2022 | F17: =F6+F7+F8+F9+F11+F12+F13+F14 -> 248
A18: Comparatif 2022/2021 | F18: =F17/E16 -> 0.84067797
A19: TOTAL sans les nouveaux points 2021 | E19: =E6+E7+E8+E11+E12+E13+E14 -> 239 | F19: =F6+F7+F8+F11+F12+F13+F14 -> 193
A20: Comparatif 2022/2020 | F20: =F19/D16 -> 1.1488095
A21: Comparatif 2021/2020 | E21: =E19/D16 -> 1.422619
A23: SYNTHESE DES COMPTAGES DU 2022
G24: 7h30 7h30
A25: SECTEUR "NATENV" | B25: Période comptée | D25: NB total de vélos | E25: Heure de pointe | G25: Nombre | H25: VAE / total | J25: Femmes / total
A26: COMMUNE Nom du carrefour | B26: Début | C26: Fin | E26: Nombre | F26: Heure | G26: de 830à830 à 9h7 | H26: % | I26: Nombre | J26: % | K26: Nombre
A27: La Roche Face Biocoop | B27: 6h30 | C27: 9h00 | D27: 59 | E27: 21 | F27: 7:30 à 8:00 | G27: 37 | H27: 0.47457627 | I27: 28 | J27: 0.33898305 | K27: 20
A28: Rond Point La Poste | B28: 6h30 | C28: 9h00 | D28: 32 | E28: 16 | F28: 7:30 à 8:00 | G28: 20 | H28: 0.34375 | I28: 11 | J28: 0.1875 | K28: 6
A29: La Roche Rond-Point ENILV - St Renan | B29: 6h30 | C29: 9h00 | D29: 21 | E29: 8 | F29: 8:00 à 8:30 | G29: 14 | H29: 0.19047619 | I29: 4 | J29: 0.23809524 | K29: 5
A30: La Roche Gare/Passage à niveau | B30: 6h30 | C30: 8h30 | D30: 55 | E30: 21 | F30: 7:30 à 8:30 | G30: 32 | H30: 0.32727273 | I30: 18 | J30: 0.32727273 | K30: 18
A31: Amancy Sous-Terrain | B31: 6h30 | C31: 9h00 | D31: 15 | E31: 7 | F31: 8:00 à 8:30 | H31: 0.2 | I31: 3 | K31: 0
A32: Arenthon La Papeterie | B32: 6h30 | C32: 9h00 | D32: 6 | G32: 4 | H32: 0.33333333 | I32: 2 | J32: 0.16666667 | K32: 1
A33: St Pierre en face Franchissement du Borne au 245 Rte des Gorges du Borne | B33: 6h30 | C33: 9h00 | D33: 20 | E33: 6 | F33: 7:00 à 7:30 | G33: 8 | H33: 0.25 | I33: 5 | J33: 0.2 | K33: 4
A34: Bonneville Franchissement du Borne Tucinge | B34: 6h30 | C34: 9h00 | D34: 20 | E34: 9 | F34: 8:30 à 9:00 | G34: 7 | H34: 0.25 | I34: 5 | J34: 0.25 | K34: 5
A35: St Pierre Pont sur le Borne Principal - RD 1203 | B35: 6h30 | C35: 9h00 | D35: 35 | E35: 9 | F35: 7:00 à 7:30 | G35: 13 | H35: 0.31428571 | I35: 11 | J35: 0.22857143 | K35: 8
A36: St Pierre Mr Bricolage | B36: 6h30 | C36: 9h00 | D36: 22 | E36: 7 | F36: 7:00 à 7:30 | G36: 3 | H36: 0.090909091 | I36: 2 | J36: 0.22727273 | K36: 5
A38: TOTAL | D38: 285 | E38: 104 | F38: de 8:00 à 9:00 | G38: 138 | H38: 0.3122807 | I38: 89 | J38: 0.25263158 | K38: 72

Sheet 2020 2021
A1: COMPTAGES VELO 2020/2021 COMPARATIF
D2: 2021 | E2: 2020
A3: SECTEUR "NATENV" | B3: Période comptée | D3: NB total de vélos | G3: Heure de pointe | I3: Nombre | J3: VAE / total | L3: Femmes / total
A4: COMMUNE Nom du carrefour | B4: Début | C4: Fin | G4: Nombre | H4: Heure | I4: de 830à830 à 9h7 | J4: % | K4: Nombre | L4: % | M4: Nombre
A5: La Roche Face Biocoop | B5: 6h30 | C5: 9h00 | D5: 76 | E5: 31 | G5: 50 | H5: 8:00 9:00 | I5: 32 | J5: 0.22368421 | K5: 17 | L5: 0.36842105 | M5: 28
A6: Rond Point La Poste | B6: 6h30 | C6: 9h00 | D6: 45 | E6: 25 | G6: 15 | H6: 7:30 à 8:00 | I6: 27 | J6: 0.46666667 | K6: 21 | L6: 0.31111111 | M6: 14
A7: La Roche Rond-Point ENILV | B7: 6h30 | C7: 9h00 | D7: 16 | E7: 18 | G7: 6 | H7: 7:30 à 8:00 | I7: 7 | J7: 0.3125 | K7: 5 | L7: 0.1875 | M7: 3
D8: =SUM(D5:D7) -> 137 | E8: =SUM(E5:E7) -> 74 | F8: =D8/E8 -> 1.8513514
A9: La Roche Gare/Passage à niveau | B9: 6h30 | C9: 8h35 | D9: 56 | I9: 36 | J9: 0.21428571 | K9: 12 | L9: 0.17857143 | M9: 10
B10: 6h30 | C10: 9h00
A11: Arenthon La Papeterie | B11: 6h30 | C11: 9h00 | D11: 13 | E11: 14 | I11: 3 | J11: 0.53846154 | K11: 7 | L11: 0.46153846 | M11: 6
A12: St Pierre Franchissement du Borne Dessy | B12: 6h30 | C12: 9h00 | D12: 24 | E12: 24 | G12: 16 | H12: 7:00 à 7:30 | I12: 17 | J12: 0.29166667 | K12: 7 | L12: 0.29166667 | M12: 7
A13: Bonneville Franchissement du Borne Tucinge | B13: 6h30 | C13: 9h00 | D13: 33 | E13: 29 | G13: 14 | H13: 8:00 à 8:30 | I13: 15 | J13: 0 | K13: 0 | L13: 0.21212121 | M13: 7
A14: St Pierre Pont sur le Borne Principal - RD 1203 | B14: 6h30 | C14: 9h00 | D14: 32 | E14: 27 | G14: 10 | H14: 8:00 à 8:30 | I14: 17 | J14: 0.15625 | K14: 5 | L14: 0.375 | M14: 12
A15: TOTAL | D15: =SUM(D8:D14) -> 295 | E15: =SUM(E8:E14) -> 168 | G15: 111 | H15: de 8:00 à 9:00 | I15: 154 | J15: 0.25084746 | K15: 74 | L15: 0.29491525 | M15: 87
D16: =D15-D9 -> 239 | E16: =E15-E9 -> 168 | F16: =D16/E16 -> 1.422619
A17: 8 points de comptage
A18: points de comptage tenus par 9 bénévoles NATENV/La Fabrique à Biclou/PRET
A25: 2020
A26: SECTEUR "NATENV" | B26: Période comptée | D26: NB total de vélos | G26: Heure de pointe | I26: Nombre | J26: VAE / total | L26: Femmes / total
A27: COMMUNE Nom du carrefour | B27: Début | C27: Fin | G27: Nombre | H27: Heure | I27: de 8 à 9h | J27: % | K27: Nombre | L27: % | M27: Nombre
A28: La Roche Face Biocoop | B28: 6h30 | C28: 9h00 | D28: 31 | G28: 23 | H28: 7:30 à 8:30 | J28: 0.32 | L28: 0.32
A29: La Roche Rond-Point La Poste | B29: 6h30 | C29: 9h00 | D29: 25 | G29: 13 | H29: 7:30 à 8:30 | J29: 0.48 | L29: 0.36
A30: La Roche Rond-Point ENILV | B30: 6h30 | C30: 9h00 | D30: 18 | G30: 10 | H30: 8:00 à 9:00 | J30: 0.5 | L30: 0.17
A31: Arenthon La Papeterie RD19/TNA | B31: 6h30 | C31: 9h00 | D31: 14 | G31: 9 | H31: 8:00 à 9:00 | J31: 0.07 | L31: 0.07
A32: Scientrier Carrefour Pont de Bellecombe | B32: 6h30 | C32: 9h00 | D32: 6 | G32: 5 | H32: 7:30 à 8:30 | J32: 0 | L32: 0
A33: St Pierre Franchissement du Borne Dessy | B33: 6h30 | C33: 9h00 | D33: 24 | G33: 16 | H33: 8:00 à 9:00 | J33: 0.04 | L33: 0.21
A34: Bonneville Franchissement du Borne Tucinge | B34: 6h30 | C34: 9h00 | D34: 29 | G34: 21 | H34: 8:00 à 9:00 | J34: 0 | L34: 0.41
A35: St Pierre Pont sur le Borne Principal - RD 1203 | B35: 6h30 | C35: 9h00 | D35: 27 | G35: 17 | H35: 8:00 à 9:00 | J35: 0.26 | L35: 0.48
A36: Amancy Giratoire de la Coriandre- RD903 et 1203 | B36: 6h30 | C36: 9h00 | D36: 4 | G36: 2 | H36: de 7:00 à 8:00 | J36: 0.5 | L36: 0
D37: 178

Sheet DIFFUSION
A1: CICLABLE COMPTE
A2: COMPTAGES VELO 2020/2021/2022 COMPARATIF
D3: 2020 | E3: 2021 | F3: 2022
A4: SECTEUR "NATENV" | B4: Horaire comptage | D4: NB total de vélos | E4: NB total de vélos | F4: NB total de vélos
A5: COMMUNE Nom du point de comptage | B5: Début | C5: Fin
A6: La Roche Face Biocoop | B6: 6h30 | C6: 9h00 | D6: 31 | E6: 76 | F6: 59
A7: Rond Point La Poste | B7: 6h30 | C7: 9h00 | D7: 25 | E7: 45 | F7: 32
A8: La Roche Rond-Point ENILV - St Renan | B8: 6h30 | C8: 9h00 | D8: 18 | E8: 16 | F8: 21
A9: 2021 La Roche Gare/Passage à niveau | B9: 6h30 | C9: 8h35 | E9: 56 | F9: 55
D10: =SUM(D6:D8) -> 74 | E10: =SUM(E6:E8) -> 137 | F10: =SUM(F6:F9) -> 167
A12: 2022 Amancy Vozerier | F12: 15
A13: Arenthon La Papeterie | B13: 6h30 | C13: 9h00 | D13: 14 | E13: 13 | F13: 6
A15: St Pierre Franchissement du Borne Dessy | B15: 6h30 | C15: 9h00 | D15: 24 | E15: 24 | F15: 20
A16: Bonneville Franchissement du Borne Tucinge | B16: 6h30 | C16: 9h00 | D16: 29 | E16: 33 | F16: 20
A17: St Pierre Pont sur le Borne Principal - RD 1203 | B17: 6h30 | C17: 9h00 | D17: 27 | E17: 32 | F17: 35
A18: 2022 St Pierre Mr Bricolage | B18: 6h30 | C18: 9h00 | F18: 22
D19: =SUM(D13:D18) -> 94 | E19: =SUM(E13:E18) -> 102 | F19: =SUM(F15:F18) -> 97
A21: TOTAL | D21: =D19+D10 -> 168 | E21: =E19+E10 -> 239 | F21: =F19+F10 -> 264
A23: 2020 16 juin - Grand beau – 7 points de comptage tenus par 10 bénévoles NATENV/La Fabrique à Biclou
A24: 2021 1er juin - Grand beau – 8 points de comptage tenus par 9 bénévoles NATENV/La Fabrique à Biclou/PRET
A25: 2022 31 mai - Temps menaçant – 10 points de comptage tenus par 11 bénévoles NATENV/La Fabrique à Biclou/PRET
