Workbook

Sheet LA_RO_BIOCOOP
A1: Lieu : | B1: La Roche Face Biocoop | P1: Date : | Q1: 45440
A2: Nom des personnes participant au comptage : | K2: Sylvianne
A3: Météo : | C3: bonne | P3: Remarques :
A5: PRINCIPE D’UTILISATION : pour chaque intervalle de temps, comptabiliser VAE/vélo dans la colonne H/F
A6: Rajouter aussi en bas de la feuille si déplacement vélo sur trottoir et/ou si enfant
A7: Comptabiliser en bas de la grille si 2 roues hors vélo qui ne sont pas cochés dans la grille (trottinette, skate, ets)
C9: De La Gare (Fg St Bernard) vers | O9: Du Pont du Foron vers | AA9: Du Rd Point La Poste vers
C10: Rd Pt Poste | G10: Rue Perrine | K10: Pont du Foron | O10: Rue Perrine | S10: Rd Pt Poste | W10: La Gare | AA10: Rue Perrine | AE10: Pont du Foron | AI10: La Gare
C11: H | E11: F | G11: H | I11: F | K11: H | M11: F | O11: H | Q11: F | S11: H | U11: F | W11: H | Y11: F | AA11: H | AC11: F | AE11: H | AG11: F | AI11: H | AK11: F
A12: Période | C12: VAE | D12: vélo | E12: VAE | F12: vélo | G12: VAE | H12: vélo | I12: VAE | J12: vélo | K12: VAE | L12: vélo | M12: VAE | N12: vélo | O12: VAE | P12: vélo | Q12: VAE | R12: vélo | S12: VAE | T12: vélo | U12: VAE | V12: vélo | W12: VAE | X12: vélo | Y12: VAE | Z12: vélo | AA12: VAE | AB12: vélo | AC12: VAE | AD12: vélo | AE12: VAE | AF12: vélo | AG12: VAE | AH12: vélo | AI12: VAE | AJ12: vélo | AK12: VAE | AL12: vélo
A13: 0.27083333 | B13: 0.29166667 | L13: 1 | T13: 1 | U13: 1 | V13: 1 | W13: 1 | Z13: 1 | AI13: 1 | AM13: =SUM(C13:AL13) -> 7
A14: 0.29166667 | B14: 0.3125 | F14: 1 | M14: 1 | T14: 4 | U14: 1 | W14: 1 | X14: 5 | Y14: 1 | AG14: 1 | AI14: 1 | AJ14: 2 | AM14: =SUM(C14:AL14) -> 18
A15: 0.3125 | B15: 0.33333333 | N15: 1 | R15: 1 | T15: 2 | U15: 1 | W15: 4 | X15: 1 | Y15: 3 | AH15: 1 | AI15: 1 | AJ15: 1 | AM15: =SUM(C15:AL15) -> 16
A16: 0.33333333 | B16: 0.35416667 | M16: 1 | T16: 2 | V16: 1 | W16: 2 | X16: 2 | Y16: 1 | Z16: 1 | AD16: 1 | AE16: 1 | AH16: 1 | AI16: 2 | AL16: 1 | AM16: =SUM(C16:AL16) -> 16
A17: 0.35416667 | B17: 0.375 | L17: 2 | Q17: 1 | R17: 2 | X17: 1 | AI17: 1 | AM17: =SUM(C17:AL17) -> 7
AM18: =SUM(C18:AL18) -> 0
A19: 8 | B19: dont Enfant | E19: 8
A20: 2 | B20: Dont vélo sur trottoir | G20: 2
A21: 5 | B21: dont Cyclo sportifs | G21: 5
A22: 25 | B22: hors grille, plus 2 roues hors vélo (trottinette, skate...) | P22: 25
C26: =C9 -> De La Gare (Fg St Bernard) vers | O26: =O9 -> Du Pont du Foron vers | AA26: =AA9 -> Du Rd Point La Poste vers | AO26: TOTAL | AP26: Nombre de VAE dans le total | AQ26: Nombre de femmes dans le total | AR26: Nombre de VAE chez les femmes | AX26: Nombre de VAE chez les femmes | AY26: Cycles direc La Gare
C27: =C10 -> Rd Pt Poste | G27: =G10 -> Rue Perrine | K27: =K10 -> Pont du Foron | O27: =O10 -> Rue Perrine | S27: =S10 -> Rd Pt Poste | W27: =W10 -> La Gare | AA27: =AA10 -> Rue Perrine | AE27: =AE10 -> Pont du Foron | AI27: =AI10 -> La Gare
C28: H | E28: F | G28: H | I28: F | K28: H | M28: F | O28: H | Q28: F | S28: H | U28: F | W28: H | Y28: F | AA28: H | AC28: F | AE28: H | AG28: F | AI28: H | AK28: F
A29: Période | C29: VAE | D29: vélo | E29: VAE | F29: vélo | G29: VAE | H29: vélo | I29: VAE | J29: vélo | K29: VAE | L29: vélo | M29: VAE | N29: vélo | O29: VAE | P29: vélo | Q29: VAE | R29: vélo | S29: VAE | T29: vélo | U29: VAE | V29: vélo | W29: VAE | X29: vélo | Y29: VAE | Z29: vélo | AA29: VAE | AB29: vélo | AC29: VAE | AD29: vélo | AE29: VAE | AF29: vélo | AG29: VAE | AH29: vélo | AI29: VAE | AJ29: vélo | AK29: VAE | AL29: vélo | AM29: Période | AS29: plus trotinette skate | AT29: dont enfant | AU29: vélo sur trottoir | AV29: dont cyclo
A30: 6:30 à 7:00 | C30: =+C13 -> 0 | D30: =+D13 -> 0 | E30: =+E13 -> 0 | F30: =+F13 -> 0 | G30: =+G13 -> 0 | H30: =+H13 -> 0 | I30: =+I13 -> 0 | J30: =+J13 -> 0 | ... AL30: =+AL13 -> 0 | AM30: 6:30 à 7:00 | AO30: =SUM(C30:AL30) -> 7 | AP30: =C30+E30+G30+I30+K30+M30+O30+Q30+S30+U30+W30+Y30+AA30+AC30+AE30+AG30+AI30+AK30 -> 3 | AQ30: =E30+F30+I30+J30+M30+N30+Q30+R30+U30+V30+Y30+Z30+AC30+AD30+AG30+AH30+AK30+AL30 -> 3 | AR30: =E30+I30+M30+Q30+U30+Y30+AC30+AG30+AK30 -> 1 | AX30: =E30+I30+M30+Q30+U30+Y30+AC30+AG30+AK30 -> 1 | AY30: =SUM(C30:N30)+SUM(W30:Z30)+SUM(AI30:AL30) -> 4
A31: 7:00 à 7:30 | C31: =+C14 -> 0 | D31: =+D14 -> 0 | E31: =+E14 -> 0 | F31: =+F14 -> 1 | G31: =+G14 -> 0 | H31: =+H14 -> 0 | I31: =+I14 -> 0 | J31: =+J14 -> 0 | ... AL31: =+AL14 -> 0 | AM31: 7:00 à 7:30 | AO31: =SUM(C31:AL31) -> 18 | AP31: =C31+E31+G31+I31+K31+M31+O31+Q31+S31+U31+W31+Y31+AA31+AC31+AE31+AG31+AI31+AK31 -> 6 | AQ31: =E31+F31+I31+J31+M31+N31+Q31+R31+U31+V31+Y31+Z31+AC31+AD31+AG31+AH31+AK31+AL31 -> 5 | AR31: =E31+I31+M31+Q31+U31+Y31+AC31+AG31+AK31 -> 4 | AX31: =E31+I31+M31+Q31+U31+Y31+AC31+AG31+AK31 -> 4 | AY31: =SUM(C31:N31)+SUM(W31:Z31)+SUM(AI31:AL31) -> 12
A32: 7:30 à 8:00 | C32: =+C15 -> 0 | D32: =+D15 -> 0 | E32: =+E15 -> 0 | F32: =+F15 -> 0 | G32: =+G15 -> 0 | H32: =+H15 -> 0 | I32: =+I15 -> 0 | J32: =+J15 -> 0 | ... AL32: =+AL15 -> 0 | AM32: 7:30 à 8:00 | AO32: =SUM(C32:AL32) -> 16 | AP32: =C32+E32+G32+I32+K32+M32+O32+Q32+S32+U32+W32+Y32+AA32+AC32+AE32+AG32+AI32+AK32 -> 9 | AQ32: =E32+F32+I32+J32+M32+N32+Q32+R32+U32+V32+Y32+Z32+AC32+AD32+AG32+AH32+AK32+AL32 -> 7 | AR32: =E32+I32+M32+Q32+U32+Y32+AC32+AG32+AK32 -> 4 | AX32: =E32+I32+M32+Q32+U32+Y32+AC32+AG32+AK32 -> 4 | AY32: =SUM(C32:N32)+SUM(W32:Z32)+SUM(AI32:AL32) -> 11
A33: 8:00 à 8:30 | C33: =+C16 -> 0 | D33: =+D16 -> 0 | E33: =+E16 -> 0 | F33: =+F16 -> 0 | G33: =+G16 -> 0 | H33: =+H16 -> 0 | I33: =+I16 -> 0 | J33: =+J16 -> 0 | ... AL33: =+AL16 -> 1 | AM33: 8:00 à 8:30 | AO33: =SUM(C33:AL33) -> 16 | AP33: =C33+E33+G33+I33+K33+M33+O33+Q33+S33+U33+W33+Y33+AA33+AC33+AE33+AG33+AI33+AK33 -> 7 | AQ33: =E33+F33+I33+J33+M33+N33+Q33+R33+U33+V33+Y33+Z33+AC33+AD33+AG33+AH33+AK33+AL33 -> 7 | AR33: =E33+I33+M33+Q33+U33+Y33+AC33+AG33+AK33 -> 2 | AX33: =E33+I33+M33+Q33+U33+Y33+AC33+AG33+AK33 -> 2 | AY33: =SUM(C33:N33)+SUM(W33:Z33)+SUM(AI33:AL33) -> 10
A34: 8:30 à 9:00 | C34: =+C17 -> 0 | D34: =+D17 -> 0 | E34: =+E17 -> 0 | F34: =+F17 -> 0 | G34: =+G17 -> 0 | H34: =+H17 -> 0 | I34: =+I17 -> 0 | J34: =+J17 -> 0 | ... AL34: =+AL17 -> 0 | AM34: 8:30 à 9:00 | AO34: =SUM(C34:AL34) -> 7 | AP34: =C34+E34+G34+I34+K34+M34+O34+Q34+S34+U34+W34+Y34+AA34+AC34+AE34+AG34+AI34+AK34 -> 2 | AQ34: =E34+F34+I34+J34+M34+N34+Q34+R34+U34+V34+Y34+Z34+AC34+AD34+AG34+AH34+AK34+AL34 -> 3 | AR34: =E34+I34+M34+Q34+U34+Y34+AC34+AG34+AK34 -> 1 | AX34: =E34+I34+M34+Q34+U34+Y34+AC34+AG34+AK34 -> 1 | AY34: =SUM(C34:N34)+SUM(W34:Z34)+SUM(AI34:AL34) -> 4
A35: TOTAL | C35: =+C18 -> 0 | D35: =+D18 -> 0 | E35: =+E18 -> 0 | F35: =+F18 -> 0 | G35: =+G18 -> 0 | H35: =+H18 -> 0 | I35: =+I18 -> 0 | J35: =+J18 -> 0 | ... AL35: =+AL18 -> 0 | AM35: TOTAL | AO35: =SUM(AO30:AO34) -> 64 | AP35: =SUM(AP30:AP34) -> 27 | AQ35: =SUM(AQ30:AQ34) -> 25 | AR35: =SUM(AR30:AR34) -> 12 | AS35: =A22 -> 25 | AT35: =A19 -> 8 | AU35: =A20 -> 2 | AV35: =A21 -> 5 | AX35: =E35+I35+M35+Q35+U35+Y35+AC35+AG35+AK35 -> 0 | AY35: =SUM(C35:N35)+SUM(W35:Z35)+SUM(AI35:AL35) -> 0
AL36: H POINTE | AM36: =AM31 -> 7:00 à 7:30 | AO36: =AO31 -> 18
AL37: H POINTE | AM37: =AM32 -> 7:30 à 8:00 | AO37: =AO32 -> 16
AM38: Total H pointe | AO38: =SUM(AO36:AO37) -> 34
AM39: =IF(AO30=MAX($AO$30:$AO$35),AM30,IF(AO31=MAX($AO$30:$AO$35),AM31,IF(AO32=MAX($AO$30:$AO$35),AM32,IF(AO33=MAX($AO$30:$AO$35),AM33,IF(AO34=MAX($AO$30:$AO$35),AM34,AM33))))) -> 8:00 à 8:30 | AO39: =IF(AQ30=MAX($AO$30:$AO$35),AO30,IF(AQ31=MAX($AO$30:$AO$35),AO31,IF(AQ32=MAX($AO$30:$AO$35),AO32,IF(AQ33=MAX($AO$30:$AO$35),AO33,IF(AQ34=MAX($AO$30:$AO$35),AO34,AO33))))) -> 16 | AP39: =IF(AT30=MAX($AO$30:$AO$35),AP30,IF(AT31=MAX($AO$30:$AO$35),AP31,IF(AT32=MAX($AO$30:$AO$35),AP32,IF(AT33=MAX($AO$30:$AO$35),AP33,IF(AT34=MAX($AO$30:$AO$35),AP34,AP33))))) -> 7 | AQ39: =IF(AU30=MAX($AO$30:$AO$35),AQ30,IF(AU31=MAX($AO$30:$AO$35),AQ31,IF(AU32=MAX($AO$30:$AO$35),AQ32,IF(AU33=MAX($AO$30:$AO$35),AQ33,IF(AU34=MAX($AO$30:$AO$35),AQ34,AQ33))))) -> 7 | AR39: =IF(AV30=MAX($AO$30:$AO$35),AR30,IF(AV31=MAX($AO$30:$AO$35),AR31,IF(AV32=MAX($AO$30:$AO$35),AR32,IF(AV33=MAX($AO$30:$AO$35),AR33,IF(AV34=MAX($AO$30:$AO$35),AR34,AR33))))) -> 2
AO40: TOTAL | AP40: Part des VAE dans le total | AQ40: Part des femmes dans le total | AR40: Part des VAE chez les femmes
AM43: Période
AM44: =AM30 -> 6:30 à 7:00 | AP44: =IF(AP31=0,0,AP31/AO31) -> 0.33333333 | AQ44: =IF(AQ31=0,0,AQ31/AO31) -> 0.27777778 | AR44: =IF(AT31=0,0,AT31/AP31) -> 0
AM45: =AM31 -> 7:00 à 7:30 | AP45: =IF(AP31=0,0,AP31/AO31) -> 0.33333333 | AQ45: =IF(AQ31=0,0,AQ31/AO31) -> 0.27777778 | AR45: =IF(AT31=0,0,AT31/AP31) -> 0
AM46: =AM32 -> 7:30 à 8:00 | AP46: =IF(AP32=0,0,AP32/AO32) -> 0.5625 | AQ46: =IF(AQ32=0,0,AQ32/AO32) -> 0.4375 | AR46: =IF(AT32=0,0,AT32/AP32) -> 0
AM47: =AM33 -> 8:00 à 8:30 | AP47: =IF(AP33=0,0,AP33/AO33) -> 0.4375 | AQ47: =IF(AQ33=0,0,AQ33/AO33) -> 0.4375 | AR47: =IF(AT33=0,0,AT33/AP33) -> 0
AM48: TOTAL | AP48: =IF(AP35=0,0,AP35/AO35) -> 0.421875 | AQ48: =IF(AQ35=0,0,AQ35/AO35) -> 0.390625 | AR48: =IF(AT35=0,0,AT35/AP35) -> 0.2962963
AM49: =AM39 -> 8:00 à 8:30 | AP49: =AP39/$AC$44 -> #DIV/0! | AQ49: =AQ39/$AC$44 -> #DIV/0! | AR49: =AT39/$AC$44 -> #DIV/0!

Sheet LA_RO_POSTE
B1: Rond Point La Poste | O1: Date :
A2: Nom des personnes participant au comptage : | H2: Birgit
A3: Météo : | P3: Remarques :
A5: PRINCIPE D’UTILISATION : pour chaque intervalle de temps, comptabiliser VAE/vélo dans la colonne H/F
A6: Rajouter aussi en bas de la feuille si déplacement vélo sur trottoir et/ou si enfant
A7: Comptabiliser en bas de la grille si 2 roues hors vélo qui ne sont pas cochés dans la grille (trottinette, skate, ets)
C9: De Bonneville vers | S9: De Grenette (contre-sens) | AE9: De La Base(contre-sens)
C10: Grenette | G10: Orange | K10: La Base | O10: J Jaurès (contre sens) | S10: Orange | W10: La Base | AA10: Bonneville | AE10: Bonneville | AJ10: Orange | AM10: Place Grenette
C11: H | E11: F | G11: H | I11: F | K11: H | M11: F | O11: H | Q11: F | S11: H | U11: F | W11: H | Y11: F | AA11: H | AC11: F | AE11: H | AG11: F | AH11: F | AJ11: H | AM11: H | AO11: F
A12: Période | C12: VAE | D12: vélo | E12: VAE | F12: vélo | G12: VAE | H12: vélo | I12: VAE | J12: vélo | K12: VAE | L12: vélo | M12: VAE | N12: vélo | O12: VAE | P12: vélo | Q12: VAE | R12: vélo | S12: VAE | T12: vélo | U12: VAE | V12: vélo | W12: VAE | X12: vélo | Y12: VAE | Z12: vélo | AA12: VAE | AB12: vélo | AC12: VAE | AD12: vélo | AE12: VAE | AF12: vélo | AG12: VAE | AH12: VAE | AI12: vélo | AJ12: VAE | AK12: vélo | AL12: vélo | AM12: VAE | AN12: vélo | AO12: VAE | AP12: vélo
A13: 0.27083333 | B13: 0.29166667 | G13: 1 | H13: 1 | O13: 1 | P13: 1 | R13: 1
A14: 0.29166667 | B14: 0.3125 | H14: 1 | M14: 1 | P14: 1
A15: 0.3125 | B15: 0.33333333 | G15: 2 | H15: 1 | K15: 1 | AM15: 1
A16: 0.33333333 | B16: 0.35416667 | G16: 2 | N16: 2
A17: 0.35416667 | B17: 0.375
A18: 9 | B18: 00 – 15
B19: 15 – 30
C21: De Orange vers | O21: De Jean Jaurès MJC vers
C22: La Base | G22: Bonneville | K22: Grenette | O22: Orange | S22: Grenette | W22: Bonneville | AA22: La Base
C23: H | E23: F | G23: H | I23: F | K23: H | M23: F | O23: H | Q23: F | S23: H | U23: F | W23: H | Y23: F | AA23: H | AC23: F
A24: Période | C24: VAE | D24: vélo | E24: VAE | F24: vélo | G24: VAE | H24: vélo | I24: VAE | J24: vélo | K24: VAE | L24: vélo | M24: VAE | N24: vélo | O24: VAE | P24: vélo | Q24: VAE | R24: vélo | S24: VAE | T24: vélo | U24: VAE | V24: vélo | W24: VAE | X24: vélo | Y24: VAE | Z24: vélo | AA24: VAE | AB24: vélo | AC24: VAE | AD24: vélo
A25: 0.27083333 | B25: 0.29166667 | E25: 1 | H25: 1 | J25: 1 | AB25: 1
A26: 0.29166667 | B26: 0.3125 | C26: 1 | H26: 1 | I26: 2
A27: 0.3125 | B27: 0.33333333 | E27: 1 | H27: 4 | I27: 1 | W27: 1 | X27: 1 | AB27: 1
A28: 0.33333333 | B28: 0.35416667 | E28: 1 | F28: 1 | G28: 1 | H28: 2 | O28: 4 | X28: 1 | Y28: 1 | AA28: 1
A29: 0.35416667 | B29: 0.375 | AP29: x
A30: 9 | B30: 00 – 15
B31: 15 – 30
A33: 9 | B33: dont Enfant | D33: 9
A34: 3 | B34: Dont vélo sur trottoir | F34: 3
A35: 4 | B35: dont Cyclo sportifs | F35: 4
A36: 18 | B36: hors grille, plus 2 roues hors vélo (trottinette, skate...) | L36: 18
AC37: TOTAL | AD37: Nombre de VAE dans le total | AE37: Nombre de femmes dans le total | AF37: Nombre de VAE chez les femmes
C39: H | E39: F
A40: Période | C40: VAE | D40: vélo | E40: VAE | F40: vélo | AA40: Période | AH40: plus trotinette skate | AI40: dont enfant | AJ40: vélo sur trottoir | AK40: dont cyclo
A41: 6:30 à 7:00 | C41: =C13+G13+K13+O13+S13+W13+AA13+AE13+AJ13+AM13+C25+G25+K25+O25+S25+W25+AA25 -> 2 | D41: =D13+H13+L13+P13+T13+X13+AB13+AF13+AK13+AN13+D25+H25+L25+P25+T25+X25+AB25 -> 4 | E41: =E13+I13+M13+Q13+U13+Y13+AC13+AG13+AH13+AO13+E25+I25+M25+Q25+U25+Y25+AC25 -> 1 | F41: =F13+J13+N13+R13+V13+Z13+AD13+AI13+AL13+AP13+F25+J25+N25+R25+V25+Z25+AD25 -> 2 | AA41: 6:30 à 7:00 | AC41: =SUM(C41:F41) -> 9 | AD41: =C41+E41 -> 3 | AE41: =E41+F41 -> 3 | AF41: =E41 -> 1
A42: 7:00 à 7:30 | C42: =C14+G14+K14+O14+S14+W14+AA14+AE14+AJ14+AM14+C26+G26+K26+O26+S26+W26+AA26 -> 1 | D42: =D14+H14+L14+P14+T14+X14+AB14+AF14+AK14+AN14+D26+H26+L26+P26+T26+X26+AB26 -> 3 | E42: =E14+I14+M14+Q14+U14+Y14+AC14+AG14+AH14+AO14+E26+I26+M26+Q26+U26+Y26+AC26 -> 3 | F42: =F14+J14+N14+R14+V14+Z14+AD14+AI14+AL14+AP14+F26+J26+N26+R26+V26+Z26+AD26 -> 0 | AA42: 7:00 à 7:30 | AC42: =SUM(C42:F42) -> 7 | AD42: =C42+E42 -> 4 | AE42: =E42+F42 -> 3 | AF42: =E42 -> 3
A43: 7:30 à 8:00 | C43: =C15+G15+K15+O15+S15+W15+AA15+AE15+AJ15+AM15+C27+G27+K27+O27+S27+W27+AA27 -> 5 | D43: =D15+H15+L15+P15+T15+X15+AB15+AF15+AK15+AN15+D27+H27+L27+P27+T27+X27+AB27 -> 7 | E43: =E15+I15+M15+Q15+U15+Y15+AC15+AG15+AH15+AO15+E27+I27+M27+Q27+U27+Y27+AC27 -> 2 | F43: =F15+J15+N15+R15+V15+Z15+AD15+AI15+AL15+AP15+F27+J27+N27+R27+V27+Z27+AD27 -> 0 | AA43: 7:30 à 8:00 | AC43: =SUM(C43:F43) -> 14 | AD43: =C43+E43 -> 7 | AE43: =E43+F43 -> 2 | AF43: =E43 -> 2
A44: 8:00 à 8:30 | C44: =C16+G16+K16+O16+S16+W16+AA16+AE16+AJ16+AM16+C28+G28+K28+O28+S28+W28+AA28 -> 8 | D44: =D16+H16+L16+P16+T16+X16+AB16+AF16+AK16+AN16+D28+H28+L28+P28+T28+X28+AB28 -> 3 | E44: =E16+I16+M16+Q16+U16+Y16+AC16+AG16+AH16+AO16+E28+I28+M28+Q28+U28+Y28+AC28 -> 2 | F44: =F16+J16+N16+R16+V16+Z16+AD16+AI16+AL16+AP16+F28+J28+N28+R28+V28+Z28+AD28 -> 3 | AA44: 8:00 à 8:30 | AC44: =SUM(C44:F44) -> 16 | AD44: =C44+E44 -> 10 | AE44: =E44+F44 -> 5 | AF44: =E44 -> 2
A45: 8:30 à 9:00 | C45: =C17+G17+K17+O17+S17+W17+AA17+AE17+AJ17+AM17+C29+G29+K29+O29+S29+W29+AA29 -> 0 | D45: =D17+H17+L17+P17+T17+X17+AB17+AF17+AK17+AN17+D29+H29+L29+P29+T29+X29+AB29 -> 0 | E45: =E17+I17+M17+Q17+U17+Y17+AC17+AG17+AH17+AO17+E29+I29+M29+Q29+U29+Y29+AC29 -> 0 | F45: =F17+J17+N17+R17+V17+Z17+AD17+AI17+AL17+AP17+F29+J29+N29+R29+V29+Z29+AD29 -> 0 | AA45: 8:30 à 9:00 | AC45: =SUM(C45:F45) -> 0 | AD45: =C45+E45 -> 0 | AE45: =E45+F45 -> 0 | AF45: =E45 -> 0
A46: TOTAL | C46: =SUM(C41:C45) -> 16 | D46: =SUM(D41:D45) -> 17 | E46: =SUM(E41:E45) -> 8 | F46: =SUM(F41:F45) -> 5 | AA46: TOTAL | AC46: =SUM(AC41:AC45) -> 46 | AD46: =SUM(AD41:AD45) -> 24 | AE46: =SUM(AE41:AE45) -> 13 | AF46: =SUM(AF41:AF45) -> 8 | AH46: =A36 -> 18 | AI46: =A33 -> 9 | AJ46: =A34 -> 3 | AK46: =A35 -> 4
Z47: H POINTE | AA47: 7:30 à 8:00 | AC47: =AC43 -> 14
Z48: H POINTE | AA48: 8:00 à 8:30 | AC48: =AC44 -> 16
AA49: Total H pointe | AC49: =SUM(AC47:AC48) -> 30
Z50: H POINTE | AA50: =IF($AC$37=MAX($AC$37:$AC$41),AA41,IF($AC$38=MAX($AC$37:$AC$41),AA42,IF($AC$39=MAX($AC$37:$AC$41),AA43,IF($AC$40=MAX($AC$37:$AC$41),AA44,IF($AC$41=MAX($AC$37:$AC$41),AA45,AA44))))) -> 8:30 à 9:00 | AC50: =IF($AC$37=MAX($AC$37:$AC$41),AC41,IF($AC$38=MAX($AC$37:$AC$41),AC42,IF($AC$39=MAX($AC$37:$AC$41),AC43,IF($AC$40=MAX($AC$37:$AC$41),AC44,IF($AC$41=MAX($AC$37:$AC$41),AC45,AC44))))) -> 0 | AD50: =IF($AC$37=MAX($AC$37:$AC$41),AD41,IF($AC$38=MAX($AC$37:$AC$41),AD42,IF($AC$39=MAX($AC$37:$AC$41),AD43,IF($AC$40=MAX($AC$37:$AC$41),AD44,IF($AC$41=MAX($AC$37:$AC$41),AD45,AD44))))) -> 0 | AE50: =IF($AC$37=MAX($AC$37:$AC$41),AE41,IF($AC$38=MAX($AC$37:$AC$41),AE42,IF($AC$39=MAX($AC$37:$AC$41),AE43,IF($AC$40=MAX($AC$37:$AC$41),AE44,IF($AC$41=MAX($AC$37:$AC$41),AE45,AE44))))) -> 0 | AF50: =IF($AC$37=MAX($AC$37:$AC$41),AF41,IF($AC$38=MAX($AC$37:$AC$41),AF42,IF($AC$39=MAX($AC$37:$AC$41),AF43,IF($AC$40=MAX($AC$37:$AC$41),AF44,IF($AC$41=MAX($AC$37:$AC$41),AF45,AF44))))) -> 0
AC52: TOTAL | AD52: Part des VAE dans le total | AE52: Part des femmes dans le total | AF52: Part des VAE chez les femmes | AG52: =AG37 -> 0
AI53: Remarque
AA55: Période
AA56: =AA41 -> 6:30 à 7:00 | AD56: =IF(AD41=0,0,AD41/AC41) -> 0.33333333 | AE56: =IF(AE41=0,0,AE41/AC41) -> 0.33333333 | AF56: =IF(AF41=0,0,AF41/AD41) -> 0.33333333 | AG56: =IF(AG41=0,0,AG41/AC41) -> 0
AA57: =AA42 -> 7:00 à 7:30 | AD57: =IF(AD43=0,0,AD43/AC43) -> 0.5 | AE57: =IF(AE43=0,0,AE43/AC43) -> 0.14285714 | AF57: =IF(AF43=0,0,AF43/AD43) -> 0.28571429 | AG57: =IF(AG43=0,0,AG43/AC43) -> 0
AA58: =AA43 -> 7:30 à 8:00 | AD58: =IF(AD43=0,0,AD43/AC43) -> 0.5 | AE58: =IF(AE43=0,0,AE43/AC43) -> 0.14285714 | AF58: =IF(AF43=0,0,AF43/AD43) -> 0.28571429 | AG58: =IF(AG43=0,0,AG43/AC43) -> 0
AA59: =AA44 -> 8:00 à 8:30 | AD59: =IF(AD44=0,0,AD44/AC44) -> 0.625 | AE59: =IF(AE44=0,0,AE44/AC44) -> 0.3125 | AF59: =IF(AF44=0,0,AF44/AD44) -> 0.2 | AG59: =IF(AG44=0,0,AG44/AC44) -> 0
AA60: =AA45 -> 8:30 à 9:00 | AD60: =IF(AD45=0,0,AD45/AC45) -> 0 | AE60: =IF(AE45=0,0,AE45/AC45) -> 0 | AF60: =IF(AF45=0,0,AF45/AD45) -> 0 | AG60: =IF(AG45=0,0,AG45/AC45) -> 0
AA61: TOTAL | AD61: =IF(AD46=0,0,AD46/AC46) -> 0.52173913 | AE61: =IF(AE46=0,0,AE46/AC46) -> 0.2826087 | AF61: =IF(AF46=0,0,AF46/AD46) -> 0.33333333 | AG61: =IF(AG46=0,0,AG46/AC46) -> 0
AA62: =AA50 -> 8:30 à 9:00 | AD62: =AD50/$AC$44 -> 0 | AE62: =AE50/$AC$44 -> 0 | AF62: =AF50/$AC$44 -> 0 | AG62: =AG50/$AC$44 -> 0

Sheet LA_RO_ENILV
B1: La Roche Rond-Point ENILV - St Renan | O1: Date :
A2: Nom des personnes participant au comptage : | M2: Robert
A3: Météo :
A4: Remarques :
A6: PRINCIPE D’UTILISATION : pour chaque intervalle de temps, comptabiliser VAE/vélo dans la colonne H/F
A7: Rajouter aussi en bas de la feuille si déplacement vélo sur trottoir et/ou si enfant
A8: Comptabiliser en bas de la grille si 2 roues hors vélo qui ne sont pas cochés dans la grille (trottinette, skate, ets)
C10: Du centre (La Roche) vers | O10: D'Eteaux av Gambetta vers | AA10: De Av Libération Enilv vers | AM10: De Reignier vers
C11: Av Gambetta Eteaux | G11: Av Libération Enilv | K11: Reignier | O11: Av Libération Enilv | S11: Reignier | W11: La Roche | AA11: Reignier | AE11: La Roche | AI11: Av Gambetta Eteaux | AM11: La Roche | AQ11: Av Gambetta Eteaux | AU11: Av Libération Enilv
C12: H | E12: F | G12: H | I12: F | K12: H | M12: F | O12: H | Q12: F | S12: H | U12: F | W12: H | Y12: F | AA12: H | AC12: F | AE12: H | AG12: F | AI12: H | AK12: F | AM12: H | AO12: F | AQ12: H | AS12: F | AU12: H | AW12: F
A13: H | B13: Minute | C13: VAE | D13: vélo | E13: VAE | F13: vélo | G13: VAE | H13: vélo | I13: VAE | J13: vélo | K13: VAE | L13: vélo | M13: VAE | N13: vélo | O13: VAE | P13: vélo | Q13: VAE | R13: vélo | S13: VAE | T13: vélo | U13: VAE | V13: vélo | W13: VAE | X13: vélo | Y13: VAE | Z13: vélo | AA13: VAE | AB13: vélo | AC13: VAE | AD13: vélo | AE13: VAE | AF13: vélo | AG13: VAE | AH13: vélo | AI13: VAE | AJ13: vélo | AK13: VAE | AL13: vélo | AM13: VAE | AN13: vélo | AO13: VAE | AP13: vélo | AQ13: VAE | AR13: vélo | AS13: VAE | AT13: vélo | AU13: VAE | AV13: vélo | AW13: VAE | AX13: vélo
A14: 6 | B14: 30 – 45 | L14: 1 | T14: 1
B15: 45 - 59 | L15: 1 | P15: 1
A16: 7 | B16: 00 – 15 | K16: 1
B17: 15 – 30 | L17: 3 | T17: 1 | AF17: 1
B18: 30 – 45 | C18: 1 | E18: 1 | L18: 1 | N18: 1 | AM18: 1
B19: 45 – 59 | T19: 1
A20: 8 | B20: 00 – 15 | F20: 1 | L20: 1 | AM20: 1
B21: 15 – 30
B22: 30 – 45 | K22: 1 | W22: 1 | AF22: 1 | AH22: 1
A23: 9 | B23: 45 – 59 | AD23: 1
B25: dont Enfant | E25: 1
B26: vélo sur trottoir
B27: dont Cyclo sportifs
B28: hors grille, plus 2 roues hors vélo (trottinette, skate...) | R28: 8
C36: =C10 -> Du centre (La Roche) vers | O36: =O10 -> D'Eteaux av Gambetta vers | AA36: =AA10 -> De Av Libération Enilv vers | AM36: =AM10 -> De Reignier vers | BA36: TOTAL | BB36: Nombre de VAE dans le total | BC36: Nombre de femmes dans le total | BD36: Nombre de VAE chez les femmes | BE36: Cycles sur route de Reignier | BF36: Remarque
C37: =C11 -> Av Gambetta Eteaux | G37: =G11 -> Av Libération Enilv | K37: =K11 -> Reignier | O37: =O11 -> Av Libération Enilv | S37: =S11 -> Reignier | W37: =W11 -> La Roche | AA37: =AA11 -> Reignier | AE37: =AE11 -> La Roche | AI37: =AI11 -> Av Gambetta Eteaux | AM37: =AM11 -> La Roche | AQ37: =AQ11 -> Av Gambetta Eteaux | AU37: =AU11 -> Av Libération Enilv
C38: H | E38: F | G38: H | I38: F | K38: H | M38: F | O38: H | Q38: F | S38: H | U38: F | W38: H | Y38: F | AA38: H | AC38: F | AE38: H | AG38: F | AI38: H | AK38: F | AM38: H | AO38: F | AQ38: H | AS38: F | AU38: H | AW38: F
A39: Période | C39: VAE | D39: vélo | E39: VAE | F39: vélo | G39: VAE | H39: vélo | I39: VAE | J39: vélo | K39: VAE | L39: vélo | M39: VAE | N39: vélo | O39: VAE | P39: vélo | Q39: VAE | R39: vélo | S39: VAE | T39: vélo | U39: VAE | V39: vélo | W39: VAE | X39: vélo | Y39: VAE | Z39: vélo | AA39: VAE | AB39: vélo | AC39: VAE | AD39: vélo | AE39: VAE | AF39: vélo | AG39: VAE | AH39: vélo | AI39: VAE | AJ39: vélo | AK39: VAE | AL39: vélo | AM39: VAE | AN39: vélo | AO39: VAE | AP39: vélo | AQ39: VAE | AR39: vélo | AS39: VAE | AT39: vélo | AU39: VAE | AV39: vélo | AW39: VAE | AX39: vélo | AY39: Période
A40: 6:30 à 7:00 | C40: =SUM(C14:C15) -> 0 | D40: =SUM(D14:D15) -> 0 | E40: =SUM(E14:E15) -> 0 | F40: =SUM(F14:F15) -> 0 | G40: =SUM(G14:G15) -> 0 | H40: =SUM(H14:H15) -> 0 | I40: =SUM(I14:I15) -> 0 | J40: =SUM(J14:J15) -> 0 | ... AX40: =SUM(AX14:AX15) -> 0 | AY40: =A40 -> 6:30 à 7:00 | BA40: =SUM(C40:AX40) -> 4 | BB40: =C40+E40+G40+I40+K40+M40+O40+Q40+S40+U40+W40+Y40+AA40+AC40+AE40+AG40+AI40+AK40+AM40+AO40+AQ40+AS40+AU40+AW40 -> 0 | BC40: =E40+F40+I40+J40+M40+N40+Q40+R40+U40+V40+Y40+Z40+AC40+AD40+AG40+AH40+AK40+AL40+AO40+AP40+AS40+AT40+AW40+AX40 -> 0 | BD40: =E40+I40+M40+Q40+U40+Y40+AC40+AG40+AK40+AO40+AS40+AW40 -> 0 | BE40: =SUM(K40:N40)+SUM(S40:V40)+SUM(AA40:AD40)+SUM(AM40:AX40) -> 3 | BF40: 34 piétons plus 32 étudiants piétons en direction lycée
A41: 7:00 à 7:30 | C41: =SUM(C16:C17) -> 0 | D41: =SUM(D16:D17) -> 0 | E41: =SUM(E16:E17) -> 0 | F41: =SUM(F16:F17) -> 0 | G41: =SUM(G16:G17) -> 0 | H41: =SUM(H16:H17) -> 0 | I41: =SUM(I16:I17) -> 0 | J41: =SUM(J16:J17) -> 0 | ... AX41: =SUM(AX16:AX17) -> 0 | AY41: =A41 -> 7:00 à 7:30 | BA41: =SUM(C41:AX41) -> 6 | BB41: =C41+E41+G41+I41+K41+M41+O41+Q41+S41+U41+W41+Y41+AA41+AC41+AE41+AG41+AI41+AK41+AM41+AO41+AQ41+AS41+AU41+AW41 -> 1 | BC41: =E41+F41+I41+J41+M41+N41+Q41+R41+U41+V41+Y41+Z41+AC41+AD41+AG41+AH41+AK41+AL41+AO41+AP41+AS41+AT41+AW41+AX41 -> 0 | BD41: =E41+I41+M41+Q41+U41+Y41+AC41+AG41+AK41+AO41+AS41+AW41 -> 0 | BE41: =SUM(K41:N41)+SUM(S41:V41)+SUM(AA41:AD41)+SUM(AM41:AX41) -> 5 | BF41: et seulement 2 écoliers- 2 enfants comptés qui étaient sur le trottoir avec 1 parent
A42: 7:30 à 8:00 | C42: =SUM(C18:C19) -> 1 | D42: =SUM(D18:D19) -> 0 | E42: =SUM(E18:E19) -> 1 | F42: =SUM(F18:F19) -> 0 | G42: =SUM(G18:G19) -> 0 | H42: =SUM(H18:H19) -> 0 | I42: =SUM(I18:I19) -> 0 | J42: =SUM(J18:J19) -> 0 | ... AX42: =SUM(AX18:AX19) -> 0 | AY42: =A42 -> 7:30 à 8:00 | BA42: =SUM(C42:AX42) -> 6 | BB42: =C42+E42+G42+I42+K42+M42+O42+Q42+S42+U42+W42+Y42+AA42+AC42+AE42+AG42+AI42+AK42+AM42+AO42+AQ42+AS42+AU42+AW42 -> 3 | BC42: =E42+F42+I42+J42+M42+N42+Q42+R42+U42+V42+Y42+Z42+AC42+AD42+AG42+AH42+AK42+AL42+AO42+AP42+AS42+AT42+AW42+AX42 -> 2 | BD42: =E42+I42+M42+Q42+U42+Y42+AC42+AG42+AK42+AO42+AS42+AW42 -> 1 | BE42: =SUM(K42:N42)+SUM(S42:V42)+SUM(AA42:AD42)+SUM(AM42:AX42) -> 4 | BF42: et seulement 2 écoliers- 2 enfants comptés qui étaient sur le trottoir avec 1 parent
A43: 8:00 à 8:30 | C43: =SUM(C20:C21) -> 0 | D43: =SUM(D20:D21) -> 0 | E43: =SUM(E20:E21) -> 0 | F43: =SUM(F20:F21) -> 1 | G43: =SUM(G20:G21) -> 0 | H43: =SUM(H20:H21) -> 0 | I43: =SUM(I20:I21) -> 0 | J43: =SUM(J20:J21) -> 0 | ... AX43: =SUM(AX20:AX21) -> 0 | AY43: =A43 -> 8:00 à 8:30 | BA43: =SUM(C43:AX43) -> 3 | BB43: =C43+E43+G43+I43+K43+M43+O43+Q43+S43+U43+W43+Y43+AA43+AC43+AE43+AG43+AI43+AK43+AM43+AO43+AQ43+AS43+AU43+AW43 -> 1 | BC43: =E43+F43+I43+J43+M43+N43+Q43+R43+U43+V43+Y43+Z43+AC43+AD43+AG43+AH43+AK43+AL43+AO43+AP43+AS43+AT43+AW43+AX43 -> 1 | BD43: =E43+I43+M43+Q43+U43+Y43+AC43+AG43+AK43+AO43+AS43+AW43 -> 0 | BE43: =SUM(K43:N43)+SUM(S43:V43)+SUM(AA43:AD43)+SUM(AM43:AX43) -> 2 | BF43: 2 des 3 femmes circulaient sur le trottoir !
A44: 8:30 à 9:00 | C44: =SUM(C21:C23) -> 0 | D44: =SUM(D21:D23) -> 0 | E44: =SUM(E21:E23) -> 0 | F44: =SUM(F21:F23) -> 0 | G44: =SUM(G21:G23) -> 0 | H44: =SUM(H21:H23) -> 0 | I44: =SUM(I21:I23) -> 0 | J44: =SUM(J21:J23) -> 0 | ... AX44: =SUM(AX21:AX23) -> 0 | AY44: =A44 -> 8:30 à 9:00 | BA44: =SUM(C44:AX44) -> 5 | BB44: =C44+E44+G44+I44+K44+M44+O44+Q44+S44+U44+W44+Y44+AA44+AC44+AE44+AG44+AI44+AK44+AM44+AO44+AQ44+AS44+AU44+AW44 -> 2 | BC44: =E44+F44+I44+J44+M44+N44+Q44+R44+U44+V44+Y44+Z44+AC44+AD44+AG44+AH44+AK44+AL44+AO44+AP44+AS44+AT44+AW44+AX44 -> 2 | BD44: =E44+I44+M44+Q44+U44+Y44+AC44+AG44+AK44+AO44+AS44+AW44 -> 0 | BE44: =SUM(K44:N44)+SUM(S44:V44)+SUM(AA44:AD44)+SUM(AM44:AX44) -> 2 | BF44: 3 cyclosportifs
A45: TOTAL | C45: =SUM(C14:C23) -> 1 | D45: =SUM(D14:D23) -> 0 | E45: =SUM(E14:E23) -> 1 | F45: =SUM(F14:F23) -> 1 | G45: =SUM(G14:G23) -> 0 | H45: =SUM(H14:H23) -> 0 | I45: =SUM(I14:I23) -> 0 | J45: =SUM(J14:J23) -> 0 | ... AX45: =SUM(AX14:AX23) -> 0 | AY45: TOTAL | BA45: =SUM(C45:AX45) -> 24 | BB45: =C45+E45+G45+I45+K45+M45+O45+Q45+S45+U45+W45+Y45+AA45+AC45+AE45+AG45+AI45+AK45+AM45+AO45+AQ45+AS45+AU45+AW45 -> 7 | BC45: =E45+F45+I45+J45+M45+N45+Q45+R45+U45+V45+Y45+Z45+AC45+AD45+AG45+AH45+AK45+AL45+AO45+AP45+AS45+AT45+AW45+AX45 -> 5 | BD45: =E45+I45+M45+Q45+U45+Y45+AC45+AG45+AK45+AO45+AS45+AW45 -> 1 | BE45: =SUM(K45:N45)+SUM(S45:V45)+SUM(AA45:AD45)+SUM(AM45:AX45) -> 16
AY46: =IF($BA$40=MAX($BA$40:$BA$44),AY40,IF($BA$41=MAX($BA$40:$BA$44),AY41,IF($BA$42=MAX($BA$40:$BA$44),AY42,IF($BA$43=MAX($BA$40:$BA$44),AY43,IF($BA$44=MAX($BA$40:$BA$44),AY44,AY43))))) -> 7:00 à 7:30 | BA46: =IF($BA$40=MAX($BA$40:$BA$44),BA40,IF($BA$41=MAX($BA$40:$BA$44),BA41,IF($BA$42=MAX($BA$40:$BA$44),BA42,IF($BA$43=MAX($BA$40:$BA$44),BA43,IF($BA$44=MAX($BA$40:$BA$44),BA44,BA43))))) -> 6 | BB46: =IF($BA$40=MAX($BA$40:$BA$44),BB40,IF($BA$41=MAX($BA$40:$BA$44),BB41,IF($BA$42=MAX($BA$40:$BA$44),BB42,IF($BA$43=MAX($BA$40:$BA$44),BB43,IF($BA$44=MAX($BA$40:$BA$44),BB44,BB43))))) -> 1 | BC46: =IF($BA$40=MAX($BA$40:$BA$44),BC40,IF($BA$41=MAX($BA$40:$BA$44),BC41,IF($BA$42=MAX($BA$40:$BA$44),BC42,IF($BA$43=MAX($BA$40:$BA$44),BC43,IF($BA$44=MAX($BA$40:$BA$44),BC44,BC43))))) -> 0 | BD46: =IF($BA$40=MAX($BA$40:$BA$44),BD40,IF($BA$41=MAX($BA$40:$BA$44),BD41,IF($BA$42=MAX($BA$40:$BA$44),BD42,IF($BA$43=MAX($BA$40:$BA$44),BD43,IF($BA$44=MAX($BA$40:$BA$44),BD44,BD43))))) -> 0 | BE46: =IF($BA$40=MAX($BA$40:$BA$44),BE40,IF($BA$41=MAX($BA$40:$BA$44),BE41,IF($BA$42=MAX($BA$40:$BA$44),BE42,IF($BA$43=MAX($BA$40:$BA$44),BE43,IF($BA$44=MAX($BA$40:$BA$44),BE44,BE43))))) -> 5
BA47: TOTAL | BB47: Part des VAE dans le total | BC47: Part des femmes dans le total | BD47: Part des VAE chez les femmes | BE47: =BE36 -> Cycles sur route de Reignier | BF47: Remarque
AY50: Période
AY51: =AY40 -> 6:30 à 7:00 | BB51: =IF(BB40=0,0,BB40/BA40) -> 0 | BC51: =IF(BC40=0,0,BC40/BA40) -> 0 | BD51: =IF(BD40=0,0,BD40/BB40) -> 0 | BE51: =IF(BE40=0,0,BE40/BA40) -> 0.75
AY52: =AY41 -> 7:00 à 7:30 | BB52: =IF(BB42=0,0,BB42/BA42) -> 0.5 | BC52: =IF(BC42=0,0,BC42/BA42) -> 0.33333333 | BD52: =IF(BD42=0,0,BD42/BB42) -> 0.33333333 | BE52: =IF(BE42=0,0,BE42/BA42) -> 0.66666667
AY53: =AY42 -> 7:30 à 8:00 | BB53: =IF(BB42=0,0,BB42/BA42) -> 0.5 | BC53: =IF(BC42=0,0,BC42/BA42) -> 0.33333333 | BD53: =IF(BD42=0,0,BD42/BB42) -> 0.33333333 | BE53: =IF(BE42=0,0,BE42/BA42) -> 0.66666667
AY54: =AY43 -> 8:00 à 8:30 | BB54: =IF(BB43=0,0,BB43/BA43) -> 0.33333333 | BC54: =IF(BC43=0,0,BC43/BA43) -> 0.33333333 | BD54: =IF(BD43=0,0,BD43/BB43) -> 0 | BE54: =IF(BE43=0,0,BE43/BA43) -> 0.66666667
AY55: =AY44 -> 8:30 à 9:00 | BB55: =IF(BB44=0,0,BB44/BA44) -> 0.4 | BC55: =IF(BC44=0,0,BC44/BA44) -> 0.4 | BD55: =IF(BD44=0,0,BD44/BB44) -> 0 | BE55: =IF(BE44=0,0,BE44/BA44) -> 0.4
AY56: TOTAL | BB56: =IF(BB45=0,0,BB45/BA45) -> 0.29166667 | BC56: =IF(BC45=0,0,BC45/BA45) -> 0.20833333 | BD56: =IF(BD45=0,0,BD45/BB45) -> 0.14285714 | BE56: =IF(BE45=0,0,BE45/BA45) -> 0.66666667
AV57: voir heure de pointe | AY57: 7 à 8 | BA57: =BA41+BA42 -> 12 | BB57: =BB46/$BA$46 -> 0.16666667 | BC57: =BC46/$BA$46 -> 0 | BD57: =BD46/$BA$46 -> 0 | BE57: =BE46/$BA$46 -> 0.83333333

Sheet LA_RO_gare
B1: La Roche Gare/Passage à niveau | O1: Date :
A2: Nom des personnes participant au comptage : | L2: Steph Armand
A3: Météo :
A4: Remarques : | D4: Comptage jusqu'à 8h20
A6: PRINCIPE D’UTILISATION : pour chaque intervalle de temps, comptabiliser VAE/vélo dans la colonne H/F
A7: Rajouter aussi en bas de la feuille si déplacement vélo sur trottoir et/ou si enfant
A8: Comptabiliser en bas de la grille si 2 roues hors vélo qui ne sont pas cochés dans la grille (trottinette, skate, ets)
C10: D’Eteaux vers | O10: De av Lucien Rannard vers | AA10: Dr Roux vers
C11: Av L Rannard | G11: Av J Jaurès | K11: Gare/av Gare | O11: Av J Jaurès | S11: Gare/av Gare | W11: Eteaux | AA11: Gare
C12: H | E12: F | G12: H | I12: F | K12: H | M12: F | O12: H | Q12: F | S12: H | U12: F | W12: H | Y12: F | AA12: H | AC12: F
A13: Période | C13: VAE | D13: vélo | E13: VAE | F13: vélo | G13: VAE | H13: vélo | I13: VAE | J13: vélo | K13: VAE | L13: vélo | M13: VAE | N13: vélo | O13: VAE | P13: vélo | Q13: VAE | R13: vélo | S13: VAE | T13: vélo | U13: VAE | V13: vélo | W13: VAE | X13: vélo | Y13: VAE | Z13: vélo | AA13: VAE | AB13: vélo | AC13: VAE | AD13: vélo
A14: 0.27083333 | B14: 0.29166667 | L14: 2 | AA14: 1
A15: 0.29166667 | B15: 0.3125 | L15: 1 | M15: 2 | T15: 1 | AB15: 4 | AD15: 1
A16: 0.3125 | B16: 0.33333333 | K16: 1 | N16: 1 | T16: 1 | AA16: 1 | AB16: 3
A17: 0.33333333 | B17: 0.35416667 | AC17: 1
A18: 8h30 | B18: 0.375
C20: De av J Jaurès vers | O20: De Gare et av Gare vers | AA20: Av Gare vers
C21: Gare/av Gare | G21: Eteaux | K21: Av L Rannard | O21: Eteaux | S21: Av L Rannard | W21: Av J Jaurès | AA21: Gare
C22: H | E22: F | G22: H | I22: F | K22: H | M22: F | O22: H | Q22: F | S22: H | U22: F | W22: H | Y22: F | AA22: H | AC22: F
A23: Période | C23: VAE | D23: vélo | E23: VAE | F23: vélo | G23: VAE | H23: vélo | I23: VAE | J23: vélo | K23: VAE | L23: vélo | M23: VAE | N23: vélo | O23: VAE | P23: vélo | Q23: VAE | R23: vélo | S23: VAE | T23: vélo | U23: VAE | V23: vélo | W23: VAE | X23: vélo | Y23: VAE | Z23: vélo | AA23: VAE | AB23: vélo | AC23: VAE | AD23: vélo
A24: 0.27083333 | B24: 0.29166667 | C24: 1 | D24: 1 | E24: 1 | G24: 1 | P24: 1 | AB24: 1
A25: 0.29166667 | B25: 0.3125 | D25: 1 | G25: 1 | H25: 1 | I25: 1 | L25: 1 | Q25: 1 | S25: 2 | AB25: 2 | AC25: 1
A26: 0.3125 | B26: 0.33333333 | E26: 1 | H26: 1 | I26: 1 | K26: 2 | S26: 2
A27: 0.33333333 | B27: 0.35416667 | E27: 1 | F27: 1 | G27: 1 | L27: 1
A28: 8h30 | B28: 0.375
B30: dont Enfant | F30: 1
B31: Dont vélo sur trottoir | H31: 3
B32: dont Cyclo sportifs | H32: 4
B33: hors grille, plus 2 roues hors vélo (trottinette, skate...) | R33: 25
AG34: en jaune, tableau global
AG35: TOTAL | AH35: Nombre de VAE dans le total | AI35: Nombre de femmes dans le total | AJ35: Nombre de VAE chez les femmes | AK35: Cycles sur route de Reignier
C37: H | E37: F
A38: Période | C38: VAE | D38: vélo | E38: VAE | F38: vélo | AE38: Période | AL38: plus trotinette skate | AM38: dont enfant | AN38: vélo sur trottoir | AO38: dont cyclo
A39: 6:30 à 7:00 | C39: =C14+G14+K14+O14+S14+AA14+C24+G24+K24+O24+S24+AA24+W14+W24 -> 3 | D39: =D14+H14+L14+P14+T14+AB14+D24+H24+L24+P24+T24+AB24+X24+X14 -> 5 | E39: =E14+I14+M14+Q14+U14+AC14+E24+I24+M24+Q24+U24+AC24+Y24+Y14 -> 1 | F39: =F14+J14+N14+R14+V14+AD14+F24+J24+N24+R24+V24+AD24+Z24+Z14 -> 0 | AE39: =A39 -> 6:30 à 7:00 | AG39: =SUM(C39:AD39) -> 9 | AH39: =C39+E39 -> 4 | AI39: =E39+F39 -> 1 | AJ39: =E39 -> 1
A40: 7:00 à 7:30 | C40: =C15+G15+K15+O15+S15+AA15+C25+G25+K25+O25+S25+AA25+W15+W25 -> 3 | D40: =D15+H15+L15+P15+T15+AB15+D25+H25+L25+P25+T25+AB25+X25+X15 -> 11 | E40: =E15+I15+M15+Q15+U15+AC15+E25+I25+M25+Q25+U25+AC25+Y25+Y15 -> 5 | F40: =F15+J15+N15+R15+V15+AD15+F25+J25+N25+R25+V25+AD25+Z25+Z15 -> 1 | AE40: =A40 -> 7:00 à 7:30 | AG40: =SUM(C40:AD40) -> 20 | AH40: =C40+E40 -> 8 | AI40: =E40+F40 -> 6 | AJ40: =E40 -> 5
A41: 7:30 à 8:00 | C41: =C16+G16+K16+O16+S16+AA16+C26+G26+K26+O26+S26+AA26+W16+W26 -> 6 | D41: =D16+H16+L16+P16+T16+AB16+D26+H26+L26+P26+T26+AB26+X26+X16 -> 5 | E41: =E16+I16+M16+Q16+U16+AC16+E26+I26+M26+Q26+U26+AC26+Y26+Y16 -> 2 | F41: =F16+J16+N16+R16+V16+AD16+F26+J26+N26+R26+V26+AD26+Z26+Z16 -> 1 | AE41: =A41 -> 7:30 à 8:00 | AG41: =SUM(C41:AD41) -> 14 | AH41: =C41+E41 -> 8 | AI41: =E41+F41 -> 3 | AJ41: =E41 -> 2
A42: 8:00 à 8:30 | C42: =C17+G17+K17+O17+S17+AA17+C27+G27+K27+O27+S27+AA27+W17+W27 -> 1 | D42: =D17+H17+L17+P17+T17+AB17+D27+H27+L27+P27+T27+AB27+X27+X17 -> 1 | E42: =E17+I17+M17+Q17+U17+AC17+E27+I27+M27+Q27+U27+AC27+Y27+Y17 -> 2 | F42: =F17+J17+N17+R17+V17+AD17+F27+J27+N27+R27+V27+AD27+Z27+Z17 -> 1 | AE42: =A42 -> 8:00 à 8:30 | AG42: =SUM(C42:AD42) -> 5 | AH42: =C42+E42 -> 3 | AI42: =E42+F42 -> 3 | AJ42: =E42 -> 2
A43: 8:30 à 9h | C43: =C18+G18+K18+O18+S18+AA18+C28+G28+K28+O28+S28+AA28+W18+W28 -> 0 | D43: =D18+H18+L18+P18+T18+AB18+D28+H28+L28+P28+T28+AB28+X28+X18 -> 0 | E43: =E18+I18+M18+Q18+U18+AC18+E28+I28+M28+Q28+U28+AC28+Y28+Y18 -> 0 | F43: =F18+J18+N18+R18+V18+AD18+F28+J28+N28+R28+V28+AD28+Z28+Z18 -> 0 | AE43: =A43 -> 8:30 à 9h | AG43: =SUM(C43:AD43) -> 0 | AH43: =C43+E43 -> 0 | AI43: =E43+F43 -> 0 | AJ43: =E43 -> 0
A44: TOTAL | C44: =SUM(C14:C18)+SUM(C24:C28) -> 1 | D44: =SUM(D14:D18)+SUM(D24:D28) -> 2 | E44: =SUM(E14:E18)+SUM(E24:E28) -> 3 | F44: =SUM(F14:F18)+SUM(F24:F28) -> 1 | AE44: TOTAL | AG44: =SUM(AG39:AG43) -> 48 | AH44: =SUM(AH39:AH43) -> 23 | AI44: =SUM(AI39:AI43) -> 13 | AJ44: =SUM(AJ39:AJ43) -> 10 | AK44: =SUM(AK39:AK43) -> 0 | AL44: =A33 -> 0 | AM44: =A30 -> 0 | AN44: =A31 -> 0 | AO44: =A32 -> 0
Z45: H POINTE | AD45: H POINTE | AE45: 7:00 à 7:30 | AG45: =AG40 -> 20
Z46: H POINTE | AD46: H POINTE | AE46: 7:30 à 8:00 | AG46: =AG41 -> 14
AE47: Total H pointe | AG47: =SUM(AG45:AG46) -> 34
Z48: H POINTE | AD48: H POINTE | AE48: =IF($AG$39=MAX($AG$39:$AG$43),AE39,IF($AG$40=MAX($AG$39:$AG$43),AE40,IF($AG$41=MAX($AG$39:$AG$43),AE41,IF($AG$42=MAX($AG$39:$AG$43),AE42,IF($AG$43=MAX($AG$39:$AG$43),AE43,AE42))))) -> 7:00 à 7:30 | AG48: =IF($AG$39=MAX($AG$39:$AG$43),AG39,IF($AG$40=MAX($AG$39:$AG$43),AG40,IF($AG$41=MAX($AG$39:$AG$43),AG41,IF($AG$42=MAX($AG$39:$AG$43),AG42,IF($AG$43=MAX($AG$39:$AG$43),AG43,AG42))))) -> 20 | AH48: =IF($AG$39=MAX($AG$39:$AG$43),AH39,IF($AG$40=MAX($AG$39:$AG$43),AH40,IF($AG$41=MAX($AG$39:$AG$43),AH41,IF($AG$42=MAX($AG$39:$AG$43),AH42,IF($AG$43=MAX($AG$39:$AG$43),AH43,AH42))))) -> 8 | AI48: =IF($AG$39=MAX($AG$39:$AG$43),AI39,IF($AG$40=MAX($AG$39:$AG$43),AI40,IF($AG$41=MAX($AG$39:$AG$43),AI41,IF($AG$42=MAX($AG$39:$AG$43),AI42,IF($AG$43=MAX($AG$39:$AG$43),AI43,AI42))))) -> 6 | AJ48: =IF($AG$39=MAX($AG$39:$AG$43),AJ39,IF($AG$40=MAX($AG$39:$AG$43),AJ40,IF($AG$41=MAX($AG$39:$AG$43),AJ41,IF($AG$42=MAX($AG$39:$AG$43),AJ42,IF($AG$43=MAX($AG$39:$AG$43),AJ43,AJ42))))) -> 5 | AK48: =IF($AG$39=MAX($AG$39:$AG$43),AK39,IF($AG$40=MAX($AG$39:$AG$43),AK40,IF($AG$41=MAX($AG$39:$AG$43),AK41,IF($AG$42=MAX($AG$39:$AG$43),AK42,IF($AG$43=MAX($AG$39:$AG$43),AK43,AK42))))) -> 0
AG49: TOTAL | AH49: Part des VAE dans le total | AI49: Part des femmes dans le total | AJ49: Part des VAE chez les femmes | AK49: =AK35 -> Cycles sur route de Reignier | AM49: Remarque
AE52: Période
AE53: =AE39 -> 6:30 à 7:00 | AH53: =IF(AH39=0,0,AH39/AG39) -> 0.44444444 | AI53: =IF(AI39=0,0,AI39/AG39) -> 0.11111111 | AJ53: =IF(AJ39=0,0,AJ39/AH39) -> 0.25 | AK53: =IF(AK39=0,0,AK39/AG39) -> 0
AE54: =AE40 -> 7:00 à 7:30 | AH54: =IF(AH41=0,0,AH41/AG41) -> 0.57142857 | AI54: =IF(AI41=0,0,AI41/AG41) -> 0.21428571 | AJ54: =IF(AJ41=0,0,AJ41/AH41) -> 0.25 | AK54: =IF(AK41=0,0,AK41/AG41) -> 0
AE55: =AE41 -> 7:30 à 8:00 | AH55: =IF(AH41=0,0,AH41/AG41) -> 0.57142857 | AI55: =IF(AI41=0,0,AI41/AG41) -> 0.21428571 | AJ55: =IF(AJ41=0,0,AJ41/AH41) -> 0.25 | AK55: =IF(AK41=0,0,AK41/AG41) -> 0
AE56: =AE42 -> 8:00 à 8:30 | AH56: =IF(AH42=0,0,AH42/AG42) -> 0.6 | AI56: =IF(AI42=0,0,AI42/AG42) -> 0.6 | AJ56: =IF(AJ42=0,0,AJ42/AH42) -> 0.66666667 | AK56: =IF(AK42=0,0,AK42/AG42) -> 0
AE57: =AE43 -> 8:30 à 9h | AH57: =IF(AH43=0,0,AH43/AG43) -> 0 | AI57: =IF(AI43=0,0,AI43/AG43) -> 0 | AJ57: =IF(AJ43=0,0,AJ43/AH43) -> 0 | AK57: =IF(AK43=0,0,AK43/AG43) -> 0
AE58: TOTAL | AH58: =IF(AH44=0,0,AH44/AG44) -> 0.47916667 | AI58: =IF(AI44=0,0,AI44/AG44) -> 0.27083333 | AJ58: =IF(AJ44=0,0,AJ44/AH44) -> 0.43478261 | AK58: =IF(AK44=0,0,AK44/AG44) -> 0
AE59: =AE48 -> 7:00 à 7:30 | AH59: =AH48/$AG$48 -> 0.4 | AI59: =AI48/$AG$48 -> 0.3 | AJ59: =AJ48/$AG$48 -> 0.25 | AK59: =AK48/$AG$48 -> 0

Sheet LA RO ANDREV 24
B1: La Roche Andrevetan | E1: Rue Patience/St Sixt | K1: Date :
A2: Nom des personnes participant au comptage : | F2: Stéphane Moutard-Martin
A3: Météo : | K3: Remarques :
A5: PRINCIPE D’UTILISATION : pour chaque intervalle de temps, comptabiliser VAE/vélo dans la colonne H/F
A6: Rajouter aussi en bas de la feuille si déplacement vélo sur trottoir et/ou si enfant
A7: Comptabiliser en bas de la grille si 2 roues hors vélo qui ne sont pas cochés dans la grille (trottinette, skate, ets)
C9: De La Roche vers | K9: De St Pierre rue Patience vers
C10: St Pierre/ Rue Patience | G10: St Sixt | K10: La Roche | O10: St Sixt
C11: H | E11: F | G11: H | I11: F | K11: H | M11: F | O11: H | Q11: F
A12: Période | C12: VAE | D12: vélo | E12: VAE | F12: vélo | G12: VAE | H12: vélo | I12: VAE | J12: vélo | K12: VAE | L12: vélo | M12: VAE | N12: vélo | O12: VAE | P12: vélo | Q12: VAE | R12: vélo
A13: 0.27083333 | B13: 0.29166667 | D13: 2
A14: 0.29166667 | B14: 0.3125 | E14: 2 | I14: 1 | K14: 1 | L14: 3
A15: 0.3125 | B15: 0.33333333 | E15: 1 | L15: 1
A16: 0.33333333 | B16: 0.35416667 | C16: 1 | K16: 1
A17: 0.35416667 | B17: 0.375 | D17: 3
C19: De St Sixt vers
C20: Rue Patience | G20: La Roche
C21: H | E21: F | G21: H | I21: F
A22: Période | C22: VAE | D22: vélo | E22: VAE | F22: vélo | G22: VAE | H22: vélo | I22: VAE | J22: vélo
A23: 0.27083333 | B23: 0.29166667 | E23: 2 | J23: 1
A24: 0.29166667 | B24: 0.3125 | C24: 1 | H24: 1 | I24: 3
A25: 0.3125 | B25: 0.33333333 | D25: 3 | E25: 1
A26: 0.33333333 | B26: 0.35416667 | I26: 1
A27: 0.35416667 | B27: 0.375 | H27: 1 | J27: 1
B29: dont Enfant | D29: 4
B30: vélo sur trottoir
B31: dont Cyclo sportifs | E31: 3
B32: hors grille, plus 2 roues hors vélo (trottinette, skate...) | I32: 2
M33: en jaune, tableau global
M34: TOTAL | N34: Nombre de VAE dans le total | O34: Nombre de femmes dans le total | P34: Nombre de VAE chez les femmes | R34: dont enfant | S34: vélo sur trottoir | T34: dont cyclo | U34: plus trotinette skate
C36: H | E36: F
A37: Période | C37: VAE | D37: vélo | E37: VAE | F37: vélo | K37: Période
A38: 6:30 à 7:00 | C38: =C13+G13+K13+O13+C23+G23 -> 0 | D38: =D13+H13+L13+P13+D23+H23 -> 2 | E38: =E13+I13+M13+Q13+E23+I23 -> 2 | F38: =F13+J13+N13+R13+F23+J23 -> 1 | K38: =A38 -> 6:30 à 7:00 | M38: =SUM(C38:J38) -> 5 | N38: =C38+E38 -> 2 | O38: =E38+F38 -> 3 | P38: =E38 -> 2 | Q38: =SUM(G38:J38) -> 0
A39: 7:00 à 7:30 | C39: =C14+G14+K14+O14+C24+G24 -> 2 | D39: =D14+H14+L14+P14+D24+H24 -> 4 | E39: =E14+I14+M14+Q14+E24+I24 -> 6 | F39: =F14+J14+N14+R14+F24+J24 -> 0 | K39: =A39 -> 7:00 à 7:30 | M39: =SUM(C39:J39) -> 12 | N39: =C39+E39 -> 8 | O39: =E39+F39 -> 6 | P39: =E39 -> 6 | Q39: =SUM(G39:J39) -> 0
A40: 7:30 à 8:00 | C40: =C15+G15+K15+O15+C25+G25 -> 0 | D40: =D15+H15+L15+P15+D25+H25 -> 4 | E40: =E15+I15+M15+Q15+E25+I25 -> 2 | F40: =F15+J15+N15+R15+F25+J25 -> 0 | K40: =A40 -> 7:30 à 8:00 | M40: =SUM(C40:J40) -> 6 | N40: =C40+E40 -> 2 | O40: =E40+F40 -> 2 | P40: =E40 -> 2 | Q40: =SUM(G40:J40) -> 0
A41: 8:00 à 8:30 | C41: =C16+G16+K16+O16+C26+G26 -> 2 | D41: =D16+H16+L16+P16+D26+H26 -> 0 | E41: =E16+I16+M16+Q16+E26+I26 -> 1 | F41: =F16+J16+N16+R16+F26+J26 -> 0 | K41: =A41 -> 8:00 à 8:30 | M41: =SUM(C41:J41) -> 3 | N41: =C41+E41 -> 3 | O41: =E41+F41 -> 1 | P41: =E41 -> 1 | Q41: =SUM(G41:J41) -> 0
A42: 8:30 à 9:00 | C42: =C17+G17+K17+O17+C27+G27 -> 0 | D42: =D17+H17+L17+P17+D27+H27 -> 4 | E42: =E17+I17+M17+Q17+E27+I27 -> 0 | F42: =F17+J17+N17+R17+F27+J27 -> 1 | K42: =A42 -> 8:30 à 9:00 | M42: =SUM(C42:J42) -> 5 | N42: =C42+E42 -> 0 | O42: =E42+F42 -> 1 | P42: =E42 -> 0 | Q42: =SUM(G42:J42) -> 0
A43: TOTAL | C43: =SUM(C38:C42) -> 4 | D43: =SUM(D38:D42) -> 14 | E43: =SUM(E38:E42) -> 11 | F43: =SUM(F38:F42) -> 2 | K43: TOTAL | M43: =SUM(C43:J43) -> 31 | N43: =N42+N41+N40+N39+N38 -> 15 | O43: =O42+O41+O40+O39+O38 -> 13 | P43: =P42+P41+P40+P39+P38 -> 11 | Q43: =Q42+Q40+Q38 -> 0 | R43: =A29 -> 0 | S43: =A30 -> 0 | T43: =A31 -> 0 | U43: =A32 -> 0
J47: H POINTE | K47: 7 à 8 | M47: =M39+M40 -> 18 | N47: =IF($M$42=MAX($M$38:$M$42),N42,IF($M$41=MAX($M$38:$M$42),N41,IF($M$40=MAX($M$38:$M$42),N40,IF($M$39=MAX($M$38:$M$42),N39,IF($M$38=MAX($M$38:$M$42),N38,N42))))) -> 8 | O47: =IF($M$42=MAX($M$38:$M$42),O42,IF($M$41=MAX($M$38:$M$42),O41,IF($M$40=MAX($M$38:$M$42),O40,IF($M$39=MAX($M$38:$M$42),O39,IF($M$38=MAX($M$38:$M$42),O38,O42))))) -> 6 | P47: =IF($M$42=MAX($M$38:$M$42),P42,IF($M$41=MAX($M$38:$M$42),P41,IF($M$40=MAX($M$38:$M$42),P40,IF($M$39=MAX($M$38:$M$42),P39,IF($M$38=MAX($M$38:$M$42),P38,P42))))) -> 6 | Q47: =IF($M$42=MAX($M$38:$M$42),Q42,IF($M$41=MAX($M$38:$M$42),Q41,IF($M$40=MAX($M$38:$M$42),Q40,IF($M$39=MAX($M$38:$M$42),Q39,IF($M$38=MAX($M$38:$M$42),Q38,Q42))))) -> 0
M48: TOTAL | N48: Part des VAE dans le total | O48: Part des femmes dans le total | P48: Part des VAE chez les femmes | Q48: =Q34 -> 0 | R48: Remarque
K51: Période
K52: =K38 -> 6:30 à 7:00 | N52: =IF(N38=0,0,N38/M38) -> 0.4 | O52: =IF(O38=0,0,O38/M38) -> 0.6 | P52: =IF(P38=0,0,P38/N38) -> 1 | Q52: =IF(Q38=0,0,Q38/M38) -> 0
K53: =K39 -> 7:00 à 7:30 | N53: =IF(N40=0,0,N40/M40) -> 0.33333333 | O53: =IF(O40=0,0,O40/M40) -> 0.33333333 | P53: =IF(P40=0,0,P40/N40) -> 1 | Q53: =IF(Q40=0,0,Q40/M40) -> 0
K54: =K40 -> 7:30 à 8:00 | N54: =IF(N40=0,0,N40/M40) -> 0.33333333 | O54: =IF(O40=0,0,O40/M40) -> 0.33333333 | P54: =IF(P40=0,0,P40/N40) -> 1 | Q54: =IF(Q40=0,0,Q40/M40) -> 0
K55: =K41 -> 8:00 à 8:30 | N55: =IF(N41=0,0,N41/M41) -> 1 | O55: =IF(O41=0,0,O41/M41) -> 0.33333333 | P55: =IF(P41=0,0,P41/N41) -> 0.33333333 | Q55: =IF(Q41=0,0,Q41/M41) -> 0
K56: =K42 -> 8:30 à 9:00 | N56: =IF(N42=0,0,N42/M42) -> 0 | O56: =IF(O42=0,0,O42/M42) -> 0.2 | P56: =IF(P42=0,0,P42/N42) -> 0 | Q56: =IF(Q42=0,0,Q42/M42) -> 0
K57: TOTAL | N57: =IF(N43=0,0,N43/M43) -> 0.48387097 | O57: =IF(O43=0,0,O43/M43) -> 0.41935484 | P57: =IF(P43=0,0,P43/N43) -> 0.73333333 | Q57: =IF(Q43=0,0,Q43/M43) -> 0
K58: =K47 -> 7 à 8 | M58: =IF($AO$59=MAX($AO$59:$AO$63),M52,IF($AO$60=MAX($AO$59:$AO$63),M54,IF($AO$61=MAX($AO$59:$AO$63),M55,IF($AO$62=MAX($AO$59:$AO$63),(M55),M56)))) -> 0 | N58: =IF($AO$59=MAX($AO$59:$AO$63),N52,IF($AO$60=MAX($AO$59:$AO$63),N54,IF($AO$61=MAX($AO$59:$AO$63),N55,IF($AO$62=MAX($AO$59:$AO$63),(N55),N56)))) -> 0.4 | O58: =O56 -> 0.2 | P58: =IF($AO$59=MAX($AO$59:$AO$63),P52,IF($AO$60=MAX($AO$59:$AO$63),P54,IF($AO$61=MAX($AO$59:$AO$63),P55,IF($AO$62=MAX($AO$59:$AO$63),(P55),P56)))) -> 1 | Q58: =IF($AO$59=MAX($AO$59:$AO$63),Q52,IF($AO$60=MAX($AO$59:$AO$63),Q54,IF($AO$61=MAX($AO$59:$AO$63),Q55,IF($AO$62=MAX($AO$59:$AO$63),(Q55),Q56)))) -> 0

Sheet ARENT_PAPETERIE
B1: Arenthon La Papeterie | O1: Date :
A2: Nom des personnes participant au comptage : | I2: Nicole
A3: Météo : | N3: Remarques :
A5: PRINCIPE D’UTILISATION : pour chaque intervalle de temps, comptabiliser VAE/vélo dans la colonne H/F
A6: Rajouter aussi en bas de la feuille si enfant
A7: Comptabiliser en bas de la grille si 2 roues hors vélo qui ne sont pas cochés dans la grille (trottinette, skate, ets)
C9: De Arenthon vers | O9: De Bonneville vers
C10: Bonneville | G10: TNA | K10: Rte Papeterie | O10: TNA | S10: Arenthon | W10: Rte Papeterie
C11: H | E11: F | G11: H | I11: F | K11: H | M11: F | O11: H | Q11: F | S11: H | U11: F | W11: H | Y11: F
A12: Période | C12: VAE | D12: vélo | E12: VAE | F12: vélo | G12: VAE | H12: vélo | I12: VAE | J12: vélo | K12: VAE | L12: vélo | M12: VAE | N12: vélo | O12: VAE | P12: vélo | Q12: VAE | R12: vélo | S12: VAE | T12: vélo | U12: VAE | V12: vélo | W12: VAE | X12: vélo | Y12: VAE | Z12: vélo
A13: 0.27083333 | B13: 0.29166667 | C13: 1 | E13: 1
A14: 0.29166667 | B14: 0.3125 | D14: 1 | X14: 1
A15: 0.3125 | B15: 0.33333333 | T15: 1
A16: 0.33333333 | B16: 0.35416667
A17: 0.35416667 | B17: 0.375 | D17: 2 | F17: 1 | T17: 1
C19: De Rte Papeterie vers | O19: De TNA vers
C20: Arenthon | G20: TNA | K20: Bonneville | O20: Bonneville | S20: Arenthon | W20: Rte Papeterie
C21: H | E21: F | G21: H | I21: F | K21: H | M21: F | O21: H | Q21: F | S21: H | U21: F | W21: H | Y21: F
A22: Période | C22: VAE | D22: vélo | E22: VAE | F22: vélo | G22: VAE | H22: vélo | I22: VAE | J22: vélo | K22: VAE | L22: vélo | M22: VAE | N22: vélo | O22: VAE | P22: vélo | Q22: VAE | R22: vélo | S22: VAE | T22: vélo | U22: VAE | V22: vélo | W22: VAE | X22: vélo | Y22: VAE | Z22: vélo
A23: 0.27083333 | B23: 0.29166667
A24: 0.29166667 | B24: 0.3125 | R24: 1
A25: 0.3125 | B25: 0.33333333 | L25: 1
A26: 0.33333333 | B26: 0.35416667 | H26: 1
A27: 0.35416667 | B27: 0.375
B29: dont Enfant
B30: vélo sur trottoir
B31: dont Cyclo sportifs | F31: 2
B32: hors grille, plus 2 roues hors vélo (trottinette, skate...)
C34: H | E34: F | AB34: en jaune, tableau global
A35: Période | C35: VAE | D35: vélo | E35: VAE | F35: vélo | AA35: Période | AC35: TOTAL | AD35: Nombre de VAE dans le total | AE35: Nombre de femmes dans le total | AF35: Nombre de VAE chez les femmes | AG35: plus trotinette skate | AH35: dont enfant | AI35: vélo sur trottoir | AJ35: dont cyclo
A36: 6:30 à 7:00 | C36: =C13+G13+K13+O13+S13+W13+C23+G23+K23+O23+S23+W23 -> 1 | D36: =D13+H13+L13+P13+T13+X13+D23+H23+L23+P23+T23+X23 -> 0 | E36: =E13+I13+M13+Q13+U13+Y13+E23+I23+M23+Q23+U23+Y23 -> 1 | F36: =F13+J13+N13+R13+V13+Z13+F23+J23+N23+R23+V23+Z23 -> 0 | AA36: =A36 -> 6:30 à 7:00 | AC36: =SUM(C36:Z36) -> 2 | AD36: =C36+E36 -> 2 | AE36: =E36+F36 -> 1 | AF36: =E36 -> 1
A37: 7:00 à 7:30 | C37: =C14+G14+K14+O14+S14+W14+C24+G24+K24+O24+S24+W24 -> 0 | D37: =D14+H14+L14+P14+T14+X14+D24+H24+L24+P24+T24+X24 -> 2 | E37: =E14+I14+M14+Q14+U14+Y14+E24+I24+M24+Q24+U24+Y24 -> 0 | F37: =F14+J14+N14+R14+V14+Z14+F24+J24+N24+R24+V24+Z24 -> 1 | AA37: =A37 -> 7:00 à 7:30 | AC37: =SUM(C37:Z37) -> 3 | AD37: =C37+E37 -> 0 | AE37: =E37+F37 -> 1 | AF37: =E37 -> 0
A38: 7:30 à 8:00 | C38: =C15+G15+K15+O15+S15+W15+C25+G25+K25+O25+S25+W25 -> 0 | D38: =D15+H15+L15+P15+T15+X15+D25+H25+L25+P25+T25+X25 -> 2 | E38: =E15+I15+M15+Q15+U15+Y15+E25+I25+M25+Q25+U25+Y25 -> 0 | F38: =F15+J15+N15+R15+V15+Z15+F25+J25+N25+R25+V25+Z25 -> 0 | AA38: =A38 -> 7:30 à 8:00 | AC38: =SUM(C38:Z38) -> 2 | AD38: =C38+E38 -> 0 | AE38: =E38+F38 -> 0 | AF38: =E38 -> 0
A39: 8:00 à 8:30 | C39: =C16+G16+K16+O16+S16+W16+C26+G26+K26+O26+S26+W26 -> 0 | D39: =D16+H16+L16+P16+T16+X16+D26+H26+L26+P26+T26+X26 -> 1 | E39: =E16+I16+M16+Q16+U16+Y16+E26+I26+M26+Q26+U26+Y26 -> 0 | F39: =F16+J16+N16+R16+V16+Z16+F26+J26+N26+R26+V26+Z26 -> 0 | AA39: =A39 -> 8:00 à 8:30 | AC39: =SUM(C39:Z39) -> 1 | AD39: =C39+E39 -> 0 | AE39: =E39+F39 -> 0 | AF39: =E39 -> 0
A40: 8:30 à 9:00 | C40: =C17+G17+K17+O17+S17+W17+C27+G27+K27+O27+S27+W27 -> 0 | D40: =D17+H17+L17+P17+T17+X17+D27+H27+L27+P27+T27+X27 -> 3 | E40: =E17+I17+M17+Q17+U17+Y17+E27+I27+M27+Q27+U27+Y27 -> 0 | F40: =F17+J17+N17+R17+V17+Z17+F27+J27+N27+R27+V27+Z27 -> 1 | AA40: 8:30 à 9:00 | AC40: =SUM(C40:Z40) -> 4 | AD40: =C40+E40 -> 0 | AE40: =E40+F40 -> 1 | AF40: =E40 -> 0
A41: TOTAL | C41: =SUM(C13:C17) -> 1 | D41: =SUM(D13:D17) -> 3 | E41: =SUM(E13:E17) -> 1 | F41: =SUM(F13:F17) -> 1 | AA41: TOTAL | AC41: =SUM(AC36:AC40) -> 12 | AD41: =SUM(AD36:AD40) -> 2 | AE41: =SUM(AE36:AE40) -> 3 | AF41: =SUM(AF36:AF40) -> 1 | AG41: 1 | AH41: 1 | AI41: =A30 -> 0 | AJ41: 3
AA42: 7:00 à 7:30 | AC42: =AC37 -> 3
AA43: 7:30 à 8:00 | AC43: =AC38 -> 2
AA44: Total H pointe | AC44: =SUM(AC42:AC43) -> 5
AC46: TOTAL | AD46: Part des VAE dans le total | AE46: Part des femmes dans le total | AF46: Part des VAE chez les femmes
AA49: Période
AA50: =AA36 -> 6:30 à 7:00 | AD50: =IF(AD37=0,0,AD37/AC37) -> 0 | AE50: =IF(AE37=0,0,AE37/AC37) -> 0.33333333 | AF50: =IF(AF37=0,0,AF37/AD37) -> 0
AA51: =AA37 -> 7:00 à 7:30 | AD51: =IF(AD37=0,0,AD37/AC37) -> 0 | AE51: =IF(AE37=0,0,AE37/AC37) -> 0.33333333 | AF51: =IF(AF37=0,0,AF37/AD37) -> 0
AA52: =AA38 -> 7:30 à 8:00 | AD52: =IF(AD38=0,0,AD38/AC38) -> 0 | AE52: =IF(AE38=0,0,AE38/AC38) -> 0 | AF52: =IF(AF38=0,0,AF38/AD38) -> 0
AA53: =AA39 -> 8:00 à 8:30 | AD53: =IF(AD39=0,0,AD39/AC39) -> 0 | AE53: =IF(AE39=0,0,AE39/AC39) -> 0 | AF53: =IF(AF39=0,0,AF39/AD39) -> 0
AA54: TOTAL | AD54: =IF(AD41=0,0,AD41/AC41) -> 0.16666667 | AE54: =IF(AE41=0,0,AE41/AC41) -> 0.25 | AF54: =IF(AF41=0,0,AF41/AD41) -> 0.5
AA55: =AA45 -> 0 | AD55: =AD45/$AC$45 -> #DIV/0! | AE55: =AE45/$AC$45 -> #DIV/0! | AF55: =AF45/$AC$45 -> #DIV/0!

Sheet ST_PI_BORNE_DESSY
B1: St Pierre Franchissement du Borne Dessy | O1: Date :
A2: Nom des personnes participant au comptage : | H2: Mickaël
A3: Météo : | P3: Remarques : | R3: Compatage jusqu’à 8h30
A5: PRINCIPE D’UTILISATION : pour chaque intervalle de temps, comptabiliser VAE/vélo dans la colonne H/F
A6: Rajouter aussi en bas de la feuille si enfant
A7: Comptabiliser en bas de la grille si 2 roues hors vélo qui ne sont pas cochés dans la grille (trottinette, skate, ets)
C9: De Rte Gorges du Borne vers | K9: De Avenue des Digues vers | S9: De Avenue de Monaz vers
C10: Av des Digues | G10: Av Monaz | K10: Av Monaz | O10: Rte Gorges du Borne | S10: Rte Gorges du Borne | W10: Av des Digues
C11: H | E11: F | G11: H | I11: F | K11: H | M11: F | O11: H | Q11: F | S11: H | U11: F | W11: H | Y11: F
A12: Période | C12: VAE | D12: vélo | E12: VAE | F12: vélo | G12: VAE | H12: vélo | I12: VAE | J12: vélo | K12: VAE | L12: vélo | M12: VAE | N12: vélo | O12: VAE | P12: vélo | Q12: VAE | R12: vélo | S12: VAE | T12: vélo | U12: VAE | V12: vélo | W12: VAE | X12: vélo | Y12: VAE | Z12: vélo
A13: 0.27083333 | B13: 0.29166667 | G13: 2
A14: 0.29166667 | B14: 0.3125 | G14: 3 | H14: 2 | I14: 1
A15: 0.3125 | B15: 0.33333333 | D15: 1 | F15: 1 | I15: 2
A16: 0.33333333 | B16: 0.35416667 | D16: 1 | J16: 1
A17: 0.35416667 | B17: 0.375
B19: dont Enfant
B20: vélo sur trottoir
B21: dont Cyclo sportifs | F21: 1
B22: hors grille, plus 2 roues hors vélo (trottinette, skate...)
AC24: en jaune, tableau global
C25: =C9 -> De Rte Gorges du Borne vers | K25: =K9 -> De Avenue des Digues vers | S25: =S9 -> De Avenue de Monaz vers | AC25: TOTAL | AD25: Nombre de VAE dans le total | AE25: Nombre de femmes dans le total | AF25: Nombre de VAE chez les femmes | AK25: Cycles sur rte de Dessy | AL25: Cycles sur rte des Digues
C26: =C10 -> Av des Digues | G26: =G10 -> Av Monaz | K26: =K10 -> Av Monaz | O26: =O10 -> Rte Gorges du Borne | S26: =S10 -> Rte Gorges du Borne | W26: =W10 -> Av des Digues
C27: H | E27: F | G27: H | I27: F | K27: H | M27: F | O27: H | Q27: F | S27: H | U27: F | W27: H | Y27: F
A28: Période | C28: VAE | D28: vélo | E28: VAE | F28: vélo | G28: VAE | H28: vélo | I28: VAE | J28: vélo | K28: VAE | L28: vélo | M28: VAE | N28: vélo | O28: VAE | P28: vélo | Q28: VAE | R28: vélo | S28: VAE | T28: vélo | U28: VAE | V28: vélo | W28: VAE | X28: vélo | Y28: VAE | Z28: vélo | AA28: Période | AG28: plus trotinette skate | AH28: dont enfant | AI28: vélo sur trottoir | AJ28: dont cyclo
A29: 6:30 à 7:00 | C29: =C13 -> 0 | D29: =D13 -> 0 | E29: =E13 -> 0 | F29: =F13 -> 0 | G29: =G13 -> 2 | H29: =H13 -> 0 | I29: =I13 -> 0 | J29: =J13 -> 0 | ... Z29: =Z13 -> 0 | AA29: =A29 -> 6:30 à 7:00 | AC29: =SUM(C29:Z29) -> 2 | AD29: =C29+E29+G29+I29+K29+M29+O29+Q29+S29+U29+W29+Y29 -> 2 | AE29: =E29+F29+I29+J29+M29+N29+Q29+R29+U29+V29+Y29+Z29 -> 0 | AF29: =E29+I29+M29+Q29+U29+Y29 -> 0 | AK29: =SUM(G29:N29)+SUM(S29:Z29) -> 2 | AL29: =SUM(C29:F29)+SUM(W29:Z29)+SUM(K29:R29) -> 0
A30: 7:00 à 7:30 | C30: =C14 -> 0 | D30: =D14 -> 0 | E30: =E14 -> 0 | F30: =F14 -> 0 | G30: =G14 -> 3 | H30: =H14 -> 2 | I30: =I14 -> 1 | J30: =J14 -> 0 | ... Z30: =Z14 -> 0 | AA30: =A30 -> 7:00 à 7:30 | AC30: =SUM(C30:Z30) -> 6 | AD30: =C30+E30+G30+I30+K30+M30+O30+Q30+S30+U30+W30+Y30 -> 4 | AE30: =E30+F30+I30+J30+M30+N30+Q30+R30+U30+V30+Y30+Z30 -> 1 | AF30: =E30+I30+M30+Q30+U30+Y30 -> 1 | AK30: =SUM(G30:N30)+SUM(S30:Z30) -> 6 | AL30: =SUM(C30:F30)+SUM(W30:Z30)+SUM(K30:R30) -> 0
A31: 7:30 à 8:00 | C31: =C15 -> 0 | D31: =D15 -> 1 | E31: =E15 -> 0 | F31: =F15 -> 1 | G31: =G15 -> 0 | H31: =H15 -> 0 | I31: =I15 -> 2 | J31: =J15 -> 0 | ... Z31: =Z15 -> 0 | AA31: =A31 -> 7:30 à 8:00 | AC31: =SUM(C31:Z31) -> 4 | AD31: =C31+E31+G31+I31+K31+M31+O31+Q31+S31+U31+W31+Y31 -> 2 | AE31: =E31+F31+I31+J31+M31+N31+Q31+R31+U31+V31+Y31+Z31 -> 3 | AF31: =E31+I31+M31+Q31+U31+Y31 -> 2 | AK31: =SUM(G31:N31)+SUM(S31:Z31) -> 2 | AL31: =SUM(C31:F31)+SUM(W31:Z31)+SUM(K31:R31) -> 2
A32: 8:00 à 8:30 | C32: =C16 -> 0 | D32: =D16 -> 1 | E32: =E16 -> 0 | F32: =F16 -> 0 | G32: =G16 -> 0 | H32: =H16 -> 0 | I32: =I16 -> 0 | J32: =J16 -> 1 | ... Z32: =Z16 -> 0 | AA32: =A32 -> 8:00 à 8:30 | AC32: =SUM(C32:Z32) -> 2 | AD32: =C32+E32+G32+I32+K32+M32+O32+Q32+S32+U32+W32+Y32 -> 0 | AE32: =E32+F32+I32+J32+M32+N32+Q32+R32+U32+V32+Y32+Z32 -> 1 | AF32: =E32+I32+M32+Q32+U32+Y32 -> 0 | AK32: =SUM(G32:N32)+SUM(S32:Z32) -> 1 | AL32: =SUM(C32:F32)+SUM(W32:Z32)+SUM(K32:R32) -> 1
A33: 8:30 à 9:00 | C33: =C17 -> 0 | D33: =D17 -> 0 | E33: =E17 -> 0 | F33: =F17 -> 0 | G33: =G17 -> 0 | H33: =H17 -> 0 | I33: =I17 -> 0 | J33: =J17 -> 0 | ... Z33: =Z17 -> 0 | AA33: =A33 -> 8:30 à 9:00 | AC33: =SUM(C33:Z33) -> 0 | AD33: =C33+E33+G33+I33+K33+M33+O33+Q33+S33+U33+W33+Y33 -> 0 | AE33: =E33+F33+I33+J33+M33+N33+Q33+R33+U33+V33+Y33+Z33 -> 0 | AF33: =E33+I33+M33+Q33+U33+Y33 -> 0 | AK33: =SUM(G33:N33)+SUM(S33:Z33) -> 0 | AL33: =SUM(C33:F33)+SUM(W33:Z33)+SUM(K33:R33) -> 0
A34: TOTAL | C34: =SUM(C13:C17) -> 0 | D34: =SUM(D13:D17) -> 2 | E34: =SUM(E13:E17) -> 0 | F34: =SUM(F13:F17) -> 1 | G34: =SUM(G13:G17) -> 5 | H34: =SUM(H13:H17) -> 2 | I34: =SUM(I13:I17) -> 3 | J34: =SUM(J13:J17) -> 1 | ... Z34: =SUM(Z13:Z17) -> 0 | AA34: TOTAL | AC34: =SUM(C34:Z34) -> 14 | AD34: =AD29+AD30+AD31+AD32+AD33 -> 8 | AE34: =AE29+AE31+AE33 -> 3 | AF34: =AF29+AF31+AF33 -> 2 | AG34: =A22 -> 0 | AH34: =A19 -> 0 | AJ34: =A21 -> 0 | AK34: =AK29+AK31+AK33 -> 4 | AL34: =AL29+AL31+AL33 -> 2
AA35: 7:00 à 7:30 | AC35: =AC30 -> 6
AA36: 7:30 à 8:00 | AC36: =AC31 -> 4
AA37: Total H pointe | AC37: =SUM(AC35:AC36) -> 10
AC39: TOTAL | AD39: Part des VAE dans le total | AE39: Part des femmes dans le total | AF39: Part des VAE chez les femmes | AK39: =AK25 -> Cycles sur rte de Dessy | AL39: =AL25 -> Cycles sur rte des Digues
AA42: Période
AA43: =AA29 -> 6:30 à 7:00 | AD43: =IF(AD29=0,0,AD29/AC29) -> 1 | AE43: =IF(AE29=0,0,AE29/AC29) -> 0 | AF43: =IF(AF29=0,0,AF29/AD29) -> 0 | AK43: =IF(AK29=0,0,AK29/AC29) -> 1 | AL43: =IF(AL29=0,0,AL29/AC29) -> 0
AA44: =AA30 -> 7:00 à 7:30 | AD44: =IF(AD31=0,0,AD31/AC31) -> 0.5 | AE44: =IF(AE31=0,0,AE31/AC31) -> 0.75 | AF44: =IF(AF31=0,0,AF31/AD31) -> 1 | AK44: =IF(AK31=0,0,AK31/AC31) -> 0.5 | AL44: =IF(AL31=0,0,AL31/AC31) -> 0.5
AA45: =AA31 -> 7:30 à 8:00 | AD45: =IF(AD31=0,0,AD31/AC31) -> 0.5 | AE45: =IF(AE31=0,0,AE31/AC31) -> 0.75 | AF45: =IF(AF31=0,0,AF31/AD31) -> 1 | AK45: =IF(AK31=0,0,AK31/AC31) -> 0.5 | AL45: =IF(AL31=0,0,AL31/AC31) -> 0.5
AA46: =AA32 -> 8:00 à 8:30 | AD46: =IF(AD32=0,0,AD32/AC32) -> 0 | AE46: =IF(AE32=0,0,AE32/AC32) -> 0.5 | AF46: =IF(AF32=0,0,AF32/AD32) -> 0 | AK46: =IF(AK32=0,0,AK32/AC32) -> 0.5 | AL46: =IF(AL32=0,0,AL32/AC32) -> 0.5
AA47: =AA33 -> 8:30 à 9:00 | AD47: =IF(AD33=0,0,AD33/AC33) -> 0 | AE47: =IF(AE33=0,0,AE33/AC33) -> 0 | AF47: =IF(AF33=0,0,AF33/AD33) -> 0 | AK47: =IF(AK33=0,0,AK33/AC33) -> 0 | AL47: =IF(AL33=0,0,AL33/AC33) -> 0
AA48: TOTAL | AD48: =IF(AD34=0,0,AD34/AC34) -> 0.57142857 | AE48: =IF(AE34=0,0,AE34/AC34) -> 0.21428571 | AF48: =IF(AF34=0,0,AF34/AD34) -> 0.25 | AK48: =IF(AK34=0,0,AK34/AC34) -> 0.28571429 | AL48: =IF(AL34=0,0,AL34/AC34) -> 0.14285714
AA49: =AA38 -> 0 | AC49: =IF($AX$48=MAX($AX$48:$AX$52),AC43,IF($AX$49=MAX($AX$48:$AX$52),AC45,IF($AX$50=MAX($AX$48:$AX$52),AC46,IF($AX$51=MAX($AX$48:$AX$52),(AC46),AC47)))) -> 0 | AD49: =AD38/AC38 -> #DIV/0! | AE49: =AE38/AC38 -> #DIV/0! | AF49: =AF38/AC38 -> #DIV/0! | AK49: =AK38/AC38 -> #DIV/0! | AL49: =AL38/AC38 -> #DIV/0!

Sheet BO_BORNE_PRISON
B1: Bonneville Franchissement du Borne Tucinge - Prison | G1: Date :
A2: Nom des personnes participant au comptage : | E2: Martine
A3: Météo : | G3: Remarques :
A5: PRINCIPE D’UTILISATION : pour chaque intervalle de temps, comptabiliser VAE/vélo dans la colonne H/F
A6: Rajouter aussi en bas de la feuille si déplacement vélo sur trottoir et/ou si enfant
A7: Comptabiliser en bas de la grille si 2 roues hors vélo qui ne sont pas cochés dans la grille (trottinette, skate, ets)
C8: Pont du Borne
C9: Depuis Bonneville | G9: Depuis Tucinges
C10: H | D10: H | E10: F | F10: F | G10: H | H10: H | I10: F | J10: F
A11: Période | C11: VAE | D11: vélo | E11: VAE | F11: vélo | G11: VAE | H11: vélo | I11: VAE | J11: vélo
A12: 0.27083333 | B12: 0.29166667 | C12: 1
A13: 0.29166667 | B13: 0.3125 | D13: 2
A14: 0.3125 | B14: 0.33333333 | D14: 3
A15: 0.33333333 | B15: 0.35416667 | D15: 2 | H15: 10 | J15: 6
A16: 0.35416667 | B16: 0.375 | D16: 1 | E16: 2 | F16: 2
A18: 1 | B18: dont Enfant | D18: 1
A19: 1 | B19: vélo sur trottoir
A20: 1 | B20: dont Cyclo sportifs | D20: 1
B21: hors grille, plus 2 roues hors vélo (trottinette, skate...)
M22: en jaune, tableau global
C23: =C8 -> Pont du Borne | K23: Période | M23: TOTAL | N23: Nombre de VAE dans le total | O23: Nombre de femmes dans le total | P23: Nombre de VAE chez les femmes | Q23: plus trotinette skate | R23: dont enfant | S23: vélo sur trottoir | T23: dont cyclo | U23: Cycles en direction de Bonneville
C24: =C9 -> Depuis Bonneville | G24: =G9 -> Depuis Tucinges
C25: H | E25: F | G25: H | I25: F
A26: Période | C26: VAE | D26: vélo | E26: VAE | F26: vélo | G26: VAE | H26: vélo | I26: VAE | J26: vélo
A27: 6:30 à 7:00 | C27: =+C12 -> 1 | D27: =+D12 -> 0 | E27: =+E12 -> 0 | F27: =+F12 -> 0 | G27: =+G12 -> 0 | H27: =+H12 -> 0 | I27: =+I12 -> 0 | J27: =+J12 -> 0 | K27: =A27 -> 6:30 à 7:00 | M27: =SUM(C27:J27) -> 1 | N27: =C27+E27+G27+I27 -> 1 | O27: =E27+F27+I27+J27 -> 0 | P27: =E27+I27 -> 0 | U27: =SUM(G27:J27) -> 0
A28: 7:00 à 7:30 | C28: =+C13 -> 0 | D28: =+D13 -> 2 | E28: =+E13 -> 0 | F28: =+F13 -> 0 | G28: =+G13 -> 0 | H28: =+H13 -> 0 | I28: =+I13 -> 0 | J28: =+J13 -> 0 | K28: =A28 -> 7:00 à 7:30 | M28: =SUM(C28:J28) -> 2 | N28: =C28+E28+G28+I28 -> 0 | O28: =E28+F28+I28+J28 -> 0 | P28: =E28+I28 -> 0 | U28: =SUM(G28:J28) -> 0
A29: 7:30 à 8:00 | C29: =+C14 -> 0 | D29: =+D14 -> 3 | E29: =+E14 -> 0 | F29: =+F14 -> 0 | G29: =+G14 -> 0 | H29: =+H14 -> 0 | I29: =+I14 -> 0 | J29: =+J14 -> 0 | K29: =A29 -> 7:30 à 8:00 | M29: =SUM(C29:J29) -> 3 | N29: =C29+E29+G29+I29 -> 0 | O29: =E29+F29+I29+J29 -> 0 | P29: =E29+I29 -> 0 | U29: =SUM(G29:J29) -> 0
A30: 8:00 à 8:30 | C30: =+C15 -> 0 | D30: =+D15 -> 2 | E30: =+E15 -> 0 | F30: =+F15 -> 0 | G30: =+G15 -> 0 | H30: =+H15 -> 10 | I30: =+I15 -> 0 | J30: =+J15 -> 6 | K30: =A30 -> 8:00 à 8:30 | M30: =SUM(C30:J30) -> 18 | N30: =C30+E30+G30+I30 -> 0 | O30: =E30+F30+I30+J30 -> 6 | P30: =E30+I30 -> 0 | U30: =SUM(G30:J30) -> 16
A31: 8:30 à 9:00 | C31: =+C16 -> 0 | D31: =+D16 -> 1 | E31: =+E16 -> 2 | F31: =+F16 -> 2 | G31: =+G16 -> 0 | H31: =+H16 -> 0 | I31: =+I16 -> 0 | J31: =+J16 -> 0 | K31: =A31 -> 8:30 à 9:00 | M31: =SUM(C31:J31) -> 5 | N31: =C31+E31+G31+I31 -> 2 | O31: =E31+F31+I31+J31 -> 4 | P31: =E31+I31 -> 2 | U31: =SUM(G31:J31) -> 0
A32: TOTAL | C32: =SUM(C12:C16) -> 1 | D32: =SUM(D12:D16) -> 8 | E32: =SUM(E12:E16) -> 2 | F32: =SUM(F12:F16) -> 2 | G32: =SUM(G12:G16) -> 0 | H32: =SUM(H12:H16) -> 10 | I32: =SUM(I12:I16) -> 0 | J32: =SUM(J12:J16) -> 6 | K32: TOTAL | M32: =SUM(M27:M31) -> 29 | N32: =SUM(N27:N31) -> 3 | O32: =SUM(O27:O31) -> 10 | P32: =SUM(P27:P31) -> 2 | Q32: =A21 -> 0 | R32: =A18 -> 1 | T32: =A20 -> 1 | U32: =SUM(U27:U31) -> 16
K33: =K29 -> 7:30 à 8:00 | M33: =M29 -> 3
K34: =K30 -> 8:00 à 8:30 | M34: =M30 -> 18
K35: Total H pointe | M35: =SUM(M33:M34) -> 21
M37: TOTAL | N37: Part des VAE dans le total | O37: Part des femmes dans le total | P37: Part des VAE chez les femmes | U37: =U23 -> Cycles en direction de Bonneville
K40: Période
K41: =K27 -> 6:30 à 7:00 | N41: =IF(N27=0,0,N27/M27) -> 1 | O41: =IF(O27=0,0,O27/M27) -> 0 | P41: =IF(P27=0,0,P27/N27) -> 0 | U41: =IF(U27=0,0,U27/M27) -> 0
K42: =K28 -> 7:00 à 7:30 | N42: =IF(N29=0,0,N29/M29) -> 0 | O42: =IF(O29=0,0,O29/M29) -> 0 | P42: =IF(P29=0,0,P29/N29) -> 0 | U42: =IF(U29=0,0,U29/M29) -> 0
K43: =K29 -> 7:30 à 8:00 | N43: =IF(N29=0,0,N29/M29) -> 0 | O43: =IF(O29=0,0,O29/M29) -> 0 | P43: =IF(P29=0,0,P29/N29) -> 0 | U43: =IF(U29=0,0,U29/M29) -> 0
K44: =K30 -> 8:00 à 8:30 | N44: =IF(N30=0,0,N30/M30) -> 0 | O44: =IF(O30=0,0,O30/M30) -> 0.33333333 | P44: =IF(P30=0,0,P30/N30) -> 0 | U44: =IF(U30=0,0,U30/M30) -> 0.88888889
K45: =K31 -> 8:30 à 9:00 | N45: =IF(N31=0,0,N31/M31) -> 0.4 | O45: =IF(O31=0,0,O31/M31) -> 0.8 | P45: =IF(P31=0,0,P31/N31) -> 1 | U45: =IF(U31=0,0,U31/M31) -> 0
K46: TOTAL | N46: =IF(N32=0,0,N32/M32) -> 0.10344828 | O46: =IF(O32=0,0,O32/M32) -> 0.34482759 | P46: =IF(P32=0,0,P32/N32) -> 0.66666667 | U46: =IF(U32=0,0,U32/M32) -> 0.55172414
K47: =K36 -> 0 | M47: =IF($AS$48=MAX($AS$48:$AS$52),M41,IF($AS$49=MAX($AS$48:$AS$52),M43,IF($AS$50=MAX($AS$48:$AS$52),M44,IF($AS$51=MAX($AS$48:$AS$52),(M44),M45)))) -> 0 | N47: =IF($AS$48=MAX($AS$48:$AS$52),N41,IF($AS$49=MAX($AS$48:$AS$52),N43,IF($AS$50=MAX($AS$48:$AS$52),N44,IF($AS$51=MAX($AS$48:$AS$52),(N44),N45)))) -> 1 | O47: =O45 -> 0.8 | P47: =IF($AS$48=MAX($AS$48:$AS$52),P41,IF($AS$49=MAX($AS$48:$AS$52),P43,IF($AS$50=MAX($AS$48:$AS$52),P44,IF($AS$51=MAX($AS$48:$AS$52),(P44),P45)))) -> 0 | U47: =IF($AS$48=MAX($AS$48:$AS$52),U41,IF($AS$49=MAX($AS$48:$AS$52),U43,IF($AS$50=MAX($AS$48:$AS$52),U44,IF($AS$51=MAX($AS$48:$AS$52),(U44),U45)))) -> 0

Sheet ST_PI_BORNE_RD1203
B1: St Pierre Pont sur le Borne Principal - RD 1203 | O1: Date :
A2: Nom des personnes participant au comptage : | J2: Christine | L2: côté La Roche | R2: René | T2: côté Bonneville
A3: Météo : | N3: Remarques :
A5: PRINCIPE D’UTILISATION : pour chaque intervalle de temps, comptabiliser VAE/vélo dans la colonne H/F
A6: Rajouter aussi en bas de la feuille si déplacement vélo sur trottoir et/ou si enfant
A7: Comptabiliser en bas de la grille si 2 roues hors vélo qui ne sont pas cochés dans la grille (trottinette, skate, ets)
C9: De Stade vers
C10: Bonneville | G10: Prison | K10: Tucinges | O10: La Roche | S10: Digues
C11: H | E11: F | G11: H | I11: F | K11: H | M11: F | O11: H | Q11: F | S11: H | U11: F
A12: Période | C12: VAE | D12: vélo | E12: VAE | F12: vélo | G12: VAE | H12: vélo | I12: VAE | J12: vélo | K12: VAE | L12: vélo | M12: VAE | N12: vélo | O12: VAE | P12: vélo | Q12: VAE | R12: vélo | S12: VAE | T12: vélo | U12: VAE | V12: vélo
A13: 0.27083333 | B13: 0.29166667 | H13: 1
A14: 0.29166667 | B14: 0.3125 | W14: =SUM(C14:V14) -> 0
A15: 0.3125 | B15: 0.33333333 | W15: =SUM(C15:V15) -> 0
A16: 0.33333333 | B16: 0.35416667
A17: 0.35416667 | B17: 0.375 | N17: 1
W18: =SUM(W13:W17) -> 0
C19: De Bonneville vers
C20: Prison | G20: Tucinges | K20: La Roche | O20: Digues | S20: Stade
C21: H | E21: F | G21: H | I21: F | K21: H | M21: F | O21: H | Q21: F | S21: H | U21: F
A22: Période | C22: VAE | D22: vélo | E22: VAE | F22: vélo | G22: VAE | H22: vélo | I22: VAE | J22: vélo | K22: VAE | L22: vélo | M22: VAE | N22: vélo | O22: VAE | P22: vélo | Q22: VAE | R22: vélo | S22: VAE | T22: vélo | U22: VAE | V22: vélo
A23: 0.27083333 | B23: 0.29166667 | P23: 3 | W23: =SUM(C23:V23) -> 3
A24: 0.29166667 | B24: 0.3125 | K24: 1 | L24: 1 | P24: 1 | W24: =SUM(C24:V24) -> 3
A25: 0.3125 | B25: 0.33333333 | L25: 1 | W25: =SUM(C25:V25) -> 1
A26: 0.33333333 | B26: 0.35416667 | L26: 1 | P26: 1 | W26: =SUM(C26:V26) -> 2
A27: 0.35416667 | B27: 0.375 | L27: 1 | W27: =SUM(C27:V27) -> 1
W28: =SUM(W23:W27) -> 10
C29: De Prison vers
C30: Tucinges | G30: La Roche | K30: Digues | O30: Stade | S30: Bonneville
C31: H | E31: F | G31: H | I31: F | K31: H | M31: F | O31: H | Q31: F | S31: H | U31: F
A32: Période | C32: VAE | D32: vélo | E32: VAE | F32: vélo | G32: VAE | H32: vélo | I32: VAE | J32: vélo | K32: VAE | L32: vélo | M32: VAE | N32: vélo | O32: VAE | P32: vélo | Q32: VAE | R32: vélo | S32: VAE | T32: vélo | U32: VAE | V32: vélo
A33: 0.27083333 | B33: 0.29166667
A34: 0.29166667 | B34: 0.3125 | C34: 1 | K34: 2
A35: 0.3125 | B35: 0.33333333 | H35: 1
A36: 0.33333333 | B36: 0.35416667
A37: 0.35416667 | B37: 0.375
B38: dont Enfant
A39: 4 | B39: vélo sur trottoir
A40: 2 | B40: dont Cyclo sportifs
A41: 3 | B41: hors grille, plus 2 roues hors vélo (trottinette, skate...) | L41: 4
B42: St Pierre-Bonneville Pont sur le Borne Principal - RD 1203
A43: Nom des personnes participant au comptage : | L43: côté La Roche | T43: côté Bonneville
A44: Météo : | P44: Remarques :
A46: Principe d'utilisation pour chaque intervalle de temps, Marquer une croix vélo ou VAE dans la colonne H ou F
A47: Et cocher en bas de la grille si déplacement sur trottoir et/ou si enfant et/ou si 2 roues hors vélo (trottinette, skate, ets)
C49: De Toisinges vers
C50: La Roche | G50: Digues | K50: Stade | O50: Bonneville | S50: Prison
C51: H | E51: F | G51: H | I51: F | K51: H | M51: F | O51: H | Q51: F | S51: H | U51: F
A52: Période | C52: VAE | D52: vélo | E52: VAE | F52: vélo | G52: VAE | H52: vélo | I52: VAE | J52: vélo | K52: VAE | L52: vélo | M52: VAE | N52: vélo | O52: VAE | P52: vélo | Q52: VAE | R52: vélo | S52: VAE | T52: vélo | U52: VAE | V52: vélo
A53: 0.27083333 | B53: 0.29166667 | W53: =SUM(C53:V53) -> 0
A54: 0.29166667 | B54: 0.3125 | W54: =SUM(C54:V54) -> 0
A55: 0.3125 | B55: 0.33333333 | H55: 2 | W55: =SUM(C55:V55) -> 2
A56: 0.33333333 | B56: 0.35416667 | J56: 1 | W56: =SUM(C56:V56) -> 1
A57: 0.35416667 | B57: 0.375 | H57: 1 | W57: =SUM(C57:V57) -> 1
W58: =SUM(W53:W57) -> 4
C59: De La Roche vers
C60: Digues | G60: Stade | K60: Bonneville | O60: Prison | S60: Tucinges
C61: H | E61: F | G61: H | I61: F | K61: H | M61: F | O61: H | Q61: F | S61: H | U61: F
A62: Période | C62: VAE | D62: vélo | E62: VAE | F62: vélo | G62: VAE | H62: vélo | I62: VAE | J62: vélo | K62: VAE | L62: vélo | M62: VAE | N62: vélo | O62: VAE | P62: vélo | Q62: VAE | R62: vélo | S62: VAE | T62: vélo | U62: VAE | V62: vélo
A63: 0.27083333 | B63: 0.29166667 | W63: =SUM(C63:V63) -> 0
A64: 0.29166667 | B64: 0.3125 | K64: 1 | L64: 1 | W64: =SUM(C64:V64) -> 2
A65: 0.3125 | B65: 0.33333333 | W65: =SUM(C65:V65) -> 0
A66: 0.33333333 | B66: 0.35416667 | W66: =SUM(C66:V66) -> 0
A67: 0.35416667 | B67: 0.375 | W67: =SUM(C67:V67) -> 0
W68: =SUM(W63:W67) -> 2
C69: De Digues vers
C70: Stade | G70: Bonneville | K70: Prison | O70: Tucinges | S70: La Roche
C71: H | E71: F | G71: H | I71: F | K71: H | M71: F | O71: H | Q71: F | S71: H | U71: F
A72: Période | C72: VAE | D72: vélo | E72: VAE | F72: vélo | G72: VAE | H72: vélo | I72: VAE | J72: vélo | K72: VAE | L72: vélo | M72: VAE | N72: vélo | O72: VAE | P72: vélo | Q72: VAE | R72: vélo | S72: VAE | T72: vélo | U72: VAE | V72: vélo
A73: 0.27083333 | B73: 0.29166667 | H73: 2 | W73: =SUM(C73:V73) -> 2
A74: 0.29166667 | B74: 0.3125 | W74: =SUM(C74:V74) -> 0
A75: 0.3125 | B75: 0.33333333 | D75: 1 | E75: 1 | H75: 2 | I75: 1 | J75: 1 | L75: 1 | O75: 1 | W75: =SUM(C75:V75) -> 8
A76: 0.33333333 | B76: 0.35416667 | H76: 1 | J76: 1 | P76: 1 | R76: 1 | W76: =SUM(C76:V76) -> 4
A77: 0.35416667 | B77: 0.375 | H77: 1 | W77: =SUM(C77:V77) -> 1
A78: 1 | B78: dont Enfant | W78: =SUM(W73:W77) -> 15
A79: 4 | B79: vélo sur trottoir
B80: dont Cyclo sportifs
A81: 3 | B81: hors grille, plus 2 roues hors vélo (trottinette, skate...) | M81: 3 | Y81: en jaune, tableau global
A82: 9 | B82: 00 – 15
B83: 15 – 30
Y85: TOTAL | Z85: Nombre de VAE dans le total | AA85: Nombre de femmes dans le total | AB85: Nombre de VAE chez les femmes | AC85: plus trotinette skate | AD85: dont enfant | AE85: vélo sur trottoir | AF85: dont cyclo
C87: H | E87: F
A88: Période | C88: VAE | D88: vélo | E88: VAE | F88: vélo | W88: Période
A89: 6:30 à 7:00 | C89: =C13+G13+K13+O13+S13+C23+G23+K23+O23+S23+C33+G33+K33+O33+S33+C53+G53+K53+O53+S53+C63+G63+K63+O63+S63+C73+G73+K73+O73+S73 -> 0 | D89: =D13+H13+L13+P13+T13+D23+H23+L23+P23+T23+D33+H33+L33+P33+T33+D53+H53+L53+P53+T53+D63+H63+L63+P63+T63+D73+H73+L73+P73+T73 -> 6 | E89: =E13+I13+M13+Q13+U13+E23+I23+M23+Q23+U23+E33+I33+M33+Q33+U33+E53+I53+M53+Q53+U53+E63+I63+M63+Q63+U63+E73+I73+M73+Q73+U73 -> 0 | F89: =F13+J13+N13+R13+V13+F23+J23+N23+R23+V23+F33+J33+N33+R33+V33+F53+J53+N53+R53+V53+F63+J63+N63+R63+V63+F73+J73+N73+R73+V73 -> 0 | W89: =A89 -> 6:30 à 7:00 | Y89: =SUM(C89:V89)+SUM(C103:V103) -> 6 | Z89: =C89+E89 -> 0 | AA89: =E89+F89 -> 0 | AB89: =E89 -> 0
A90: 7:00 à 7:30 | C90: =C14+G14+K14+O14+S14+C24+G24+K24+O24+S24+C34+G34+K34+O34+S34+C54+G54+K54+O54+S54+C64+G64+K64+O64+S64+C74+G74+K74+O74+S74 -> 5 | D90: =D14+H14+L14+P14+T14+D24+H24+L24+P24+T24+D34+H34+L34+P34+T34+D54+H54+L54+P54+T54+D64+H64+L64+P64+T64+D74+H74+L74+P74+T74 -> 3 | E90: =E14+I14+M14+Q14+U14+E24+I24+M24+Q24+U24+E34+I34+M34+Q34+U34+E54+I54+M54+Q54+U54+E64+I64+M64+Q64+U64+E74+I74+M74+Q74+U74 -> 0 | F90: =F14+J14+N14+R14+V14+F24+J24+N24+R24+V24+F34+J34+N34+R34+V34+F54+J54+N54+R54+V54+F64+J64+N64+R64+V64+F74+J74+N74+R74+V74 -> 0 | W90: =A90 -> 7:00 à 7:30 | Y90: =SUM(C90:V90)+SUM(C103:V103) -> 8 | Z90: =C90+E90 -> 5 | AA90: =E90+F90 -> 0 | AB90: =E90 -> 0
A91: 7:30 à 8:00 | C91: =C15+G15+K15+O15+S15+C25+G25+K25+O25+S25+C35+G35+K35+O35+S35+C55+G55+K55+O55+S55+C65+G65+K65+O65+S65+C75+G75+K75+O75+S75 -> 1 | D91: =D15+H15+L15+P15+T15+D25+H25+L25+P25+T25+D35+H35+L35+P35+T35+D55+H55+L55+P55+T55+D65+H65+L65+P65+T65+D75+H75+L75+P75+T75 -> 8 | E91: =E15+I15+M15+Q15+U15+E25+I25+M25+Q25+U25+E35+I35+M35+Q35+U35+E55+I55+M55+Q55+U55+E65+I65+M65+Q65+U65+E75+I75+M75+Q75+U75 -> 2 | F91: =F15+J15+N15+R15+V15+F25+J25+N25+R25+V25+F35+J35+N35+R35+V35+F55+J55+N55+R55+V55+F65+J65+N65+R65+V65+F75+J75+N75+R75+V75 -> 1 | W91: =A91 -> 7:30 à 8:00 | Y91: =SUM(C91:V91)+SUM(C105:V105) -> 12 | Z91: =C91+E91 -> 3 | AA91: =E91+F91 -> 3 | AB91: =E91 -> 2
A92: 8:00 à 8:30 | C92: =C16+G16+K16+O16+S16+C26+G26+K26+O26+S26+C36+G36+K36+O36+S36+C56+G56+K56+O56+S56+C66+G66+K66+O66+S66+C76+G76+K76+O76+S76 -> 0 | D92: =D16+H16+L16+P16+T16+D26+H26+L26+P26+T26+D36+H36+L36+P36+T36+D56+H56+L56+P56+T56+D66+H66+L66+P66+T66+D76+H76+L76+P76+T76 -> 4 | E92: =E16+I16+M16+Q16+U16+E26+I26+M26+Q26+U26+E36+I36+M36+Q36+U36+E56+I56+M56+Q56+U56+E66+I66+M66+Q66+U66+E76+I76+M76+Q76+U76 -> 0 | F92: =F16+J16+N16+R16+V16+F26+J26+N26+R26+V26+F36+J36+N36+R36+V36+F56+J56+N56+R56+V56+F66+J66+N66+R66+V66+F76+J76+N76+R76+V76 -> 3 | W92: =A92 -> 8:00 à 8:30 | Y92: =SUM(C92:V92)+SUM(C106:V106) -> 7 | Z92: =C92+E92 -> 0 | AA92: =E92+F92 -> 3 | AB92: =E92 -> 0
A93: 8:30 à 9:00 | C93: =C17+G17+K17+O17+S17+C27+G27+K27+O27+S27+C37+G37+K37+O37+S37+C57+G57+K57+O57+S57+C67+G67+K67+O67+S67+C77+G77+K77+O77+S77 -> 0 | D93: =D17+H17+L17+P17+T17+D27+H27+L27+P27+T27+D37+H37+L37+P37+T37+D57+H57+L57+P57+T57+D67+H67+L67+P67+T67+D77+H77+L77+P77+T77 -> 3 | E93: =E17+I17+M17+Q17+U17+E27+I27+M27+Q27+U27+E37+I37+M37+Q37+U37+E57+I57+M57+Q57+U57+E67+I67+M67+Q67+U67+E77+I77+M77+Q77+U77 -> 0 | F93: =F17+J17+N17+R17+V17+F27+J27+N27+R27+V27+F37+J37+N37+R37+V37+F57+J57+N57+R57+V57+F67+J67+N67+R67+V67+F77+J77+N77+R77+V77 -> 1 | W93: =A93 -> 8:30 à 9:00 | Y93: =SUM(C93:V93)+SUM(C107:V107) -> 4 | Z93: =C93+E93 -> 0 | AA93: =E93+F93 -> 1 | AB93: =E93 -> 0
A94: TOTAL | C94: =SUM(C89:C93) -> 6 | D94: =SUM(D89:D93) -> 24 | E94: =SUM(E89:E93) -> 2 | F94: =SUM(F89:F93) -> 5 | G94: =SUM(C94:F94) -> 37 | W94: TOTAL | Y94: =SUM(Y89:Y93) -> 37 | Z94: =SUM(Z89:Z93) -> 8 | AA94: =SUM(AA89:AA93) -> 7 | AB94: =SUM(AB89:AB93) -> 2 | AC94: =A81+A41 -> 6 | AD94: =A78+A38 -> 1 | AE94: =A79+A39 -> 8 | AF94: =A80+A40 -> 2
W95: 7:00 à 7:30 | Y95: =Y90 -> 8
W96: 7:30 à 8:00 | Y96: =Y91 -> 12
W97: Total H pointe | Y97: =SUM(Y95:Y96) -> 20
Y99: TOTAL | Z99: Part des VAE dans le total | AA99: Part des femmes dans le total | AB99: Part des VAE chez les femmes | AD99: Remarque
W102: Période
W103: =A103 -> 0 | Z103: =IF(Z89=0,0,Z89/Y89) -> 0 | AA103: =IF(AA89=0,0,AA89/Y89) -> 0 | AB103: =IF(AB89=0,0,AB89/Z89) -> 0
W104: =A104 -> 0 | Z104: =IF(Z90=0,0,Z90/Y90) -> 0.625 | AA104: =IF(AA90=0,0,AA90/Y90) -> 0 | AB104: =IF(AB90=0,0,AB90/Z90) -> 0
W105: =A105 -> 0 | Z105: =IF(Z90=0,0,Z90/Y90) -> 0.625 | AA105: =IF(AA90=0,0,AA90/Y90) -> 0 | AB105: =IF(AB90=0,0,AB90/Z90) -> 0
W106: =A106 -> 0 | Z106: =IF(Z91=0,0,Z91/Y91) -> 0.25 | AA106: =IF(AA91=0,0,AA91/Y91) -> 0.25 | AB106: =IF(AB91=0,0,AB91/Z91) -> 0.66666667
W107: =A107 -> 0 | Z107: =IF(Z92=0,0,Z92/Y92) -> 0 | AA107: =IF(AA92=0,0,AA92/Y92) -> 0.42857143 | AB107: =IF(AB92=0,0,AB92/Z92) -> 0
W108: =A108 -> 0 | Z108: =IF(Z93=0,0,Z93/Y93) -> 0 | AA108: =IF(AA93=0,0,AA93/Y93) -> 0.25 | AB108: =IF(AB93=0,0,AB93/Z93) -> 0
W109: =W98 -> 0 | Y109: =IF($Y$89=MAX($Y$89:$Y$94),Y103,IF($Y$91=MAX($Y$89:$Y$94),Y106,IF($Y$92=MAX($Y$89:$Y$94),Y107,IF($Y$93=MAX($Y$89:$Y$94),(Y107),Y108)))) -> 0 | Z109: =Z98/$Y$98 -> #DIV/0! | AA109: =AA98/$Y$98 -> #DIV/0! | AB109: =AB98/$Y$98 -> #DIV/0!

Sheet ST_PI_M_BRICOLAGE
B1: ST PIERRE Mr BRICOLAGE | G1: Date :
A2: Nom des personnes participant au comptage : | F2: Simon
A3: Météo : | G3: Remarques :
A6: PRINCIPE D’UTILISATION : pour chaque intervalle de temps, comptabiliser VAE/vélo dans la colonne H/F
A7: Comptabiliser en bas de la grille si 2 roues hors vélo qui ne sont pas cochés dans la grille (trottinette, skate, ets)
C9: PISTE CYCLABLE en continu | K9: JAMAIS sur PISTE CYCLABLE
C10: Vers La Roche | G10: Vers Bonnevile | K10: Direction La Roche | O10: Direction Bonneville
C11: H | E11: F | G11: H | I11: F | K11: H | M11: F | O11: H | Q11: F
A12: Période | C12: VAE | D12: vélo | E12: VAE | F12: vélo | G12: VAE | H12: vélo | I12: VAE | J12: vélo | K12: VAE | L12: vélo | M12: VAE | N12: vélo | O12: VAE | P12: vélo | Q12: VAE | R12: vélo
A13: 0.27083333 | B13: 0.29166667
A14: 0.29166667 | B14: 0.3125 | D14: 3 | K14: 1
A15: 0.3125 | B15: 0.33333333 | G15: 1 | H15: 1 | L15: 1
A16: 0.33333333 | B16: 0.35416667
A17: 0.35416667 | B17: 0.375
C19: PARTIELLEMENT sur PISTE CYCLABLE
C20: Depuis ou vers La Roche | G20: Depuis ou vers Bonneville | K20: Depuis ou vers zone Jourdies | O20: Depuis ou vers St Pierre
C21: H | E21: F | G21: H | I21: F | K21: H | M21: F | O21: H | Q21: F
A22: Période | C22: VAE | D22: vélo | E22: VAE | F22: vélo | G22: VAE | H22: vélo | I22: VAE | J22: vélo | K22: VAE | L22: vélo | M22: VAE | N22: vélo | O22: VAE | P22: vélo | Q22: VAE | R22: vélo
A23: 0.27083333 | B23: 0.29166667 | K23: 4 | L23: 3 | O23: 1
A24: 0.29166667 | B24: 0.3125 | K24: 1 | L24: 2 | P24: 1
A25: 0.3125 | B25: 0.33333333 | K25: 2 | L25: 5
A26: 0.33333333 | B26: 0.35416667 | D26: 1 | L26: 3 | N26: 1
A27: 0.35416667 | B27: 0.375 | N27: 2
B28: dont Enfant
B29: vélo sur trottoir
B30: dont Cyclo sportifs
A31: 10 | B31: hors grille, plus 2 roues hors vélo (trottinette, skate...) | U31: en jaune, tableau global
U32: TOTAL | V32: Nombre de VAE dans le total | W32: Nombre de femmes dans le total | X32: Nombre de VAE chez les femmes | Y32: plus trotinette skate | Z32: dont enfant | AA32: vélo sur trottoir | AB32: dont cyclo
C34: H | E34: F
A35: Période | C35: VAE | D35: vélo | E35: VAE | F35: vélo | S35: Période
A36: 6:30 à 7:00 | C36: =C13+G13+K13+O13+C23+G23+K23+O23+Q23 -> 5 | D36: =D13+H13+L13+P13+D23+H23+L23+P23+R23 -> 3 | E36: =E13+I13+M13+Q13+E23+I23+M23+Q23+S23 -> 0 | F36: =F13+J13+N13+R13+F23+J23+N23+R23+T23 -> 0 | S36: =A36 -> 6:30 à 7:00 | U36: =SUM(C36:F36) -> 8 | V36: =C36+E36 -> 5 | W36: =E36+F36 -> 0 | X36: =E36 -> 0
A37: 7:00 à 7:30 | C37: =C14+G14+K14+O14+C24+G24+K24+O24+Q24 -> 2 | D37: =D14+H14+L14+P14+D24+H24+L24+P24+R24 -> 6 | E37: =E14+I14+M14+Q14+E24+I24+M24+Q24+S24 -> 0 | F37: =F14+J14+N14+R14+F24+J24+N24+R24+T24 -> 0 | S37: =A37 -> 7:00 à 7:30 | U37: =SUM(C37:F37) -> 8 | V37: =C37+E37 -> 2 | W37: =E37+F37 -> 0 | X37: =E37 -> 0
A38: 7:30 à 8:00 | C38: =C15+G15+K15+O15+C25+G25+K25+O25+Q25 -> 3 | D38: =D15+H15+L15+P15+D25+H25+L25+P25+R25 -> 7 | E38: =E15+I15+M15+Q15+E25+I25+M25+Q25+S25 -> 0 | F38: =F15+J15+N15+R15+F25+J25+N25+R25+T25 -> 0 | S38: =A38 -> 7:30 à 8:00 | U38: =SUM(C38:F38) -> 10 | V38: =C38+E38 -> 3 | W38: =E38+F38 -> 0 | X38: =E38 -> 0
A39: 8:00 à 8:30 | C39: =C16+G16+K16+O16+C26+G26+K26+O26+Q26 -> 0 | D39: =D16+H16+L16+P16+D26+H26+L26+P26+R26 -> 4 | E39: =E16+I16+M16+Q16+E26+I26+M26+Q26+S26 -> 0 | F39: =F16+J16+N16+R16+F26+J26+N26+R26+T26 -> 1 | S39: =A39 -> 8:00 à 8:30 | U39: =SUM(C39:F39) -> 5 | V39: =C39+E39 -> 0 | W39: =E39+F39 -> 1 | X39: =E39 -> 0
A40: 8:30 à 9:00 | C40: =C17+G17+K17+O17+C27+G27+K27+O27+Q27 -> 0 | D40: =D17+H17+L17+P17+D27+H27+L27+P27+R27 -> 0 | E40: =E17+I17+M17+Q17+E27+I27+M27+Q27+S27 -> 0 | F40: =F17+J17+N17+R17+F27+J27+N27+R27+T27 -> 2 | S40: =A40 -> 8:30 à 9:00 | U40: =SUM(C40:F40) -> 2 | V40: =C40+E40 -> 0 | W40: =E40+F40 -> 2 | X40: =E40 -> 0
A41: TOTAL | C41: =SUM(C36:C40) -> 10 | D41: =SUM(D36:D40) -> 20 | E41: =SUM(E36:E40) -> 0 | F41: =SUM(F36:F40) -> 3 | S41: TOTAL | U41: =SUM(U36:U40) -> 33 | V41: =SUM(V36:V40) -> 10 | W41: =SUM(W36:W40) -> 3 | X41: =SUM(X36:X40) -> 0 | Y41: =A31 -> 10 | Z41: =A28 -> 0 | AA41: =A29 -> 0 | AB41: =A30 -> 0
S42: 7:30 à 8:00 | U42: =U37 -> 8
S43: 8:00 à 8:30 | U43: =U38 -> 10
S44: Total H pointe | U44: =SUM(U42:U43) -> 18
S45: =IF(U36=MAX(U36:U40),S36,IF(U37=MAX(U36:U40),S37,IF(U37=MAX(U36:U40),S37,IF(U38=MAX(U36:U40),S38,IF(U39=MAX(U36:U40),S39))))) -> 7:30 à 8:00 | U45: 11 | V45: 1 | W45: 4 | X45: 2

Sheet AYZE
B1: AYZE Piste cyclable | G1: Date :
A2: Nom des personnes participant au comptage : | E2: Lise
A3: Météo : | G3: Remarques :
A5: PRINCIPE D’UTILISATION : pour chaque intervalle de temps, comptabiliser VAE/vélo dans la colonne H/F
A6: Rajouter aussi en bas de la feuille si déplacement vélo sur trottoir et/ou si enfant
A7: Comptabiliser en bas de la grille si 2 roues hors vélo qui ne sont pas cochés dans la grille (trottinette, skate, ets)
C8: AYZE piste cyclable
C9: Depuis Bonneville | G9: Depuis Marignier
C10: H | D10: H | E10: F | F10: F | G10: H | H10: H | I10: F | J10: F
A11: Période | C11: VAE | D11: vélo | E11: VAE | F11: vélo | G11: VAE | H11: vélo | I11: VAE | J11: vélo
A12: 0.27083333 | B12: 0.29166667 | C12: 1 | D12: 4 | H12: 3 | I12: 1 | J12: 2
A13: 0.29166667 | B13: 0.3125 | D13: 2 | E13: 1 | G13: 3 | H13: 3 | J13: 1
A14: 0.3125 | B14: 0.33333333 | D14: 5 | E14: 1 | F14: 3 | H14: 2
A15: 0.33333333 | B15: 0.35416667 | D15: 3 | H15: 1 | I15: 1
A16: 0.35416667 | B16: 0.375 | D16: 5 | F16: 1 | H16: 2
B18: dont Enfant
B19: vélo sur trottoir
B20: dont Cyclo sportifs
B21: hors grille, plus 2 roues hors vélo (trottinette, skate...) | G21: 4
M22: en jaune, tableau global
C23: =C8 -> AYZE piste cyclable | K23: Période | M23: TOTAL | N23: Nombre de VAE dans le total | O23: Nombre de femmes dans le total | P23: Nombre de VAE chez les femmes | Q23: plus trotinette skate | R23: dont enfant | S23: vélo sur trottoir | T23: dont cyclo | U23: Cycles en direction de Bonneville
C24: =C9 -> Depuis Bonneville | G24: =G9 -> Depuis Marignier
C25: H | E25: F | G25: H | I25: F
A26: Période | C26: VAE | D26: vélo | E26: VAE | F26: vélo | G26: VAE | H26: vélo | I26: VAE | J26: vélo
A27: 6:30 à 7:00 | C27: =+C12 -> 1 | D27: =+D12 -> 4 | E27: =+E12 -> 0 | F27: =+F12 -> 0 | G27: =+G12 -> 0 | H27: =+H12 -> 3 | I27: =+I12 -> 1 | J27: =+J12 -> 2 | K27: =A27 -> 6:30 à 7:00 | M27: =SUM(C27:J27) -> 11 | N27: =C27+E27+G27+I27 -> 2 | O27: =E27+F27+I27+J27 -> 3 | P27: =E27+I27 -> 1 | U27: =SUM(G27:J27) -> 6
A28: 7:00 à 7:30 | C28: =+C13 -> 0 | D28: =+D13 -> 2 | E28: =+E13 -> 1 | F28: =+F13 -> 0 | G28: =+G13 -> 3 | H28: =+H13 -> 3 | I28: =+I13 -> 0 | J28: =+J13 -> 1 | K28: =A28 -> 7:00 à 7:30 | M28: =SUM(C28:J28) -> 10 | N28: =C28+E28+G28+I28 -> 4 | O28: =E28+F28+I28+J28 -> 2 | P28: =E28+I28 -> 1 | U28: =SUM(G28:J28) -> 7
A29: 7:30 à 8:00 | C29: =+C14 -> 0 | D29: =+D14 -> 5 | E29: =+E14 -> 1 | F29: =+F14 -> 3 | G29: =+G14 -> 0 | H29: =+H14 -> 2 | I29: =+I14 -> 0 | J29: =+J14 -> 0 | K29: =A29 -> 7:30 à 8:00 | M29: =SUM(C29:J29) -> 11 | N29: =C29+E29+G29+I29 -> 1 | O29: =E29+F29+I29+J29 -> 4 | P29: =E29+I29 -> 1 | U29: =SUM(G29:J29) -> 2
A30: 8:00 à 8:30 | C30: =+C15 -> 0 | D30: =+D15 -> 3 | E30: =+E15 -> 0 | F30: =+F15 -> 0 | G30: =+G15 -> 0 | H30: =+H15 -> 1 | I30: =+I15 -> 1 | J30: =+J15 -> 0 | K30: =A30 -> 8:00 à 8:30 | M30: =SUM(C30:J30) -> 5 | N30: =C30+E30+G30+I30 -> 1 | O30: =E30+F30+I30+J30 -> 1 | P30: =E30+I30 -> 1 | U30: =SUM(G30:J30) -> 2
A31: 8:30 à 9:00 | C31: =+C16 -> 0 | D31: =+D16 -> 5 | E31: =+E16 -> 0 | F31: =+F16 -> 1 | G31: =+G16 -> 0 | H31: =+H16 -> 2 | I31: =+I16 -> 0 | J31: =+J16 -> 0 | K31: =A31 -> 8:30 à 9:00 | M31: =SUM(C31:J31) -> 8 | N31: =C31+E31+G31+I31 -> 0 | O31: =E31+F31+I31+J31 -> 1 | P31: =E31+I31 -> 0 | U31: =SUM(G31:J31) -> 2
A32: TOTAL | C32: =SUM(C12:C16) -> 1 | D32: =SUM(D12:D16) -> 19 | E32: =SUM(E12:E16) -> 2 | F32: =SUM(F12:F16) -> 4 | G32: =SUM(G12:G16) -> 3 | H32: =SUM(H12:H16) -> 11 | I32: =SUM(I12:I16) -> 2 | J32: =SUM(J12:J16) -> 3 | K32: TOTAL | M32: =SUM(M27:M31) -> 45 | N32: =SUM(N27:N31) -> 8 | O32: =SUM(O27:O31) -> 11 | P32: =SUM(P27:P31) -> 4 | Q32: =A21 -> 0 | R32: =A18 -> 0 | T32: =A20 -> 0 | U32: =SUM(U27:U31) -> 19
K33: 8:00 à 8:30 | M33: 11
K34: 8:30 à 9:00 | M34: 21
K35: Total H pointe | M35: =SUM(M33:M34) -> 32
J36: H POINTE | K36: =IF($M$31=MAX($M$27:$M$31),K31,IF($M$30=MAX($M$27:$M$31),K30,IF($M$29=MAX($M$27:$M$31),K29,IF($M$28=MAX($M$27:$M$31),K28,IF($M$27=MAX($M$27:$M$31),K27,K31))))) -> 7:30 à 8:00 | M36: =IF($M$31=MAX($M$27:$M$31),M31,IF($M$30=MAX($M$27:$M$31),M30,IF($M$29=MAX($M$27:$M$31),M29,IF($M$28=MAX($M$27:$M$31),M28,IF($M$27=MAX($M$27:$M$31),M27,M31))))) -> 11 | N36: =IF($M$31=MAX($M$27:$M$31),N31,IF($M$30=MAX($M$27:$M$31),N30,IF($M$29=MAX($M$27:$M$31),N29,IF($M$28=MAX($M$27:$M$31),N28,IF($M$27=MAX($M$27:$M$31),N27,N31))))) -> 1 | O36: =IF($M$31=MAX($M$27:$M$31),O31,IF($M$30=MAX($M$27:$M$31),O30,IF($M$29=MAX($M$27:$M$31),O29,IF($M$28=MAX($M$27:$M$31),O28,IF($M$27=MAX($M$27:$M$31),O27,O31))))) -> 4 | P36: =IF($M$31=MAX($M$27:$M$31),P31,IF($M$30=MAX($M$27:$M$31),P30,IF($M$29=MAX($M$27:$M$31),P29,IF($M$28=MAX($M$27:$M$31),P28,IF($M$27=MAX($M$27:$M$31),P27,P31))))) -> 1 | U36: =IF($M$31=MAX($M$27:$M$31),U31,IF($M$30=MAX($M$27:$M$31),U30,IF($M$29=MAX($M$27:$M$31),U29,IF($M$28=MAX($M$27:$M$31),U28,IF($M$27=MAX($M$27:$M$31),U27,U31))))) -> 2
M37: TOTAL | N37: Part des VAE dans le total | O37: Part des femmes dans le total | P37: Part des VAE chez les femmes | U37: =U23 -> Cycles en direction de Bonneville
K40: Période
K41: =K27 -> 6:30 à 7:00 | N41: =IF(N27=0,0,N27/M27) -> 0.18181818 | O41: =IF(O27=0,0,O27/M27) -> 0.27272727 | P41: =IF(P27=0,0,P27/N27) -> 0.5 | U41: =IF(U27=0,0,U27/M27) -> 0.54545455
K42: =K28 -> 7:00 à 7:30 | N42: =IF(N29=0,0,N29/M29) -> 0.090909091 | O42: =IF(O29=0,0,O29/M29) -> 0.36363636 | P42: =IF(P29=0,0,P29/N29) -> 1 | U42: =IF(U29=0,0,U29/M29) -> 0.18181818
K43: =K29 -> 7:30 à 8:00 | N43: =IF(N29=0,0,N29/M29) -> 0.090909091 | O43: =IF(O29=0,0,O29/M29) -> 0.36363636 | P43: =IF(P29=0,0,P29/N29) -> 1 | U43: =IF(U29=0,0,U29/M29) -> 0.18181818
K44: =K30 -> 8:00 à 8:30 | N44: =IF(N30=0,0,N30/M30) -> 0.2 | O44: =IF(O30=0,0,O30/M30) -> 0.2 | P44: =IF(P30=0,0,P30/N30) -> 1 | U44: =IF(U30=0,0,U30/M30) -> 0.4
K45: =K31 -> 8:30 à 9:00 | N45: =IF(N31=0,0,N31/M31) -> 0 | O45: =IF(O31=0,0,O31/M31) -> 0.125 | P45: =IF(P31=0,0,P31/N31) -> 0 | U45: =IF(U31=0,0,U31/M31) -> 0.25
K46: TOTAL | N46: =IF(N32=0,0,N32/M32) -> 0.17777778 | O46: =IF(O32=0,0,O32/M32) -> 0.24444444 | P46: =IF(P32=0,0,P32/N32) -> 0.5 | U46: =IF(U32=0,0,U32/M32) -> 0.42222222
K47: =K36 -> 7:30 à 8:00 | M47: =IF($AS$48=MAX($AS$48:$AS$52),M41,IF($AS$49=MAX($AS$48:$AS$52),M43,IF($AS$50=MAX($AS$48:$AS$52),M44,IF($AS$51=MAX($AS$48:$AS$52),(M44),M45)))) -> 0 | N47: =IF($AS$48=MAX($AS$48:$AS$52),N41,IF($AS$49=MAX($AS$48:$AS$52),N43,IF($AS$50=MAX($AS$48:$AS$52),N44,IF($AS$51=MAX($AS$48:$AS$52),(N44),N45)))) -> 0.18181818 | O47: =O45 -> 0.125 | P47: =IF($AS$48=MAX($AS$48:$AS$52),P41,IF($AS$49=MAX($AS$48:$AS$52),P43,IF($AS$50=MAX($AS$48:$AS$52),P44,IF($AS$51=MAX($AS$48:$AS$52),(P44),P45)))) -> 0.5 | U47: =IF($AS$48=MAX($AS$48:$AS$52),U41,IF($AS$49=MAX($AS$48:$AS$52),U43,IF($AS$50=MAX($AS$48:$AS$52),U44,IF($AS$51=MAX($AS$48:$AS$52),(U44),U45)))) -> 0.54545455

Sheet Ciclable 2023
A1: 2023
A2: Nombre de bénévoles | B2: Postes de comptage | C2: Nombre de vélos | D2: % VAE dans le total | E2: NB VAE dans le total | F2: % femmes dans le total | G2: NB de femmes dans le total
C4: total
A5: 10 | B5: LA ROCHE_Carrefour Biocoop | C5: 68 | D5: =IF(E5="","",E5/C5) -> 0.23529412 | E5: 16 | F5: =IF(G5="","",G5/C5) -> 0.33823529 | G5: 23
B6: LA ROCHE_Giratoire La Poste | C6: 47 | D6: =IF(E6="","",E6/C6) -> 0.55319149 | E6: 26 | F6: =IF(G6="","",G6/C6) -> 0.25531915 | G6: 12
B7: LA ROCHE_Giratoire ENILV | D7: =IF(E7="","",E7/C7) | F7: =IF(G7="","",G7/C7)
B8: LA ROCHE_Gare Passage à niveau (new 2021) | C8: 53 | D8: =IF(E8="","",E8/C8) -> 0.32075472 | E8: 17 | F8: =IF(G8="","",G8/C8) -> 0.16981132 | G8: 9
B9: LA ROCHE Andrevetan/St Sixt (new 2023) | C9: 26 | E9: 14 | G9: 2
B10: TOTAL LA ROCHE | C10: =SUM(C5:C9) -> 194 | D10: =E10/C10 -> 0.37628866 | E10: =SUM(E5:E9) -> 73 | F10: =G10/C10 -> 0.2371134 | G10: =SUM(G5:G9) -> 46
B12: ARENTHON_La Papeterie | C12: 26 | D12: =IF(E12="","",E12/C12) -> 0.34615385 | E12: 9 | F12: =IF(G12="","",G12/C12) -> 0.15384615 | G12: 4
B13: ST-PIERRE_Franchissement Borne-Dessy | C13: 49 | D13: =IF(E13="","",E13/C13) -> 0.28571429 | E13: 14 | F13: =IF(G13="","",G13/C13) -> 0.20408163 | G13: 10
B14: BONNEVILLE_Franchissement Borne-Tucinge | C14: 47 | D14: =IF(E14="","",E14/C14) -> 0.042553191 | E14: 2 | F14: =IF(G14="","",G14/C14) -> 0.40425532 | G14: 19
B15: ST-PIERRE_Pont principal sur le Borne RD1203 | C15: 59 | D15: =IF(E15="","",E15/C15) -> 0.3220339 | E15: 19 | F15: =IF(G15="","",G15/C15) -> 0.3559322 | G15: 21
B16: AMANCY Sous-terrain Vozerier (2022) | D16: =IF(E16="","",E16/C16) | F16: =IF(G16="","",G16/C16)
B17: ST-PIERRE M. Bricolage (new2022) | C17: 37 | D17: =IF(E17="","",E17/C17) -> 0.24324324 | E17: 9 | F17: =IF(G17="","",G17/C17) -> 0.40540541 | G17: 15
B18: AMANCY_Giratoire Coriandre | D18: =IF(E18="","",E18/C18) | F18: =IF(G18="","",G18/C18)
B19: TOTAL ST PIERRE | C19: =SUM(C12:C17) -> 218 | D19: =E19/C19 -> 0.24311927 | E19: =SUM(E12:E17) -> 53 | F19: =G19/C19 -> 0.31651376 | G19: =SUM(G12:G17) -> 69
B20: COMMUNE_Carrefour
B21: COMMUNE_Carrefour
A22: Sous-total | C22: =C19+C10 -> 412 | D22: =E22/C22 -> 0.30582524 | E22: =E19+E10 -> 126 | F22: =G22/C22 -> 0.27912621 | G22: =G19+G10 -> 115
A25: 2022 | D25: VAE | E25: VAE | F25: femmes | G25: femmes
A26: 11 | B26: LA ROCHE_Carrefour Biocoop | C26: 59 | D26: =IF(E26="","",E26/C26) -> 0.47457627 | E26: 28 | F26: =IF(G26="","",G26/C26) -> 0.33898305 | G26: 20 | H26: 59
B27: LA ROCHE_Giratoire La Poste | C27: 32 | D27: =IF(E27="","",E27/C27) -> 0.34375 | E27: 11 | F27: =IF(G27="","",G27/C27) -> 0.1875 | G27: 6 | H27: 32
B28: LA ROCHE_Giratoire ENILV | C28: 21 | D28: =IF(E28="","",E28/C28) -> 0.19047619 | E28: 4 | F28: =IF(G28="","",G28/C28) -> 0.23809524 | G28: 5 | H28: 21
B29: LA ROCHE_Gare Passage à niveau (new 2021) | C29: 55 | D29: =IF(E29="","",E29/C29) -> 0.32727273 | E29: 18 | F29: =IF(G29="","",G29/C29) -> 0.32727273 | G29: 18 | H29: 55
B30: TOTAL LA ROCHE | C30: =SUM(C26:C29) -> 167 | D30: =E30/C30 -> 0.36526946 | E30: =SUM(E26:E29) -> 61 | F30: =G30/C30 -> 0.29341317 | G30: =SUM(G26:G29) -> 49
H31: 15
B32: ST-PIERRE_Franchissement Borne-Dessy | C32: 20 | D32: =IF(E32="","",E32/C32) -> 0.25 | E32: 5 | F32: =IF(G32="","",G32/C32) -> 0.2 | G32: 4 | H32: 182
B33: BONNEVILLE_Franchissement Borne-Tucinge | C33: 20 | D33: =IF(E33="","",E33/C33) -> 0.25 | E33: 5 | F33: =IF(G33="","",G33/C33) -> 0.25 | G33: 5 | H33: 6
B34: ST-PIERRE_Pont principal sur le Borne | C34: 35 | D34: =IF(E34="","",E34/C34) -> 0.31428571 | E34: 11 | F34: =IF(G34="","",G34/C34) -> 0.22857143 | G34: 8 | H34: 20
B35: AMANCY Sous-terrain Vozerier (new 2022) | C35: 15 | D35: =IF(E35="","",E35/C35) -> 0.2 | E35: 3 | F35: =IF(G35="","",G35/C35) | H35: 20
B36: ST-PIERRE M. Bricolage | C36: 22 | D36: =IF(E36="","",E36/C36) -> 0.090909091 | E36: 2 | F36: =IF(G36="","",G36/C36) -> 0.22727273 | G36: 5 | H36: 35
B37: TOTAL ST PIERRE | C37: =SUM(C32:C36) -> 112 | D37: =E37/C37 -> 0.23214286 | E37: =SUM(E32:E36) -> 26 | F37: =G37/C37 -> 0.19642857 | G37: =SUM(G32:G36) -> 22 | H37: 22
B38: AMANCY_Giratoire Coriandre | D38: =IF(E38="","",E38/C38) | F38: =IF(G38="","",G38/C38) | H38: 103
B39: COMMUNE_Carrefour | H39: 285
B40: COMMUNE_Carrefour
B41: COMMUNE_Carrefour
A42: Sous-total | C42: =C37+C30 -> 279 | D42: =E42/C42 -> 0.31182796 | E42: =E37+E30 -> 87 | F42: =IF(G42="","",G42/C42) -> 0.25448029 | G42: =G37+G30 -> 71
A46: 2021 | D46: VAE | E46: VAE | F46: femmes | G46: femmes
A47: 9 | B47: LA ROCHE_Carrefour Biocoop | C47: 76 | D47: =E47/C47 -> 0.22368421 | E47: 17 | F47: =G47/C47 -> 0.36842105 | G47: 28 | H47: 76
B48: LA ROCHE_Giratoire La Poste | C48: 45 | D48: =E48/C48 -> 0.46666667 | E48: 21 | F48: =G48/C48 -> 0.31111111 | G48: 14 | H48: 45
B49: LA ROCHE_Giratoire ENILV | C49: 16 | D49: =E49/C49 -> 0.3125 | E49: 5 | F49: =G49/C49 -> 0.1875 | G49: 3 | H49: 16
B50: LA ROCHE_Gare Passage à niveau (new 2021) | C50: 56 | D50: =E50/C50 -> 0.21428571 | E50: 12 | F50: =G50/C50 -> 0.17857143 | G50: 10 | H50: 56
B51: TOTAL LA ROCHE | C51: =SUM(C47:C50) -> 193 | D51: =E51/C51 -> 0.28497409 | E51: =SUM(E47:E50) -> 55 | F51: =G51/C51 -> 0.28497409 | G51: =SUM(G47:G50) -> 55
B53: ARENTHON_La Papeterie | C53: 13 | D53: =E53/C53 -> 0.53846154 | E53: 7 | F53: =G53/C53 -> 0.46153846 | G53: 6 | H53: 193
B54: ST-PIERRE_Franchissement Borne-Dessy | C54: 24 | D54: =E54/C54 -> 0.29166667 | E54: 7 | F54: =G54/C54 -> 0.29166667 | G54: 7 | H54: 13
B55: BONNEVILLE_Franchissement Borne-Tucinge | C55: 33 | D55: =E55/C55 -> 0 | E55: 0 | F55: =G55/C55 -> 0.21212121 | G55: 7 | H55: 24
B56: ST-PIERRE_Pont principal sur le Borne | C56: 32 | D56: =E56/C56 -> 0.15625 | E56: 5 | F56: =G56/C56 -> 0.375 | G56: 12 | H56: 33
B57: TOTAL ST PIERRE | C57: =SUM(C53:C56) -> 102 | D57: =E57/C57 -> 0.18627451 | E57: =SUM(E53:E56) -> 19 | F57: =G57/C57 -> 0.31372549 | G57: =SUM(G53:G56) -> 32 | H57: 32
B58: COMMUNE_Carrefour
B59: COMMUNE_Carrefour | H59: 102
A60: Sous-total | C60: =C57+C51 -> 295 | D60: =E60/C60 -> 0.25084746 | E60: =E57+E51 -> 74 | F60: =G60/C60 -> 0.29491525 | G60: =G57+G51 -> 87 | H60: 295
A64: 2020
A65: 8 | B65: LA ROCHE_Carrefour Biocoop | C65: 31 | D65: 0.32258065 | E65: 10 | F65: 0.32258065 | G65: 10
B66: LA ROCHE_Giratoire La Poste | C66: 25 | D66: 0.48 | E66: 12 | F66: 0.36 | G66: 12
B67: LA ROCHE_Giratoire ENILV | C67: 18 | D67: 0.5 | E67: 9 | F67: 0.16666667 | G67: 9
B69: TOTAL LA ROCHE | C69: =SUM(C65:C68) -> 74 | D69: =E69/C69 -> 0.41891892 | E69: =SUM(E65:E68) -> 31 | F69: =G69/C69 -> 0.41891892 | G69: =SUM(G65:G68) -> 31
B71: ARENTHON_La Papeterie | C71: 14 | D71: 0.071428571 | E71: 1 | F71: 0.071428571 | G71: 1
B72: ST-PIERRE_Franchissement Borne-Dessy | C72: 24 | D72: 0.041666667 | E72: 1 | F72: 0.20833333 | G72: 1
B73: BONNEVILLE_Franchissement Borne-Tucinge | C73: 29 | D73: 0 | E73: 0 | F73: 0.4137931 | G73: 0
B74: ST-PIERRE_Pont principal sur le Borne | C74: 27 | D74: 0.25925926 | E74: 7 | F74: 0.48148148 | G74: 7
B75: TOTAL ST PIERRE | C75: =SUM(C71:C74) -> 94 | D75: =E75/C75 -> 0.095744681 | E75: =SUM(E71:E74) -> 9 | F75: =G75/C75 -> 0.095744681 | G75: =SUM(G71:G74) -> 9
B76: AMANCY Sous-terrain Vozerier (new 2022) | D76: 0.25925926 | F76: 0.48148148
B77: COMMUNE_Carrefour
B78: COMMUNE_Carrefour
B79: COMMUNE_Carrefour
A80: Sous-total | C80: =C75+C69 -> 168 | D80: =E80/C80 -> 0.23809524 | E80: =E75+E69 -> 40 | F80: =G80/C80 -> 0.23809524 | G80: =G75+G69 -> 40
C83: 31 | D83: 23 | E83: 0.32258065 | F83: 10 | G83: 0.32258065 | H83: 10
C84: 25 | D84: 13 | E84: 0.48 | F84: 12 | G84: 0.36 | H84: 9
C85: 18 | D85: 10 | E85: 0.5 | F85: 9 | G85: 0.16666667 | H85: 3
E86: 0.5 | G86: 0.16666667
C87: 14 | D87: 9 | E87: 0.071428571 | F87: 1 | G87: 0.071428571 | H87: 1
C88: 24 | D88: 16 | E88: 0.041666667 | F88: 1 | G88: 0.20833333 | H88: 5
C89: 29 | D89: 21 | E89: 0 | F89: 0 | G89: 0.4137931 | H89: 12
C90: 27 | D90: 17 | E90: 0.25925926 | F90: 7 | G90: 0.48148148 | H90: 13
E91: 0.25925926 | G91: 0.48148148
E92: 0.25925926 | G92: 0.48148148
C93: 4 | D93: 2 | E93: 0.5 | F93: 2 | G93: 0 | H93: 0

Sheet Ciclable 2024
A2: 2024
A3: Nombre de bénévoles | B3: Postes de comptage | C3: Nombre de vélos | D3: % VAE dans le total | E3: NB VAE dans le total | F3: % femmes dans le total | G3: NB de femmes dans le total | H3: NB cycliste H pointe
C5: total
A6: 12 | B6: LA ROCHE_Carrefour Biocoop | C6: =LA_RO_BIOCOOP!AO35 -> 64 | D6: =IF(E6="","",E6/C6) -> 0.421875 | E6: =LA_RO_BIOCOOP!AP35 -> 27 | F6: =IF(G6="","",G6/C6) -> 0.390625 | G6: =LA_RO_BIOCOOP!AQ35 -> 25 | H6: =LA_RO_BIOCOOP!AO38 -> 34
B7: LA ROCHE_Giratoire La Poste | C7: =LA_RO_POSTE!AC46 -> 46 | D7: =IF(E7="","",E7/C7) -> 0.52173913 | E7: =LA_RO_POSTE!AD46 -> 24 | F7: =IF(G7="","",G7/C7) -> 0.2826087 | G7: =LA_RO_POSTE!AE46 -> 13 | H7: =LA_RO_POSTE!AC49 -> 30
B8: LA ROCHE_Giratoire ENILV (sauf 2023) | C8: =LA_RO_ENILV!BA45 -> 24 | D8: =IF(E8="","",E8/C8) -> 0.29166667 | E8: =LA_RO_ENILV!BB45 -> 7 | F8: =IF(G8="","",G8/C8) -> 0.20833333 | G8: =LA_RO_ENILV!BC45 -> 5 | H8: =LA_RO_ENILV!BA57 -> 12
B9: LA ROCHE_Gare (new 2021) | C9: =LA_RO_gare!AG44 -> 48 | D9: =IF(E9="","",E9/C9) -> 0.47916667 | E9: =LA_RO_gare!AH44 -> 23 | F9: =IF(G9="","",G9/C9) -> 0.27083333 | G9: =LA_RO_gare!AI44 -> 13 | H9: =LA_RO_gare!AG47 -> 34
B10: LA ROCHE Andrevetan/St Sixt (new 2023) | C10: ='LA RO ANDREV 24'!M43 -> 31 | E10: ='LA RO ANDREV 24'!N43 -> 15 | G10: ='LA RO ANDREV 24'!O43 -> 13 | H10: ='LA RO ANDREV 24'!M47 -> 18
B11: TOTAL LA ROCHE | C11: =SUBTOTAL(9,C6:C10) -> 213 | D11: =E11/C11 -> 0.45070423 | E11: =SUBTOTAL(9,E6:E10) -> 96 | F11: =G11/C11 -> 0.32394366 | G11: =SUBTOTAL(9,G6:G10) -> 69
B13: ARENTHON_La Papeterie | C13: =ARENT_PAPETERIE!AC41 -> 12 | D13: =IF(E13="","",E13/C13) -> 0.16666667 | E13: =ARENT_PAPETERIE!AD41 -> 2 | F13: =IF(G13="","",G13/C13) -> 0.25 | G13: =ARENT_PAPETERIE!AE41 -> 3 | H13: =ARENT_PAPETERIE!AC44 -> 5
B14: ST-PIERRE_Franchissement Borne-Dessy | C14: =ST_PI_BORNE_DESSY!AC34 -> 14 | D14: =IF(E14="","",E14/C14) -> 0.57142857 | E14: =ST_PI_BORNE_DESSY!AD34 -> 8 | F14: =IF(G14="","",G14/C14) -> 0.21428571 | G14: =ST_PI_BORNE_DESSY!AE34 -> 3 | H14: =ST_PI_BORNE_DESSY!AC37 -> 10
B15: ST-PIERRE_Pont principal sur le Borne RD1203 | C15: =ST_PI_BORNE_RD1203!Y94 -> 37 | D15: =IF(E15="","",E15/C15) -> 0.21621622 | E15: =ST_PI_BORNE_RD1203!Z94 -> 8 | F15: =IF(G15="","",G15/C15) -> 0.18918919 | G15: =ST_PI_BORNE_RD1203!AA94 -> 7 | H15: =ST_PI_BORNE_RD1203!Y97 -> 20
B16: ST-PIERRE M. Bricolage (new2022) | C16: =ST_PI_M_BRICOLAGE!U41 -> 33 | D16: =IF(E16="","",E16/C16) -> 0.3030303 | E16: =ST_PI_M_BRICOLAGE!V41 -> 10 | F16: =IF(G16="","",G16/C16) -> 0.090909091 | G16: =ST_PI_M_BRICOLAGE!W41 -> 3 | H16: =ST_PI_BORNE_RD1203!Y97 -> 20
B17: AMANCY_Giratoire Coriandre | D17: =IF(E17="","",E17/C17) | F17: =IF(G17="","",G17/C17)
B18: TOTAL ARENTHON – ST PIERRE | C18: =SUBTOTAL(9,C12:C17) -> 96 | D18: =E18/C18 -> 0.29166667 | E18: =SUBTOTAL(9,E12:E17) -> 28 | F18: =G18/C18 -> 0.16666667 | G18: =SUBTOTAL(9,G12:G17) -> 16
B20: BONNEVILLE_Franchissement Borne-Tucinge | C20: =BO_BORNE_PRISON!M32 -> 29 | D20: =IF(E20="","",E20/C20) -> 0.10344828 | E20: =BO_BORNE_PRISON!N32 -> 3 | F20: =IF(G20="","",G20/C20) -> 0.34482759 | G20: =BO_BORNE_PRISON!O32 -> 10 | H20: =BO_BORNE_PRISON!M35 -> 21
B21: AYZE Piste cyclable après piscine (new 2024) | C21: =AYZE!M32 -> 45 | E21: =AYZE!N32 -> 8 | G21: =AYZE!O32 -> 11 | H21: =AYZE!M35 -> 32
B22: TOTAL CCFG | C22: =SUBTOTAL(9,C20:C21) -> 74 | D22: =E22/C22 -> 0.14864865 | E22: =SUBTOTAL(9,E20:E21) -> 11 | F22: =G22/C22 -> 0.28378378 | G22: =SUBTOTAL(9,G20:G21) -> 21
A24: Sous-total | C24: =SUBTOTAL(9,C6:C23) -> 383 | D24: =E24/C24 -> 0.35248042 | E24: =SUBTOTAL(9,E6:E23) -> 135 | F24: =G24/C24 -> 0.2767624 | G24: =SUBTOTAL(9,G6:G23) -> 106
A27: 2022 | D27: VAE | E27: VAE | F27: femmes | G27: femmes
A28: 11 | B28: LA ROCHE_Carrefour Biocoop | C28: 59 | D28: =IF(E28="","",E28/C28) -> 0.47457627 | E28: 28 | F28: =IF(G28="","",G28/C28) -> 0.33898305 | G28: 20
B29: LA ROCHE_Giratoire La Poste | C29: 32 | D29: =IF(E29="","",E29/C29) -> 0.34375 | E29: 11 | F29: =IF(G29="","",G29/C29) -> 0.1875 | G29: 6
B30: LA ROCHE_Giratoire ENILV | C30: 21 | D30: =IF(E30="","",E30/C30) -> 0.19047619 | E30: 4 | F30: =IF(G30="","",G30/C30) -> 0.23809524 | G30: 5
B31: LA ROCHE_Gare Passage à niveau (new 2021) | C31: 55 | D31: =IF(E31="","",E31/C31) -> 0.32727273 | E31: 18 | F31: =IF(G31="","",G31/C31) -> 0.32727273 | G31: 18
B32: TOTAL LA ROCHE | C32: =SUM(C28:C31) -> 167 | D32: =E32/C32 -> 0.36526946 | E32: =SUM(E28:E31) -> 61 | F32: =G32/C32 -> 0.29341317 | G32: =SUM(G28:G31) -> 49
B34: ST-PIERRE_Franchissement Borne-Dessy | C34: 20 | D34: =IF(E34="","",E34/C34) -> 0.25 | E34: 5 | F34: =IF(G34="","",G34/C34) -> 0.2 | G34: 4
B35: BONNEVILLE_Franchissement Borne-Tucinge | C35: 20 | D35: =IF(E35="","",E35/C35) -> 0.25 | E35: 5 | F35: =IF(G35="","",G35/C35) -> 0.25 | G35: 5
B36: ST-PIERRE_Pont principal sur le Borne | C36: 35 | D36: =IF(E36="","",E36/C36) -> 0.31428571 | E36: 11 | F36: =IF(G36="","",G36/C36) -> 0.22857143 | G36: 8
B37: AMANCY Sous-terrain Vozerier (new 2022) | C37: 15 | D37: =IF(E37="","",E37/C37) -> 0.2 | E37: 3 | F37: =IF(G37="","",G37/C37)
B38: ST-PIERRE M. Bricolage | C38: 22 | D38: =IF(E38="","",E38/C38) -> 0.090909091 | E38: 2 | F38: =IF(G38="","",G38/C38) -> 0.22727273 | G38: 5
B39: TOTAL ST PIERRE | C39: =SUM(C34:C38) -> 112 | D39: =E39/C39 -> 0.23214286 | E39: =SUM(E34:E38) -> 26 | F39: =G39/C39 -> 0.19642857 | G39: =SUM(G34:G38) -> 22
B40: AMANCY_Giratoire Coriandre | D40: =IF(E40="","",E40/C40) | F40: =IF(G40="","",G40/C40)
B41: COMMUNE_Carrefour
B42: COMMUNE_Carrefour
B43: COMMUNE_Carrefour
A44: Sous-total | C44: =C39+C32 -> 279 | D44: =E44/C44 -> 0.31182796 | E44: =E39+E32 -> 87 | F44: =IF(G44="","",G44/C44) -> 0.25448029 | G44: =G39+G32 -> 71
A48: 2021 | D48: VAE | E48: VAE | F48: femmes | G48: femmes
A49: 9 | B49: LA ROCHE_Carrefour Biocoop | C49: 76 | D49: =E49/C49 -> 0.22368421 | E49: 17 | F49: =G49/C49 -> 0.36842105 | G49: 28
B50: LA ROCHE_Giratoire La Poste | C50: 45 | D50: =E50/C50 -> 0.46666667 | E50: 21 | F50: =G50/C50 -> 0.31111111 | G50: 14
B51: LA ROCHE_Giratoire ENILV | C51: 16 | D51: =E51/C51 -> 0.3125 | E51: 5 | F51: =G51/C51 -> 0.1875 | G51: 3
B52: LA ROCHE_Gare Passage à niveau (new 2021) | C52: 56 | D52: =E52/C52 -> 0.21428571 | E52: 12 | F52: =G52/C52 -> 0.17857143 | G52: 10
B53: TOTAL LA ROCHE | C53: =SUM(C49:C52) -> 193 | D53: =E53/C53 -> 0.28497409 | E53: =SUM(E49:E52) -> 55 | F53: =G53/C53 -> 0.28497409 | G53: =SUM(G49:G52) -> 55
B55: ARENTHON_La Papeterie | C55: 13 | D55: =E55/C55 -> 0.53846154 | E55: 7 | F55: =G55/C55 -> 0.46153846 | G55: 6
B56: ST-PIERRE_Franchissement Borne-Dessy | C56: 24 | D56: =E56/C56 -> 0.29166667 | E56: 7 | F56: =G56/C56 -> 0.29166667 | G56: 7
B57: BONNEVILLE_Franchissement Borne-Tucinge | C57: 33 | D57: =E57/C57 -> 0 | E57: 0 | F57: =G57/C57 -> 0.21212121 | G57: 7
B58: ST-PIERRE_Pont principal sur le Borne | C58: 32 | D58: =E58/C58 -> 0.15625 | E58: 5 | F58: =G58/C58 -> 0.375 | G58: 12
B59: TOTAL ST PIERRE | C59: =SUM(C55:C58) -> 102 | D59: =E59/C59 -> 0.18627451 | E59: =SUM(E55:E58) -> 19 | F59: =G59/C59 -> 0.31372549 | G59: =SUM(G55:G58) -> 32
B60: COMMUNE_Carrefour
B61: COMMUNE_Carrefour
A62: Sous-total | C62: =C59+C53 -> 295 | D62: =E62/C62 -> 0.25084746 | E62: =E59+E53 -> 74 | F62: =G62/C62 -> 0.29491525 | G62: =G59+G53 -> 87
A66: 2020
A67: 8 | B67: LA ROCHE_Carrefour Biocoop | C67: 31 | D67: 0.32258065 | E67: 10 | F67: 0.32258065 | G67: 10
B68: LA ROCHE_Giratoire La Poste | C68: 25 | D68: 0.48 | E68: 12 | F68: 0.36 | G68: 12
B69: LA ROCHE_Giratoire ENILV | C69: 18 | D69: 0.5 | E69: 9 | F69: 0.16666667 | G69: 9
B71: TOTAL LA ROCHE | C71: =SUM(C67:C70) -> 74 | D71: =E71/C71 -> 0.41891892 | E71: =SUM(E67:E70) -> 31 | F71: =G71/C71 -> 0.41891892 | G71: =SUM(G67:G70) -> 31
B73: ARENTHON_La Papeterie | C73: 14 | D73: 0.071428571 | E73: 1 | F73: 0.071428571 | G73: 1
B74: ST-PIERRE_Franchissement Borne-Dessy | C74: 24 | D74: 0.041666667 | E74: 1 | F74: 0.20833333 | G74: 1
B75: BONNEVILLE_Franchissement Borne-Tucinge | C75: 29 | D75: 0 | E75: 0 | F75: 0.4137931 | G75: 0
B76: ST-PIERRE_Pont principal sur le Borne | C76: 27 | D76: 0.25925926 | E76: 7 | F76: 0.48148148 | G76: 7
B77: TOTAL ST PIERRE | C77: =SUM(C73:C76) -> 94 | D77: =E77/C77 -> 0.095744681 | E77: =SUM(E73:E76) -> 9 | F77: =G77/C77 -> 0.095744681 | G77: =SUM(G73:G76) -> 9
B78: AMANCY Sous-terrain Vozerier (new 2022) | D78: 0.25925926 | F78: 0.48148148
B79: COMMUNE_Carrefour
B80: COMMUNE_Carrefour
B81: COMMUNE_Carrefour
A82: Sous-total | C82: =C77+C71 -> 168 | D82: =E82/C82 -> 0.23809524 | E82: =E77+E71 -> 40 | F82: =G82/C82 -> 0.23809524 | G82: =G77+G71 -> 40
C85: 31 | D85: 23 | E85: 0.32258065 | F85: 10 | G85: 0.32258065 | H85: 10
C86: 25 | D86: 13 | E86: 0.48 | F86: 12 | G86: 0.36 | H86: 9
C87: 18 | D87: 10 | E87: 0.5 | F87: 9 | G87: 0.16666667 | H87: 3
E88: 0.5 | G88: 0.16666667
C89: 14 | D89: 9 | E89: 0.071428571 | F89: 1 | G89: 0.071428571 | H89: 1
C90: 24 | D90: 16 | E90: 0.041666667 | F90: 1 | G90: 0.20833333 | H90: 5
C91: 29 | D91: 21 | E91: 0 | F91: 0 | G91: 0.4137931 | H91: 12
C92: 27 | D92: 17 | E92: 0.25925926 | F92: 7 | G92: 0.48148148 | H92: 13
E93: 0.25925926 | G93: 0.48148148
E94: 0.25925926 | G94: 0.48148148
C95: 4 | D95: 2 | E95: 0.5 | F95: 2 | G95: 0 | H95: 0

Sheet synthèse 2024
A1: COMPTAGES VELO 2020 à 2024 COMPARATIF
C2: météo : | D2: beau | E2: beau | F2: moyen | G2: beau | H2: beau mais moche la veille
H3: Ma 28/05
A4: nombre de point de comptage | D4: 7 | E4: 8 | F4: 10 | G4: 9 | H4: 11
A5: SECTEUR "NATENV" | B5: Période comptée | D5: 2020 | E5: 2021 | F5: 2022 | G5: 2023 | H5: 2024
A6: COMMUNE Nom du carrefour | B6: Début | C6: Fin
A7: La Roche Face Biocoop | B7: 6h30 | C7: 9h00 | D7: 31 | E7: 56 | F7: 59 | G7: 68 | H7: ='Ciclable 2024'!C6 -> 64
A8: Rond Point La Poste | B8: 6h30 | C8: 9h00 | D8: 25 | E8: 45 | F8: 32 | G8: 47 | H8: ='Ciclable 2024'!C7 -> 46
A9: La Roche Rond-Point ENILV | B9: 6h30 | C9: 9h00 | D9: 18 | E9: 16 | F9: 21 | H9: ='Ciclable 2024'!C8 -> 24
A10: La Roche Gare | B10: 6h30 | C10: 8h20 | E10: 56 | F10: 55 | G10: 53 | H10: ='Ciclable 2024'!C9 -> 48
A11: La Roche Andrevetan/St Sixt | G11: 26 | H11: ='Ciclable 2024'!C10 -> 31
A12: Amancy Vozerier Sous-Terrain | B12: 6h30 | C12: 9h00 | F12: 15
A13: 4 points LA ROCHE | D13: =SUBTOTAL(9,D7:D12) -> 74 | E13: =SUBTOTAL(9,E7:E12) -> 173 | F13: =SUBTOTAL(9,F7:F12) -> 182 | G13: =SUBTOTAL(9,G7:G12) -> 194 | H13: =SUBTOTAL(9,H7:H12) -> 213
A14: Arenthon La Papeterie | B14: 6h30 | C14: 9h00 | D14: 14 | E14: 13 | F14: 6 | G14: 26 | H14: ='Ciclable 2024'!C13 -> 12
A15: St Pierre Borne Dessy | B15: 6h30 | C15: 8h20 | D15: 24 | E15: 24 | F15: 20 | G15: 49 | H15: ='Ciclable 2024'!C14 -> 14
A16: St Pierre/Bonneville Borne - RD 1203 | B16: 6h30 | C16: 9h00 | D16: 27 | E16: 32 | F16: 35 | G16: 59 | H16: ='Ciclable 2024'!C15 -> 37
A17: St Pierre Mr Bricolage | F17: 22 | G17: 37 | H17: ='Ciclable 2024'!C16 -> 33
A18: 4 points Arenthon-ST PIERRE | D18: =SUBTOTAL(9,D14:D17) -> 65 | E18: =SUBTOTAL(9,E14:E17) -> 69 | F18: =SUBTOTAL(9,F14:F17) -> 83 | G18: =SUBTOTAL(9,G14:G17) -> 171 | H18: =SUBTOTAL(9,H14:H17) -> 96
A19: Bonneville Borne Tucinges/Prison | B19: 6h30 | C19: 9h00 | D19: 29 | E19: 33 | F19: 20 | G19: 47 | H19: ='Ciclable 2024'!C20 -> 29
A20: Ayse Piste cyclable | B20: 6h30 | C20: 9h00 | H20: ='Ciclable 2024'!C21 -> 45
A21: 2 points CCFG | D21: =SUBTOTAL(9,D19:D20) -> 29 | E21: =SUBTOTAL(9,E19:E20) -> 33 | F21: =SUBTOTAL(9,F19:F20) -> 20 | G21: =SUM(G19:G20) -> 47 | H21: =SUM(H19:H20) -> 74
A22: TOTAL | D22: =SUBTOTAL(9,D7:D21) -> 168 | E22: =SUBTOTAL(9,E7:E21) -> 275 | F22: =SUBTOTAL(9,F7:F21) -> 285 | G22: =SUBTOTAL(9,G7:G20) -> 412 | H22: =SUBTOTAL(9,H7:H20) -> 383
A23: tTotal avec mêmes points de comptage que année précédente | E23: =E7+E8+E9+E14+E15+E16+E19 -> 219 | F23: =F7+F8+F9+F10+F14+F15+F16+F19 -> 248 | G23: =G7+G8+G10+G14+G15+G16+G17+G19 -> 386 | H23: =H7+H8+H10+H11+H14+H15+H16+H17+H19 -> 314 | I23: =H23/G23 -> 0.8134715
A24: Evolution / année précédente | E24: =E23/D22 -> 1.3035714 | F24: =F23/E22 -> 0.90181818 | G24: =G23/F22 -> 1.354386 | H24: =H23/G22 -> 0.76213592
B26: TOTAL | C26: % VAE | D26: 0.24 | E26: 0.25 | F26: 0.31 | G26: 0.31 | H26: ='Ciclable 2024'!D24 -> 0.35248042
B27: TOTAL | C27: % femmes | D27: 0.31 | E27: 0.29 | F27: 0.25 | G27: 0.28 | H27: ='Ciclable 2024'!F24 -> 0.2767624
B28: 4 points LA ROCHE | C28: % VAE | E28: 0.28 | F28: 0.37 | G28: 0.38
C29: % femmes | E29: 0.28 | F29: 0.29 | G29: 0.24
B30: 5 points Arenthon-ST PIERRE | C30: % VAE | E30: 0.19 | F30: 0.23 | G30: 0.24
C31: % femmes | E31: 0.31 | F31: 0.2 | G31: 0.32
C35: TOTAL | G35: LA ROCHE | H35: LA ROCHE | L35: ST PIERRE
B36: NB point | C36: Nb vélos | D36: % femme | E36: % VAE | F36: NB point | G36: Nb vélos | H36: Nb vélos | I36: % femme | J36: % VAE | K36: NB point | L36: Nb | M36: % femme | N36: % VAE
A37: 2020 | B37: =D4 -> 7 | C37: =D22 -> 168 | D37: =D27 -> 0.31 | E37: 24 | F37: 3 | G37: 74 | H37: 74 | K37: 4 | L37: 94
A38: 2021 | B38: =E4 -> 8 | C38: =E22 -> 275 | D38: 29 | E38: 25 | F38: 4 | G38: 173 | H38: 173 | I38: 28 | J38: 28 | K38: 4 | L38: 102 | M38: 31 | N38: 19
A39: 2022 | B39: =F4 -> 10 | C39: =F22 -> 285 | D39: 25 | E39: 31 | F39: 5 | G39: 182 | H39: 182 | I39: 29 | J39: 37 | K39: 5 | L39: 103 | M39: 20 | N39: 23
A40: 2023 | B40: =G4 -> 9 | C40: =G22 -> 412 | D40: 28 | E40: 31 | F40: 4 | G40: 194 | H40: 194 | I40: 24 | J40: 38 | K40: 5 | L40: 218 | M40: 32 | N40: 24
A41: 2024 | B41: =H4 -> 11 | C41: =H22 -> 383
