Workbook

Sheet Index
C3: Eléments à renseigner par chaque association dans l'onglet "2022"
D5: Colonne | F5: Ce qu'il faut renseigner
D7: Toutes les cellules blanches ne sont pas à renseigner (formule de calcul ou NC)
D9: Eléments obligatoires >> cellules en vert dans l'onglet "2022"
D10: DONNEES GENERALES | E10: D | F10: nombre de bénévoles par poste de comptage
E11: E | F11: nom/localisation du poste de comptage
E12: F | F12: implantation : France / Suisse / Frontière
E13: G | F13: nombre total de cyclistes comptés sur toute la période
E14: H | F14: nombre de cyclistes comptés sur l'heure de pointe (7h30 - 8h30) uniquement
E15: I | F15: calcul automatique (du nombre de VAE dans le total)
E16: J | F16: nombre de VAE dans le total (référence à la colonne G)
E17: K | F17: calcul automatique (du nombre de femmes dans le total)
E18: L | F18: nombre de femmes dans le total (référence à la colonne G)
D20: Eléments obligatoires pour les postes frontières et carrefours proches frontière
D21: >> cellules en bleu dans l'onglet "2022"
D22: FRONTIERE | E22: S | F22: nombre total de cyclistes comptés sur toute la période - Direction Suisse
E23: T | F23: nombre de cyclistes comptés sur l'heure de pointe (7h30 - 8h30) uniquement - Direction Suisse
E24: U | F24: nombre total de cyclistes comptés sur toute la période - Direction France
E25: V | F25: nombre de cyclistes comptés sur l'heure de pointe (7h30 - 8h30) uniquement - Direction France
D27: Eléments facultatifs >> cellules en rose dans l'onglet "2022"
D28: AUTRES DONNEES | E28: M | F28: calcul automatique (du nombre total de VAE chez les femmes)
E29: N | F29: nombre total de VAE chez les femmes (valeur spécifique à relever)
E30: O | F30: nombre total de personnes comptées sur toute la période en "autre mode" (trottinette, gyropode…)
E31: P | F31: nombre total de personnes comptées en HPM (7h30 - 8h30) en "autre mode" (trottinette, gyropode…)
E32: Q | F32: nombre total de piétons comptés sur toute la période
E33: R | F33: nombre total de piétons comptés en HPM (7h30 - 8h30)

Sheet 2020
A2: X | B2: Association(s) | C2: Arrière-pays | D2: Nombre de bénévoles | E2: Postes de comptage | F2: France / Suisse / Frontière | G2: Nombre de vélos | I2: % VAE dans le total | J2: NB VAE dans le total | K2: % femmes dans le total | L2: NB de femmes dans le total | M2: % de VAE chez les femmes | N2: NB de VAE chez les femmes | O2: Autres modes | Q2: Piétons | S2: > Suisse | U2: > France
A3: X
A4: X | G4: total | H4: HP | O4: total | P4: HP | Q4: total | R4: HP | S4: total | T4: HP | U4: total | V4: HP | AB4: 2020
A5: =IF(D5="Sous-total","X",IF(E5="","","X")) -> X | B5: UP Cluses | C5: OUI | D5: 2 | E5: CLUSES_Passerelle de Messy | F5: France | G5: =27+11+2+15+8 -> 63 | H5: 29 | I5: =2/G5 -> 0.031746032 | J5: =I5*G5 -> 2 | K5: =(2+15)/G5 -> 0.26984127 | L5: =K5*G5 -> 17 | M5: =2/17 -> 0.11764706 | N5: =IF(M5="-","-",M5*L5) -> 2 | AB5: =IF(G5>0,$F5,"") -> France
A6: =IF(D6="Sous-total","X",IF(E6="","","X")) -> X | B6: L'Abeille (Contamine) | C6: OUI | E6: BONNE_Loëx (sous voie rapide) | F6: France | I6: =2/G6 -> #DIV/0! | K6: =(2+15)/G6 -> #DIV/0! | M6: =2/17 -> 0.11764706 | AB6: =IF(G6>0,$F6,"")
A7: =IF(D7="Sous-total","X",IF(E7="","","X")) -> X | B7: AMDC (Chablais) | C7: OUI | E7: ALLINGES_Rond point des Fleysets | F7: France | I7: 0.32258065 | K7: 0.32258065 | M7: - | N7: - | O7: - | P7: - | Q7: - | R7: - | AB7: =IF(G7>0,$F7,"")
A8: =IF(D8="Sous-total","X",IF(E8="","","X")) -> X | E8: BONS_Gare | F8: France | I8: 0.48 | K8: 0.36 | M8: - | N8: - | O8: - | P8: - | Q8: - | R8: - | AB8: =IF(G8>0,$F8,"")
A9: =IF(D9="Sous-total","X",IF(E9="","","X")) -> X | E9: DOUVAINE_Mairie | F9: France | I9: 0.48 | K9: 0.36 | M9: - | N9: - | O9: - | P9: - | Q9: - | R9: - | AB9: =IF(G9>0,$F9,"")
A10: =IF(D10="Sous-total","X",IF(E10="","","X")) -> X | E10: EVIAN_Gare | F10: France | I10: 0.48 | K10: 0.36 | M10: - | N10: - | O10: - | P10: - | Q10: - | R10: - | AB10: =IF(G10>0,$F10,"")
A11: =IF(D11="Sous-total","X",IF(E11="","","X")) -> X | E11: PERRIGNIER_Gare | F11: France | I11: 0.48 | K11: 0.36 | M11: - | N11: - | O11: - | P11: - | Q11: - | R11: - | AB11: =IF(G11>0,$F11,"")
A12: =IF(D12="Sous-total","X",IF(E12="","","X")) -> X | E12: THONON_Embarcadère CGN | F12: Frontière | I12: 0.48 | K12: 0.36 | M12: - | N12: - | O12: - | P12: - | Q12: - | R12: - | AB12: =IF(G12>0,$F12,"")
A13: =IF(D13="Sous-total","X",IF(E13="","","X")) -> X | E13: THONON_Entrée côté place de Crête | F13: France | I13: 0.48 | K13: 0.36 | M13: - | N13: - | O13: - | P13: - | Q13: - | R13: - | AB13: =IF(G13>0,$F13,"")
A14: =IF(D14="Sous-total","X",IF(E14="","","X")) -> X | E14: THONON_Parvis de la gare | F14: France | I14: 0.48 | K14: 0.36 | M14: - | N14: - | O14: - | P14: - | Q14: - | R14: - | AB14: =IF(G14>0,$F14,"")
A15: =IF(D15="Sous-total","X",IF(E15="","","X")) -> X | E15: THONON_Avenue d’Evian | F15: France | I15: 0.48 | K15: 0.36 | M15: - | N15: - | O15: - | P15: - | Q15: - | R15: - | AB15: =IF(G15>0,$F15,"")
A16: =IF(D16="Sous-total","X",IF(E16="","","X")) -> X | E16: THONON_Carrefour Libération | F16: France | I16: 0.48 | K16: 0.36 | M16: - | N16: - | O16: - | P16: - | Q16: - | R16: - | AB16: =IF(G16>0,$F16,"")
A17: =IF(D17="Sous-total","X",IF(E17="","","X")) -> X | E17: THONON_Collège Champagne | F17: France | I17: 0.48 | K17: 0.36 | M17: - | N17: - | O17: - | P17: - | Q17: - | R17: - | AB17: =IF(G17>0,$F17,"")
A18: =IF(D18="Sous-total","X",IF(E18="","","X")) -> X | E18: THONON_Ecole Jule Ferry | F18: France | I18: 0.48 | K18: 0.36 | M18: - | N18: - | O18: - | P18: - | Q18: - | R18: - | AB18: =IF(G18>0,$F18,"")
A19: =IF(D19="Sous-total","X",IF(E19="","","X")) -> X | E19: THONON_Rond point J. Ferry G Andrier Pl des Arts Bld du Canal | F19: France | I19: 0.48 | K19: 0.36 | M19: - | N19: - | O19: - | P19: - | Q19: - | R19: - | AB19: =IF(G19>0,$F19,"")
... A22: =IF(D22="Sous-total","X",IF(E22="","","X")) -> X | E22: VEIGY_Douane | F22: Frontière | I22: 0.5 | K22: 0 | M22: - | N22: - | O22: - | P22: - | Q22: - | R22: - | AB22: =IF(G22>0,$F22,"")
A23: =IF(D23="Sous-total","X",IF(E23="","","X")) -> X | D23: Sous-total | G23: =SUM(G7:G22) -> 0 | H23: =SUM(H7:H22) -> 0 | I23: =J23/G23 -> #DIV/0! | J23: =SUM(J7:J22) -> 0 | K23: =L23/G23 -> #DIV/0! | L23: =SUM(L7:L22) -> 0 | M23: =N23/L23 -> #DIV/0! | N23: =SUM(N7:N22) -> 0 | O23: =SUM(O7:O22) -> 0 | P23: =SUM(P7:P22) -> 0 | Q23: =SUM(Q7:Q22) -> 0 | R23: =SUM(R7:R22) -> 0 | AB23: =IF(G23>0,$F23,"")
A24: =IF(D24="Sous-total","X",IF(E24="","","X")) -> X | B24: NatEnv & Fabrique à Biclou | C24: OUI | D24: 8 | E24: LA ROCHE_Carrefour Biocoop | F24: France | G24: 31 | H24: 23 | I24: 0.32258065 | J24: =I24*G24 -> 10 | K24: 0.32258065 | L24: =K24*G24 -> 10 | M24: - | N24: - | O24: - | P24: - | Q24: - | R24: - | AB24: =IF(G24>0,$F24,"") -> France
A25: =IF(D25="Sous-total","X",IF(E25="","","X")) -> X | E25: LA ROCHE_Giratoire La Poste | F25: France | G25: 25 | H25: 13 | I25: 0.48 | J25: =I25*G25 -> 12 | K25: 0.36 | L25: =K25*G25 -> 9 | M25: - | N25: - | O25: - | P25: - | Q25: - | R25: - | AB25: =IF(G25>0,$F25,"") -> France
A26: =IF(D26="Sous-total","X",IF(E26="","","X")) -> X | E26: LA ROCHE_Giratoire ENILV | F26: France | G26: 18 | H26: 10 | I26: 0.5 | J26: =I26*G26 -> 9 | K26: 0.16666667 | L26: =K26*G26 -> 3 | M26: - | N26: - | O26: - | P26: - | Q26: - | R26: - | AB26: =IF(G26>0,$F26,"") -> France
A27: =IF(D27="Sous-total","X",IF(E27="","","X")) -> X | E27: LA ROCHE_Gare Passage à niveau (new 2021) | F27: France | I27: 0.5 | K27: 0.16666667 | M27: - | N27: - | O27: - | P27: - | Q27: - | R27: - | AB27: =IF(G27>0,$F27,"")
A28: =IF(D28="Sous-total","X",IF(E28="","","X")) -> X | E28: ARENTHON_La Papeterie | F28: France | G28: 14 | H28: 9 | I28: 0.071428571 | J28: =I28*G28 -> 1 | K28: 0.071428571 | L28: =K28*G28 -> 1 | M28: - | N28: - | O28: - | P28: - | Q28: - | R28: - | AB28: =IF(G28>0,$F28,"") -> France
A29: =IF(D29="Sous-total","X",IF(E29="","","X")) -> X | E29: ST-PIERRE_Franchissement Borne-Dessy | F29: France | G29: 24 | H29: 16 | I29: 0.041666667 | J29: =I29*G29 -> 1 | K29: 0.20833333 | L29: =K29*G29 -> 5 | M29: - | N29: - | O29: - | P29: - | Q29: - | R29: - | AB29: =IF(G29>0,$F29,"") -> France
A30: =IF(D30="Sous-total","X",IF(E30="","","X")) -> X | E30: BONNEVILLE_Franchissement Borne-Tucinge | F30: France | G30: 29 | H30: 21 | I30: 0 | J30: =I30*G30 -> 0 | K30: 0.4137931 | L30: =K30*G30 -> 12 | M30: - | N30: - | O30: - | P30: - | Q30: - | R30: - | AB30: =IF(G30>0,$F30,"") -> France
A31: =IF(D31="Sous-total","X",IF(E31="","","X")) -> X | E31: ST-PIERRE_Pont principal sur le Borne | F31: France | G31: 27 | H31: 17 | I31: 0.25925926 | J31: =I31*G31 -> 7 | K31: 0.48148148 | L31: =K31*G31 -> 13 | M31: - | N31: - | O31: - | P31: - | Q31: - | R31: - | AB31: =IF(G31>0,$F31,"") -> France
A32: =IF(D32="Sous-total","X",IF(E32="","","X")) -> X | E32: AMANCY Sous-terrain Vozerier (new 2022) | F32: France | I32: 0.25925926 | K32: 0.48148148 | M32: - | N32: - | O32: - | P32: - | Q32: - | R32: - | AB32: =IF(G32>0,$F32,"")
A33: =IF(D33="Sous-total","X",IF(E33="","","X")) -> X | E33: ST-PIERRE M. Bricolage | F33: France | I33: 0.25925926 | K33: 0.48148148 | M33: - | N33: - | O33: - | P33: - | Q33: - | R33: - | AB33: =IF(G33>0,$F33,"")
A34: =IF(D34="Sous-total","X",IF(E34="","","X")) -> X | E34: AMANCY_Giratoire Coriandre | F34: France | G34: 4 | H34: 2 | I34: 0.5 | J34: =I34*G34 -> 2 | K34: 0 | L34: =K34*G34 -> 0 | M34: - | N34: - | O34: - | P34: - | Q34: - | R34: - | AB34: =IF(G34>0,$F34,"") -> France
A35: =IF(D35="Sous-total","X",IF(E35="","","X")) -> X | D35: Sous-total | G35: =SUM(G24:G34) -> 172 | H35: =SUM(H24:H34) -> 111 | I35: =J35/G35 -> 0.24418605 | J35: =SUM(J24:J34) -> 42 | K35: =L35/G35 -> 0.30813953 | L35: =SUM(L24:L34) -> 53 | M35: =N35/L35 -> 0 | N35: =SUM(N24:N34) -> 0 | O35: =SUM(O24:O34) -> 0 | P35: =SUM(P24:P34) -> 0 | Q35: =SUM(Q24:Q34) -> 0 | R35: =SUM(R24:R34) -> 0 | AB35: =IF(G35>0,$F35,"") -> 0
A36: =IF(D36="Sous-total","X",IF(E36="","","X")) -> X | B36: AERE | C36: OUI | D36: 9 | E36: ETREMBIERES_Giratoire ex PN93 | F36: France | G36: 37 | H36: 23 | I36: 0.38 | J36: =I36*G36 -> 14.06 | K36: 0.16 | L36: =K36*G36 -> 5.92 | M36: 1 | N36: =IF(M36="-","-",M36*L36) -> 5.92 | AB36: =IF(G36>0,$F36,"") -> France
A37: =IF(D37="Sous-total","X",IF(E37="","","X")) -> X | E37: ETREMBIERES_Carrefour sous Château | F37: France | G37: 33 | H37: 15 | I37: 0.3 | J37: =I37*G37 -> 9.9 | K37: 0.09 | L37: =K37*G37 -> 2.97 | M37: 1 | N37: =IF(M37="-","-",M37*L37) -> 2.97 | AB37: =IF(G37>0,$F37,"") -> France
A38: =IF(D38="Sous-total","X",IF(E38="","","X")) -> X | E38: SCIENTRIER_Carrefour Tour de Bellecombe | F38: France | G38: 6 | H38: 5 | I38: 0 | J38: =I38*G38 -> 0 | K38: 0 | L38: =K38*G38 -> 0 | M38: 0 | N38: =IF(M38="-","-",M38*L38) -> 0 | AB38: =IF(G38>0,$F38,"") -> France
A39: =IF(D39="Sous-total","X",IF(E39="","","X")) -> X | E39: REIGNIER_Giratoire église | F39: France | G39: 25 | H39: 15 | I39: 0.28 | J39: =I39*G39 -> 7 | K39: 0.16 | L39: =K39*G39 -> 4 | M39: 0.25 | N39: =IF(M39="-","-",M39*L39) -> 1 | AB39: =IF(G39>0,$F39,"") -> France
A40: =IF(D40="Sous-total","X",IF(E40="","","X")) -> X | E40: REIGNIER_Giratoire Foron | F40: France | G40: 15 | H40: 9 | I40: 0.13 | J40: =I40*G40 -> 1.95 | K40: 0.07 | L40: =K40*G40 -> 1.05 | M40: 0 | N40: =IF(M40="-","-",M40*L40) -> 0 | AB40: =IF(G40>0,$F40,"") -> France
A41: =IF(D41="Sous-total","X",IF(E41="","","X")) -> X | E41: REIGNIER_Giratoire La Forge | F41: France | G41: 16 | H41: 14 | I41: 0.38 | J41: =I41*G41 -> 6.08 | K41: 0.13 | L41: =K41*G41 -> 2.08 | M41: 1 | N41: =IF(M41="-","-",M41*L41) -> 2.08 | AB41: =IF(G41>0,$F41,"") -> France
A42: =IF(D42="Sous-total","X",IF(E42="","","X")) -> X | E42: PERS-JUSSY_Giratoire Casino | F42: France | G42: 7 | H42: 5 | I42: 0.14 | J42: =I42*G42 -> 0.98 | K42: 0 | L42: =K42*G42 -> 0 | M42: 0 | N42: =IF(M42="-","-",M42*L42) -> 0 | AB42: =IF(G42>0,$F42,"") -> France
A43: =IF(D43="Sous-total","X",IF(E43="","","X")) | I43: 0.14 | K43: 0 | M43: 0 | AB43: =IF(G43>0,$F43,"")
A44: =IF(D44="Sous-total","X",IF(E44="","","X")) | I44: 0.14 | K44: 0 | M44: 0 | AB44: =IF(G44>0,$F44,"")
A45: =IF(D45="Sous-total","X",IF(E45="","","X")) -> X | E45: REIGNIER_Carrefour Marsinge / Viaison | F45: France | I45: 0.14 | K45: 0 | M45: 0 | AB45: =IF(G45>0,$F45,"")
A46: =IF(D46="Sous-total","X",IF(E46="","","X")) -> X | E46: ARTHAZ_Giratoire lavage auto | F46: France | G46: 20 | H46: 9 | I46: 0.25 | J46: =I46*G46 -> 5 | K46: 0.15 | L46: =K46*G46 -> 3 | M46: 0.33 | N46: =IF(M46="-","-",M46*L46) -> 0.99 | AB46: =IF(G46>0,$F46,"") -> France
A47: =IF(D47="Sous-total","X",IF(E47="","","X")) -> X | D47: Sous-total | G47: =SUM(G36:G46) -> 159 | H47: =SUM(H36:H46) -> 95 | I47: =J47/G47 -> 0.28283019 | J47: =SUM(J36:J46) -> 44.97 | K47: =L47/G47 -> 0.11962264 | L47: =SUM(L36:L46) -> 19.02 | M47: =N47/L47 -> 0.68138801 | N47: =SUM(N36:N46) -> 12.96 | O47: =SUM(O36:O46) -> 0 | P47: =SUM(P36:P46) -> 0 | Q47: =SUM(Q36:Q46) -> 0 | R47: =SUM(R36:R46) -> 0 | AB47: =IF(G47>0,$F47,"") -> 0
A48: =IF(D48="Sous-total","X",IF(E48="","","X")) -> X | B48: Sous-total périmètre "arrière-pays" | D48: =SUM(D5:D46) -> 19 | E48: =COUNTIF(A5:A47,"X") -> 41 | F48: 38 | G48: =G5+G6+G23+G35+G47 -> 394 | H48: =H5+H6+H23+H35+H47 -> 235 | I48: =J48/G48 -> 0.22581218 | J48: =J5+J6+J23+J35+J47 -> 88.97 | K48: =L48/G48 -> 0.22593909 | L48: =L5+L6+L23+L35+L47 -> 89.02 | M48: =N48/(L5+L36+L37+L39+L41+L46) -> 0.42779525 | N48: =N5+N6+N23+N35+N47 -> 14.96 | O48: =O5+O6+O23+O35+O47 -> 0 | P48: =P5+P6+P23+P35+P47 -> 0 | Q48: =Q5+Q6+Q23+Q35+Q47 -> 0 | R48: =R5+R6+R23+R35+R47 -> 0 | S48: =S5+S6+S23+S35+S47 -> 0 | T48: =T5+T6+T23+T35+T47 -> 0 | U48: =U5+U6+U23+U35+U47 -> 0 | V48: =V5+V6+V23+V35+V47 -> 0 | AB48: =IF(G48>0,$F48,"") -> 38
A49: =IF(D49="Sous-total","X",IF(E49="","","X")) -> X | B49: EVAV | C49: NON | D49: 31 | E49: AMBILLY_Voie verte Pont Noir | F49: France | G49: 603 | H49: 173 | I49: 0.43 | J49: 261 | K49: 0.38 | L49: 242 | M49: - | N49: =IF(M49="-","-",M49*L49) -> - | AB49: =IF(G49>0,$F49,"") -> France
A50: =IF(D50="Sous-total","X",IF(E50="","","X")) -> X | E50: ANNEMASSE_Voie verte Jura | F50: France | G50: 354 | H50: 103 | I50: 0.4 | J50: 142 | K50: 0.42 | L50: 161 | M50: - | N50: =IF(M50="-","-",M50*L50) -> - | AB50: =IF(G50>0,$F50,"") -> France
A51: =IF(D51="Sous-total","X",IF(E51="","","X")) -> X | E51: ANNEMASSE_Devant l'agglo | F51: France | G51: 222 | H51: 66 | I51: 0.36 | J51: 137 | K51: 0.38 | L51: 88 | M51: - | N51: =IF(M51="-","-",M51*L51) -> - | AB51: =IF(G51>0,$F51,"") -> France
A52: =IF(D52="Sous-total","X",IF(E52="","","X")) -> X | E52: GAILLARD_Douane de Fossard | F52: Frontière | G52: 106 | H52: 35 | I52: 0.38 | J52: 39 | K52: 0.44 | L52: 48 | M52: - | N52: =IF(M52="-","-",M52*L52) -> - | AB52: =IF(G52>0,$F52,"") -> Frontière
A53: =IF(D53="Sous-total","X",IF(E53="","","X")) -> X | E53: ANNEMASSE_Clos Fleury | F53: France | G53: 206 | H53: 70 | I53: 0.43 | J53: 87 | K53: 0.39 | L53: 83 | M53: - | N53: =IF(M53="-","-",M53*L53) -> - | AB53: =IF(G53>0,$F53,"") -> France
A54: =IF(D54="Sous-total","X",IF(E54="","","X")) | I54: 0.43 | K54: 0.39 | M54: - | AB54: =IF(G54>0,$F54,"")
A55: =IF(D55="Sous-total","X",IF(E55="","","X")) | I55: 0.43 | K55: 0.39 | M55: - | AB55: =IF(G55>0,$F55,"")
A56: =IF(D56="Sous-total","X",IF(E56="","","X")) -> X | E56: GAILLARD_Douane de Moïllesullaz | F56: Frontière | G56: 173 | H56: 62 | I56: 0.23 | J56: 39 | K56: 0.39 | L56: 75 | M56: - | N56: =IF(M56="-","-",M56*L56) -> - | AB56: =IF(G56>0,$F56,"") -> Frontière
A57: =IF(D57="Sous-total","X",IF(E57="","","X")) -> X | D57: Sous-total | G57: =SUM(G49:G56) -> 1664 | H57: =SUM(H49:H56) -> 509 | I57: =J57/G57 -> 0.42367788 | J57: =SUM(J49:J56) -> 705 | K57: =L57/G57 -> 0.41887019 | L57: =SUM(L49:L56) -> 697 | M57: =N57/L57 -> 0 | N57: =SUM(N49:N56) -> 0 | AB57: =IF(G57>0,$F57,"") -> 0
A58: =IF(D58="Sous-total","X",IF(E58="","","X")) -> X | B58: Le Préau | C58: NON | E58: COMMUNE_Carrefour | F58: Frontière | I58: 0.63636364 | K58: 0.24242424 | M58: 0.875 | X58: Compté par Salève Vivant en 2021 sous le nom Charrot | AB58: =IF(G58>0,$F58,"")
A59: =IF(D59="Sous-total","X",IF(E59="","","X")) -> X | E59: COMMUNE_Carrefour | F59: Frontière | I59: 0.60227273 | K59: 0.36363636 | M59: 0.84375 | X59: Y compris comptage France-France carrefour Sous Lathoy | AB59: =IF(G59>0,$F59,"")
A60: =IF(D60="Sous-total","X",IF(E60="","","X")) -> X | E60: COMMUNE_Carrefour | I60: 0.64285714 | K60: 0.5 | M60: 0.57142857 | AB60: =IF(G60>0,$F60,"")
A61: =IF(D61="Sous-total","X",IF(E61="","","X")) -> X | E61: COMMUNE_Carrefour | I61: 0.65217391 | K61: 0.47826087 | M61: 0.72727273 | AB61: =IF(G61>0,$F61,"")
A62: =IF(D62="Sous-total","X",IF(E62="","","X")) -> X | E62: COMMUNE_Carrefour | I62: 0.65217391 | K62: 0.47826087 | M62: 0.72727273 | AB62: =IF(G62>0,$F62,"")
A63: =IF(D63="Sous-total","X",IF(E63="","","X")) -> X | E63: COMMUNE_Carrefour | I63: 0.65217391 | K63: 0.47826087 | M63: 0.72727273 | AB63: =IF(G63>0,$F63,"")
A64: =IF(D64="Sous-total","X",IF(E64="","","X")) -> X | E64: COMMUNE_Carrefour | I64: 0.5 | K64: 0.47222222 | M64: 0.76470588 | AB64: =IF(G64>0,$F64,"")
A65: =IF(D65="Sous-total","X",IF(E65="","","X")) -> X | D65: Sous-total | G65: =SUM(G58:G64) -> 0 | H65: =SUM(H58:H64) -> 0 | I65: =J65/G65 -> #DIV/0! | J65: =SUM(J58:J64) -> 0 | K65: =L65/G65 -> #DIV/0! | L65: =SUM(L58:L64) -> 0 | M65: =N65/L65 -> #DIV/0! | N65: =SUM(N58:N64) -> 0 | S65: =SUM(S58:S64) -> 0 | T65: =SUM(T58:T64) -> 0 | U65: =SUM(U58:U64) -> 0 | V65: =SUM(V58:V64) -> 0 | AB65: =IF(G65>0,$F65,"")
A66: =IF(D66="Sous-total","X",IF(E66="","","X")) -> X | B66: Salève Vivant | C66: NON | D66: 12 | E66: ARCHAMPS_Douane de Landecy | F66: Frontière | G66: 33 | H66: 33 | I66: 0.63636364 | J66: =I66*G66 -> 21 | K66: 0.24242424 | L66: =K66*G66 -> 8 | M66: 0.875 | N66: =IF(M66="-","-",M66*L66) -> 7 | S66: 33 | T66: 33 | U66: 0 | V66: 0 | AB66: =IF(G66>0,$F66,"") -> Frontière
A67: =IF(D67="Sous-total","X",IF(E67="","","X")) -> X | E67: COLLONGES_Douane de Croix de Rozon | F67: Frontière | G67: 88 | H67: 88 | I67: 0.60227273 | J67: =I67*G67 -> 53 | K67: 0.36363636 | L67: =K67*G67 -> 32 | M67: 0.84375 | N67: =IF(M67="-","-",M67*L67) -> 27 | S67: 78 | T67: 78 | U67: 10 | V67: 10 | AB67: =IF(G67>0,$F67,"") -> Frontière
A68: =IF(D68="Sous-total","X",IF(E68="","","X")) -> X | E68: BOSSEY_Douane de Pierre-Grand | F68: Frontière | G68: 14 | H68: 14 | I68: 0.64285714 | J68: =I68*G68 -> 9 | K68: 0.5 | L68: =K68*G68 -> 7 | M68: 0.57142857 | N68: =IF(M68="-","-",M68*L68) -> 4 | S68: 14 | T68: 14 | U68: 0 | V68: 0 | AB68: =IF(G68>0,$F68,"") -> Frontière
A69: =IF(D69="Sous-total","X",IF(E69="","","X")) -> X | E69: BOSSEY_Douane de Troinex/Bossey | F69: Frontière | G69: 23 | H69: 23 | I69: 0.65217391 | J69: =I69*G69 -> 15 | K69: 0.47826087 | L69: =K69*G69 -> 11 | M69: 0.72727273 | N69: =IF(M69="-","-",M69*L69) -> 8 | S69: 20 | T69: 20 | U69: 3 | V69: 3 | AB69: =IF(G69>0,$F69,"") -> Frontière
A70: =IF(D70="Sous-total","X",IF(E70="","","X")) | F70: Frontière | I70: 0.65217391 | K70: 0.47826087 | M70: 0.72727273 | AB70: =IF(G70>0,$F70,"")
A71: =IF(D71="Sous-total","X",IF(E71="","","X")) | I71: 0.65217391 | K71: 0.47826087 | M71: 0.72727273 | AB71: =IF(G71>0,$F71,"")
A72: =IF(D72="Sous-total","X",IF(E72="","","X")) -> X | E72: VEYRIER_Douane du Pas de l'Echelle | F72: Frontière | G72: 36 | H72: 36 | I72: 0.5 | J72: =I72*G72 -> 18 | K72: 0.47222222 | L72: =K72*G72 -> 17 | M72: 0.76470588 | N72: =IF(M72="-","-",M72*L72) -> 13 | S72: 36 | T72: 36 | U72: 0 | V72: 0 | X72: Compté par Salève Vivant en 2020 (sinon ProVélo ou EVAV ?) | AB72: =IF(G72>0,$F72,"") -> Frontière
A73: =IF(D73="Sous-total","X",IF(E73="","","X")) -> X | D73: Sous-total | G73: =SUM(G66:G72) -> 194 | H73: =SUM(H66:H72) -> 194 | I73: =J73/G73 -> 0.59793814 | J73: =SUM(J66:J72) -> 116 | K73: =L73/G73 -> 0.38659794 | L73: =SUM(L66:L72) -> 75 | M73: =N73/L73 -> 0.78666667 | N73: =SUM(N66:N72) -> 59 | S73: =SUM(S66:S72) -> 181 | T73: =SUM(T66:T72) -> 181 | U73: =SUM(U66:U72) -> 13 | V73: =SUM(V66:V72) -> 13 | AB73: =IF(G73>0,$F73,"") -> 0
A74: =IF(D74="Sous-total","X",IF(E74="","","X")) -> X | B74: Groupe St-Julien | C74: NON | D74: 10 | E74: ST-JULIEN_Douane de Perly | F74: Frontière | G74: 59 | H74: =G74 -> 59 | I74: 0.51 | J74: =I74*G74 -> 30.09 | K74: 0.44 | L74: =K74*G74 -> 25.96 | M74: 0.62 | N74: =IF(M74="-","-",M74*L74) -> 16.0952 | AB74: =IF(G74>0,$F74,"") -> Frontière
A75: =IF(D75="Sous-total","X",IF(E75="","","X")) -> X | E75: ST-JULIEN_Passage douanier des Crottes | F75: Frontière | G75: 45 | H75: =G75 -> 45 | I75: 0.58 | J75: =I75*G75 -> 26.1 | K75: 0.44 | L75: =K75*G75 -> 19.8 | M75: 0.65 | N75: =IF(M75="-","-",M75*L75) -> 12.87 | AB75: =IF(G75>0,$F75,"") -> Frontière
A76: =IF(D76="Sous-total","X",IF(E76="","","X")) -> X | E76: ST-JULIEN_Paguette (chemin de l'Aire) | F76: Frontière | G76: 16 | H76: =G76 -> 16 | I76: 0.44 | J76: =I76*G76 -> 7.04 | K76: 0.31 | L76: =K76*G76 -> 4.96 | M76: 0.4 | N76: =IF(M76="-","-",M76*L76) -> 1.984 | AB76: =IF(G76>0,$F76,"") -> Frontière
A77: =IF(D77="Sous-total","X",IF(E77="","","X")) -> X | E77: ST-JULIEN_Douane de Certoux (rte Thérens) | F77: Frontière | G77: 31 | H77: =G77 -> 31 | I77: 0.29 | J77: =I77*G77 -> 8.99 | K77: 0.32 | L77: =K77*G77 -> 9.92 | M77: 0.3 | N77: =IF(M77="-","-",M77*L77) -> 2.976 | AB77: =IF(G77>0,$F77,"") -> Frontière
A78: =IF(D78="Sous-total","X",IF(E78="","","X")) -> X | E78: ST-JULIEN_Douane de Soral 1 | F78: Frontière | G78: 3 | H78: =G78 -> 3 | I78: 0 | J78: =I78*G78 -> 0 | K78: 0 | L78: =K78*G78 -> 0 | M78: - | N78: =IF(M78="-","-",M78*L78) -> - | AB78: =IF(G78>0,$F78,"") -> Frontière
A79: =IF(D79="Sous-total","X",IF(E79="","","X")) -> X | E79: VIRY_Douane de Soral 2 | F79: Frontière | G79: 13 | H79: =G79 -> 13 | I79: 0.23 | J79: =I79*G79 -> 2.99 | K79: 0.15 | L79: =K79*G79 -> 1.95 | M79: 0.5 | N79: =IF(M79="-","-",M79*L79) -> 0.975 | AB79: =IF(G79>0,$F79,"") -> Frontière
A80: =IF(D80="Sous-total","X",IF(E80="","","X")) -> X | E80: VIRY_Malagny | F80: Frontière | AB80: =IF(G80>0,$F80,"")
A81: =IF(D81="Sous-total","X",IF(E81="","","X")) | F81: Frontière | AB81: =IF(G81>0,$F81,"")
A82: =IF(D82="Sous-total","X",IF(E82="","","X")) | F82: Frontière | AB82: =IF(G82>0,$F82,"")
A83: =IF(D83="Sous-total","X",IF(E83="","","X")) -> X | E83: VALLEIRY_La Joux | F83: Frontière | AB83: =IF(G83>0,$F83,"")
A84: =IF(D84="Sous-total","X",IF(E84="","","X")) -> X | D84: Sous-total | G84: =SUM(G74:G79) -> 167 | H84: =SUM(H74:H79) -> 167 | I84: =J84/G84 -> 0.45035928 | J84: =SUM(J74:J79) -> 75.21 | K84: =L84/G84 -> 0.37479042 | L84: =SUM(L74:L79) -> 62.59 | M84: =N84/L84 -> 0.55760026 | N84: =SUM(N74:N79) -> 34.9002 | AB84: =IF(G84>0,$F84,"") -> 0
A85: =IF(D85="Sous-total","X",IF(E85="","","X")) -> X | B85: APICY | C85: NON | D85: 14 | E85: STJEAN_Douane de Dardagny | F85: Frontière | AB85: =IF(G85>0,$F85,"")
A86: =IF(D86="Sous-total","X",IF(E86="","","X")) -> X | E86: CHALLEX_Douane de La Plaine | F86: Frontière | AB86: =IF(G86>0,$F86,"")
A87: =IF(D87="Sous-total","X",IF(E87="","","X")) -> X | E87: POUGNY_Douane de Chancy | F87: Frontière | AB87: =IF(G87>0,$F87,"")
A88: =IF(D88="Sous-total","X",IF(E88="","","X")) -> X | E88: ST-GENIS_Giratoire Porte de France | F88: Frontière | G88: 217 | H88: 102 | I88: 0.29 | J88: =I88*G88 -> 62.93 | K88: 0.32 | L88: 69 | M88: - | N88: =IF(M88="-","-",M88*L88) -> - | O88: 27 | P88: 8 | Q88: 33 | R88: 14 | S88: 241 | T88: 112 | U88: 9 | V88: 4 | AB88: =IF(G88>0,$F88,"") -> Frontière
A89: =IF(D89="Sous-total","X",IF(E89="","","X")) -> X | E89: FERNEY_Douane du GdSaconnex | F89: Frontière | G89: 156 | H89: 87 | I89: 0.4 | J89: =I89*G89 -> 62.4 | K89: 0.39 | L89: 61 | M89: - | N89: =IF(M89="-","-",M89*L89) -> - | O89: 7 | P89: 5 | Q89: 4 | R89: 1 | S89: 146 | T89: 81 | U89: 14 | V89: 7 | AB89: =IF(G89>0,$F89,"") -> Frontière
A90: =IF(D90="Sous-total","X",IF(E90="","","X")) -> X | E90: FERNEY_Douane de Mategnin | F90: Frontière | G90: 167 | H90: 80 | I90: 0.26 | J90: =I90*G90 -> 43.42 | K90: 0.37 | L90: 62 | M90: - | N90: =IF(M90="-","-",M90*L90) -> - | O90: 7 | P90: 3 | Q90: 33 | R90: 14 | S90: 153 | T90: 74 | U90: 47 | V90: 20 | AB90: =IF(G90>0,$F90,"") -> Frontière
A91: =IF(D91="Sous-total","X",IF(E91="","","X")) -> X | E91: FERNEY_Douane de Vireloup | F91: Frontière | I91: 0.26 | K91: 0.37 | M91: - | AB91: =IF(G91>0,$F91,"")
A92: =IF(D92="Sous-total","X",IF(E92="","","X")) -> X | E92: VERSONNEX_Douane de Collex-Bossy | F92: Frontière | I92: 0.26 | K92: 0.37 | M92: - | AB92: =IF(G92>0,$F92,"")
A93: =IF(D93="Sous-total","X",IF(E93="","","X")) -> X | E93: SAUVERNY_Douane de Sauverny | F93: Frontière | I93: 0.26 | K93: 0.37 | M93: - | AB93: =IF(G93>0,$F93,"")
A94: =IF(D94="Sous-total","X",IF(E94="","","X")) | F94: Frontière | I94: 0.26 | K94: 0.37 | M94: - | AB94: =IF(G94>0,$F94,"")
A95: =IF(D95="Sous-total","X",IF(E95="","","X")) | F95: Frontière | I95: 0.26 | K95: 0.37 | M95: - | AB95: =IF(G95>0,$F95,"")
A96: =IF(D96="Sous-total","X",IF(E96="","","X")) -> X | E96: GRILLY_Douane du Pont | F96: Frontière | AB96: =IF(G96>0,$F96,"")
A97: =IF(D97="Sous-total","X",IF(E97="","","X")) -> X | D97: Sous-total | G97: =SUM(G88:G96) -> 540 | H97: =SUM(H88:H96) -> 269 | I97: =J97/G97 -> 0.3125 | J97: =SUM(J88:J96) -> 168.75 | K97: =L97/G97 -> 0.35555556 | L97: =SUM(L88:L96) -> 192 | M97: =N97/L97 -> 0 | N97: =SUM(N88:N96) -> 0 | O97: =SUM(O88:O96) -> 41 | P97: =SUM(P88:P96) -> 16 | Q97: =SUM(Q88:Q96) -> 70 | R97: =SUM(R88:R96) -> 29 | S97: =SUM(S88:S96) -> 540 | T97: =SUM(T88:T96) -> 267 | U97: =SUM(U88:U96) -> 70 | V97: =SUM(V88:V96) -> 31 | AB97: =IF(G97>0,$F97,"") -> 0
A98: =IF(D98="Sous-total","X",IF(E98="","","X")) -> X | B98: ATE Vaud / ProVélo La Côte | C98: NON | D98: 2 | E98: DIVONNE_Douane de Chavanne | F98: Frontière | G98: 21 | H98: 8 | I98: 0.29 | J98: =I98*G98 -> 6.09 | K98: 0.32 | L98: =K98*G98 -> 6.72 | M98: - | N98: 0 | O98: 1 | P98: 0 | Q98: 7 | R98: 5 | S98: 19 | T98: 8 | U98: 9 | V98: 5 | AB98: =IF(G98>0,$F98,"") -> Frontière
A99: =IF(D99="Sous-total","X",IF(E99="","","X")) -> X | E99: DIVONNE-CRASSIER_Voie verte | F99: Frontière | AB99: =IF(G99>0,$F99,"")
A100: =IF(D100="Sous-total","X",IF(E100="","","X")) | F100: Frontière | AB100: =IF(G100>0,$F100,"")
A101: =IF(D101="Sous-total","X",IF(E101="","","X")) | F101: Frontière | AB101: =IF(G101>0,$F101,"")
A102: =IF(D102="Sous-total","X",IF(E102="","","X")) -> X | E102: DIVONNE_Douane de Crassy / Crassier | F102: Frontière | AB102: =IF(G102>0,$F102,"")
A103: =IF(D103="Sous-total","X",IF(E103="","","X")) -> X | D103: Sous-total | G103: =SUM(G98:G102) -> 21 | H103: =SUM(H98:H102) -> 8 | I103: =J103/G103 -> 0.29 | J103: =SUM(J98:J102) -> 6.09 | K103: =L103/G103 -> 0.32 | L103: =SUM(L98:L102) -> 6.72 | M103: =N103/L103 -> 0 | N103: =SUM(N98:N102) -> 0 | O103: =SUM(O98:O102) -> 1 | P103: =SUM(P98:P102) -> 0 | Q103: =SUM(Q98:Q102) -> 7 | R103: =SUM(R98:R102) -> 5 | S103: =SUM(S98:S102) -> 19 | T103: =SUM(T98:T102) -> 8 | U103: =SUM(U98:U102) -> 9 | V103: =SUM(V98:V102) -> 5 | AB103: =IF(G103>0,$F103,"") -> 0
...

Sheet 2021
A2: X | B2: Association(s) | C2: Arrière-pays | D2: Nombre de bénévoles | E2: Postes de comptage | F2: France / Suisse / Frontière | G2: Nombre de vélos | I2: % VAE dans le total | J2: NB VAE dans le total | K2: % femmes dans le total | L2: NB de femmes dans le total | M2: % de VAE chez les femmes | N2: NB de VAE chez les femmes | O2: Autres modes | Q2: Piétons | S2: > Suisse | U2: > France
A3: X
A4: X | G4: total | H4: HP | O4: total | P4: HP | Q4: total | R4: HP | S4: total | T4: HP | U4: total | V4: HP | AB4: 2020
A5: =IF(D5="Sous-total","X",IF(E5="","","X")) -> X | B5: Université Populaire de Cluses | C5: OUI | D5: 2 | E5: CLUSES_Passerelle de Messy | F5: France | G5: 102 | H5: 94 | I5: =J5/G5 -> 0.019607843 | J5: 2 | K5: =L5/G5 -> 0.17647059 | L5: 18 | M5: =IF(N5="-","-",N5/L5) -> 0.11111111 | N5: 2 | AB5: =IF(G5>0,$F5,"") -> France
A6: =IF(D6="Sous-total","X",IF(E6="","","X")) -> X | B6: L'Abeille (Contamine) | C6: OUI | E6: BONNE_Loëx (sous voie rapide) | F6: France | I6: =J6/G6 -> #DIV/0! | K6: =L6/G6 -> #DIV/0! | M6: =IF(N6="-","-",N6/L6) -> #DIV/0! | AB6: =IF(G6>0,$F6,"")
A7: =IF(D7="Sous-total","X",IF(E7="","","X")) -> X | B7: AMDC (Chablais) | C7: OUI | E7: ALLINGES_Rond point des Fleysets | F7: France | I7: =J7/G7 -> #DIV/0! | K7: =L7/G7 -> #DIV/0! | M7: =IF(N7="-","-",N7/L7) -> - | N7: - | O7: - | P7: - | Q7: - | R7: - | S7: - | T7: - | U7: - | V7: - | AB7: =IF(G7>0,$F7,"")
A8: =IF(D8="Sous-total","X",IF(E8="","","X")) -> X | E8: BONS_Gare | F8: France | I8: =J8/G8 -> #DIV/0! | K8: =L8/G8 -> #DIV/0! | M8: =IF(N8="-","-",N8/L8) -> - | N8: - | O8: - | P8: - | Q8: - | R8: - | S8: - | T8: - | U8: - | V8: - | AB8: =IF(G8>0,$F8,"")
A9: =IF(D9="Sous-total","X",IF(E9="","","X")) -> X | E9: DOUVAINE_Mairie | F9: France | I9: =J9/G9 -> #DIV/0! | K9: =L9/G9 -> #DIV/0! | M9: =IF(N9="-","-",N9/L9) -> - | N9: - | O9: - | P9: - | Q9: - | R9: - | S9: - | T9: - | U9: - | V9: - | AB9: =IF(G9>0,$F9,"")
A10: =IF(D10="Sous-total","X",IF(E10="","","X")) -> X | E10: EVIAN_Gare | F10: France | I10: =J10/G10 -> #DIV/0! | K10: =L10/G10 -> #DIV/0! | M10: =IF(N10="-","-",N10/L10) -> - | N10: - | O10: - | P10: - | Q10: - | R10: - | S10: - | T10: - | U10: - | V10: - | AB10: =IF(G10>0,$F10,"")
A11: =IF(D11="Sous-total","X",IF(E11="","","X")) -> X | E11: PERRIGNIER_Gare | F11: France | I11: =J11/G11 -> #DIV/0! | K11: =L11/G11 -> #DIV/0! | M11: =IF(N11="-","-",N11/L11) -> - | N11: - | O11: - | P11: - | Q11: - | R11: - | S11: - | T11: - | U11: - | V11: - | AB11: =IF(G11>0,$F11,"")
A12: =IF(D12="Sous-total","X",IF(E12="","","X")) -> X | E12: THONON_Embarcadère CGN | F12: Frontière | I12: =J12/G12 -> #DIV/0! | K12: =L12/G12 -> #DIV/0! | M12: =IF(N12="-","-",N12/L12) -> - | N12: - | O12: - | P12: - | Q12: - | R12: - | S12: - | T12: - | U12: - | V12: - | AB12: =IF(G12>0,$F12,"")
A13: =IF(D13="Sous-total","X",IF(E13="","","X")) -> X | E13: THONON_Entrée côté place de Crête | F13: France | I13: =J13/G13 -> #DIV/0! | K13: =L13/G13 -> #DIV/0! | M13: =IF(N13="-","-",N13/L13) -> - | N13: - | O13: - | P13: - | Q13: - | R13: - | S13: - | T13: - | U13: - | V13: - | AB13: =IF(G13>0,$F13,"")
A14: =IF(D14="Sous-total","X",IF(E14="","","X")) -> X | E14: THONON_Parvis de la gare | F14: France | I14: =J14/G14 -> #DIV/0! | K14: =L14/G14 -> #DIV/0! | M14: =IF(N14="-","-",N14/L14) -> - | N14: - | O14: - | P14: - | Q14: - | R14: - | S14: - | T14: - | U14: - | V14: - | AB14: =IF(G14>0,$F14,"")
A15: =IF(D15="Sous-total","X",IF(E15="","","X")) -> X | E15: THONON_Avenue d’Evian | F15: France | I15: =J15/G15 -> #DIV/0! | K15: =L15/G15 -> #DIV/0! | M15: =IF(N15="-","-",N15/L15) -> - | N15: - | O15: - | P15: - | Q15: - | R15: - | S15: - | T15: - | U15: - | V15: - | AB15: =IF(G15>0,$F15,"")
A16: =IF(D16="Sous-total","X",IF(E16="","","X")) -> X | E16: THONON_Carrefour Libération | F16: France | I16: =J16/G16 -> #DIV/0! | K16: =L16/G16 -> #DIV/0! | M16: =IF(N16="-","-",N16/L16) -> - | N16: - | O16: - | P16: - | Q16: - | R16: - | S16: - | T16: - | U16: - | V16: - | AB16: =IF(G16>0,$F16,"")
A17: =IF(D17="Sous-total","X",IF(E17="","","X")) -> X | E17: THONON_Collège Champagne | F17: France | I17: =J17/G17 -> #DIV/0! | K17: =L17/G17 -> #DIV/0! | M17: =IF(N17="-","-",N17/L17) -> - | N17: - | O17: - | P17: - | Q17: - | R17: - | S17: - | T17: - | U17: - | V17: - | AB17: =IF(G17>0,$F17,"")
A18: =IF(D18="Sous-total","X",IF(E18="","","X")) -> X | E18: THONON_Ecole Jule Ferry | F18: France | I18: =J18/G18 -> #DIV/0! | K18: =L18/G18 -> #DIV/0! | M18: =IF(N18="-","-",N18/L18) -> - | N18: - | O18: - | P18: - | Q18: - | R18: - | S18: - | T18: - | U18: - | V18: - | AB18: =IF(G18>0,$F18,"")
A19: =IF(D19="Sous-total","X",IF(E19="","","X")) -> X | E19: THONON_Rond point J. Ferry G Andrier Pl des Arts Bld du Canal | F19: France | I19: =J19/G19 -> #DIV/0! | K19: =L19/G19 -> #DIV/0! | M19: =IF(N19="-","-",N19/L19) -> - | N19: - | O19: - | P19: - | Q19: - | R19: - | S19: - | T19: - | U19: - | V19: - | AB19: =IF(G19>0,$F19,"")
... A22: =IF(D22="Sous-total","X",IF(E22="","","X")) -> X | E22: VEIGY_Douane | F22: Frontière | I22: =J22/G22 -> #DIV/0! | K22: =L22/G22 -> #DIV/0! | M22: =IF(N22="-","-",N22/L22) -> - | N22: - | O22: - | P22: - | Q22: - | R22: - | S22: - | T22: - | U22: - | V22: - | AB22: =IF(G22>0,$F22,"")
A23: =IF(D23="Sous-total","X",IF(E23="","","X")) -> X | D23: Sous-total | G23: =SUM(G7:G22) -> 0 | H23: =SUM(H7:H22) -> 0 | I23: =J23/G23 -> #DIV/0! | J23: =SUM(J7:J22) -> 0 | K23: =L23/G23 -> #DIV/0! | L23: =SUM(L7:L22) -> 0 | M23: =N23/L23 -> #DIV/0! | N23: =SUM(N7:N22) -> 0 | O23: =SUM(O7:O22) -> 0 | P23: =SUM(P7:P22) -> 0 | Q23: =SUM(Q7:Q22) -> 0 | R23: =SUM(R7:R22) -> 0 | AB23: =IF(G23>0,$F23,"")
A24: =IF(D24="Sous-total","X",IF(E24="","","X")) -> X | B24: NatEnv (Nature Environnement en Pays rochois) Fabrique à Biclou Pays rochois en Transition | C24: OUI | D24: 9 | E24: LA ROCHE_Carrefour Biocoop | F24: France | G24: 76 | H24: 50 | I24: =J24/G24 -> 0.22368421 | J24: 17 | K24: =L24/G24 -> 0.36842105 | L24: 28 | M24: =IF(N24="-","-",N24/L24) -> - | N24: - | O24: - | P24: - | Q24: - | R24: - | S24: - | T24: - | U24: - | V24: - | AB24: =IF(G24>0,$F24,"") -> France
A25: =IF(D25="Sous-total","X",IF(E25="","","X")) -> X | E25: LA ROCHE_Giratoire La Poste | F25: France | G25: 45 | H25: 27 | I25: =J25/G25 -> 0.46666667 | J25: 21 | K25: =L25/G25 -> 0.31111111 | L25: 14 | M25: =IF(N25="-","-",N25/L25) -> - | N25: - | O25: - | P25: - | Q25: - | R25: - | S25: - | T25: - | U25: - | V25: - | AB25: =IF(G25>0,$F25,"") -> France
A26: =IF(D26="Sous-total","X",IF(E26="","","X")) -> X | E26: LA ROCHE_Giratoire ENILV | F26: France | G26: 16 | H26: 10 | I26: =J26/G26 -> 0.3125 | J26: 5 | K26: =L26/G26 -> 0.1875 | L26: 3 | M26: =IF(N26="-","-",N26/L26) -> - | N26: - | O26: - | P26: - | Q26: - | R26: - | S26: - | T26: - | U26: - | V26: - | AB26: =IF(G26>0,$F26,"") -> France
A27: =IF(D27="Sous-total","X",IF(E27="","","X")) -> X | E27: LA ROCHE_Gare Passage à niveau (new 2021) | F27: France | G27: 56 | H27: 36 | I27: =J27/G27 -> 0.21428571 | J27: 12 | K27: =L27/G27 -> 0.17857143 | L27: 10 | M27: =IF(N27="-","-",N27/L27) -> - | N27: - | O27: - | P27: - | Q27: - | R27: - | AB27: =IF(G27>0,$F27,"") -> France
A28: =IF(D28="Sous-total","X",IF(E28="","","X")) -> X | E28: ARENTHON_La Papeterie | F28: France | G28: 13 | H28: 8 | I28: =J28/G28 -> 0.53846154 | J28: 7 | K28: =L28/G28 -> 0.46153846 | L28: 6 | M28: =IF(N28="-","-",N28/L28) -> - | N28: - | O28: - | P28: - | Q28: - | R28: - | S28: - | T28: - | U28: - | V28: - | AB28: =IF(G28>0,$F28,"") -> France
A29: =IF(D29="Sous-total","X",IF(E29="","","X")) -> X | E29: ST-PIERRE_Franchissement Borne-Dessy | F29: France | G29: 24 | H29: 20 | I29: =J29/G29 -> 0.29166667 | J29: 7 | K29: =L29/G29 -> 0.29166667 | L29: 7 | M29: =IF(N29="-","-",N29/L29) -> - | N29: - | O29: - | P29: - | Q29: - | R29: - | S29: - | T29: - | U29: - | V29: - | AB29: =IF(G29>0,$F29,"") -> France
A30: =IF(D30="Sous-total","X",IF(E30="","","X")) -> X | E30: BONNEVILLE_Franchissement Borne-Tucinge | F30: France | G30: 33 | H30: 25 | I30: =J30/G30 -> 0 | J30: 0 | K30: =L30/G30 -> 0.21212121 | L30: 7 | M30: =IF(N30="-","-",N30/L30) -> - | N30: - | O30: - | P30: - | Q30: - | R30: - | S30: - | T30: - | U30: - | V30: - | AB30: =IF(G30>0,$F30,"") -> France
A31: =IF(D31="Sous-total","X",IF(E31="","","X")) -> X | E31: ST-PIERRE_Pont principal sur le Borne | F31: France | G31: 32 | H31: 17 | I31: =J31/G31 -> 0.15625 | J31: 5 | K31: =L31/G31 -> 0.375 | L31: 12 | M31: =IF(N31="-","-",N31/L31) -> - | N31: - | O31: - | P31: - | Q31: - | R31: - | S31: - | T31: - | U31: - | V31: - | AB31: =IF(G31>0,$F31,"") -> France
A32: =IF(D32="Sous-total","X",IF(E32="","","X")) -> X | E32: AMANCY Sous-terrain Vozerier (new 2022) | F32: France | I32: =J32/G32 -> #DIV/0! | K32: =L32/G32 -> #DIV/0! | M32: =IF(N32="-","-",N32/L32) -> - | N32: - | O32: - | P32: - | Q32: - | R32: - | AB32: =IF(G32>0,$F32,"")
A33: =IF(D33="Sous-total","X",IF(E33="","","X")) -> X | E33: ST-PIERRE M. Bricolage | F33: France | I33: =J33/G33 -> #DIV/0! | K33: =L33/G33 -> #DIV/0! | M33: =IF(N33="-","-",N33/L33) -> - | N33: - | O33: - | P33: - | Q33: - | R33: - | AB33: =IF(G33>0,$F33,"")
A34: =IF(D34="Sous-total","X",IF(E34="","","X")) -> X | E34: AMANCY_Giratoire Coriandre | F34: France | I34: =J34/G34 -> #DIV/0! | K34: =L34/G34 -> #DIV/0! | M34: =IF(N34="-","-",N34/L34) -> - | N34: - | O34: - | P34: - | Q34: - | R34: - | S34: - | T34: - | U34: - | V34: - | AB34: =IF(G34>0,$F34,"")
A35: =IF(D35="Sous-total","X",IF(E35="","","X")) -> X | D35: Sous-total | G35: =SUM(G24:G34) -> 295 | H35: =SUM(H24:H34) -> 193 | I35: =J35/G35 -> 0.25084746 | J35: =SUM(J24:J34) -> 74 | K35: =L35/G35 -> 0.29491525 | L35: =SUM(L24:L34) -> 87 | M35: =N35/L35 -> 0 | N35: =SUM(N24:N34) -> 0 | O35: =SUM(O24:O34) -> 0 | P35: =SUM(P24:P34) -> 0 | Q35: =SUM(Q24:Q34) -> 0 | R35: =SUM(R24:R34) -> 0 | AB35: =IF(G35>0,$F35,"") -> 0
A36: =IF(D36="Sous-total","X",IF(E36="","","X")) -> X | B36: AERE (Association Environnement Reignier-Esery) | C36: OUI | D36: 9 | E36: ETREMBIERES_Giratoire ex PN93 | F36: France | G36: 46 | H36: 32 | I36: =J36/G36 -> 0.65217391 | J36: 30 | K36: =L36/G36 -> 0.19565217 | L36: 9 | M36: =IF(N36="-","-",N36/L36) -> 1 | N36: 9 | O36: - | P36: - | Q36: - | R36: - | S36: - | T36: - | U36: - | V36: - | AB36: =IF(G36>0,$F36,"") -> France
A37: =IF(D37="Sous-total","X",IF(E37="","","X")) -> X | E37: ETREMBIERES_Carrefour sous Château | F37: France | G37: 28 | H37: 17 | I37: =J37/G37 -> 0.64285714 | J37: 18 | K37: =L37/G37 -> 0.32142857 | L37: 9 | M37: =IF(N37="-","-",N37/L37) -> 0.77777778 | N37: 7 | O37: - | P37: - | Q37: - | R37: - | S37: - | T37: - | U37: - | V37: - | AB37: =IF(G37>0,$F37,"") -> France
A38: =IF(D38="Sous-total","X",IF(E38="","","X")) -> X | E38: SCIENTRIER_Carrefour Tour de Bellecombe | F38: France | G38: 5 | H38: 5 | I38: =J38/G38 -> 0.6 | J38: 3 | K38: =L38/G38 -> 0.2 | L38: 1 | M38: =IF(N38="-","-",N38/L38) -> 1 | N38: 1 | O38: - | P38: - | Q38: - | R38: - | S38: - | T38: - | U38: - | V38: - | AB38: =IF(G38>0,$F38,"") -> France
A39: =IF(D39="Sous-total","X",IF(E39="","","X")) -> X | E39: REIGNIER_Giratoire église | F39: France | G39: 45 | H39: 26 | I39: =J39/G39 -> 0.26666667 | J39: 12 | K39: =L39/G39 -> 0.26666667 | L39: 12 | M39: =IF(N39="-","-",N39/L39) -> 0.25 | N39: 3 | O39: - | P39: - | Q39: - | R39: - | S39: - | T39: - | U39: - | V39: - | AB39: =IF(G39>0,$F39,"") -> France
A40: =IF(D40="Sous-total","X",IF(E40="","","X")) -> X | E40: REIGNIER_Giratoire Foron | F40: France | G40: 14 | H40: 9 | I40: =J40/G40 -> 0.21428571 | J40: 3 | K40: =L40/G40 -> 0.14285714 | L40: 2 | M40: =IF(N40="-","-",N40/L40) -> 0.5 | N40: 1 | O40: - | P40: - | Q40: - | R40: - | S40: - | T40: - | U40: - | V40: - | AB40: =IF(G40>0,$F40,"") -> France
A41: =IF(D41="Sous-total","X",IF(E41="","","X")) -> X | E41: REIGNIER_Giratoire La Forge | F41: France | G41: 31 | H41: 23 | I41: =J41/G41 -> 0.5483871 | J41: 17 | K41: =L41/G41 -> 0.16129032 | L41: 5 | M41: =IF(N41="-","-",N41/L41) -> 1 | N41: 5 | O41: - | P41: - | Q41: - | R41: - | S41: - | T41: - | U41: - | V41: - | AB41: =IF(G41>0,$F41,"") -> France
A42: =IF(D42="Sous-total","X",IF(E42="","","X")) -> X | E42: PERS-JUSSY_Giratoire Casino | F42: France | G42: 12 | H42: 7 | I42: =J42/G42 -> 0.33333333 | J42: 4 | K42: =L42/G42 -> 0.33333333 | L42: 4 | M42: =IF(N42="-","-",N42/L42) -> 0.5 | N42: 2 | O42: - | P42: - | Q42: - | R42: - | S42: - | T42: - | U42: - | V42: - | AB42: =IF(G42>0,$F42,"") -> France
A43: =IF(D43="Sous-total","X",IF(E43="","","X")) | I43: =J43/G43 -> #DIV/0! | K43: =L43/G43 -> #DIV/0! | M43: =IF(N43="-","-",N43/L43) -> #DIV/0! | AB43: =IF(G43>0,$F43,"")
A44: =IF(D44="Sous-total","X",IF(E44="","","X")) | I44: =J44/G44 -> #DIV/0! | K44: =L44/G44 -> #DIV/0! | M44: =IF(N44="-","-",N44/L44) -> #DIV/0! | AB44: =IF(G44>0,$F44,"")
A45: =IF(D45="Sous-total","X",IF(E45="","","X")) -> X | E45: REIGNIER_Carrefour Marsinge / Viaison | F45: France | I45: =J45/G45 -> #DIV/0! | K45: =L45/G45 -> #DIV/0! | M45: =IF(N45="-","-",N45/L45) -> #DIV/0! | O45: - | P45: - | Q45: - | R45: - | AB45: =IF(G45>0,$F45,"")
A46: =IF(D46="Sous-total","X",IF(E46="","","X")) -> X | E46: ARTHAZ_Giratoire lavage auto | F46: France | G46: 17 | H46: 9 | I46: =J46/G46 -> 0.41176471 | J46: 7 | K46: =L46/G46 -> 0.23529412 | L46: 4 | M46: =IF(N46="-","-",N46/L46) -> 0.25 | N46: 1 | O46: - | P46: - | Q46: - | R46: - | S46: - | T46: - | U46: - | V46: - | AB46: =IF(G46>0,$F46,"") -> France
A47: =IF(D47="Sous-total","X",IF(E47="","","X")) -> X | D47: Sous-total | G47: =SUM(G36:G46) -> 198 | H47: =SUM(H36:H46) -> 128 | I47: =J47/G47 -> 0.47474747 | J47: =SUM(J36:J46) -> 94 | K47: =L47/G47 -> 0.23232323 | L47: =SUM(L36:L46) -> 46 | M47: =N47/L47 -> 0.63043478 | N47: =SUM(N36:N46) -> 29 | O47: =SUM(O36:O46) -> 0 | P47: =SUM(P36:P46) -> 0 | Q47: =SUM(Q36:Q46) -> 0 | R47: =SUM(R36:R46) -> 0 | AB47: =IF(G47>0,$F47,"") -> 0
A48: =IF(D48="Sous-total","X",IF(E48="","","X")) -> X | B48: Sous-total périmètre "arrière-pays" | D48: =SUM(D5:D46) -> 20 | E48: =COUNTIF(A5:A47,"X") -> 41 | F48: 38 | G48: =G5+G6+G23+G35+G47 -> 595 | H48: =H5+H6+H23+H35+H47 -> 415 | I48: =J48/G48 -> 0.28571429 | J48: =J5+J6+J23+J35+J47 -> 170 | K48: =L48/G48 -> 0.25378151 | L48: =L5+L6+L23+L35+L47 -> 151 | M48: =N48/(L5+SUM(L36:L46)) -> 0.484375 | N48: =N5+N6+N23+N35+N47 -> 31 | O48: =O5+O6+O23+O35+O47 -> 0 | P48: =P5+P6+P23+P35+P47 -> 0 | Q48: =Q5+Q6+Q23+Q35+Q47 -> 0 | R48: =R5+R6+R23+R35+R47 -> 0 | S48: =S5+S6+S23+S35+S47 -> 0 | T48: =T5+T6+T23+T35+T47 -> 0 | U48: =U5+U6+U23+U35+U47 -> 0 | V48: =V5+V6+V23+V35+V47 -> 0 | AB48: =IF(G48>0,$F48,"") -> 38
A49: =IF(D49="Sous-total","X",IF(E49="","","X")) -> X | B49: EVAV (En Ville A Vélo) | C49: NON | D49: 6 | E49: AMBILLY_Voie verte Pont Noir | F49: France | I49: =J49/G49 -> #DIV/0! | K49: =L49/G49 -> #DIV/0! | M49: =IF(N49="-","-",N49/L49) -> - | N49: - | O49: - | P49: - | Q49: - | R49: - | AB49: =IF(G49>0,$F49,"")
A50: =IF(D50="Sous-total","X",IF(E50="","","X")) -> X | E50: ANNEMASSE_Voie verte Jura | F50: France | I50: =J50/G50 -> #DIV/0! | K50: =L50/G50 -> #DIV/0! | M50: =IF(N50="-","-",N50/L50) -> - | N50: - | O50: - | P50: - | Q50: - | R50: - | AB50: =IF(G50>0,$F50,"")
A51: =IF(D51="Sous-total","X",IF(E51="","","X")) -> X | E51: ANNEMASSE_Devant l'agglo | F51: France | G51: 228 | H51: 125 | I51: =J51/G51 -> 0.39473684 | J51: 90 | K51: =L51/G51 -> 0.39912281 | L51: 91 | M51: =IF(N51="-","-",N51/L51) -> - | N51: - | O51: - | P51: - | Q51: - | R51: - | S51: - | T51: - | U51: - | V51: - | AB51: =IF(G51>0,$F51,"") -> France
A52: =IF(D52="Sous-total","X",IF(E52="","","X")) -> X | E52: GAILLARD_Douane de Fossard | F52: Frontière | G52: 141 | H52: 80 | I52: =J52/G52 -> 0.46099291 | J52: 65 | K52: =L52/G52 -> 0.43971631 | L52: 62 | M52: =IF(N52="-","-",N52/L52) -> - | N52: - | O52: - | P52: - | Q52: - | R52: - | AB52: =IF(G52>0,$F52,"") -> Frontière
A53: =IF(D53="Sous-total","X",IF(E53="","","X")) -> X | E53: ANNEMASSE_Clos Fleury | F53: France | G53: 234 | H53: 127 | I53: =J53/G53 -> 0.42307692 | J53: 99 | K53: =L53/G53 -> 0.47863248 | L53: 112 | M53: =IF(N53="-","-",N53/L53) -> - | N53: - | O53: - | P53: - | Q53: - | R53: - | S53: - | T53: - | U53: - | V53: - | AB53: =IF(G53>0,$F53,"") -> France
A54: =IF(D54="Sous-total","X",IF(E54="","","X")) | I54: =J54/G54 -> #DIV/0! | K54: =L54/G54 -> #DIV/0! | M54: =IF(N54="-","-",N54/L54) -> #DIV/0! | AB54: =IF(G54>0,$F54,"")
A55: =IF(D55="Sous-total","X",IF(E55="","","X")) | I55: =J55/G55 -> #DIV/0! | K55: =L55/G55 -> #DIV/0! | M55: =IF(N55="-","-",N55/L55) -> #DIV/0! | AB55: =IF(G55>0,$F55,"")
A56: =IF(D56="Sous-total","X",IF(E56="","","X")) -> X | E56: GAILLARD_Douane de Moïllesullaz | F56: Frontière | G56: 157 | H56: 82 | I56: =J56/G56 -> 0.22929936 | J56: 36 | K56: =L56/G56 -> 0.31210191 | L56: 49 | M56: =IF(N56="-","-",N56/L56) -> - | N56: - | O56: - | P56: - | Q56: - | R56: - | AB56: =IF(G56>0,$F56,"") -> Frontière
A57: =IF(D57="Sous-total","X",IF(E57="","","X")) -> X | D57: Sous-total | G57: =SUM(G49:G56) -> 760 | H57: =SUM(H49:H56) -> 414 | I57: =J57/G57 -> 0.38157895 | J57: =SUM(J49:J56) -> 290 | K57: =L57/G57 -> 0.41315789 | L57: =SUM(L49:L56) -> 314 | M57: =N57/L57 -> 0 | N57: =SUM(N49:N56) -> 0 | O57: =SUM(O49:O56) -> 0 | P57: =SUM(P49:P56) -> 0 | Q57: =SUM(Q49:Q56) -> 0 | R57: =SUM(R49:R56) -> 0 | S57: =SUM(S49:S56) -> 0 | T57: =SUM(T49:T56) -> 0 | U57: =SUM(U49:U56) -> 0 | V57: =SUM(V49:V56) -> 0 | AB57: =IF(G57>0,$F57,"") -> 0
A58: =IF(D58="Sous-total","X",IF(E58="","","X")) -> X | B58: Le Préau | C58: NON | E58: COMMUNE_Carrefour | F58: Frontière | I58: =J58/G58 -> #DIV/0! | K58: =L58/G58 -> #DIV/0! | M58: =IF(N58="-","-",N58/L58) -> #DIV/0! | O58: - | P58: - | Q58: - | R58: - | X58: Compté par Salève Vivant en 2021 sous le nom Charrot | AB58: =IF(G58>0,$F58,"")
A59: =IF(D59="Sous-total","X",IF(E59="","","X")) -> X | E59: COMMUNE_Carrefour | F59: Frontière | I59: =J59/G59 -> #DIV/0! | K59: =L59/G59 -> #DIV/0! | M59: =IF(N59="-","-",N59/L59) -> #DIV/0! | O59: - | P59: - | Q59: - | R59: - | X59: Y compris comptage France-France carrefour Sous Lathoy | AB59: =IF(G59>0,$F59,"")
A60: =IF(D60="Sous-total","X",IF(E60="","","X")) -> X | E60: COMMUNE_Carrefour | I60: =J60/G60 -> #DIV/0! | K60: =L60/G60 -> #DIV/0! | M60: =IF(N60="-","-",N60/L60) -> #DIV/0! | O60: - | P60: - | Q60: - | R60: - | AB60: =IF(G60>0,$F60,"")
A61: =IF(D61="Sous-total","X",IF(E61="","","X")) -> X | E61: COMMUNE_Carrefour | I61: =J61/G61 -> #DIV/0! | K61: =L61/G61 -> #DIV/0! | M61: =IF(N61="-","-",N61/L61) -> #DIV/0! | O61: - | P61: - | Q61: - | R61: - | AB61: =IF(G61>0,$F61,"")
A62: =IF(D62="Sous-total","X",IF(E62="","","X")) -> X | E62: COMMUNE_Carrefour | I62: =J62/G62 -> #DIV/0! | K62: =L62/G62 -> #DIV/0! | M62: =IF(N62="-","-",N62/L62) -> #DIV/0! | AB62: =IF(G62>0,$F62,"")
A63: =IF(D63="Sous-total","X",IF(E63="","","X")) -> X | E63: COMMUNE_Carrefour | I63: =J63/G63 -> #DIV/0! | K63: =L63/G63 -> #DIV/0! | M63: =IF(N63="-","-",N63/L63) -> #DIV/0! | AB63: =IF(G63>0,$F63,"")
A64: =IF(D64="Sous-total","X",IF(E64="","","X")) -> X | E64: COMMUNE_Carrefour | I64: =J64/G64 -> #DIV/0! | K64: =L64/G64 -> #DIV/0! | M64: =IF(N64="-","-",N64/L64) -> #DIV/0! | O64: - | P64: - | Q64: - | R64: - | AB64: =IF(G64>0,$F64,"")
A65: =IF(D65="Sous-total","X",IF(E65="","","X")) -> X | D65: Sous-total | G65: =SUM(G58:G64) -> 0 | H65: =SUM(H58:H64) -> 0 | I65: =J65/G65 -> #DIV/0! | J65: =SUM(J58:J64) -> 0 | K65: =L65/G65 -> #DIV/0! | L65: =SUM(L58:L64) -> 0 | M65: =N65/L65 -> #DIV/0! | N65: =SUM(N58:N64) -> 0 | O65: =SUM(O58:O64) -> 0 | P65: =SUM(P58:P64) -> 0 | Q65: =SUM(Q58:Q64) -> 0 | R65: =SUM(R58:R64) -> 0 | S65: =SUM(S58:S64) -> 0 | T65: =SUM(T58:T64) -> 0 | U65: =SUM(U58:U64) -> 0 | V65: =SUM(V58:V64) -> 0 | AB65: =IF(G65>0,$F65,"")
A66: =IF(D66="Sous-total","X",IF(E66="","","X")) -> X | B66: Salève Vivant | C66: NON | D66: 11 | E66: ARCHAMPS_Douane de Landecy | F66: Frontière | G66: 53 | H66: 38 | I66: =J66/G66 -> 0.60377358 | J66: 32 | K66: =L66/G66 -> 0.22641509 | L66: 12 | M66: =IF(N66="-","-",N66/L66) -> 0.83333333 | N66: 10 | O66: - | P66: - | Q66: - | R66: - | S66: 51 | T66: 36 | U66: 2 | V66: 2 | AB66: =IF(G66>0,$F66,"") -> Frontière
A67: =IF(D67="Sous-total","X",IF(E67="","","X")) -> X | E67: COLLONGES_Douane de Croix de Rozon | F67: Frontière | G67: 117 | H67: 86 | I67: =J67/G67 -> 0.69230769 | J67: 81 | K67: =L67/G67 -> 0.4017094 | L67: 47 | M67: =IF(N67="-","-",N67/L67) -> 0.70212766 | N67: 33 | O67: - | P67: - | Q67: - | R67: - | S67: 112 | T67: 82 | U67: 5 | V67: 4 | AB67: =IF(G67>0,$F67,"") -> Frontière
A68: =IF(D68="Sous-total","X",IF(E68="","","X")) -> X | E68: BOSSEY_Douane de Pierre-Grand | F68: Frontière | G68: 22 | H68: 20 | I68: =J68/G68 -> 0.72727273 | J68: 16 | K68: =L68/G68 -> 0.54545455 | L68: 12 | M68: =IF(N68="-","-",N68/L68) -> 0.75 | N68: 9 | O68: - | P68: - | Q68: - | R68: - | S68: 22 | T68: 20 | U68: 0 | V68: 0 | AB68: =IF(G68>0,$F68,"") -> Frontière
A69: =IF(D69="Sous-total","X",IF(E69="","","X")) -> X | E69: BOSSEY_Douane de Troinex/Bossey | F69: Frontière | G69: 49 | H69: 33 | I69: =J69/G69 -> 0.71428571 | J69: 35 | K69: =L69/G69 -> 0.40816327 | L69: 20 | M69: =IF(N69="-","-",N69/L69) -> 0.85 | N69: 17 | O69: - | P69: - | Q69: - | R69: - | S69: 46 | T69: 31 | U69: 3 | V69: 2 | AB69: =IF(G69>0,$F69,"") -> Frontière
A70: =IF(D70="Sous-total","X",IF(E70="","","X")) | F70: Frontière | I70: =J70/G70 -> #DIV/0! | K70: =L70/G70 -> #DIV/0! | M70: =IF(N70="-","-",N70/L70) -> #DIV/0! | AB70: =IF(G70>0,$F70,"")
A71: =IF(D71="Sous-total","X",IF(E71="","","X")) | I71: =J71/G71 -> #DIV/0! | K71: =L71/G71 -> #DIV/0! | M71: =IF(N71="-","-",N71/L71) -> #DIV/0! | AB71: =IF(G71>0,$F71,"")
A72: =IF(D72="Sous-total","X",IF(E72="","","X")) -> X | E72: VEYRIER_Douane du Pas de l'Echelle | F72: Frontière | G72: 44 | H72: 44 | I72: =J72/G72 -> 0.63636364 | J72: 28 | K72: =L72/G72 -> 0.36363636 | L72: 16 | M72: =IF(N72="-","-",N72/L72) -> 0.9375 | N72: 15 | O72: - | P72: - | Q72: - | R72: - | S72: 40 | T72: 40 | U72: 4 | V72: 4 | X72: Compté par Salève Vivant en 2020 (sinon ProVélo ou EVAV ?) | AB72: =IF(G72>0,$F72,"") -> Frontière
A73: =IF(D73="Sous-total","X",IF(E73="","","X")) -> X | D73: Sous-total | G73: =SUM(G66:G72) -> 285 | H73: =SUM(H66:H72) -> 221 | I73: =J73/G73 -> 0.67368421 | J73: =SUM(J66:J72) -> 192 | K73: =L73/G73 -> 0.3754386 | L73: =SUM(L66:L72) -> 107 | M73: =N73/L73 -> 0.78504673 | N73: =SUM(N66:N72) -> 84 | O73: =SUM(O66:O72) -> 0 | P73: =SUM(P66:P72) -> 0 | Q73: =SUM(Q66:Q72) -> 0 | R73: =SUM(R66:R72) -> 0 | S73: =SUM(S66:S72) -> 271 | T73: =SUM(T66:T72) -> 209 | U73: =SUM(U66:U72) -> 14 | V73: =SUM(V66:V72) -> 12 | AB73: =IF(G73>0,$F73,"") -> 0
A74: =IF(D74="Sous-total","X",IF(E74="","","X")) -> X | B74: Groupe St-Julien | C74: NON | D74: 17 | E74: ST-JULIEN_Douane de Perly | F74: Frontière | G74: 76 | H74: =G74 -> 76 | I74: =J74/G74 -> 0.5 | J74: =17+21 -> 38 | K74: =L74/G74 -> 0.38157895 | L74: 29 | M74: =IF(N74="-","-",N74/L74) -> 0.72413793 | N74: 21 | O74: - | P74: - | Q74: - | R74: - | S74: 75 | T74: 75 | U74: 1 | V74: 1 | AB74: =IF(G74>0,$F74,"") -> Frontière
A75: =IF(D75="Sous-total","X",IF(E75="","","X")) -> X | E75: ST-JULIEN_Passage douanier des Crottes | F75: Frontière | G75: 80 | H75: =G75 -> 80 | I75: =J75/G75 -> 0.6375 | J75: =25+26 -> 51 | K75: =L75/G75 -> 0.5 | L75: 40 | M75: =IF(N75="-","-",N75/L75) -> 0.65 | N75: 26 | O75: - | P75: - | Q75: - | R75: - | S75: 74 | T75: 74 | U75: 6 | V75: 6 | AB75: =IF(G75>0,$F75,"") -> Frontière
A76: =IF(D76="Sous-total","X",IF(E76="","","X")) -> X | E76: ST-JULIEN_Paguette (chemin de l'Aire) | F76: Frontière | G76: 31 | H76: =G76 -> 31 | I76: =J76/G76 -> 0.32258065 | J76: =5+5 -> 10 | K76: =L76/G76 -> 0.35483871 | L76: 11 | M76: =IF(N76="-","-",N76/L76) -> 0.45454545 | N76: 5 | O76: - | P76: - | Q76: - | R76: - | S76: 31 | T76: 31 | U76: 0 | V76: 0 | AB76: =IF(G76>0,$F76,"") -> Frontière
A77: =IF(D77="Sous-total","X",IF(E77="","","X")) -> X | E77: ST-JULIEN_Douane de Certoux (rte Thérens) | F77: Frontière | G77: 15 | H77: =G77 -> 15 | I77: =J77/G77 -> 0.33333333 | J77: =5+0 -> 5 | K77: =L77/G77 -> 0 | L77: 0 | M77: =IF(N77=0,"-",N77/L77) -> - | N77: 0 | O77: - | P77: - | Q77: - | R77: - | S77: 15 | T77: 15 | U77: 0 | V77: 0 | AB77: =IF(G77>0,$F77,"") -> Frontière
A78: =IF(D78="Sous-total","X",IF(E78="","","X")) -> X | E78: ST-JULIEN_Douane de Soral 1 | F78: Frontière | G78: 2 | H78: =G78 -> 2 | I78: =J78/G78 -> 0.5 | J78: =0+1 -> 1 | K78: =L78/G78 -> 0.5 | L78: 1 | M78: =IF(N78="-","-",N78/L78) -> 1 | N78: 1 | O78: - | P78: - | Q78: - | R78: - | S78: 1 | T78: 1 | U78: 1 | V78: 1 | AB78: =IF(G78>0,$F78,"") -> Frontière
A79: =IF(D79="Sous-total","X",IF(E79="","","X")) -> X | E79: VIRY_Douane de Soral 2 | F79: Frontière | G79: 15 | H79: =G79 -> 15 | I79: =J79/G79 -> 0.53333333 | J79: =6+2 -> 8 | K79: =L79/G79 -> 0.26666667 | L79: 4 | M79: =IF(N79="-","-",N79/L79) -> 0.5 | N79: 2 | O79: - | P79: - | Q79: - | R79: - | S79: 13 | T79: 13 | U79: 2 | V79: 2 | AB79: =IF(G79>0,$F79,"") -> Frontière
A80: =IF(D80="Sous-total","X",IF(E80="","","X")) -> X | E80: VIRY_Malagny | F80: Frontière | G80: 12 | H80: =G80 -> 12 | I80: =J80/G80 -> 0.83333333 | J80: =3+7 -> 10 | K80: =L80/G80 -> 0.58333333 | L80: 7 | M80: =IF(N80="-","-",N80/L80) -> 1 | N80: 7 | O80: - | P80: - | Q80: - | R80: - | S80: 12 | T80: 12 | U80: 0 | V80: 0 | AB80: =IF(G80>0,$F80,"") -> Frontière
A81: =IF(D81="Sous-total","X",IF(E81="","","X")) | F81: Frontière | I81: =J81/G81 -> #DIV/0! | K81: =L81/G81 -> #DIV/0! | M81: =IF(N81="-","-",N81/L81) -> #DIV/0! | AB81: =IF(G81>0,$F81,"")
A82: =IF(D82="Sous-total","X",IF(E82="","","X")) | F82: Frontière | I82: =J82/G82 -> #DIV/0! | K82: =L82/G82 -> #DIV/0! | M82: =IF(N82="-","-",N82/L82) -> #DIV/0! | AB82: =IF(G82>0,$F82,"")
A83: =IF(D83="Sous-total","X",IF(E83="","","X")) -> X | E83: VALLEIRY_La Joux | F83: Frontière | G83: 14 | H83: =G83 -> 14 | I83: =J83/G83 -> 1 | J83: =9+5 -> 14 | K83: =L83/G83 -> 0.35714286 | L83: 5 | M83: =IF(N83="-","-",N83/L83) -> 1 | N83: 5 | O83: - | P83: - | Q83: - | R83: - | S83: 14 | T83: 14 | U83: 0 | V83: 0 | AB83: =IF(G83>0,$F83,"") -> Frontière
A84: =IF(D84="Sous-total","X",IF(E84="","","X")) -> X | D84: Sous-total | G84: =SUM(G74:G83) -> 245 | H84: =SUM(H74:H83) -> 245 | I84: =J84/G84 -> 0.55918367 | J84: =SUM(J74:J83) -> 137 | K84: =L84/G84 -> 0.39591837 | L84: =SUM(L74:L83) -> 97 | M84: =N84/L84 -> 0.69072165 | N84: =SUM(N74:N83) -> 67 | O84: =SUM(O74:O83) -> 0 | P84: =SUM(P74:P83) -> 0 | Q84: =SUM(Q74:Q83) -> 0 | R84: =SUM(R74:R83) -> 0 | S84: =SUM(S74:S83) -> 235 | T84: =SUM(T74:T83) -> 235 | U84: =SUM(U74:U83) -> 10 | V84: =SUM(V74:V83) -> 10 | AB84: =IF(G84>0,$F84,"") -> 0
A85: =IF(D85="Sous-total","X",IF(E85="","","X")) -> X | B85: APiCy (Association des Piétons et Cyclistes du Pays de Gex) + ProVélo La Côte et ATE Vaud | C85: NON | D85: 17 | E85: STJEAN_Douane de Dardagny | F85: Frontière | AB85: =IF(G85>0,$F85,"")
A86: =IF(D86="Sous-total","X",IF(E86="","","X")) -> X | E86: CHALLEX_Douane de La Plaine | F86: Frontière | AB86: =IF(G86>0,$F86,"")
A87: =IF(D87="Sous-total","X",IF(E87="","","X")) -> X | E87: POUGNY_Douane de Chancy | F87: Frontière | AB87: =IF(G87>0,$F87,"")
A88: =IF(D88="Sous-total","X",IF(E88="","","X")) -> X | E88: ST-GENIS_Giratoire Porte de France | F88: Frontière | G88: 346 | H88: 174 | I88: =J88/G88 -> 0.3150289 | J88: 109 | K88: =L88/G88 -> 0.23699422 | L88: 82 | M88: =IF(N88="-","-",N88/L88) -> 0.52439024 | N88: 43 | O88: 11 | P88: 7 | Q88: 50 | R88: 36 | S88: 374 | T88: 195 | U88: 22 | V88: 15 | AB88: =IF(G88>0,$F88,"") -> Frontière
A89: =IF(D89="Sous-total","X",IF(E89="","","X")) -> X | E89: FERNEY_Douane du GdSaconnex | F89: Frontière | G89: 230 | H89: 116 | I89: =J89/G89 -> 0.4 | J89: 92 | K89: =L89/G89 -> 0.33478261 | L89: 77 | M89: =IF(N89="-","-",N89/L89) -> 0.45454545 | N89: 35 | O89: 20 | P89: 9 | Q89: 4 | R89: 3 | S89: 216 | T89: 106 | U89: 18 | V89: 10 | AB89: =IF(G89>0,$F89,"") -> Frontière
A90: =IF(D90="Sous-total","X",IF(E90="","","X")) -> X | E90: FERNEY_Douane de Mategnin | F90: Frontière | G90: 239 | H90: 114 | I90: =J90/G90 -> 0.35564854 | J90: 85 | K90: =L90/G90 -> 0.32217573 | L90: 77 | M90: =IF(N90="-","-",N90/L90) -> 0.38961039 | N90: 30 | O90: 13 | P90: 5 | Q90: 36 | R90: 17 | S90: 228 | T90: 105 | U90: 47 | V90: 26 | AB90: =IF(G90>0,$F90,"") -> Frontière
A91: =IF(D91="Sous-total","X",IF(E91="","","X")) -> X | E91: FERNEY_Douane de Vireloup | F91: Frontière | I91: =J91/G91 -> #DIV/0! | K91: =L91/G91 -> #DIV/0! | M91: =IF(N91="-","-",N91/L91) -> #DIV/0! | AB91: =IF(G91>0,$F91,"")
A92: =IF(D92="Sous-total","X",IF(E92="","","X")) -> X | E92: VERSONNEX_Douane de Collex-Bossy | F92: Frontière | G92: 40 | H92: 20 | I92: =J92/G92 -> 0.375 | J92: 15 | K92: =L92/G92 -> 0.325 | L92: 13 | M92: =IF(N92="-","-",N92/L92) -> 0.53846154 | N92: 7 | O92: 0 | P92: 0 | Q92: 0 | R92: 0 | S92: 28 | T92: 15 | U92: 12 | V92: 5 | AB92: =IF(G92>0,$F92,"") -> Frontière
A93: =IF(D93="Sous-total","X",IF(E93="","","X")) -> X | E93: SAUVERNY_Douane de Sauverny | F93: Frontière | G93: 24 | H93: 18 | I93: =J93/G93 -> 0.45833333 | J93: 11 | K93: =L93/G93 -> 0.33333333 | L93: 8 | M93: =IF(N93="-","-",N93/L93) -> 0.5 | N93: 4 | O93: 1 | P93: 1 | Q93: 10 | R93: 9 | S93: 32 | T93: 25 | U93: 2 | V93: 2 | AB93: =IF(G93>0,$F93,"") -> Frontière
A94: =IF(D94="Sous-total","X",IF(E94="","","X")) | F94: Frontière | I94: =J94/G94 -> #DIV/0! | K94: =L94/G94 -> #DIV/0! | M94: =IF(N94="-","-",N94/L94) -> #DIV/0! | AB94: =IF(G94>0,$F94,"")
A95: =IF(D95="Sous-total","X",IF(E95="","","X")) | F95: Frontière | I95: =J95/G95 -> #DIV/0! | K95: =L95/G95 -> #DIV/0! | M95: =IF(N95="-","-",N95/L95) -> #DIV/0! | AB95: =IF(G95>0,$F95,"")
A96: =IF(D96="Sous-total","X",IF(E96="","","X")) -> X | E96: GRILLY_Douane du Pont | F96: Frontière | G96: 3 | H96: 3 | I96: =J96/G96 -> 0.66666667 | J96: 2 | K96: =L96/G96 -> 0.66666667 | L96: 2 | M96: =IF(N96="-","-",N96/L96) -> 0.5 | N96: 1 | O96: 0 | P96: 0 | Q96: 0 | R96: 0 | S96: 3 | T96: 3 | U96: 0 | V96: 0 | AB96: =IF(G96>0,$F96,"") -> Frontière
A97: =IF(D97="Sous-total","X",IF(E97="","","X")) -> X | D97: Sous-total | G97: =SUM(G88:G96) -> 882 | H97: =SUM(H88:H96) -> 445 | I97: =J97/G97 -> 0.35600907 | J97: =SUM(J88:J96) -> 314 | K97: =L97/G97 -> 0.29365079 | L97: =SUM(L88:L96) -> 259 | M97: =N97/L97 -> 0.46332046 | N97: =SUM(N88:N96) -> 120 | O97: =SUM(O88:O96) -> 45 | P97: =SUM(P88:P96) -> 22 | Q97: =SUM(Q88:Q96) -> 100 | R97: =SUM(R88:R96) -> 65 | S97: =SUM(S88:S96) -> 881 | T97: =SUM(T88:T96) -> 449 | U97: =SUM(U88:U96) -> 101 | V97: =SUM(V88:V96) -> 58 | AB97: =IF(G97>0,$F97,"") -> 0
A98: =IF(D98="Sous-total","X",IF(E98="","","X")) -> X | B98: ATE Vaud / ProVélo La Côte | C98: NON | D98: 5 | E98: DIVONNE_Douane de Chavanne | F98: Frontière | G98: 47 | H98: 38 | I98: =J98/G98 -> 0.19148936 | J98: 9 | K98: =L98/G98 -> 0.23404255 | L98: 11 | M98: =IF(N98="-","-",N98/L98) -> 0.54545455 | N98: 6 | O98: 1 | P98: 0 | Q98: 1 | R98: 1 | S98: 45 | T98: 38 | U98: 3 | V98: 1 | AB98: =IF(G98>0,$F98,"") -> Frontière
A99: =IF(D99="Sous-total","X",IF(E99="","","X")) -> X | E99: DIVONNE-CRASSIER_Voie verte | F99: Frontière | G99: 23 | H99: 7 | I99: =J99/G99 -> 0.39130435 | J99: 9 | K99: =L99/G99 -> 0.39130435 | L99: 9 | M99: =IF(N99="-","-",N99/L99) -> 0.55555556 | N99: 5 | O99: 0 | P99: 0 | Q99: 8 | R99: 7 | S99: 22 | T99: 10 | U99: 9 | V99: 4 | AB99: =IF(G99>0,$F99,"") -> Frontière
A100: =IF(D100="Sous-total","X",IF(E100="","","X")) | F100: Frontière | I100: =J100/G100 -> #DIV/0! | K100: =L100/G100 -> #DIV/0! | M100: =IF(N100="-","-",N100/L100) -> #DIV/0! | AB100: =IF(G100>0,$F100,"")
A101: =IF(D101="Sous-total","X",IF(E101="","","X")) | F101: Frontière | I101: =J101/G101 -> #DIV/0! | K101: =L101/G101 -> #DIV/0! | M101: =IF(N101="-","-",N101/L101) -> #DIV/0! | AB101: =IF(G101>0,$F101,"")
A102: =IF(D102="Sous-total","X",IF(E102="","","X")) -> X | E102: DIVONNE_Douane de Crassy / Crassier | F102: Frontière | G102: 13 | H102: 11 | I102: =J102/G102 -> 0.38461538 | J102: 5 | K102: =L102/G102 -> 0.23076923 | L102: 3 | M102: =IF(N102="-","-",N102/L102) -> 0.66666667 | N102: 2 | O102: 0 | P102: 0 | Q102: 2 | R102: 1 | S102: 11 | T102: 8 | U102: 4 | V102: 4 | AB102: =IF(G102>0,$F102,"") -> Frontière
A103: =IF(D103="Sous-total","X",IF(E103="","","X")) -> X | D103: Sous-total | G103: =SUM(G98:G102) -> 83 | H103: =SUM(H98:H102) -> 56 | I103: =J103/G103 -> 0.27710843 | J103: =SUM(J98:J102) -> 23 | K103: =L103/G103 -> 0.27710843 | L103: =SUM(L98:L102) -> 23 | M103: =N103/L103 -> 0.56521739 | N103: =SUM(N98:N102) -> 13 | O103: =SUM(O98:O102) -> 1 | P103: =SUM(P98:P102) -> 0 | Q103: =SUM(Q98:Q102) -> 11 | R103: =SUM(R98:R102) -> 9 | S103: =SUM(S98:S102) -> 78 | T103: =SUM(T98:T102) -> 56 | U103: =SUM(U98:U102) -> 16 | V103: =SUM(V98:V102) -> 9 | AB103: =IF(G103>0,$F103,"") -> 0
...

Sheet 2022
A2: X | B2: Association(s) | C2: Arrière-pays | D2: Nombre de bénévoles | E2: Postes de comptage | F2: France / Suisse / Frontière | G2: Nombre de vélos | I2: % VAE dans le total | J2: NB VAE dans le total | K2: % femmes dans le total | L2: NB de femmes dans le total | M2: % de VAE chez les femmes | N2: NB de VAE chez les femmes | O2: Autres modes | Q2: Piétons | S2: > Suisse | U2: > France
A3: X
A4: X | G4: total | H4: HP | O4: total | P4: HP | Q4: total | R4: HP | S4: total | T4: HP | U4: total | V4: HP | AB4: 2020
A5: =IF(D5="Sous-total","X",IF(E5="","","X")) -> X | B5: Université Populaire de Cluses | C5: OUI | D5: 2 | E5: CLUSES_Passerelle de Messy | F5: France | I5: =IF(J5="","",J5/G5) | K5: =IF(L5="","",L5/G5) | M5: =IF(N5="","",N5/L5) | AB5: =IF(G5<>"",$F5,"")
A6: =IF(D6="Sous-total","X",IF(E6="","","X")) -> X | B6: L'Abeille (Contamine) | C6: OUI | D6: 2 | E6: BONNE_Loëx (sous voie rapide) | F6: France | G6: 20 | H6: 9 | I6: =IF(J6="","",J6/G6) -> 0.4 | J6: 8 | K6: =IF(L6="","",L6/G6) -> 0.2 | L6: 4 | M6: =IF(N6="","",N6/L6) -> 0.5 | N6: 2 | W6: OK | AB6: =IF(G6<>"",$F6,"") -> France
A7: =IF(D7="Sous-total","X",IF(E7="","","X")) -> X | B7: AMDC (Chablais) | C7: OUI | D7: 18 | E7: ALLINGES_Rond point des Fleysets | F7: France | G7: 23 | H7: =G7 -> 23 | I7: =IF(J7="","",J7/G7) -> 0.47826087 | J7: 11 | K7: =IF(L7="","",L7/G7) -> 0.47826087 | L7: 11 | M7: =IF(N7="","",N7/L7) -> 0.90909091 | N7: 10 | O7: 0 | W7: OK | AB7: =IF(G7<>"",$F7,"") -> France
A8: =IF(D8="Sous-total","X",IF(E8="","","X")) -> X | E8: BONS_Gare | F8: France | G8: 25 | H8: =G8-12 -> 13 | I8: =IF(J8="","",J8/G8) -> 0.4 | J8: 10 | K8: =IF(L8="","",L8/G8) -> 0.44 | L8: 11 | M8: =IF(N8="","",N8/L8) -> 0.63636364 | N8: 7 | O8: 22 | W8: OK | AB8: =IF(G8<>"",$F8,"") -> France
A9: =IF(D9="Sous-total","X",IF(E9="","","X")) -> X | E9: DOUVAINE_Mairie | F9: France | G9: 20 | H9: =G9 -> 20 | I9: =IF(J9="","",J9/G9) -> 0.45 | J9: 9 | K9: =IF(L9="","",L9/G9) -> 0.4 | L9: 8 | M9: =IF(N9="","",N9/L9) -> 0.375 | N9: 3 | O9: 6 | W9: OK | AB9: =IF(G9<>"",$F9,"") -> France
A10: =IF(D10="Sous-total","X",IF(E10="","","X")) -> X | E10: EVIAN_Gare | F10: France | G10: 13 | H10: =G10-1 -> 12 | I10: =IF(J10="","",J10/G10) -> 0.15384615 | J10: 2 | K10: =IF(L10="","",L10/G10) -> 0.30769231 | L10: 4 | M10: =IF(N10="","",N10/L10) -> 0.5 | N10: 2 | O10: 7 | W10: OK | AB10: =IF(G10<>"",$F10,"") -> France
A11: =IF(D11="Sous-total","X",IF(E11="","","X")) -> X | E11: PERRIGNIER_Gare | F11: France | G11: 7 | H11: =G11-1 -> 6 | I11: =IF(J11="","",J11/G11) -> 0.28571429 | J11: 2 | K11: =IF(L11="","",L11/G11) -> 0 | L11: 0 | M11: =IF(N11="","",N11/L11) | O11: 6 | W11: OK | AB11: =IF(G11<>"",$F11,"") -> France
A12: =IF(D12="Sous-total","X",IF(E12="","","X")) -> X | E12: THONON_Embarcadère CGN | F12: Frontière | G12: 74 | H12: =G12-44 -> 30 | I12: =IF(J12="","",J12/G12) -> 0.2972973 | J12: 22 | K12: =IF(L12="","",L12/G12) -> 0.36486486 | L12: 27 | M12: =IF(N12="","",N12/L12) -> 0.48148148 | N12: 13 | O12: 101 | S12: 74 | T12: 30 | U12: 0 | V12: 0 | W12: OK | AB12: =IF(G12<>"",$F12,"") -> Frontière
A13: =IF(D13="Sous-total","X",IF(E13="","","X")) -> X | E13: THONON_Entrée côté place de Crête | F13: France | G13: 34 | H13: =G13 -> 34 | I13: =IF(J13="","",J13/G13) -> 0.17647059 | J13: 6 | K13: =IF(L13="","",L13/G13) -> 0.38235294 | L13: 13 | M13: =IF(N13="","",N13/L13) -> 0.15384615 | N13: 2 | O13: 12 | W13: OK | AB13: =IF(G13<>"",$F13,"") -> France
A14: =IF(D14="Sous-total","X",IF(E14="","","X")) -> X | E14: THONON_Parvis de la gare | F14: France | G14: 47 | H14: =G14 -> 47 | I14: =IF(J14="","",J14/G14) -> 0.063829787 | J14: 3 | K14: =IF(L14="","",L14/G14) -> 0.31914894 | L14: 15 | M14: =IF(N14="","",N14/L14) -> 0.2 | N14: 3 | O14: 37 | W14: OK | AB14: =IF(G14<>"",$F14,"") -> France
A15: =IF(D15="Sous-total","X",IF(E15="","","X")) -> X | E15: THONON_Avenue d’Evian | F15: France | G15: 92 | H15: =G15 -> 92 | I15: =IF(J15="","",J15/G15) -> 0.097826087 | J15: 9 | K15: =IF(L15="","",L15/G15) -> 0.45652174 | L15: 42 | M15: =IF(N15="","",N15/L15) -> 0.14285714 | N15: 6 | O15: 19 | W15: OK | AB15: =IF(G15<>"",$F15,"") -> France
A16: =IF(D16="Sous-total","X",IF(E16="","","X")) -> X | E16: THONON_Carrefour Libération | F16: France | G16: 77 | H16: =G16 -> 77 | I16: =IF(J16="","",J16/G16) -> 0.14285714 | J16: 11 | K16: =IF(L16="","",L16/G16) -> 0.4025974 | L16: 31 | M16: =IF(N16="","",N16/L16) -> 0.16129032 | N16: 5 | O16: 20 | W16: OK | AB16: =IF(G16<>"",$F16,"") -> France
A17: =IF(D17="Sous-total","X",IF(E17="","","X")) -> X | E17: THONON_Collège Champagne | F17: France | G17: 19 | H17: =G17 -> 19 | I17: =IF(J17="","",J17/G17) -> 0.21052632 | J17: 4 | K17: =IF(L17="","",L17/G17) -> 0.31578947 | L17: 6 | M17: =IF(N17="","",N17/L17) -> 0.16666667 | N17: 1 | O17: 3 | W17: OK | AB17: =IF(G17<>"",$F17,"") -> France
A18: =IF(D18="Sous-total","X",IF(E18="","","X")) -> X | E18: THONON_Ecole Jule Ferry | F18: France | G18: 24 | H18: =G18 -> 24 | I18: =IF(J18="","",J18/G18) -> 0.29166667 | J18: 7 | K18: =IF(L18="","",L18/G18) -> 0.54166667 | L18: 13 | M18: =IF(N18="","",N18/L18) -> 0.46153846 | N18: 6 | O18: 11 | W18: OK | AB18: =IF(G18<>"",$F18,"") -> France
A19: =IF(D19="Sous-total","X",IF(E19="","","X")) -> X | E19: THONON_Rond point J. Ferry G Andrier Pl des Arts Bld du Canal | F19: France | G19: 101 | H19: =G19 -> 101 | I19: =IF(J19="","",J19/G19) -> 0.14851485 | J19: 15 | K19: =IF(L19="","",L19/G19) -> 0.3960396 | L19: 40 | M19: =IF(N19="","",N19/L19) -> 0.225 | N19: 9 | O19: 34 | W19: OK | AB19: =IF(G19<>"",$F19,"") -> France
A20: =IF(D20="Sous-total","X",IF(E20="","","X")) -> X | E20: THONON/ANTHY_Pont de Marclaz | F20: France | G20: 25 | H20: =G20 -> 25 | I20: =IF(J20="","",J20/G20) -> 0.28 | J20: 7 | K20: =IF(L20="","",L20/G20) -> 0.24 | L20: 6 | M20: =IF(N20="","",N20/L20) -> 0.66666667 | N20: 4 | O20: 4 | W20: OK | AB20: =IF(G20<>"",$F20,"") -> France
A21: =IF(D21="Sous-total","X",IF(E21="","","X")) -> X | E21: THONON/MARIN_Pont de Dranse | F21: France | G21: 45 | H21: =G21 -> 45 | I21: =IF(J21="","",J21/G21) -> 0.4 | J21: 18 | K21: =IF(L21="","",L21/G21) -> 0.22222222 | L21: 10 | M21: =IF(N21="","",N21/L21) -> 0.6 | N21: 6 | O21: 4 | W21: OK | AB21: =IF(G21<>"",$F21,"") -> France
A22: =IF(D22="Sous-total","X",IF(E22="","","X")) -> X | E22: VEIGY_Douane | F22: Frontière | G22: 68 | H22: =G22-25 -> 43 | I22: =IF(J22="","",J22/G22) -> 0.51470588 | J22: 35 | K22: =IF(L22="","",L22/G22) -> 0.44117647 | L22: 30 | M22: =IF(N22="","",N22/L22) -> 0.53333333 | N22: 16 | O22: 1 | Q22: 16 | S22: 61 | T22: 38 | U22: 7 | V22: 5 | W22: OK | AB22: =IF(G22<>"",$F22,"") -> Frontière
A23: =IF(D23="Sous-total","X",IF(E23="","","X")) -> X | D23: Sous-total | G23: =SUM(G7:G22) -> 694 | H23: =SUM(H7:H22) -> 611 | I23: =IF(J23="","",J23/G23) -> 0.24639769 | J23: =SUM(J7:J22) -> 171 | K23: =IF(L23="","",L23/G23) -> 0.38472622 | L23: =SUM(L7:L22) -> 267 | M23: =IF(N23="","",N23/L23) -> 0.34831461 | N23: =SUM(N7:N22) -> 93 | O23: =SUM(O7:O22) -> 287 | P23: =SUM(P7:P22) -> 0 | Q23: =SUM(Q7:Q22) -> 16 | R23: =SUM(R7:R22) -> 0 | S23: =SUM(S7:S22) -> 135 | T23: =SUM(T7:T22) -> 68 | U23: =SUM(U7:U22) -> 7 | V23: =SUM(V7:V22) -> 5 | W23: OK | AB23: =IF(G23<>"",$F23,"") -> 0
A24: =IF(D24="Sous-total","X",IF(E24="","","X")) -> X | B24: NatEnv (Nature Environnement en Pays rochois) Fabrique à Biclou Pays rochois en Transition | C24: OUI | D24: 11 | E24: LA ROCHE_Carrefour Biocoop | F24: France | G24: 59 | H24: 21 | I24: =IF(J24="","",J24/G24) -> 0.47457627 | J24: 28 | K24: =IF(L24="","",L24/G24) -> 0.33898305 | L24: 20 | M24: =IF(N24="","",N24/L24) | O24: 14 | S24: - | T24: - | U24: - | V24: - | W24: OK | AB24: =IF(G24<>"",$F24,"") -> France
A25: =IF(D25="Sous-total","X",IF(E25="","","X")) -> X | E25: LA ROCHE_Giratoire La Poste | F25: France | G25: 32 | H25: 16 | I25: =IF(J25="","",J25/G25) -> 0.34375 | J25: 11 | K25: =IF(L25="","",L25/G25) -> 0.1875 | L25: 6 | M25: =IF(N25="","",N25/L25) | O25: 15 | S25: - | T25: - | U25: - | V25: - | W25: OK | AB25: =IF(G25<>"",$F25,"") -> France
A26: =IF(D26="Sous-total","X",IF(E26="","","X")) -> X | E26: LA ROCHE_Giratoire ENILV | F26: France | G26: 21 | H26: 8 | I26: =IF(J26="","",J26/G26) -> 0.19047619 | J26: 4 | K26: =IF(L26="","",L26/G26) -> 0.23809524 | L26: 5 | M26: =IF(N26="","",N26/L26) | O26: 4 | S26: - | T26: - | U26: - | V26: - | W26: OK | AB26: =IF(G26<>"",$F26,"") -> France
A27: =IF(D27="Sous-total","X",IF(E27="","","X")) -> X | E27: LA ROCHE_Gare Passage à niveau (new 2021) | F27: France | G27: 55 | H27: 21 | I27: =IF(J27="","",J27/G27) -> 0.32727273 | J27: 18 | K27: =IF(L27="","",L27/G27) -> 0.32727273 | L27: 18 | M27: =IF(N27="","",N27/L27) | O27: 20 | S27: - | T27: - | U27: - | V27: - | W27: OK | AB27: =IF(G27<>"",$F27,"") -> France
A28: =IF(D28="Sous-total","X",IF(E28="","","X")) -> X | E28: ARENTHON_La Papeterie | F28: France | G28: 6 | H28: 2 | I28: =IF(J28="","",J28/G28) -> 0.33333333 | J28: 2 | K28: =IF(L28="","",L28/G28) -> 0.16666667 | L28: 1 | M28: =IF(N28="","",N28/L28) | S28: - | T28: - | U28: - | V28: - | W28: OK | AB28: =IF(G28<>"",$F28,"") -> France
A29: =IF(D29="Sous-total","X",IF(E29="","","X")) -> X | E29: ST-PIERRE_Franchissement Borne-Dessy | F29: France | G29: 20 | H29: 6 | I29: =IF(J29="","",J29/G29) -> 0.25 | J29: 5 | K29: =IF(L29="","",L29/G29) -> 0.2 | L29: 4 | M29: =IF(N29="","",N29/L29) | O29: 2 | S29: - | T29: - | U29: - | V29: - | W29: OK | AB29: =IF(G29<>"",$F29,"") -> France
A30: =IF(D30="Sous-total","X",IF(E30="","","X")) -> X | E30: BONNEVILLE_Franchissement Borne-Tucinge | F30: France | G30: 20 | H30: 9 | I30: =IF(J30="","",J30/G30) -> 0.25 | J30: 5 | K30: =IF(L30="","",L30/G30) -> 0.25 | L30: 5 | M30: =IF(N30="","",N30/L30) | O30: 1 | S30: - | T30: - | U30: - | V30: - | W30: OK | AB30: =IF(G30<>"",$F30,"") -> France
A31: =IF(D31="Sous-total","X",IF(E31="","","X")) -> X | E31: ST-PIERRE_Pont principal sur le Borne | F31: France | G31: 35 | H31: 9 | I31: =IF(J31="","",J31/G31) -> 0.31428571 | J31: 11 | K31: =IF(L31="","",L31/G31) -> 0.22857143 | L31: 8 | M31: =IF(N31="","",N31/L31) | O31: 2 | S31: - | T31: - | U31: - | V31: - | W31: OK | AB31: =IF(G31<>"",$F31,"") -> France
A32: =IF(D32="Sous-total","X",IF(E32="","","X")) -> X | E32: AMANCY Sous-terrain Vozerier (new 2022) | F32: France | G32: 15 | H32: 7 | I32: =IF(J32="","",J32/G32) -> 0.2 | J32: 3 | K32: =IF(L32="","",L32/G32) | M32: =IF(N32="","",N32/L32) | S32: - | T32: - | U32: - | V32: - | W32: OK | AB32: =IF(G32<>"",$F32,"") -> France
A33: =IF(D33="Sous-total","X",IF(E33="","","X")) -> X | E33: ST-PIERRE M. Bricolage | F33: France | G33: 22 | H33: 7 | I33: =IF(J33="","",J33/G33) -> 0.090909091 | J33: 2 | K33: =IF(L33="","",L33/G33) -> 0.22727273 | L33: 5 | M33: =IF(N33="","",N33/L33) | S33: - | T33: - | U33: - | V33: - | W33: OK | AB33: =IF(G33<>"",$F33,"") -> France
A34: =IF(D34="Sous-total","X",IF(E34="","","X")) -> X | E34: AMANCY_Giratoire Coriandre | F34: France | I34: =IF(J34="","",J34/G34) | K34: =IF(L34="","",L34/G34) | M34: =IF(N34="","",N34/L34) | S34: - | T34: - | U34: - | V34: - | W34: OK | AB34: =IF(G34<>"",$F34,"")
A35: =IF(D35="Sous-total","X",IF(E35="","","X")) -> X | D35: Sous-total | G35: =SUM(G24:G34) -> 285 | H35: =SUM(H24:H34) -> 106 | I35: =J35/G35 -> 0.3122807 | J35: =SUM(J24:J34) -> 89 | K35: =IF(L35="","",L35/G35) -> 0.25263158 | L35: =SUM(L24:L34) -> 72 | M35: =IF(N35="","",N35/L35) -> 0 | N35: =SUM(N24:N34) -> 0 | O35: =SUM(O24:O34) -> 58 | P35: =SUM(P24:P34) -> 0 | Q35: =SUM(Q24:Q34) -> 0 | R35: =SUM(R24:R34) -> 0 | S35: =SUM(S24:S34) -> 0 | T35: =SUM(T24:T34) -> 0 | U35: =SUM(U24:U34) -> 0 | V35: =SUM(V24:V34) -> 0 | W35: OK | AB35: =IF(G35<>"",$F35,"") -> 0
A36: =IF(D36="Sous-total","X",IF(E36="","","X")) -> X | B36: AERE (Association Environnement Reignier-Esery) | C36: OUI | D36: 6 | E36: ETREMBIERES_Giratoire ex PN93 | F36: France | G36: 50 | H36: 37 | I36: =IF(J36="","",J36/G36) -> 0.68 | J36: 34 | K36: =IF(L36="","",L36/G36) -> 0.22 | L36: 11 | M36: =IF(N36="","",N36/L36) -> 0.81818182 | N36: 9 | O36: 3 | P36: 3 | Q36: 2 | R36: 2 | S36: - | T36: - | U36: - | V36: - | W36: OK | AB36: =IF(G36<>"",$F36,"") -> France
A37: =IF(D37="Sous-total","X",IF(E37="","","X")) -> X | E37: ETREMBIERES_Carrefour sous Château | F37: France | G37: 26 | H37: 17 | I37: =IF(J37="","",J37/G37) -> 0.42307692 | J37: 11 | K37: =IF(L37="","",L37/G37) -> 0.23076923 | L37: 6 | M37: =IF(N37="","",N37/L37) -> 0.66666667 | N37: 4 | Q37: 1 | R37: 1 | S37: - | T37: - | U37: - | V37: - | W37: OK | AB37: =IF(G37<>"",$F37,"") -> France
A38: =IF(D38="Sous-total","X",IF(E38="","","X")) -> X | E38: SCIENTRIER_Carrefour Tour de Bellecombe | F38: France | I38: =IF(J38="","",J38/G38) | K38: =IF(L38="","",L38/G38) | M38: =IF(N38="","",N38/L38) | S38: - | T38: - | U38: - | V38: - | W38: OK | AB38: =IF(G38<>"",$F38,"")
A39: =IF(D39="Sous-total","X",IF(E39="","","X")) -> X | E39: REIGNIER_Giratoire église | F39: France | G39: 29 | H39: 16 | I39: =IF(J39="","",J39/G39) -> 0.37931034 | J39: 11 | K39: =IF(L39="","",L39/G39) -> 0.31034483 | L39: 9 | M39: =IF(N39="","",N39/L39) -> 0.55555556 | N39: 5 | O39: 4 | P39: 3 | Q39: 49 | R39: 36 | S39: - | T39: - | U39: - | V39: - | W39: OK | AB39: =IF(G39<>"",$F39,"") -> France
A40: =IF(D40="Sous-total","X",IF(E40="","","X")) -> X | E40: REIGNIER_Giratoire Foron | F40: France | G40: 18 | H40: 9 | I40: =IF(J40="","",J40/G40) -> 0.33333333 | J40: 6 | K40: =IF(L40="","",L40/G40) -> 0.16666667 | L40: 3 | M40: =IF(N40="","",N40/L40) -> 1 | N40: 3 | S40: - | T40: - | U40: - | V40: - | W40: OK | AB40: =IF(G40<>"",$F40,"") -> France
A41: =IF(D41="Sous-total","X",IF(E41="","","X")) -> X | E41: REIGNIER_Giratoire La Forge | F41: France | I41: =IF(J41="","",J41/G41) | K41: =IF(L41="","",L41/G41) | M41: =IF(N41="","",N41/L41) | S41: - | T41: - | U41: - | V41: - | W41: OK | AB41: =IF(G41<>"",$F41,"")
A42: =IF(D42="Sous-total","X",IF(E42="","","X")) -> X | E42: PERS-JUSSY_Giratoire Casino | F42: France | G42: 14 | H42: 10 | I42: =IF(J42="","",J42/G42) -> 0.28571429 | J42: 4 | K42: =IF(L42="","",L42/G42) -> 0.21428571 | L42: 3 | M42: =IF(N42="","",N42/L42) -> 0.66666667 | N42: 2 | O42: 1 | P42: 1 | S42: - | T42: - | U42: - | V42: - | W42: OK | AB42: =IF(G42<>"",$F42,"") -> France
A43: =IF(D43="Sous-total","X",IF(E43="","","X")) | I43: =IF(J43="","",J43/G43) | K43: =IF(L43="","",L43/G43) | M43: =IF(N43="","",N43/L43) | S43: - | T43: - | U43: - | V43: - | W43: OK | AB43: =IF(G43<>"",$F43,"")
A44: =IF(D44="Sous-total","X",IF(E44="","","X")) | I44: =IF(J44="","",J44/G44) | K44: =IF(L44="","",L44/G44) | M44: =IF(N44="","",N44/L44) | S44: - | T44: - | U44: - | V44: - | W44: OK | AB44: =IF(G44<>"",$F44,"")
A45: =IF(D45="Sous-total","X",IF(E45="","","X")) -> X | E45: REIGNIER_Carrefour Marsinge / Viaison | F45: France | G45: 11 | H45: 7 | I45: =IF(J45="","",J45/G45) -> 0.63636364 | J45: 7 | K45: =IF(L45="","",L45/G45) -> 0.090909091 | L45: 1 | M45: =IF(N45="","",N45/L45) -> 1 | N45: 1 | S45: - | T45: - | U45: - | V45: - | W45: OK | AB45: =IF(G45<>"",$F45,"") -> France
A46: =IF(D46="Sous-total","X",IF(E46="","","X")) -> X | E46: ARTHAZ_Giratoire lavage auto | F46: France | I46: =IF(J46="","",J46/G46) | K46: =IF(L46="","",L46/G46) | M46: =IF(N46="","",N46/L46) | O46: 1 | P46: 1 | S46: - | T46: - | U46: - | V46: - | W46: OK | AB46: =IF(G46<>"",$F46,"")
A47: =IF(D47="Sous-total","X",IF(E47="","","X")) -> X | D47: Sous-total | G47: =SUM(G36:G46) -> 148 | H47: =SUM(H36:H46) -> 96 | I47: =IF(J47="","",J47/G47) -> 0.49324324 | J47: =SUM(J36:J46) -> 73 | K47: =IF(L47="","",L47/G47) -> 0.22297297 | L47: =SUM(L36:L46) -> 33 | M47: =IF(N47="","",N47/L47) -> 0.72727273 | N47: =SUM(N36:N46) -> 24 | O47: =SUM(O36:O46) -> 9 | P47: =SUM(P36:P46) -> 8 | Q47: =SUM(Q36:Q46) -> 52 | R47: =SUM(R36:R46) -> 39 | S47: =SUM(S36:S46) -> 0 | T47: =SUM(T36:T46) -> 0 | U47: =SUM(U36:U46) -> 0 | V47: =SUM(V36:V46) -> 0 | W47: OK | AB47: =IF(G47<>"",$F47,"") -> 0
A48: =IF(D48="Sous-total","X",IF(E48="","","X")) -> X | B48: Sous-total périmètre "arrière-pays" | D48: =SUM(D5:D46) -> 39 | E48: =COUNTIF(A5:A47,"X") -> 41 | F48: 38 | G48: =G5+G6+G23+G35+G47 -> 1147 | H48: =H5+H6+H23+H35+H47 -> 822 | I48: =IF(J48="","",J48/G48) -> 0.2972973 | J48: =J5+J6+J23+J35+J47 -> 341 | K48: =IF(L48="","",L48/G48) -> 0.32781168 | L48: =L5+L6+L23+L35+L47 -> 376 | M48: =IF(N48="","",N48/L48) -> 0.31648936 | N48: =N5+N6+N23+N35+N47 -> 119 | O48: =O5+O6+O23+O35+O47 -> 354 | P48: =P5+P6+P23+P35+P47 -> 8 | Q48: =Q5+Q6+Q23+Q35+Q47 -> 68 | R48: =R5+R6+R23+R35+R47 -> 39 | S48: =S5+S6+S23+S35+S47 -> 135 | T48: =T5+T6+T23+T35+T47 -> 68 | U48: =U5+U6+U23+U35+U47 -> 7 | V48: =V5+V6+V23+V35+V47 -> 5 | W48: OK | AB48: =IF(G48<>"",$F48,"") -> 38
A49: =IF(D49="Sous-total","X",IF(E49="","","X")) -> X | B49: EVAV (En Ville A Vélo) | C49: NON | D49: 10 | E49: AMBILLY_Voie verte Pont Noir | F49: France | I49: =IF(J49="","",J49/G49) | K49: =IF(L49="","",L49/G49) | M49: =IF(N49="","",N49/L49) | W49: OK | AB49: =IF(G49<>"",$F49,"")
A50: =IF(D50="Sous-total","X",IF(E50="","","X")) -> X | E50: ANNEMASSE_Voie verte Jura | F50: France | G50: 620 | H50: 331 | I50: =IF(J50="","",J50/G50) -> 0.43870968 | J50: 272 | K50: =IF(L50="","",L50/G50) -> 0.36774194 | L50: 228 | M50: =IF(N50="","",N50/L50) | W50: OK | AB50: =IF(G50<>"",$F50,"") -> France
A51: =IF(D51="Sous-total","X",IF(E51="","","X")) -> X | E51: ANNEMASSE_Devant l'agglo | F51: France | G51: 325 | H51: 227 | I51: =IF(J51="","",J51/G51) -> 0.51692308 | J51: 168 | K51: =IF(L51="","",L51/G51) -> 0.4 | L51: 130 | M51: =IF(N51="","",N51/L51) | S51: - | T51: - | U51: - | V51: - | W51: OK | AB51: =IF(G51<>"",$F51,"") -> France
A52: =IF(D52="Sous-total","X",IF(E52="","","X")) -> X | E52: GAILLARD_Douane de Fossard | F52: Frontière | G52: 180 | H52: 92 | I52: =IF(J52="","",J52/G52) -> 0.43888889 | J52: 79 | K52: =IF(L52="","",L52/G52) -> 0.40555556 | L52: 73 | M52: =IF(N52="","",N52/L52) | W52: OK | AB52: =IF(G52<>"",$F52,"") -> Frontière
A53: =IF(D53="Sous-total","X",IF(E53="","","X")) -> X | E53: ANNEMASSE_Clos Fleury | F53: France | G53: 366 | H53: 180 | I53: =IF(J53="","",J53/G53) -> 0.43169399 | J53: 158 | K53: =IF(L53="","",L53/G53) -> 0.39071038 | L53: 143 | M53: =IF(N53="","",N53/L53) | S53: - | T53: - | U53: - | V53: - | W53: OK | AB53: =IF(G53<>"",$F53,"") -> France
A54: =IF(D54="Sous-total","X",IF(E54="","","X")) | I54: =IF(J54="","",J54/G54) | K54: =IF(L54="","",L54/G54) | M54: =IF(N54="","",N54/L54) | W54: OK | AB54: =IF(G54<>"",$F54,"")
A55: =IF(D55="Sous-total","X",IF(E55="","","X")) | I55: =IF(J55="","",J55/G55) | K55: =IF(L55="","",L55/G55) | M55: =IF(N55="","",N55/L55) | W55: OK | AB55: =IF(G55<>"",$F55,"")
A56: =IF(D56="Sous-total","X",IF(E56="","","X")) -> X | E56: GAILLARD_Douane de Moïllesullaz | F56: Frontière | G56: 123 | H56: 90 | I56: =IF(J56="","",J56/G56) -> 0.32520325 | J56: 40 | K56: =IF(L56="","",L56/G56) -> 0.3495935 | L56: 43 | M56: =IF(N56="","",N56/L56) | W56: OK | AB56: =IF(G56<>"",$F56,"") -> Frontière
A57: =IF(D57="Sous-total","X",IF(E57="","","X")) -> X | D57: Sous-total | G57: =SUM(G49:G56) -> 1614 | H57: =SUM(H49:H56) -> 920 | I57: =IF(J57="","",J57/G57) -> 0.44423792 | J57: =SUM(J49:J56) -> 717 | K57: =IF(L57="","",L57/G57) -> 0.38228005 | L57: =SUM(L49:L56) -> 617 | M57: =IF(N57="","",N57/L57) -> 0 | N57: =SUM(N49:N56) -> 0 | O57: =SUM(O49:O56) -> 0 | P57: =SUM(P49:P56) -> 0 | Q57: =SUM(Q49:Q56) -> 0 | R57: =SUM(R49:R56) -> 0 | S57: =SUM(S49:S56) -> 0 | T57: =SUM(T49:T56) -> 0 | U57: =SUM(U49:U56) -> 0 | V57: =SUM(V49:V56) -> 0 | W57: OK | AB57: =IF(G57<>"",$F57,"") -> 0
A58: =IF(D58="Sous-total","X",IF(E58="","","X")) -> X | B58: Le Préau | C58: NON | D58: 2 | E58: ST-JULIEN_Douane piét. (chemin de Chécande) | F58: Frontière | G58: 20 | H58: 8 | I58: =IF(J58="","",J58/G58) -> 0.65 | J58: 13 | K58: =IF(L58="","",L58/G58) -> 0.25 | L58: 5 | M58: =IF(N58="","",N58/L58) -> 0.8 | N58: 4 | O58: 0 | P58: 0 | Q58: 5 | S58: 18 | T58: 7 | U58: 2 | V58: 1 | W58: OK | X58: Compté par Salève Vivant en 2021 sous le nom Charrot | AB58: =IF(G58<>"",$F58,"") -> Frontière
A59: =IF(D59="Sous-total","X",IF(E59="","","X")) -> X | E59: ST-JULIEN_Douane piét. (chemin de Lathoy) | F59: Frontière | G59: 11 | H59: 4 | I59: =IF(J59="","",J59/G59) -> 0.54545455 | J59: 6 | K59: =IF(L59="","",L59/G59) -> 0.18181818 | L59: 2 | M59: =IF(N59="","",N59/L59) -> 0.5 | N59: 1 | O59: 0 | P59: 0 | Q59: 0 | R59: 0 | S59: 3 | T59: 1 | U59: 0 | V59: 0 | W59: OK | X59: Y compris comptage France-France carrefour Sous Lathoy | AB59: =IF(G59<>"",$F59,"") -> Frontière
A60: =IF(D60="Sous-total","X",IF(E60="","","X")) -> X | E60: COMMUNE_Carrefour | I60: =IF(J60="","",J60/G60) | K60: =IF(L60="","",L60/G60) | M60: =IF(N60="","",N60/L60) | W60: OK | AB60: =IF(G60<>"",$F60,"")
A61: =IF(D61="Sous-total","X",IF(E61="","","X")) -> X | E61: COMMUNE_Carrefour | I61: =IF(J61="","",J61/G61) | K61: =IF(L61="","",L61/G61) | M61: =IF(N61="","",N61/L61) | W61: OK | AB61: =IF(G61<>"",$F61,"")
A62: =IF(D62="Sous-total","X",IF(E62="","","X")) -> X | E62: COMMUNE_Carrefour | I62: =IF(J62="","",J62/G62) | K62: =IF(L62="","",L62/G62) | M62: =IF(N62="","",N62/L62) | W62: OK | AB62: =IF(G62<>"",$F62,"")
A63: =IF(D63="Sous-total","X",IF(E63="","","X")) -> X | E63: COMMUNE_Carrefour | I63: =IF(J63="","",J63/G63) | K63: =IF(L63="","",L63/G63) | M63: =IF(N63="","",N63/L63) | W63: OK | AB63: =IF(G63<>"",$F63,"")
A64: =IF(D64="Sous-total","X",IF(E64="","","X")) -> X | E64: COMMUNE_Carrefour | I64: =IF(J64="","",J64/G64) | K64: =IF(L64="","",L64/G64) | M64: =IF(N64="","",N64/L64) | W64: OK | AB64: =IF(G64<>"",$F64,"")
A65: =IF(D65="Sous-total","X",IF(E65="","","X")) -> X | D65: Sous-total | G65: =SUM(G58:G64) -> 31 | H65: =SUM(H58:H64) -> 12 | I65: =IF(J65="","",J65/G65) -> 0.61290323 | J65: =SUM(J58:J64) -> 19 | K65: =IF(L65="","",L65/G65) -> 0.22580645 | L65: =SUM(L58:L64) -> 7 | M65: =IF(N65="","",N65/L65) -> 0.71428571 | N65: =SUM(N58:N64) -> 5 | O65: =SUM(O58:O64) -> 0 | P65: =SUM(P58:P64) -> 0 | Q65: =SUM(Q58:Q64) -> 5 | R65: =SUM(R58:R64) -> 0 | S65: =SUM(S58:S64) -> 21 | T65: =SUM(T58:T64) -> 8 | U65: =SUM(U58:U64) -> 2 | V65: =SUM(V58:V64) -> 1 | W65: OK | AB65: =IF(G65<>"",$F65,"") -> 0
A66: =IF(D66="Sous-total","X",IF(E66="","","X")) -> X | B66: Salève Vivant | C66: NON | D66: 10 | E66: ARCHAMPS_Douane de Landecy | F66: Frontière | G66: 35 | H66: 35 | I66: =IF(J66="","",J66/G66) -> 0.77142857 | J66: 27 | K66: =IF(L66="","",L66/G66) -> 0.4 | L66: 14 | M66: =IF(N66="","",N66/L66) -> 0.71428571 | N66: 10 | O66: 1 | P66: 1 | S66: 34 | T66: 34 | U66: 1 | V66: 1 | W66: OK | AB66: =IF(G66<>"",$F66,"") -> Frontière
A67: =IF(D67="Sous-total","X",IF(E67="","","X")) -> X | E67: COLLONGES_Douane de Croix de Rozon | F67: Frontière | G67: 93 | H67: 93 | I67: =IF(J67="","",J67/G67) -> 0.78494624 | J67: 73 | K67: =IF(L67="","",L67/G67) -> 0.37634409 | L67: 35 | M67: =IF(N67="","",N67/L67) -> 0.94285714 | N67: 33 | O67: 5 | P67: 5 | S67: 90 | T67: 90 | U67: 3 | V67: 3 | W67: OK | AB67: =IF(G67<>"",$F67,"") -> Frontière
A68: =IF(D68="Sous-total","X",IF(E68="","","X")) -> X | E68: BOSSEY_Douane de Pierre-Grand | F68: Frontière | G68: 25 | H68: 25 | I68: =IF(J68="","",J68/G68) -> 0.76 | J68: 19 | K68: =IF(L68="","",L68/G68) -> 0.44 | L68: 11 | M68: =IF(N68="","",N68/L68) -> 0.81818182 | N68: 9 | O68: 0 | P68: 0 | S68: 25 | T68: 25 | U68: 0 | V68: 0 | W68: OK | AB68: =IF(G68<>"",$F68,"") -> Frontière
A69: =IF(D69="Sous-total","X",IF(E69="","","X")) -> X | E69: BOSSEY_Douane de Troinex/Bossey | F69: Frontière | G69: 37 | H69: 37 | I69: =IF(J69="","",J69/G69) -> 0.64864865 | J69: 24 | K69: =IF(L69="","",L69/G69) -> 0.40540541 | L69: 15 | M69: =IF(N69="","",N69/L69) -> 0.73333333 | N69: 11 | O69: 4 | P69: 4 | S69: 36 | T69: 36 | U69: 1 | V69: 1 | W69: OK | AB69: =IF(G69<>"",$F69,"") -> Frontière
A70: =IF(D70="Sous-total","X",IF(E70="","","X")) -> X | E70: COLLONGES_Passage parking du Marché | F70: Frontière | G70: 11 | H70: 11 | I70: =IF(J70="","",J70/G70) -> 0.81818182 | J70: 9 | K70: =IF(L70="","",L70/G70) -> 0.36363636 | L70: 4 | M70: =IF(N70="","",N70/L70) -> 1 | N70: 4 | O70: 1 | P70: 1 | S70: 11 | T70: 11 | U70: 0 | V70: 0 | W70: OK | AB70: =IF(G70<>"",$F70,"") -> Frontière
A71: =IF(D71="Sous-total","X",IF(E71="","","X")) | I71: =IF(J71="","",J71/G71) | K71: =IF(L71="","",L71/G71) | M71: =IF(N71="","",N71/L71) | W71: OK | AB71: =IF(G71<>"",$F71,"")
A72: =IF(D72="Sous-total","X",IF(E72="","","X")) -> X | E72: VEYRIER_Douane du Pas de l'Echelle | F72: Frontière | I72: =IF(J72="","",J72/G72) | K72: =IF(L72="","",L72/G72) | M72: =IF(N72="","",N72/L72) | W72: OK | X72: Compté par Salève Vivant en 2020 (sinon ProVélo ou EVAV ?) | AB72: =IF(G72<>"",$F72,"")
A73: =IF(D73="Sous-total","X",IF(E73="","","X")) -> X | D73: Sous-total | G73: =SUM(G66:G72) -> 201 | H73: =SUM(H66:H72) -> 201 | I73: =IF(J73="","",J73/G73) -> 0.75621891 | J73: =SUM(J66:J72) -> 152 | K73: =IF(L73="","",L73/G73) -> 0.39303483 | L73: =SUM(L66:L72) -> 79 | M73: =IF(N73="","",N73/L73) -> 0.84810127 | N73: =SUM(N66:N72) -> 67 | O73: =SUM(O66:O72) -> 11 | P73: =SUM(P66:P72) -> 11 | Q73: =SUM(Q66:Q72) -> 0 | R73: =SUM(R66:R72) -> 0 | S73: =SUM(S66:S72) -> 196 | T73: =SUM(T66:T72) -> 196 | U73: =SUM(U66:U72) -> 5 | V73: =SUM(V66:V72) -> 5 | W73: OK | AB73: =IF(G73<>"",$F73,"") -> 0
A74: =IF(D74="Sous-total","X",IF(E74="","","X")) -> X | B74: Groupe St-Julien | C74: NON | D74: 12 | E74: ST-JULIEN_Douane de Perly | F74: Frontière | G74: =26+35+18+13+1+1 -> 94 | H74: =24+31+16+9+1+1 -> 82 | I74: =IF(J74="","",J74/G74) -> 0.4787234 | J74: =26+18+1 -> 45 | K74: =IF(L74="","",L74/G74) -> 0.34042553 | L74: =18+13+1 -> 32 | M74: =IF(N74="","",N74/L74) -> 0.59375 | N74: =18+1 -> 19 | O74: =7+2 -> 9 | P74: =6+1 -> 7 | S74: =26+35+18+13 -> 92 | T74: =24+31+16+9 -> 80 | U74: =1+1 -> 2 | V74: =1+1 -> 2 | W74: OK | AB74: =IF(G74<>"",$F74,"") -> Frontière
A75: =IF(D75="Sous-total","X",IF(E75="","","X")) -> X | E75: ST-JULIEN_Passage douanier des Crottes | F75: Frontière | G75: =41+27+20+12 -> 100 | H75: =28+16+14+12 -> 70 | I75: =IF(J75="","",J75/G75) -> 0.61 | J75: =41+20 -> 61 | K75: =IF(L75="","",L75/G75) -> 0.32 | L75: =20+12 -> 32 | M75: 0.2 | N75: 20 | O75: =2+2 -> 4 | P75: =2+2 -> 4 | S75: =41+27+20+12 -> 100 | T75: =28+16+14+12 -> 70 | U75: 0 | V75: 0 | W75: OK | AB75: =IF(G75<>"",$F75,"") -> Frontière
A76: =IF(D76="Sous-total","X",IF(E76="","","X")) -> X | E76: ST-JULIEN_Paguette (chemin de l'Aire) | F76: Frontière | G76: =11+10+4+2+2+2+1 -> 32 | H76: =10+9+3+2+2+2 -> 28 | I76: =IF(J76="","",J76/G76) -> 0.59375 | J76: =11+4+2+2 -> 19 | K76: =IF(L76="","",L76/G76) -> 0.28125 | L76: =4+2+2+1 -> 9 | M76: =IF(N76="","",N76/L76) -> 0.66666667 | N76: =4+2 -> 6 | O76: =2+1+1 -> 4 | P76: =2+1 -> 3 | S76: =11+10+4+2 -> 27 | T76: =10+9+3+2 -> 24 | U76: =2+2+1 -> 5 | V76: =2+2+1 -> 5 | W76: OK | AB76: =IF(G76<>"",$F76,"") -> Frontière
A77: =IF(D77="Sous-total","X",IF(E77="","","X")) -> X | E77: ST-JULIEN_Douane de Certoux (rte Thérens) | F77: Frontière | G77: =9+8+15+4+5+1 -> 42 | H77: =5+2+7+2 -> 16 | I77: =IF(J77="","",J77/G77) -> 0.69047619 | J77: =9+15+5 -> 29 | K77: =IF(L77="","",L77/G77) -> 0.47619048 | L77: =15+4+1 -> 20 | M77: =IF(N77="","",N77/L77) -> 0.75 | N77: 15 | O77: 1 | P77: 0 | S77: =9+8+15+4 -> 36 | T77: =5+2+7+2 -> 16 | U77: =5+1 -> 6 | V77: 0 | W77: OK | AB77: =IF(G77<>"",$F77,"") -> Frontière
A78: =IF(D78="Sous-total","X",IF(E78="","","X")) -> X | E78: ST-JULIEN_Douane de Soral 1 | F78: Frontière | I78: =IF(J78="","",J78/G78) | K78: =IF(L78="","",L78/G78) | M78: =IF(N78="","",N78/L78) | X78: Point de comptage supprimé : 2 vélos l'an dernier… | AB78: =IF(G78<>"",$F78,"")
A79: =IF(D79="Sous-total","X",IF(E79="","","X")) -> X | E79: VIRY_Douane de Soral 2 | F79: Frontière | G79: =4+10+1+1+1 -> 17 | H79: =4+7+1+1+1 -> 14 | I79: =IF(J79="","",J79/G79) -> 0.29411765 | J79: =4+1 -> 5 | K79: =IF(L79="","",L79/G79) -> 0.11764706 | L79: =1+1 -> 2 | M79: =IF(N79="","",N79/L79) -> 0.5 | N79: 1 | O79: 0 | P79: 0 | S79: =4+10+1+1 -> 16 | T79: =4+7+1+1 -> 13 | U79: 1 | V79: 1 | W79: OK | AB79: =IF(G79<>"",$F79,"") -> Frontière
A80: =IF(D80="Sous-total","X",IF(E80="","","X")) -> X | E80: VIRY_Malagny | F80: Frontière | G80: =3+2+7 -> 12 | H80: =3+2+7 -> 12 | I80: =IF(J80="","",J80/G80) -> 0.83333333 | J80: =3+7 -> 10 | K80: =IF(L80="","",L80/G80) -> 0.58333333 | L80: 7 | M80: =IF(N80="","",N80/L80) -> 1 | N80: 7 | O80: 0 | P80: 0 | S80: =3+2+7 -> 12 | T80: =3+2+7 -> 12 | U80: 0 | V80: 0 | X80: Défection des compteurs, repris les poucentages de l'an dernier par rapport aux autres postes de comptage, pour avoir un résultat cohérent | AB80: =IF(G80<>"",$F80,"") -> Frontière
A81: =IF(D81="Sous-total","X",IF(E81="","","X")) | F81: Frontière | I81: =IF(J81="","",J81/G81) | K81: =IF(L81="","",L81/G81) | M81: =IF(N81="","",N81/L81) | W81: OK | AB81: =IF(G81<>"",$F81,"")
A82: =IF(D82="Sous-total","X",IF(E82="","","X")) | F82: Frontière | I82: =IF(J82="","",J82/G82) | K82: =IF(L82="","",L82/G82) | M82: =IF(N82="","",N82/L82) | W82: OK | AB82: =IF(G82<>"",$F82,"")
A83: =IF(D83="Sous-total","X",IF(E83="","","X")) -> X | E83: VALLEIRY_La Joux | F83: Frontière | G83: =3+1+1 -> 5 | H83: =3+1+1 -> 5 | I83: =IF(J83="","",J83/G83) -> 0.4 | J83: =1+1 -> 2 | K83: =IF(L83="","",L83/G83) -> 0.2 | L83: 1 | M83: =IF(N83="","",N83/L83) -> 1 | N83: 1 | O83: 1 | P83: 1 | S83: =3+1+1 -> 5 | T83: =3+1+1 -> 5 | U83: 0 | V83: 0 | W83: OK | AB83: =IF(G83<>"",$F83,"") -> Frontière
A84: =IF(D84="Sous-total","X",IF(E84="","","X")) -> X | D84: Sous-total | G84: =SUM(G74:G83) -> 302 | H84: =SUM(H74:H83) -> 227 | I84: =IF(J84="","",J84/G84) -> 0.56622517 | J84: =SUM(J74:J83) -> 171 | K84: =IF(L84="","",L84/G84) -> 0.3410596 | L84: =SUM(L74:L83) -> 103 | M84: =IF(N84="","",N84/L84) -> 0.66990291 | N84: =SUM(N74:N83) -> 69 | O84: =SUM(O74:O83) -> 19 | P84: =SUM(P74:P83) -> 15 | Q84: =SUM(Q74:Q83) -> 0 | R84: =SUM(R74:R83) -> 0 | S84: =SUM(S74:S83) -> 288 | T84: =SUM(T74:T83) -> 220 | U84: =SUM(U74:U83) -> 14 | V84: =SUM(V74:V83) -> 8 | AB84: =IF(G84<>"",$F84,"") -> 0
A85: =IF(D85="Sous-total","X",IF(E85="","","X")) -> X | B85: APiCy (Association des Piétons et Cyclistes du Pays de Gex) + ProVélo La Côte et ATE Vaud | C85: NON | E85: STJEAN_Douane de Dardagny | F85: Frontière | I85: =IF(J85="","",J85/G85) | K85: =IF(L85="","",L85/G85) | M85: =IF(N85="","",N85/L85) | AB85: =IF(G85<>"",$F85,"")
A86: =IF(D86="Sous-total","X",IF(E86="","","X")) -> X | E86: CHALLEX_Douane de La Plaine | F86: Frontière | I86: =IF(J86="","",J86/G86) | K86: =IF(L86="","",L86/G86) | M86: =IF(N86="","",N86/L86) | AB86: =IF(G86<>"",$F86,"")
A87: =IF(D87="Sous-total","X",IF(E87="","","X")) -> X | E87: POUGNY_Douane de Chancy | F87: Frontière | I87: =IF(J87="","",J87/G87) | K87: =IF(L87="","",L87/G87) | M87: =IF(N87="","",N87/L87) | AB87: =IF(G87<>"",$F87,"")
A88: =IF(D88="Sous-total","X",IF(E88="","","X")) -> X | E88: ST-GENIS_Giratoire Porte de France | F88: Frontière | I88: =IF(J88="","",J88/G88) | K88: =IF(L88="","",L88/G88) | M88: =IF(N88="","",N88/L88) | AB88: =IF(G88<>"",$F88,"")
A89: =IF(D89="Sous-total","X",IF(E89="","","X")) -> X | E89: FERNEY_Douane du GdSaconnex | F89: Frontière | I89: =IF(J89="","",J89/G89) | K89: =IF(L89="","",L89/G89) | M89: =IF(N89="","",N89/L89) | AB89: =IF(G89<>"",$F89,"")
A90: =IF(D90="Sous-total","X",IF(E90="","","X")) -> X | E90: FERNEY_Douane de Mategnin | F90: Frontière | I90: =IF(J90="","",J90/G90) | K90: =IF(L90="","",L90/G90) | M90: =IF(N90="","",N90/L90) | AB90: =IF(G90<>"",$F90,"")
A91: =IF(D91="Sous-total","X",IF(E91="","","X")) -> X | E91: FERNEY_Douane de Vireloup | F91: Frontière | I91: =IF(J91="","",J91/G91) | K91: =IF(L91="","",L91/G91) | M91: =IF(N91="","",N91/L91) | AB91: =IF(G91<>"",$F91,"")
A92: =IF(D92="Sous-total","X",IF(E92="","","X")) -> X | E92: VERSONNEX_Douane de Collex-Bossy | F92: Frontière | I92: =IF(J92="","",J92/G92) | K92: =IF(L92="","",L92/G92) | M92: =IF(N92="","",N92/L92) | AB92: =IF(G92<>"",$F92,"")
A93: =IF(D93="Sous-total","X",IF(E93="","","X")) -> X | E93: SAUVERNY_Douane de Sauverny | F93: Frontière | I93: =IF(J93="","",J93/G93) | K93: =IF(L93="","",L93/G93) | M93: =IF(N93="","",N93/L93) | AB93: =IF(G93<>"",$F93,"")
A94: =IF(D94="Sous-total","X",IF(E94="","","X")) | F94: Frontière | I94: =IF(J94="","",J94/G94) | K94: =IF(L94="","",L94/G94) | M94: =IF(N94="","",N94/L94) | W94: OK | AB94: =IF(G94<>"",$F94,"")
A95: =IF(D95="Sous-total","X",IF(E95="","","X")) | F95: Frontière | I95: =IF(J95="","",J95/G95) | K95: =IF(L95="","",L95/G95) | M95: =IF(N95="","",N95/L95) | W95: OK | AB95: =IF(G95<>"",$F95,"")
A96: =IF(D96="Sous-total","X",IF(E96="","","X")) -> X | E96: GRILLY_Douane du Pont | F96: Frontière | I96: =IF(J96="","",J96/G96) | K96: =IF(L96="","",L96/G96) | M96: =IF(N96="","",N96/L96) | AB96: =IF(G96<>"",$F96,"")
A97: =IF(D97="Sous-total","X",IF(E97="","","X")) -> X | D97: Sous-total | G97: =SUM(G88:G96) -> 0 | H97: =SUM(H88:H96) -> 0 | I97: =IF(J97="","",J97/G97) -> #DIV/0! | J97: =SUM(J88:J96) -> 0 | K97: =IF(L97="","",L97/G97) -> #DIV/0! | L97: =SUM(L88:L96) -> 0 | M97: =IF(N97="","",N97/L97) -> #DIV/0! | N97: =SUM(N88:N96) -> 0 | O97: =SUM(O88:O96) -> 0 | P97: =SUM(P88:P96) -> 0 | Q97: =SUM(Q88:Q96) -> 0 | R97: =SUM(R88:R96) -> 0 | S97: =SUM(S88:S96) -> 0 | T97: =SUM(T88:T96) -> 0 | U97: =SUM(U88:U96) -> 0 | V97: =SUM(V88:V96) -> 0 | AB97: =IF(G97<>"",$F97,"") -> 0
A98: =IF(D98="Sous-total","X",IF(E98="","","X")) -> X | B98: ATE Vaud / ProVélo La Côte | C98: NON | E98: DIVONNE_Douane de Chavanne | F98: Frontière | I98: =IF(J98="","",J98/G98) | K98: =IF(L98="","",L98/G98) | M98: =IF(N98="","",N98/L98) | AB98: =IF(G98<>"",$F98,"")
A99: =IF(D99="Sous-total","X",IF(E99="","","X")) -> X | E99: DIVONNE-CRASSIER_Voie verte | F99: Frontière | I99: =IF(J99="","",J99/G99) | K99: =IF(L99="","",L99/G99) | M99: =IF(N99="","",N99/L99) | AB99: =IF(G99<>"",$F99,"")
A100: =IF(D100="Sous-total","X",IF(E100="","","X")) | F100: Frontière | I100: =IF(J100="","",J100/G100) | K100: =IF(L100="","",L100/G100) | M100: =IF(N100="","",N100/L100) | W100: OK | AB100: =IF(G100<>"",$F100,"")
A101: =IF(D101="Sous-total","X",IF(E101="","","X")) | F101: Frontière | I101: =IF(J101="","",J101/G101) | K101: =IF(L101="","",L101/G101) | M101: =IF(N101="","",N101/L101) | W101: OK | AB101: =IF(G101<>"",$F101,"")
...

Sheet SYNTHESE
A2: X | B2: Association(s) | C2: Arrière-pays | D2: NB de bénévoles | G2: Postes de comptage | K2: France / Suisse / Frontière | L2: Nombre de vélos | R2: VAE dans le total | X2: Femmes dans le total | AD2: VAE chez les femmes | AJ2: Autres modes | AL2: Piétons | AN2: > Suisse | AP2: > France
A3: X | L3: Total | O3: HP | R3: [en %] | U3: [en valeur] | X3: [en %] | AA3: [en valeur] | AD3: [en %] | AG3: [en valeur]
A4: X | D4: 2020 | E4: 2021 | F4: 2022 | H4: 2020 | I4: 2021 | J4: 2022 | L4: 2020 | M4: 2021 | N4: 2022 | O4: 2020 | P4: 2021 | Q4: 2022 | R4: 2020 | S4: 2021 | T4: 2022 | U4: 2020 | V4: 2021 | W4: 2022 | X4: 2020 | Y4: 2021 | Z4: 2022 | AA4: 2020 | AB4: 2021 | AC4: 2022 | AD4: 2020 | AE4: 2021 | AF4: 2022 | AG4: 2020 | AH4: 2021 | AI4: 2022 | AJ4: total | AK4: HP | AL4: total | AM4: HP | AN4: total | AO4: HP | AP4: total | AQ4: HP | AY4: 2020 | AZ4: 2021 | BA4: 2022
A5: =IF(D5="Sous-total","X",IF(G5="","","X")) -> X | B5: Université Populaire de Cluses | C5: OUI | D5: ='2020'!D5 -> 2 | E5: ='2021'!D5 -> 2 | F5: ='2022'!D5 -> 2 | G5: CLUSES_Passerelle de Messy | H5: =IF(L5=0,"","X") -> X | I5: =IF(M5=0,"","X") -> X | J5: =IF(N5=0,"","X") | K5: France | L5: ='2020'!G5 -> 63 | M5: ='2021'!G5 -> 102 | N5: ='2022'!G5 -> 0 | O5: ='2020'!H5 -> 29 | P5: ='2021'!H5 -> 94 | Q5: ='2022'!H5 -> 0 | R5: =IF(L5="",0,IF(U5=0,0,U5/L5)) -> 0.031746032 | S5: =IF(M5="",0,IF(V5=0,0,V5/M5)) -> 0.019607843 | T5: =IF(N5="",0,IF(W5=0,0,W5/N5)) -> 0 | U5: ='2020'!J5 -> 2 | V5: ='2021'!J5 -> 2 | W5: ='2022'!J5 -> 0 | X5: =IF(L5=0,"",IF(AA5="","",AA5/L5)) -> 0.26984127 | Y5: =IF(M5=0,"",IF(AB5="","",AB5/M5)) -> 0.17647059 | Z5: =IF(N5=0,"",IF(AC5="","",AC5/N5)) | AA5: ='2020'!L5 -> 17 | AB5: ='2021'!L5 -> 18 | AC5: ='2022'!L5 -> 0 | AD5: =IF(AA5=0,"",IF(AG5="-","",AG5/AA5)) -> 0.11764706 | AE5: =IF(AB5=0,"",IF(AH5="-","",AH5/AB5)) -> 0.11111111 | AF5: =IF(AC5=0,"",IF(AI5="-","",AI5/AC5)) | AG5: ='2020'!N5 -> 2 | AH5: ='2021'!N5 -> 2 | AI5: ='2022'!N5 -> 0 | AJ5: - | AK5: - | AL5: - | AM5: - | AN5: - | AO5: - | AP5: - | AQ5: - | AY5: =IF(H5<>"",$K5,"") -> France | AZ5: =IF(I5<>"",$K5,"") -> France | BA5: =IF(J5<>"",$K5,"")
A6: =IF(D6="Sous-total","X",IF(G6="","","X")) -> X | B6: L'Abeille (Contamine) | C6: OUI | D6: ='2020'!D6 -> 0 | E6: ='2021'!D6 -> 0 | F6: ='2022'!D6 -> 2 | G6: BONNE_Loëx (sous voie rapide) | H6: =IF(L6=0,"","X") | I6: =IF(M6=0,"","X") | J6: =IF(N6=0,"","X") -> X | K6: France | L6: ='2020'!G6 -> 0 | M6: ='2021'!G6 -> 0 | N6: ='2022'!G6 -> 20 | O6: ='2020'!H6 -> 0 | P6: ='2021'!H6 -> 0 | Q6: ='2022'!H6 -> 9 | R6: =IF(L6="",0,IF(U6=0,0,U6/L6)) -> 0 | S6: =IF(M6="",0,IF(V6=0,0,V6/M6)) -> 0 | T6: =IF(N6="",0,IF(W6=0,0,W6/N6)) -> 0.4 | U6: ='2020'!J6 -> 0 | V6: ='2021'!J6 -> 0 | W6: ='2022'!J6 -> 8 | X6: =IF(L6=0,"",IF(AA6="","",AA6/L6)) | Y6: =IF(M6=0,"",IF(AB6="","",AB6/M6)) | Z6: =IF(N6=0,"",IF(AC6="","",AC6/N6)) -> 0.2 | AA6: ='2020'!L6 -> 0 | AB6: ='2021'!L6 -> 0 | AC6: ='2022'!L6 -> 4 | AD6: =IF(AA6=0,"",IF(AG6="-","",AG6/AA6)) | AE6: =IF(AB6=0,"",IF(AH6="-","",AH6/AB6)) | AF6: =IF(AC6=0,"",IF(AI6="-","",AI6/AC6)) -> 0.5 | AG6: ='2020'!N6 -> 0 | AH6: ='2021'!N6 -> 0 | AI6: ='2022'!N6 -> 2 | AJ6: - | AK6: - | AL6: - | AM6: - | AN6: - | AO6: - | AP6: - | AQ6: - | AY6: =IF(H6<>"",$K6,"") | AZ6: =IF(I6<>"",$K6,"") | BA6: =IF(J6<>"",$K6,"") -> France
A7: =IF(D7="Sous-total","X",IF(G7="","","X")) -> X | B7: AMDC (Chablais) | C7: OUI | D7: ='2020'!D7 -> 0 | E7: ='2021'!D7 -> 0 | F7: ='2022'!D7 -> 18 | G7: ALLINGES_Rond point des Fleysets | H7: =IF(L7=0,"","X") | I7: =IF(M7=0,"","X") | J7: =IF(N7=0,"","X") -> X | K7: France | L7: ='2020'!G7 -> 0 | M7: ='2021'!G7 -> 0 | N7: ='2022'!G7 -> 23 | O7: ='2020'!H7 -> 0 | P7: ='2021'!H7 -> 0 | Q7: ='2022'!H7 -> 23 | R7: =IF(L7="",0,IF(U7=0,0,U7/L7)) -> 0 | S7: =IF(M7="",0,IF(V7=0,0,V7/M7)) -> 0 | T7: =IF(N7="",0,IF(W7=0,0,W7/N7)) -> 0.47826087 | U7: ='2020'!J7 -> 0 | V7: ='2021'!J7 -> 0 | W7: ='2022'!J7 -> 11 | X7: =IF(L7=0,"",IF(AA7="","",AA7/L7)) | Y7: =IF(M7=0,"",IF(AB7="","",AB7/M7)) | Z7: =IF(N7=0,"",IF(AC7="","",AC7/N7)) -> 0.47826087 | AA7: ='2020'!L7 -> 0 | AB7: ='2021'!L7 -> 0 | AC7: ='2022'!L7 -> 11 | AD7: =IF(AA7=0,"",IF(AG7="-","",AG7/AA7)) | AE7: =IF(AB7=0,"",IF(AH7="-","",AH7/AB7)) | AF7: =IF(AC7=0,"",IF(AI7="-","",AI7/AC7)) -> 0.90909091 | AG7: ='2020'!N7 -> - | AH7: ='2021'!N7 -> - | AI7: ='2022'!N7 -> 10 | AJ7: - | AK7: - | AL7: - | AM7: - | AN7: - | AO7: - | AP7: - | AQ7: - | AY7: =IF(H7<>"",$K7,"") | AZ7: =IF(I7<>"",$K7,"") | BA7: =IF(J7<>"",$K7,"") -> France
A8: =IF(D8="Sous-total","X",IF(G8="","","X")) -> X | G8: BONS_Gare | H8: =IF(L8=0,"","X") | I8: =IF(M8=0,"","X") | J8: =IF(N8=0,"","X") -> X | K8: France | L8: ='2020'!G8 -> 0 | M8: ='2021'!G8 -> 0 | N8: ='2022'!G8 -> 25 | O8: ='2020'!H8 -> 0 | P8: ='2021'!H8 -> 0 | Q8: ='2022'!H8 -> 13 | R8: =IF(L8="",0,IF(U8=0,0,U8/L8)) -> 0 | S8: =IF(M8="",0,IF(V8=0,0,V8/M8)) -> 0 | T8: =IF(N8="",0,IF(W8=0,0,W8/N8)) -> 0.4 | U8: ='2020'!J8 -> 0 | V8: ='2021'!J8 -> 0 | W8: ='2022'!J8 -> 10 | X8: =IF(L8=0,"",IF(AA8="","",AA8/L8)) | Y8: =IF(M8=0,"",IF(AB8="","",AB8/M8)) | Z8: =IF(N8=0,"",IF(AC8="","",AC8/N8)) -> 0.44 | AA8: ='2020'!L8 -> 0 | AB8: ='2021'!L8 -> 0 | AC8: ='2022'!L8 -> 11 | AD8: =IF(AA8=0,"",IF(AG8="-","",AG8/AA8)) | AE8: =IF(AB8=0,"",IF(AH8="-","",AH8/AB8)) | AF8: =IF(AC8=0,"",IF(AI8="-","",AI8/AC8)) -> 0.63636364 | AG8: ='2020'!N8 -> - | AH8: ='2021'!N8 -> - | AI8: ='2022'!N8 -> 7 | AJ8: - | AK8: - | AL8: - | AM8: - | AN8: - | AO8: - | AP8: - | AQ8: - | AY8: =IF(H8<>"",$K8,"") | AZ8: =IF(I8<>"",$K8,"") | BA8: =IF(J8<>"",$K8,"") -> France
A9: =IF(D9="Sous-total","X",IF(G9="","","X")) -> X | G9: DOUVAINE_Mairie | H9: =IF(L9=0,"","X") | I9: =IF(M9=0,"","X") | J9: =IF(N9=0,"","X") -> X | K9: France | L9: ='2020'!G9 -> 0 | M9: ='2021'!G9 -> 0 | N9: ='2022'!G9 -> 20 | O9: ='2020'!H9 -> 0 | P9: ='2021'!H9 -> 0 | Q9: ='2022'!H9 -> 20 | R9: =IF(L9="",0,IF(U9=0,0,U9/L9)) -> 0 | S9: =IF(M9="",0,IF(V9=0,0,V9/M9)) -> 0 | T9: =IF(N9="",0,IF(W9=0,0,W9/N9)) -> 0.45 | U9: ='2020'!J9 -> 0 | V9: ='2021'!J9 -> 0 | W9: ='2022'!J9 -> 9 | X9: =IF(L9=0,"",IF(AA9="","",AA9/L9)) | Y9: =IF(M9=0,"",IF(AB9="","",AB9/M9)) | Z9: =IF(N9=0,"",IF(AC9="","",AC9/N9)) -> 0.4 | AA9: ='2020'!L9 -> 0 | AB9: ='2021'!L9 -> 0 | AC9: ='2022'!L9 -> 8 | AD9: =IF(AA9=0,"",IF(AG9="-","",AG9/AA9)) | AE9: =IF(AB9=0,"",IF(AH9="-","",AH9/AB9)) | AF9: =IF(AC9=0,"",IF(AI9="-","",AI9/AC9)) -> 0.375 | AG9: ='2020'!N9 -> - | AH9: ='2021'!N9 -> - | AI9: ='2022'!N9 -> 3 | AJ9: - | AK9: - | AL9: - | AM9: - | AN9: - | AO9: - | AP9: - | AQ9: - | AY9: =IF(H9<>"",$K9,"") | AZ9: =IF(I9<>"",$K9,"") | BA9: =IF(J9<>"",$K9,"") -> France
A10: =IF(D10="Sous-total","X",IF(G10="","","X")) -> X | G10: EVIAN_Gare | H10: =IF(L10=0,"","X") | I10: =IF(M10=0,"","X") | J10: =IF(N10=0,"","X") -> X | K10: France | L10: ='2020'!G10 -> 0 | M10: ='2021'!G10 -> 0 | N10: ='2022'!G10 -> 13 | O10: ='2020'!H10 -> 0 | P10: ='2021'!H10 -> 0 | Q10: ='2022'!H10 -> 12 | R10: =IF(L10="",0,IF(U10=0,0,U10/L10)) -> 0 | S10: =IF(M10="",0,IF(V10=0,0,V10/M10)) -> 0 | T10: =IF(N10="",0,IF(W10=0,0,W10/N10)) -> 0.15384615 | U10: ='2020'!J10 -> 0 | V10: ='2021'!J10 -> 0 | W10: ='2022'!J10 -> 2 | X10: =IF(L10=0,"",IF(AA10="","",AA10/L10)) | Y10: =IF(M10=0,"",IF(AB10="","",AB10/M10)) | Z10: =IF(N10=0,"",IF(AC10="","",AC10/N10)) -> 0.30769231 | AA10: ='2020'!L10 -> 0 | AB10: ='2021'!L10 -> 0 | AC10: ='2022'!L10 -> 4 | AD10: =IF(AA10=0,"",IF(AG10="-","",AG10/AA10)) | AE10: =IF(AB10=0,"",IF(AH10="-","",AH10/AB10)) | AF10: =IF(AC10=0,"",IF(AI10="-","",AI10/AC10)) -> 0.5 | AG10: ='2020'!N10 -> - | AH10: ='2021'!N10 -> - | AI10: ='2022'!N10 -> 2 | AJ10: - | AK10: - | AL10: - | AM10: - | AN10: - | AO10: - | AP10: - | AQ10: - | AY10: =IF(H10<>"",$K10,"") | AZ10: =IF(I10<>"",$K10,"") | BA10: =IF(J10<>"",$K10,"") -> France
A11: =IF(D11="Sous-total","X",IF(G11="","","X")) -> X | G11: PERRIGNIER_Gare | H11: =IF(L11=0,"","X") | I11: =IF(M11=0,"","X") | J11: =IF(N11=0,"","X") -> X | K11: France | L11: ='2020'!G11 -> 0 | M11: ='2021'!G11 -> 0 | N11: ='2022'!G11 -> 7 | O11: ='2020'!H11 -> 0 | P11: ='2021'!H11 -> 0 | Q11: ='2022'!H11 -> 6 | R11: =IF(L11="",0,IF(U11=0,0,U11/L11)) -> 0 | S11: =IF(M11="",0,IF(V11=0,0,V11/M11)) -> 0 | T11: =IF(N11="",0,IF(W11=0,0,W11/N11)) -> 0.28571429 | U11: ='2020'!J11 -> 0 | V11: ='2021'!J11 -> 0 | W11: ='2022'!J11 -> 2 | X11: =IF(L11=0,"",IF(AA11="","",AA11/L11)) | Y11: =IF(M11=0,"",IF(AB11="","",AB11/M11)) | Z11: =IF(N11=0,"",IF(AC11="","",AC11/N11)) -> 0 | AA11: ='2020'!L11 -> 0 | AB11: ='2021'!L11 -> 0 | AC11: ='2022'!L11 -> 0 | AD11: =IF(AA11=0,"",IF(AG11="-","",AG11/AA11)) | AE11: =IF(AB11=0,"",IF(AH11="-","",AH11/AB11)) | AF11: =IF(AC11=0,"",IF(AI11="-","",AI11/AC11)) | AG11: ='2020'!N11 -> - | AH11: ='2021'!N11 -> - | AI11: ='2022'!N11 -> 0 | AJ11: - | AK11: - | AL11: - | AM11: - | AN11: - | AO11: - | AP11: - | AQ11: - | AY11: =IF(H11<>"",$K11,"") | AZ11: =IF(I11<>"",$K11,"") | BA11: =IF(J11<>"",$K11,"") -> France
A12: =IF(D12="Sous-total","X",IF(G12="","","X")) -> X | G12: THONON_Embarcadère CGN | H12: =IF(L12=0,"","X") | I12: =IF(M12=0,"","X") | J12: =IF(N12=0,"","X") -> X | K12: Frontière | L12: ='2020'!G12 -> 0 | M12: ='2021'!G12 -> 0 | N12: ='2022'!G12 -> 74 | O12: ='2020'!H12 -> 0 | P12: ='2021'!H12 -> 0 | Q12: ='2022'!H12 -> 30 | R12: =IF(L12="",0,IF(U12=0,0,U12/L12)) -> 0 | S12: =IF(M12="",0,IF(V12=0,0,V12/M12)) -> 0 | T12: =IF(N12="",0,IF(W12=0,0,W12/N12)) -> 0.2972973 | U12: ='2020'!J12 -> 0 | V12: ='2021'!J12 -> 0 | W12: ='2022'!J12 -> 22 | X12: =IF(L12=0,"",IF(AA12="","",AA12/L12)) | Y12: =IF(M12=0,"",IF(AB12="","",AB12/M12)) | Z12: =IF(N12=0,"",IF(AC12="","",AC12/N12)) -> 0.36486486 | AA12: ='2020'!L12 -> 0 | AB12: ='2021'!L12 -> 0 | AC12: ='2022'!L12 -> 27 | AD12: =IF(AA12=0,"",IF(AG12="-","",AG12/AA12)) | AE12: =IF(AB12=0,"",IF(AH12="-","",AH12/AB12)) | AF12: =IF(AC12=0,"",IF(AI12="-","",AI12/AC12)) -> 0.48148148 | AG12: ='2020'!N12 -> - | AH12: ='2021'!N12 -> - | AI12: ='2022'!N12 -> 13 | AJ12: - | AK12: - | AL12: - | AM12: - | AN12: - | AO12: - | AP12: - | AQ12: - | AY12: =IF(H12<>"",$K12,"") | AZ12: =IF(I12<>"",$K12,"") | BA12: =IF(J12<>"",$K12,"") -> Frontière
A13: =IF(D13="Sous-total","X",IF(G13="","","X")) -> X | G13: THONON_Entrée côté place de Crête | H13: =IF(L13=0,"","X") | I13: =IF(M13=0,"","X") | J13: =IF(N13=0,"","X") -> X | K13: France | L13: ='2020'!G13 -> 0 | M13: ='2021'!G13 -> 0 | N13: ='2022'!G13 -> 34 | O13: ='2020'!H13 -> 0 | P13: ='2021'!H13 -> 0 | Q13: ='2022'!H13 -> 34 | R13: =IF(L13="",0,IF(U13=0,0,U13/L13)) -> 0 | S13: =IF(M13="",0,IF(V13=0,0,V13/M13)) -> 0 | T13: =IF(N13="",0,IF(W13=0,0,W13/N13)) -> 0.17647059 | U13: ='2020'!J13 -> 0 | V13: ='2021'!J13 -> 0 | W13: ='2022'!J13 -> 6 | X13: =IF(L13=0,"",IF(AA13="","",AA13/L13)) | Y13: =IF(M13=0,"",IF(AB13="","",AB13/M13)) | Z13: =IF(N13=0,"",IF(AC13="","",AC13/N13)) -> 0.38235294 | AA13: ='2020'!L13 -> 0 | AB13: ='2021'!L13 -> 0 | AC13: ='2022'!L13 -> 13 | AD13: =IF(AA13=0,"",IF(AG13="-","",AG13/AA13)) | AE13: =IF(AB13=0,"",IF(AH13="-","",AH13/AB13)) | AF13: =IF(AC13=0,"",IF(AI13="-","",AI13/AC13)) -> 0.15384615 | AG13: ='2020'!N13 -> - | AH13: ='2021'!N13 -> - | AI13: ='2022'!N13 -> 2 | AJ13: - | AK13: - | AL13: - | AM13: - | AN13: - | AO13: - | AP13: - | AQ13: - | AY13: =IF(H13<>"",$K13,"") | AZ13: =IF(I13<>"",$K13,"") | BA13: =IF(J13<>"",$K13,"") -> France
A14: =IF(D14="Sous-total","X",IF(G14="","","X")) -> X | G14: THONON_Parvis de la gare | H14: =IF(L14=0,"","X") | I14: =IF(M14=0,"","X") | J14: =IF(N14=0,"","X") -> X | K14: France | L14: ='2020'!G14 -> 0 | M14: ='2021'!G14 -> 0 | N14: ='2022'!G14 -> 47 | O14: ='2020'!H14 -> 0 | P14: ='2021'!H14 -> 0 | Q14: ='2022'!H14 -> 47 | R14: =IF(L14="",0,IF(U14=0,0,U14/L14)) -> 0 | S14: =IF(M14="",0,IF(V14=0,0,V14/M14)) -> 0 | T14: =IF(N14="",0,IF(W14=0,0,W14/N14)) -> 0.063829787 | U14: ='2020'!J14 -> 0 | V14: ='2021'!J14 -> 0 | W14: ='2022'!J14 -> 3 | X14: =IF(L14=0,"",IF(AA14="","",AA14/L14)) | Y14: =IF(M14=0,"",IF(AB14="","",AB14/M14)) | Z14: =IF(N14=0,"",IF(AC14="","",AC14/N14)) -> 0.31914894 | AA14: ='2020'!L14 -> 0 | AB14: ='2021'!L14 -> 0 | AC14: ='2022'!L14 -> 15 | AD14: =IF(AA14=0,"",IF(AG14="-","",AG14/AA14)) | AE14: =IF(AB14=0,"",IF(AH14="-","",AH14/AB14)) | AF14: =IF(AC14=0,"",IF(AI14="-","",AI14/AC14)) -> 0.2 | AG14: ='2020'!N14 -> - | AH14: ='2021'!N14 -> - | AI14: ='2022'!N14 -> 3 | AJ14: - | AK14: - | AL14: - | AM14: - | AN14: - | AO14: - | AP14: - | AQ14: - | AY14: =IF(H14<>"",$K14,"") | AZ14: =IF(I14<>"",$K14,"") | BA14: =IF(J14<>"",$K14,"") -> France
A15: =IF(D15="Sous-total","X",IF(G15="","","X")) -> X | G15: THONON_Avenue d’Evian | H15: =IF(L15=0,"","X") | I15: =IF(M15=0,"","X") | J15: =IF(N15=0,"","X") -> X | K15: France | L15: ='2020'!G15 -> 0 | M15: ='2021'!G15 -> 0 | N15: ='2022'!G15 -> 92 | O15: ='2020'!H15 -> 0 | P15: ='2021'!H15 -> 0 | Q15: ='2022'!H15 -> 92 | R15: =IF(L15="",0,IF(U15=0,0,U15/L15)) -> 0 | S15: =IF(M15="",0,IF(V15=0,0,V15/M15)) -> 0 | T15: =IF(N15="",0,IF(W15=0,0,W15/N15)) -> 0.097826087 | U15: ='2020'!J15 -> 0 | V15: ='2021'!J15 -> 0 | W15: ='2022'!J15 -> 9 | X15: =IF(L15=0,"",IF(AA15="","",AA15/L15)) | Y15: =IF(M15=0,"",IF(AB15="","",AB15/M15)) | Z15: =IF(N15=0,"",IF(AC15="","",AC15/N15)) -> 0.45652174 | AA15: ='2020'!L15 -> 0 | AB15: ='2021'!L15 -> 0 | AC15: ='2022'!L15 -> 42 | AD15: =IF(AA15=0,"",IF(AG15="-","",AG15/AA15)) | AE15: =IF(AB15=0,"",IF(AH15="-","",AH15/AB15)) | AF15: =IF(AC15=0,"",IF(AI15="-","",AI15/AC15)) -> 0.14285714 | AG15: ='2020'!N15 -> - | AH15: ='2021'!N15 -> - | AI15: ='2022'!N15 -> 6 | AJ15: - | AK15: - | AL15: - | AM15: - | AN15: - | AO15: - | AP15: - | AQ15: - | AY15: =IF(H15<>"",$K15,"") | AZ15: =IF(I15<>"",$K15,"") | BA15: =IF(J15<>"",$K15,"") -> France
A16: =IF(D16="Sous-total","X",IF(G16="","","X")) -> X | G16: THONON_Carrefour Libération | H16: =IF(L16=0,"","X") | I16: =IF(M16=0,"","X") | J16: =IF(N16=0,"","X") -> X | K16: France | L16: ='2020'!G16 -> 0 | M16: ='2021'!G16 -> 0 | N16: ='2022'!G16 -> 77 | O16: ='2020'!H16 -> 0 | P16: ='2021'!H16 -> 0 | Q16: ='2022'!H16 -> 77 | R16: =IF(L16="",0,IF(U16=0,0,U16/L16)) -> 0 | S16: =IF(M16="",0,IF(V16=0,0,V16/M16)) -> 0 | T16: =IF(N16="",0,IF(W16=0,0,W16/N16)) -> 0.14285714 | U16: ='2020'!J16 -> 0 | V16: ='2021'!J16 -> 0 | W16: ='2022'!J16 -> 11 | X16: =IF(L16=0,"",IF(AA16="","",AA16/L16)) | Y16: =IF(M16=0,"",IF(AB16="","",AB16/M16)) | Z16: =IF(N16=0,"",IF(AC16="","",AC16/N16)) -> 0.4025974 | AA16: ='2020'!L16 -> 0 | AB16: ='2021'!L16 -> 0 | AC16: ='2022'!L16 -> 31 | AD16: =IF(AA16=0,"",IF(AG16="-","",AG16/AA16)) | AE16: =IF(AB16=0,"",IF(AH16="-","",AH16/AB16)) | AF16: =IF(AC16=0,"",IF(AI16="-","",AI16/AC16)) -> 0.16129032 | AG16: ='2020'!N16 -> - | AH16: ='2021'!N16 -> - | AI16: ='2022'!N16 -> 5 | AJ16: - | AK16: - | AL16: - | AM16: - | AN16: - | AO16: - | AP16: - | AQ16: - | AY16: =IF(H16<>"",$K16,"") | AZ16: =IF(I16<>"",$K16,"") | BA16: =IF(J16<>"",$K16,"") -> France
A17: =IF(D17="Sous-total","X",IF(G17="","","X")) -> X | G17: THONON_Collège Champagne | H17: =IF(L17=0,"","X") | I17: =IF(M17=0,"","X") | J17: =IF(N17=0,"","X") -> X | K17: France | L17: ='2020'!G17 -> 0 | M17: ='2021'!G17 -> 0 | N17: ='2022'!G17 -> 19 | O17: ='2020'!H17 -> 0 | P17: ='2021'!H17 -> 0 | Q17: ='2022'!H17 -> 19 | R17: =IF(L17="",0,IF(U17=0,0,U17/L17)) -> 0 | S17: =IF(M17="",0,IF(V17=0,0,V17/M17)) -> 0 | T17: =IF(N17="",0,IF(W17=0,0,W17/N17)) -> 0.21052632 | U17: ='2020'!J17 -> 0 | V17: ='2021'!J17 -> 0 | W17: ='2022'!J17 -> 4 | X17: =IF(L17=0,"",IF(AA17="","",AA17/L17)) | Y17: =IF(M17=0,"",IF(AB17="","",AB17/M17)) | Z17: =IF(N17=0,"",IF(AC17="","",AC17/N17)) -> 0.31578947 | AA17: ='2020'!L17 -> 0 | AB17: ='2021'!L17 -> 0 | AC17: ='2022'!L17 -> 6 | AD17: =IF(AA17=0,"",IF(AG17="-","",AG17/AA17)) | AE17: =IF(AB17=0,"",IF(AH17="-","",AH17/AB17)) | AF17: =IF(AC17=0,"",IF(AI17="-","",AI17/AC17)) -> 0.16666667 | AG17: ='2020'!N17 -> - | AH17: ='2021'!N17 -> - | AI17: ='2022'!N17 -> 1 | AJ17: - | AK17: - | AL17: - | AM17: - | AN17: - | AO17: - | AP17: - | AQ17: - | AY17: =IF(H17<>"",$K17,"") | AZ17: =IF(I17<>"",$K17,"") | BA17: =IF(J17<>"",$K17,"") -> France
A18: =IF(D18="Sous-total","X",IF(G18="","","X")) -> X | G18: THONON_Ecole Jule Ferry | H18: =IF(L18=0,"","X") | I18: =IF(M18=0,"","X") | J18: =IF(N18=0,"","X") -> X | K18: France | L18: ='2020'!G18 -> 0 | M18: ='2021'!G18 -> 0 | N18: ='2022'!G18 -> 24 | O18: ='2020'!H18 -> 0 | P18: ='2021'!H18 -> 0 | Q18: ='2022'!H18 -> 24 | R18: =IF(L18="",0,IF(U18=0,0,U18/L18)) -> 0 | S18: =IF(M18="",0,IF(V18=0,0,V18/M18)) -> 0 | T18: =IF(N18="",0,IF(W18=0,0,W18/N18)) -> 0.29166667 | U18: ='2020'!J18 -> 0 | V18: ='2021'!J18 -> 0 | W18: ='2022'!J18 -> 7 | X18: =IF(L18=0,"",IF(AA18="","",AA18/L18)) | Y18: =IF(M18=0,"",IF(AB18="","",AB18/M18)) | Z18: =IF(N18=0,"",IF(AC18="","",AC18/N18)) -> 0.54166667 | AA18: ='2020'!L18 -> 0 | AB18: ='2021'!L18 -> 0 | AC18: ='2022'!L18 -> 13 | AD18: =IF(AA18=0,"",IF(AG18="-","",AG18/AA18)) | AE18: =IF(AB18=0,"",IF(AH18="-","",AH18/AB18)) | AF18: =IF(AC18=0,"",IF(AI18="-","",AI18/AC18)) -> 0.46153846 | AG18: ='2020'!N18 -> - | AH18: ='2021'!N18 -> - | AI18: ='2022'!N18 -> 6 | AJ18: - | AK18: - | AL18: - | AM18: - | AN18: - | AO18: - | AP18: - | AQ18: - | AY18: =IF(H18<>"",$K18,"") | AZ18: =IF(I18<>"",$K18,"") | BA18: =IF(J18<>"",$K18,"") -> France
A19: =IF(D19="Sous-total","X",IF(G19="","","X")) -> X | G19: THONON_Rond point J. Ferry G Andrier Pl des Arts Bld du Canal | H19: =IF(L19=0,"","X") | I19: =IF(M19=0,"","X") | J19: =IF(N19=0,"","X") -> X | K19: France | L19: ='2020'!G19 -> 0 | M19: ='2021'!G19 -> 0 | N19: ='2022'!G19 -> 101 | O19: ='2020'!H19 -> 0 | P19: ='2021'!H19 -> 0 | Q19: ='2022'!H19 -> 101 | R19: =IF(L19="",0,IF(U19=0,0,U19/L19)) -> 0 | S19: =IF(M19="",0,IF(V19=0,0,V19/M19)) -> 0 | T19: =IF(N19="",0,IF(W19=0,0,W19/N19)) -> 0.14851485 | U19: ='2020'!J19 -> 0 | V19: ='2021'!J19 -> 0 | W19: ='2022'!J19 -> 15 | X19: =IF(L19=0,"",IF(AA19="","",AA19/L19)) | Y19: =IF(M19=0,"",IF(AB19="","",AB19/M19)) | Z19: =IF(N19=0,"",IF(AC19="","",AC19/N19)) -> 0.3960396 | AA19: ='2020'!L19 -> 0 | AB19: ='2021'!L19 -> 0 | AC19: ='2022'!L19 -> 40 | AD19: =IF(AA19=0,"",IF(AG19="-","",AG19/AA19)) | AE19: =IF(AB19=0,"",IF(AH19="-","",AH19/AB19)) | AF19: =IF(AC19=0,"",IF(AI19="-","",AI19/AC19)) -> 0.225 | AG19: ='2020'!N19 -> - | AH19: ='2021'!N19 -> - | AI19: ='2022'!N19 -> 9 | AJ19: - | AK19: - | AL19: - | AM19: - | AN19: - | AO19: - | AP19: - | AQ19: - | AY19: =IF(H19<>"",$K19,"") | AZ19: =IF(I19<>"",$K19,"") | BA19: =IF(J19<>"",$K19,"") -> France
... A22: =IF(D22="Sous-total","X",IF(G22="","","X")) -> X | G22: VEIGY_Douane | H22: =IF(L22=0,"","X") | I22: =IF(M22=0,"","X") | J22: =IF(N22=0,"","X") -> X | K22: Frontière | L22: ='2020'!G22 -> 0 | M22: ='2021'!G22 -> 0 | N22: ='2022'!G22 -> 68 | O22: ='2020'!H22 -> 0 | P22: ='2021'!H22 -> 0 | Q22: ='2022'!H22 -> 43 | R22: =IF(L22="",0,IF(U22=0,0,U22/L22)) -> 0 | S22: =IF(M22="",0,IF(V22=0,0,V22/M22)) -> 0 | T22: =IF(N22="",0,IF(W22=0,0,W22/N22)) -> 0.51470588 | U22: ='2020'!J22 -> 0 | V22: ='2021'!J22 -> 0 | W22: ='2022'!J22 -> 35 | X22: =IF(L22=0,"",IF(AA22="","",AA22/L22)) | Y22: =IF(M22=0,"",IF(AB22="","",AB22/M22)) | Z22: =IF(N22=0,"",IF(AC22="","",AC22/N22)) -> 0.44117647 | AA22: ='2020'!L22 -> 0 | AB22: ='2021'!L22 -> 0 | AC22: ='2022'!L22 -> 30 | AD22: =IF(AA22=0,"",IF(AG22="-","",AG22/AA22)) | AE22: =IF(AB22=0,"",IF(AH22="-","",AH22/AB22)) | AF22: =IF(AC22=0,"",IF(AI22="-","",AI22/AC22)) -> 0.53333333 | AG22: ='2020'!N22 -> - | AH22: ='2021'!N22 -> - | AI22: ='2022'!N22 -> 16 | AJ22: - | AK22: - | AL22: - | AM22: - | AN22: - | AO22: - | AP22: - | AQ22: - | AY22: =IF(H22<>"",$K22,"") | AZ22: =IF(I22<>"",$K22,"") | BA22: =IF(J22<>"",$K22,"") -> Frontière
A23: =IF(D23="Sous-total","X",IF(G23="","","X")) -> X | D23: Sous-total | L23: =SUM(L7:L22) -> 0 | M23: =SUM(M7:M22) -> 0 | N23: =SUM(N7:N22) -> 694 | O23: =SUM(O7:O22) -> 0 | P23: =SUM(P7:P22) -> 0 | Q23: =SUM(Q7:Q22) -> 611 | R23: =IF(L23="",0,IF(U23=0,0,U23/L23)) -> 0 | S23: =IF(M23="",0,IF(V23=0,0,V23/M23)) -> 0 | T23: =IF(N23="",0,IF(W23=0,0,W23/N23)) -> 0.24639769 | U23: =SUM(U7:U22) -> 0 | V23: =SUM(V7:V22) -> 0 | W23: =SUM(W7:W22) -> 171 | X23: =IF(L23=0,"",IF(AA23="","",AA23/L23)) | Y23: =IF(M23=0,"",IF(AB23="","",AB23/M23)) | Z23: =IF(N23=0,"",IF(AC23="","",AC23/N23)) -> 0.38472622 | AA23: =SUM(AA7:AA22) -> 0 | AB23: =SUM(AB7:AB22) -> 0 | AC23: =SUM(AC7:AC22) -> 267 | AD23: =IF(AA23=0,"",IF(AG23="-","",AG23/AA23)) | AE23: =IF(AB23=0,"",IF(AH23="-","",AH23/AB23)) | AF23: =IF(AC23=0,"",IF(AI23="-","",AI23/AC23)) -> 0.34831461 | AG23: =SUM(AG7:AG22) -> 0 | AH23: =SUM(AH7:AH22) -> 0 | AI23: =SUM(AI7:AI22) -> 93 | AY23: =IF(H23<>"",$K23,"") | AZ23: =IF(I23<>"",$K23,"") | BA23: =IF(J23<>"",$K23,"")
A24: =IF(D24="Sous-total","X",IF(G24="","","X")) -> X | B24: NatEnv (Nature Environnement en Pays rochois) Fabrique à Biclou Pays rochois en Transition | C24: OUI | D24: ='2020'!D24 -> 8 | E24: ='2021'!D24 -> 9 | F24: ='2022'!D24 -> 11 | G24: LA ROCHE_Carrefour Biocoop | H24: =IF(L24=0,"","X") -> X | I24: =IF(M24=0,"","X") -> X | J24: =IF(N24=0,"","X") -> X | K24: France | L24: ='2020'!G24 -> 31 | M24: ='2021'!G24 -> 76 | N24: ='2022'!G24 -> 59 | O24: ='2020'!H24 -> 23 | P24: ='2021'!H24 -> 50 | Q24: ='2022'!H24 -> 21 | R24: =IF(L24="",0,IF(U24=0,0,U24/L24)) -> 0.32258065 | S24: =IF(M24="",0,IF(V24=0,0,V24/M24)) -> 0.22368421 | T24: =IF(N24="",0,IF(W24=0,0,W24/N24)) -> 0.47457627 | U24: ='2020'!J24 -> 10 | V24: ='2021'!J24 -> 17 | W24: ='2022'!J24 -> 28 | X24: =IF(L24=0,"",IF(AA24="","",AA24/L24)) -> 0.32258065 | Y24: =IF(M24=0,"",IF(AB24="","",AB24/M24)) -> 0.36842105 | Z24: =IF(N24=0,"",IF(AC24="","",AC24/N24)) -> 0.33898305 | AA24: ='2020'!L24 -> 10 | AB24: ='2021'!L24 -> 28 | AC24: ='2022'!L24 -> 20 | AD24: =IF(AA24=0,"",IF(AG24="-","",AG24/AA24)) | AE24: =IF(AB24=0,"",IF(AH24="-","",AH24/AB24)) | AF24: =IF(AC24=0,"",IF(AI24="-","",AI24/AC24)) -> 0 | AG24: ='2020'!N24 -> - | AH24: ='2021'!N24 -> - | AI24: ='2022'!N24 -> 0 | AJ24: - | AK24: - | AL24: - | AM24: - | AN24: - | AO24: - | AP24: - | AQ24: - | AY24: =IF(H24<>"",$K24,"") -> France | AZ24: =IF(I24<>"",$K24,"") -> France | BA24: =IF(J24<>"",$K24,"") -> France
A25: =IF(D25="Sous-total","X",IF(G25="","","X")) -> X | G25: LA ROCHE_Giratoire La Poste | H25: =IF(L25=0,"","X") -> X | I25: =IF(M25=0,"","X") -> X | J25: =IF(N25=0,"","X") -> X | K25: France | L25: ='2020'!G25 -> 25 | M25: ='2021'!G25 -> 45 | N25: ='2022'!G25 -> 32 | O25: ='2020'!H25 -> 13 | P25: ='2021'!H25 -> 27 | Q25: ='2022'!H25 -> 16 | R25: =IF(L25="",0,IF(U25=0,0,U25/L25)) -> 0.48 | S25: =IF(M25="",0,IF(V25=0,0,V25/M25)) -> 0.46666667 | T25: =IF(N25="",0,IF(W25=0,0,W25/N25)) -> 0.34375 | U25: ='2020'!J25 -> 12 | V25: ='2021'!J25 -> 21 | W25: ='2022'!J25 -> 11 | X25: =IF(L25=0,"",IF(AA25="","",AA25/L25)) -> 0.36 | Y25: =IF(M25=0,"",IF(AB25="","",AB25/M25)) -> 0.31111111 | Z25: =IF(N25=0,"",IF(AC25="","",AC25/N25)) -> 0.1875 | AA25: ='2020'!L25 -> 9 | AB25: ='2021'!L25 -> 14 | AC25: ='2022'!L25 -> 6 | AD25: =IF(AA25=0,"",IF(AG25="-","",AG25/AA25)) | AE25: =IF(AB25=0,"",IF(AH25="-","",AH25/AB25)) | AF25: =IF(AC25=0,"",IF(AI25="-","",AI25/AC25)) -> 0 | AG25: ='2020'!N25 -> - | AH25: ='2021'!N25 -> - | AI25: ='2022'!N25 -> 0 | AJ25: - | AK25: - | AL25: - | AM25: - | AN25: - | AO25: - | AP25: - | AQ25: - | AY25: =IF(H25<>"",$K25,"") -> France | AZ25: =IF(I25<>"",$K25,"") -> France | BA25: =IF(J25<>"",$K25,"") -> France
A26: =IF(D26="Sous-total","X",IF(G26="","","X")) -> X | G26: LA ROCHE_Giratoire ENILV | H26: =IF(L26=0,"","X") -> X | I26: =IF(M26=0,"","X") -> X | J26: =IF(N26=0,"","X") -> X | K26: France | L26: ='2020'!G26 -> 18 | M26: ='2021'!G26 -> 16 | N26: ='2022'!G26 -> 21 | O26: ='2020'!H26 -> 10 | P26: ='2021'!H26 -> 10 | Q26: ='2022'!H26 -> 8 | R26: =IF(L26="",0,IF(U26=0,0,U26/L26)) -> 0.5 | S26: =IF(M26="",0,IF(V26=0,0,V26/M26)) -> 0.3125 | T26: =IF(N26="",0,IF(W26=0,0,W26/N26)) -> 0.19047619 | U26: ='2020'!J26 -> 9 | V26: ='2021'!J26 -> 5 | W26: ='2022'!J26 -> 4 | X26: =IF(L26=0,"",IF(AA26="","",AA26/L26)) -> 0.16666667 | Y26: =IF(M26=0,"",IF(AB26="","",AB26/M26)) -> 0.1875 | Z26: =IF(N26=0,"",IF(AC26="","",AC26/N26)) -> 0.23809524 | AA26: ='2020'!L26 -> 3 | AB26: ='2021'!L26 -> 3 | AC26: ='2022'!L26 -> 5 | AD26: =IF(AA26=0,"",IF(AG26="-","",AG26/AA26)) | AE26: =IF(AB26=0,"",IF(AH26="-","",AH26/AB26)) | AF26: =IF(AC26=0,"",IF(AI26="-","",AI26/AC26)) -> 0 | AG26: ='2020'!N26 -> - | AH26: ='2021'!N26 -> - | AI26: ='2022'!N26 -> 0 | AJ26: - | AK26: - | AL26: - | AM26: - | AN26: - | AO26: - | AP26: - | AQ26: - | AY26: =IF(H26<>"",$K26,"") -> France | AZ26: =IF(I26<>"",$K26,"") -> France | BA26: =IF(J26<>"",$K26,"") -> France
A27: =IF(D27="Sous-total","X",IF(G27="","","X")) -> X | G27: LA ROCHE_Gare Passage à niveau (new 2021) | H27: =IF(L27=0,"","X") | I27: =IF(M27=0,"","X") -> X | J27: =IF(N27=0,"","X") -> X | K27: France | L27: ='2020'!G27 -> 0 | M27: ='2021'!G27 -> 56 | N27: ='2022'!G27 -> 55 | O27: ='2020'!H27 -> 0 | P27: ='2021'!H27 -> 36 | Q27: ='2022'!H27 -> 21 | R27: =IF(L27="",0,IF(U27=0,0,U27/L27)) -> 0 | S27: =IF(M27="",0,IF(V27=0,0,V27/M27)) -> 0.21428571 | T27: =IF(N27="",0,IF(W27=0,0,W27/N27)) -> 0.32727273 | U27: ='2020'!J27 -> 0 | V27: ='2021'!J27 -> 12 | W27: ='2022'!J27 -> 18 | X27: =IF(L27=0,"",IF(AA27="","",AA27/L27)) | Y27: =IF(M27=0,"",IF(AB27="","",AB27/M27)) -> 0.17857143 | Z27: =IF(N27=0,"",IF(AC27="","",AC27/N27)) -> 0.32727273 | AA27: ='2020'!L27 -> 0 | AB27: ='2021'!L27 -> 10 | AC27: ='2022'!L27 -> 18 | AD27: =IF(AA27=0,"",IF(AG27="-","",AG27/AA27)) | AE27: =IF(AB27=0,"",IF(AH27="-","",AH27/AB27)) | AF27: =IF(AC27=0,"",IF(AI27="-","",AI27/AC27)) -> 0 | AG27: ='2020'!N27 -> - | AH27: ='2021'!N27 -> - | AI27: ='2022'!N27 -> 0 | AJ27: - | AK27: - | AL27: - | AM27: - | AN27: - | AO27: - | AP27: - | AQ27: - | AY27: =IF(H27<>"",$K27,"") | AZ27: =IF(I27<>"",$K27,"") -> France | BA27: =IF(J27<>"",$K27,"") -> France
A28: =IF(D28="Sous-total","X",IF(G28="","","X")) -> X | G28: ARENTHON_La Papeterie | H28: =IF(L28=0,"","X") -> X | I28: =IF(M28=0,"","X") -> X | J28: =IF(N28=0,"","X") -> X | K28: France | L28: ='2020'!G28 -> 14 | M28: ='2021'!G28 -> 13 | N28: ='2022'!G28 -> 6 | O28: ='2020'!H28 -> 9 | P28: ='2021'!H28 -> 8 | Q28: ='2022'!H28 -> 2 | R28: =IF(L28="",0,IF(U28=0,0,U28/L28)) -> 0.071428571 | S28: =IF(M28="",0,IF(V28=0,0,V28/M28)) -> 0.53846154 | T28: =IF(N28="",0,IF(W28=0,0,W28/N28)) -> 0.33333333 | U28: ='2020'!J28 -> 1 | V28: ='2021'!J28 -> 7 | W28: ='2022'!J28 -> 2 | X28: =IF(L28=0,"",IF(AA28="","",AA28/L28)) -> 0.071428571 | Y28: =IF(M28=0,"",IF(AB28="","",AB28/M28)) -> 0.46153846 | Z28: =IF(N28=0,"",IF(AC28="","",AC28/N28)) -> 0.16666667 | AA28: ='2020'!L28 -> 1 | AB28: ='2021'!L28 -> 6 | AC28: ='2022'!L28 -> 1 | AD28: =IF(AA28=0,"",IF(AG28="-","",AG28/AA28)) | AE28: =IF(AB28=0,"",IF(AH28="-","",AH28/AB28)) | AF28: =IF(AC28=0,"",IF(AI28="-","",AI28/AC28)) -> 0 | AG28: ='2020'!N28 -> - | AH28: ='2021'!N28 -> - | AI28: ='2022'!N28 -> 0 | AJ28: - | AK28: - | AL28: - | AM28: - | AN28: - | AO28: - | AP28: - | AQ28: - | AY28: =IF(H28<>"",$K28,"") -> France | AZ28: =IF(I28<>"",$K28,"") -> France | BA28: =IF(J28<>"",$K28,"") -> France
A29: =IF(D29="Sous-total","X",IF(G29="","","X")) -> X | G29: ST-PIERRE_Franchissement Borne-Dessy | H29: =IF(L29=0,"","X") -> X | I29: =IF(M29=0,"","X") -> X | J29: =IF(N29=0,"","X") -> X | K29: France | L29: ='2020'!G29 -> 24 | M29: ='2021'!G29 -> 24 | N29: ='2022'!G29 -> 20 | O29: ='2020'!H29 -> 16 | P29: ='2021'!H29 -> 20 | Q29: ='2022'!H29 -> 6 | R29: =IF(L29="",0,IF(U29=0,0,U29/L29)) -> 0.041666667 | S29: =IF(M29="",0,IF(V29=0,0,V29/M29)) -> 0.29166667 | T29: =IF(N29="",0,IF(W29=0,0,W29/N29)) -> 0.25 | U29: ='2020'!J29 -> 1 | V29: ='2021'!J29 -> 7 | W29: ='2022'!J29 -> 5 | X29: =IF(L29=0,"",IF(AA29="","",AA29/L29)) -> 0.20833333 | Y29: =IF(M29=0,"",IF(AB29="","",AB29/M29)) -> 0.29166667 | Z29: =IF(N29=0,"",IF(AC29="","",AC29/N29)) -> 0.2 | AA29: ='2020'!L29 -> 5 | AB29: ='2021'!L29 -> 7 | AC29: ='2022'!L29 -> 4 | AD29: =IF(AA29=0,"",IF(AG29="-","",AG29/AA29)) | AE29: =IF(AB29=0,"",IF(AH29="-","",AH29/AB29)) | AF29: =IF(AC29=0,"",IF(AI29="-","",AI29/AC29)) -> 0 | AG29: ='2020'!N29 -> - | AH29: ='2021'!N29 -> - | AI29: ='2022'!N29 -> 0 | AJ29: - | AK29: - | AL29: - | AM29: - | AN29: - | AO29: - | AP29: - | AQ29: - | AY29: =IF(H29<>"",$K29,"") -> France | AZ29: =IF(I29<>"",$K29,"") -> France | BA29: =IF(J29<>"",$K29,"") -> France
A30: =IF(D30="Sous-total","X",IF(G30="","","X")) -> X | G30: BONNEVILLE_Franchissement Borne-Tucinge | H30: =IF(L30=0,"","X") -> X | I30: =IF(M30=0,"","X") -> X | J30: =IF(N30=0,"","X") -> X | K30: France | L30: ='2020'!G30 -> 29 | M30: ='2021'!G30 -> 33 | N30: ='2022'!G30 -> 20 | O30: ='2020'!H30 -> 21 | P30: ='2021'!H30 -> 25 | Q30: ='2022'!H30 -> 9 | R30: =IF(L30="",0,IF(U30=0,0,U30/L30)) -> 0 | S30: =IF(M30="",0,IF(V30=0,0,V30/M30)) -> 0 | T30: =IF(N30="",0,IF(W30=0,0,W30/N30)) -> 0.25 | U30: ='2020'!J30 -> 0 | V30: ='2021'!J30 -> 0 | W30: ='2022'!J30 -> 5 | X30: =IF(L30=0,"",IF(AA30="","",AA30/L30)) -> 0.4137931 | Y30: =IF(M30=0,"",IF(AB30="","",AB30/M30)) -> 0.21212121 | Z30: =IF(N30=0,"",IF(AC30="","",AC30/N30)) -> 0.25 | AA30: ='2020'!L30 -> 12 | AB30: ='2021'!L30 -> 7 | AC30: ='2022'!L30 -> 5 | AD30: =IF(AA30=0,"",IF(AG30="-","",AG30/AA30)) | AE30: =IF(AB30=0,"",IF(AH30="-","",AH30/AB30)) | AF30: =IF(AC30=0,"",IF(AI30="-","",AI30/AC30)) -> 0 | AG30: ='2020'!N30 -> - | AH30: ='2021'!N30 -> - | AI30: ='2022'!N30 -> 0 | AJ30: - | AK30: - | AL30: - | AM30: - | AN30: - | AO30: - | AP30: - | AQ30: - | AY30: =IF(H30<>"",$K30,"") -> France | AZ30: =IF(I30<>"",$K30,"") -> France | BA30: =IF(J30<>"",$K30,"") -> France
A31: =IF(D31="Sous-total","X",IF(G31="","","X")) -> X | G31: ST-PIERRE_Pont principal sur le Borne | H31: =IF(L31=0,"","X") -> X | I31: =IF(M31=0,"","X") -> X | J31: =IF(N31=0,"","X") -> X | K31: France | L31: ='2020'!G31 -> 27 | M31: ='2021'!G31 -> 32 | N31: ='2022'!G31 -> 35 | O31: ='2020'!H31 -> 17 | P31: ='2021'!H31 -> 17 | Q31: ='2022'!H31 -> 9 | R31: =IF(L31="",0,IF(U31=0,0,U31/L31)) -> 0.25925926 | S31: =IF(M31="",0,IF(V31=0,0,V31/M31)) -> 0.15625 | T31: =IF(N31="",0,IF(W31=0,0,W31/N31)) -> 0.31428571 | U31: ='2020'!J31 -> 7 | V31: ='2021'!J31 -> 5 | W31: ='2022'!J31 -> 11 | X31: =IF(L31=0,"",IF(AA31="","",AA31/L31)) -> 0.48148148 | Y31: =IF(M31=0,"",IF(AB31="","",AB31/M31)) -> 0.375 | Z31: =IF(N31=0,"",IF(AC31="","",AC31/N31)) -> 0.22857143 | AA31: ='2020'!L31 -> 13 | AB31: ='2021'!L31 -> 12 | AC31: ='2022'!L31 -> 8 | AD31: =IF(AA31=0,"",IF(AG31="-","",AG31/AA31)) | AE31: =IF(AB31=0,"",IF(AH31="-","",AH31/AB31)) | AF31: =IF(AC31=0,"",IF(AI31="-","",AI31/AC31)) -> 0 | AG31: ='2020'!N31 -> - | AH31: ='2021'!N31 -> - | AI31: ='2022'!N31 -> 0 | AJ31: - | AK31: - | AL31: - | AM31: - | AN31: - | AO31: - | AP31: - | AQ31: - | AY31: =IF(H31<>"",$K31,"") -> France | AZ31: =IF(I31<>"",$K31,"") -> France | BA31: =IF(J31<>"",$K31,"") -> France
A32: =IF(D32="Sous-total","X",IF(G32="","","X")) -> X | G32: AMANCY Sous-terrain Vozerier (new 2022) | H32: =IF(L32=0,"","X") | I32: =IF(M32=0,"","X") | J32: =IF(N32=0,"","X") -> X | K32: France | L32: ='2020'!G32 -> 0 | M32: ='2021'!G32 -> 0 | N32: ='2022'!G32 -> 15 | O32: ='2020'!H32 -> 0 | P32: ='2021'!H32 -> 0 | Q32: ='2022'!H32 -> 7 | R32: =IF(L32="",0,IF(U32=0,0,U32/L32)) -> 0 | S32: =IF(M32="",0,IF(V32=0,0,V32/M32)) -> 0 | T32: =IF(N32="",0,IF(W32=0,0,W32/N32)) -> 0.2 | U32: ='2020'!J32 -> 0 | V32: ='2021'!J32 -> 0 | W32: ='2022'!J32 -> 3 | X32: =IF(L32=0,"",IF(AA32="","",AA32/L32)) | Y32: =IF(M32=0,"",IF(AB32="","",AB32/M32)) | Z32: =IF(N32=0,"",IF(AC32="","",AC32/N32)) -> 0 | AA32: ='2020'!L32 -> 0 | AB32: ='2021'!L32 -> 0 | AC32: ='2022'!L32 -> 0 | AD32: =IF(AA32=0,"",IF(AG32="-","",AG32/AA32)) | AE32: =IF(AB32=0,"",IF(AH32="-","",AH32/AB32)) | AF32: =IF(AC32=0,"",IF(AI32="-","",AI32/AC32)) | AG32: ='2020'!N32 -> - | AH32: ='2021'!N32 -> - | AI32: ='2022'!N32 -> 0 | AJ32: - | AK32: - | AL32: - | AM32: - | AN32: - | AO32: - | AP32: - | AQ32: - | AY32: =IF(H32<>"",$K32,"") | AZ32: =IF(I32<>"",$K32,"") | BA32: =IF(J32<>"",$K32,"") -> France
A33: =IF(D33="Sous-total","X",IF(G33="","","X")) -> X | G33: ST-PIERRE M. Bricolage | H33: =IF(L33=0,"","X") | I33: =IF(M33=0,"","X") | J33: =IF(N33=0,"","X") -> X | K33: France | L33: ='2020'!G33 -> 0 | M33: ='2021'!G33 -> 0 | N33: ='2022'!G33 -> 22 | O33: ='2020'!H33 -> 0 | P33: ='2021'!H33 -> 0 | Q33: ='2022'!H33 -> 7 | R33: =IF(L33="",0,IF(U33=0,0,U33/L33)) -> 0 | S33: =IF(M33="",0,IF(V33=0,0,V33/M33)) -> 0 | T33: =IF(N33="",0,IF(W33=0,0,W33/N33)) -> 0.090909091 | U33: ='2020'!J33 -> 0 | V33: ='2021'!J33 -> 0 | W33: ='2022'!J33 -> 2 | X33: =IF(L33=0,"",IF(AA33="","",AA33/L33)) | Y33: =IF(M33=0,"",IF(AB33="","",AB33/M33)) | Z33: =IF(N33=0,"",IF(AC33="","",AC33/N33)) -> 0.22727273 | AA33: ='2020'!L33 -> 0 | AB33: ='2021'!L33 -> 0 | AC33: ='2022'!L33 -> 5 | AD33: =IF(AA33=0,"",IF(AG33="-","",AG33/AA33)) | AE33: =IF(AB33=0,"",IF(AH33="-","",AH33/AB33)) | AF33: =IF(AC33=0,"",IF(AI33="-","",AI33/AC33)) -> 0 | AG33: ='2020'!N33 -> - | AH33: ='2021'!N33 -> - | AI33: ='2022'!N33 -> 0 | AJ33: - | AK33: - | AL33: - | AM33: - | AN33: - | AO33: - | AP33: - | AQ33: - | AY33: =IF(H33<>"",$K33,"") | AZ33: =IF(I33<>"",$K33,"") | BA33: =IF(J33<>"",$K33,"") -> France
A34: =IF(D34="Sous-total","X",IF(G34="","","X")) -> X | G34: AMANCY_Giratoire Coriandre | H34: =IF(L34=0,"","X") -> X | I34: =IF(M34=0,"","X") | J34: =IF(N34=0,"","X") | K34: France | L34: ='2020'!G34 -> 4 | M34: ='2021'!G34 -> 0 | N34: ='2022'!G34 -> 0 | O34: ='2020'!H34 -> 2 | P34: ='2021'!H34 -> 0 | Q34: ='2022'!H34 -> 0 | R34: =IF(L34="",0,IF(U34=0,0,U34/L34)) -> 0.5 | S34: =IF(M34="",0,IF(V34=0,0,V34/M34)) -> 0 | T34: =IF(N34="",0,IF(W34=0,0,W34/N34)) -> 0 | U34: ='2020'!J34 -> 2 | V34: ='2021'!J34 -> 0 | W34: ='2022'!J34 -> 0 | X34: =IF(L34=0,"",IF(AA34="","",AA34/L34)) -> 0 | Y34: =IF(M34=0,"",IF(AB34="","",AB34/M34)) | Z34: =IF(N34=0,"",IF(AC34="","",AC34/N34)) | AA34: ='2020'!L34 -> 0 | AB34: ='2021'!L34 -> 0 | AC34: ='2022'!L34 -> 0 | AD34: =IF(AA34=0,"",IF(AG34="-","",AG34/AA34)) | AE34: =IF(AB34=0,"",IF(AH34="-","",AH34/AB34)) | AF34: =IF(AC34=0,"",IF(AI34="-","",AI34/AC34)) | AG34: ='2020'!N34 -> - | AH34: ='2021'!N34 -> - | AI34: ='2022'!N34 -> 0 | AJ34: - | AK34: - | AL34: - | AM34: - | AN34: - | AO34: - | AP34: - | AQ34: - | AY34: =IF(H34<>"",$K34,"") -> France | AZ34: =IF(I34<>"",$K34,"") | BA34: =IF(J34<>"",$K34,"")
A35: =IF(D35="Sous-total","X",IF(G35="","","X")) -> X | D35: Sous-total | L35: =SUM(L24:L34) -> 172 | M35: =SUM(M24:M34) -> 295 | N35: =SUM(N24:N34) -> 285 | O35: =SUM(O24:O34) -> 111 | P35: =SUM(P24:P34) -> 193 | Q35: =SUM(Q24:Q34) -> 106 | R35: =IF(L35="",0,IF(U35=0,0,U35/L35)) -> 0.24418605 | S35: =IF(M35="",0,IF(V35=0,0,V35/M35)) -> 0.25084746 | T35: =IF(N35="",0,IF(W35=0,0,W35/N35)) -> 0.3122807 | U35: =SUM(U24:U34) -> 42 | V35: =SUM(V24:V34) -> 74 | W35: =SUM(W24:W34) -> 89 | X35: =IF(L35=0,"",IF(AA35="","",AA35/L35)) -> 0.30813953 | Y35: =IF(M35=0,"",IF(AB35="","",AB35/M35)) -> 0.29491525 | Z35: =IF(N35=0,"",IF(AC35="","",AC35/N35)) -> 0.25263158 | AA35: =SUM(AA24:AA34) -> 53 | AB35: =SUM(AB24:AB34) -> 87 | AC35: =SUM(AC24:AC34) -> 72 | AD35: =IF(AA35=0,"",IF(AG35="-","",AG35/AA35)) -> 0 | AE35: =IF(AB35=0,"",IF(AH35="-","",AH35/AB35)) -> 0 | AF35: =IF(AC35=0,"",IF(AI35="-","",AI35/AC35)) -> 0 | AG35: =SUM(AG24:AG34) -> 0 | AH35: =SUM(AH24:AH34) -> 0 | AI35: =SUM(AI24:AI34) -> 0 | AY35: =IF(H35<>"",$K35,"") | AZ35: =IF(I35<>"",$K35,"") | BA35: =IF(J35<>"",$K35,"")
A36: =IF(D36="Sous-total","X",IF(G36="","","X")) -> X | B36: AERE (Association Environnement Reignier-Esery) | C36: OUI | D36: ='2020'!D36 -> 9 | E36: ='2021'!D36 -> 9 | F36: ='2022'!D36 -> 6 | G36: ETREMBIERES_Giratoire ex PN93 | H36: =IF(L36=0,"","X") -> X | I36: =IF(M36=0,"","X") -> X | J36: =IF(N36=0,"","X") -> X | K36: France | L36: ='2020'!G36 -> 37 | M36: ='2021'!G36 -> 46 | N36: ='2022'!G36 -> 50 | O36: ='2020'!H36 -> 23 | P36: ='2021'!H36 -> 32 | Q36: ='2022'!H36 -> 37 | R36: =IF(L36="",0,IF(U36=0,0,U36/L36)) -> 0.38 | S36: =IF(M36="",0,IF(V36=0,0,V36/M36)) -> 0.65217391 | T36: =IF(N36="",0,IF(W36=0,0,W36/N36)) -> 0.68 | U36: ='2020'!J36 -> 14.06 | V36: ='2021'!J36 -> 30 | W36: ='2022'!J36 -> 34 | X36: =IF(L36=0,"",IF(AA36="","",AA36/L36)) -> 0.16 | Y36: =IF(M36=0,"",IF(AB36="","",AB36/M36)) -> 0.19565217 | Z36: =IF(N36=0,"",IF(AC36="","",AC36/N36)) -> 0.22 | AA36: ='2020'!L36 -> 5.92 | AB36: ='2021'!L36 -> 9 | AC36: ='2022'!L36 -> 11 | AD36: =IF(AA36=0,"",IF(AG36="-","",AG36/AA36)) -> 1 | AE36: =IF(AB36=0,"",IF(AH36="-","",AH36/AB36)) -> 1 | AF36: =IF(AC36=0,"",IF(AI36="-","",AI36/AC36)) -> 0.81818182 | AG36: ='2020'!N36 -> 5.92 | AH36: ='2021'!N36 -> 9 | AI36: =IF('2022'!N36="","-",'2022'!N36) -> 9 | AJ36: - | AK36: - | AL36: - | AM36: - | AN36: - | AO36: - | AP36: - | AQ36: - | AY36: =IF(H36<>"",$K36,"") -> France | AZ36: =IF(I36<>"",$K36,"") -> France | BA36: =IF(J36<>"",$K36,"") -> France
A37: =IF(D37="Sous-total","X",IF(G37="","","X")) -> X | G37: ETREMBIERES_Carrefour sous Château | H37: =IF(L37=0,"","X") -> X | I37: =IF(M37=0,"","X") -> X | J37: =IF(N37=0,"","X") -> X | K37: France | L37: ='2020'!G37 -> 33 | M37: ='2021'!G37 -> 28 | N37: ='2022'!G37 -> 26 | O37: ='2020'!H37 -> 15 | P37: ='2021'!H37 -> 17 | Q37: ='2022'!H37 -> 17 | R37: =IF(L37="",0,IF(U37=0,0,U37/L37)) -> 0.3 | S37: =IF(M37="",0,IF(V37=0,0,V37/M37)) -> 0.64285714 | T37: =IF(N37="",0,IF(W37=0,0,W37/N37)) -> 0.42307692 | U37: ='2020'!J37 -> 9.9 | V37: ='2021'!J37 -> 18 | W37: ='2022'!J37 -> 11 | X37: =IF(L37=0,"",IF(AA37="","",AA37/L37)) -> 0.09 | Y37: =IF(M37=0,"",IF(AB37="","",AB37/M37)) -> 0.32142857 | Z37: =IF(N37=0,"",IF(AC37="","",AC37/N37)) -> 0.23076923 | AA37: ='2020'!L37 -> 2.97 | AB37: ='2021'!L37 -> 9 | AC37: ='2022'!L37 -> 6 | AD37: =IF(AA37=0,"",IF(AG37="-","",AG37/AA37)) -> 1 | AE37: =IF(AB37=0,"",IF(AH37="-","",AH37/AB37)) -> 0.77777778 | AF37: =IF(AC37=0,"",IF(AI37="-","",AI37/AC37)) -> 0.66666667 | AG37: ='2020'!N37 -> 2.97 | AH37: ='2021'!N37 -> 7 | AI37: =IF('2022'!N37="","-",'2022'!N37) -> 4 | AJ37: - | AK37: - | AL37: - | AM37: - | AN37: - | AO37: - | AP37: - | AQ37: - | AY37: =IF(H37<>"",$K37,"") -> France | AZ37: =IF(I37<>"",$K37,"") -> France | BA37: =IF(J37<>"",$K37,"") -> France
A38: =IF(D38="Sous-total","X",IF(G38="","","X")) -> X | G38: SCIENTRIER_Carrefour Tour de Bellecombe | H38: =IF(L38=0,"","X") -> X | I38: =IF(M38=0,"","X") -> X | J38: =IF(N38=0,"","X") | K38: France | L38: ='2020'!G38 -> 6 | M38: ='2021'!G38 -> 5 | O38: ='2020'!H38 -> 5 | P38: ='2021'!H38 -> 5 | Q38: ='2022'!H38 | R38: =IF(L38="",0,IF(U38=0,0,U38/L38)) -> 0 | S38: =IF(M38="",0,IF(V38=0,0,V38/M38)) -> 0.6 | T38: =IF(N38="",0,IF(W38=0,0,W38/N38)) -> 0 | U38: ='2020'!J38 -> 0 | V38: ='2021'!J38 -> 3 | W38: ='2022'!J38 | X38: =IF(L38=0,"",IF(AA38="","",AA38/L38)) -> 0 | Y38: =IF(M38=0,"",IF(AB38="","",AB38/M38)) -> 0.2 | Z38: =IF(N38=0,"",IF(AC38="","",AC38/N38)) | AA38: ='2020'!L38 -> 0 | AB38: ='2021'!L38 -> 1 | AC38: ='2022'!L38 | AD38: =IF(AA38=0,"",IF(AG38="-","",AG38/AA38)) | AE38: =IF(AB38=0,"",IF(AH38="-","",AH38/AB38)) -> 1 | AF38: =IF(AC38=0,"",IF(AI38="-","",AI38/AC38)) | AG38: ='2020'!N38 -> 0 | AH38: ='2021'!N38 -> 1 | AI38: =IF('2022'!N38="","-",'2022'!N38) -> - | AJ38: - | AK38: - | AL38: - | AM38: - | AN38: - | AO38: - | AP38: - | AQ38: - | AY38: =IF(H38<>"",$K38,"") -> France | AZ38: =IF(I38<>"",$K38,"") -> France | BA38: =IF(J38<>"",$K38,"")
A39: =IF(D39="Sous-total","X",IF(G39="","","X")) -> X | G39: REIGNIER_Giratoire église | H39: =IF(L39=0,"","X") -> X | I39: =IF(M39=0,"","X") -> X | J39: =IF(N39=0,"","X") -> X | K39: France | L39: ='2020'!G39 -> 25 | M39: ='2021'!G39 -> 45 | N39: ='2022'!G39 -> 29 | O39: ='2020'!H39 -> 15 | P39: ='2021'!H39 -> 26 | Q39: ='2022'!H39 -> 16 | R39: =IF(L39="",0,IF(U39=0,0,U39/L39)) -> 0.28 | S39: =IF(M39="",0,IF(V39=0,0,V39/M39)) -> 0.26666667 | T39: =IF(N39="",0,IF(W39=0,0,W39/N39)) -> 0.37931034 | U39: ='2020'!J39 -> 7 | V39: ='2021'!J39 -> 12 | W39: ='2022'!J39 -> 11 | X39: =IF(L39=0,"",IF(AA39="","",AA39/L39)) -> 0.16 | Y39: =IF(M39=0,"",IF(AB39="","",AB39/M39)) -> 0.26666667 | Z39: =IF(N39=0,"",IF(AC39="","",AC39/N39)) -> 0.31034483 | AA39: ='2020'!L39 -> 4 | AB39: ='2021'!L39 -> 12 | AC39: ='2022'!L39 -> 9 | AD39: =IF(AA39=0,"",IF(AG39="-","",AG39/AA39)) -> 0.25 | AE39: =IF(AB39=0,"",IF(AH39="-","",AH39/AB39)) -> 0.25 | AF39: =IF(AC39=0,"",IF(AI39="-","",AI39/AC39)) -> 0.55555556 | AG39: ='2020'!N39 -> 1 | AH39: ='2021'!N39 -> 3 | AI39: =IF('2022'!N39="","-",'2022'!N39) -> 5 | AJ39: - | AK39: - | AL39: - | AM39: - | AN39: - | AO39: - | AP39: - | AQ39: - | AY39: =IF(H39<>"",$K39,"") -> France | AZ39: =IF(I39<>"",$K39,"") -> France | BA39: =IF(J39<>"",$K39,"") -> France
A40: =IF(D40="Sous-total","X",IF(G40="","","X")) -> X | G40: REIGNIER_Giratoire Foron | H40: =IF(L40=0,"","X") -> X | I40: =IF(M40=0,"","X") -> X | J40: =IF(N40=0,"","X") -> X | K40: France | L40: ='2020'!G40 -> 15 | M40: ='2021'!G40 -> 14 | N40: ='2022'!G40 -> 18 | O40: ='2020'!H40 -> 9 | P40: ='2021'!H40 -> 9 | Q40: ='2022'!H40 -> 9 | R40: =IF(L40="",0,IF(U40=0,0,U40/L40)) -> 0.13 | S40: =IF(M40="",0,IF(V40=0,0,V40/M40)) -> 0.21428571 | T40: =IF(N40="",0,IF(W40=0,0,W40/N40)) -> 0.33333333 | U40: ='2020'!J40 -> 1.95 | V40: ='2021'!J40 -> 3 | W40: ='2022'!J40 -> 6 | X40: =IF(L40=0,"",IF(AA40="","",AA40/L40)) -> 0.07 | Y40: =IF(M40=0,"",IF(AB40="","",AB40/M40)) -> 0.14285714 | Z40: =IF(N40=0,"",IF(AC40="","",AC40/N40)) -> 0.16666667 | AA40: ='2020'!L40 -> 1.05 | AB40: ='2021'!L40 -> 2 | AC40: ='2022'!L40 -> 3 | AD40: =IF(AA40=0,"",IF(AG40="-","",AG40/AA40)) -> 0 | AE40: =IF(AB40=0,"",IF(AH40="-","",AH40/AB40)) -> 0.5 | AF40: =IF(AC40=0,"",IF(AI40="-","",AI40/AC40)) -> 1 | AG40: ='2020'!N40 -> 0 | AH40: ='2021'!N40 -> 1 | AI40: =IF('2022'!N40="","-",'2022'!N40) -> 3 | AJ40: - | AK40: - | AL40: - | AM40: - | AN40: - | AO40: - | AP40: - | AQ40: - | AY40: =IF(H40<>"",$K40,"") -> France | AZ40: =IF(I40<>"",$K40,"") -> France | BA40: =IF(J40<>"",$K40,"") -> France
A41: =IF(D41="Sous-total","X",IF(G41="","","X")) -> X | G41: REIGNIER_Giratoire La Forge | H41: =IF(L41=0,"","X") -> X | I41: =IF(M41=0,"","X") -> X | J41: =IF(N41=0,"","X") | K41: France | L41: ='2020'!G41 -> 16 | M41: ='2021'!G41 -> 31 | O41: ='2020'!H41 -> 14 | P41: ='2021'!H41 -> 23 | Q41: ='2022'!H41 | R41: =IF(L41="",0,IF(U41=0,0,U41/L41)) -> 0.38 | S41: =IF(M41="",0,IF(V41=0,0,V41/M41)) -> 0.5483871 | T41: =IF(N41="",0,IF(W41=0,0,W41/N41)) -> 0 | U41: ='2020'!J41 -> 6.08 | V41: ='2021'!J41 -> 17 | W41: ='2022'!J41 | X41: =IF(L41=0,"",IF(AA41="","",AA41/L41)) -> 0.13 | Y41: =IF(M41=0,"",IF(AB41="","",AB41/M41)) -> 0.16129032 | Z41: =IF(N41=0,"",IF(AC41="","",AC41/N41)) | AA41: ='2020'!L41 -> 2.08 | AB41: ='2021'!L41 -> 5 | AC41: ='2022'!L41 | AD41: =IF(AA41=0,"",IF(AG41="-","",AG41/AA41)) -> 1 | AE41: =IF(AB41=0,"",IF(AH41="-","",AH41/AB41)) -> 1 | AF41: =IF(AC41=0,"",IF(AI41="-","",AI41/AC41)) | AG41: ='2020'!N41 -> 2.08 | AH41: ='2021'!N41 -> 5 | AI41: =IF('2022'!N41="","-",'2022'!N41) -> - | AJ41: - | AK41: - | AL41: - | AM41: - | AN41: - | AO41: - | AP41: - | AQ41: - | AY41: =IF(H41<>"",$K41,"") -> France | AZ41: =IF(I41<>"",$K41,"") -> France | BA41: =IF(J41<>"",$K41,"")
A42: =IF(D42="Sous-total","X",IF(G42="","","X")) -> X | G42: PERS-JUSSY_Giratoire Casino | H42: =IF(L42=0,"","X") -> X | I42: =IF(M42=0,"","X") -> X | J42: =IF(N42=0,"","X") -> X | K42: France | L42: ='2020'!G42 -> 7 | M42: ='2021'!G42 -> 12 | N42: ='2022'!G42 -> 14 | O42: ='2020'!H42 -> 5 | P42: ='2021'!H42 -> 7 | Q42: ='2022'!H42 -> 10 | R42: =IF(L42="",0,IF(U42=0,0,U42/L42)) -> 0.14 | S42: =IF(M42="",0,IF(V42=0,0,V42/M42)) -> 0.33333333 | T42: =IF(N42="",0,IF(W42=0,0,W42/N42)) -> 0.28571429 | U42: ='2020'!J42 -> 0.98 | V42: ='2021'!J42 -> 4 | W42: ='2022'!J42 -> 4 | X42: =IF(L42=0,"",IF(AA42="","",AA42/L42)) -> 0 | Y42: =IF(M42=0,"",IF(AB42="","",AB42/M42)) -> 0.33333333 | Z42: =IF(N42=0,"",IF(AC42="","",AC42/N42)) -> 0.21428571 | AA42: ='2020'!L42 -> 0 | AB42: ='2021'!L42 -> 4 | AC42: ='2022'!L42 -> 3 | AD42: =IF(AA42=0,"",IF(AG42="-","",AG42/AA42)) | AE42: =IF(AB42=0,"",IF(AH42="-","",AH42/AB42)) -> 0.5 | AF42: =IF(AC42=0,"",IF(AI42="-","",AI42/AC42)) -> 0.66666667 | AG42: ='2020'!N42 -> 0 | AH42: ='2021'!N42 -> 2 | AI42: =IF('2022'!N42="","-",'2022'!N42) -> 2 | AJ42: - | AK42: - | AL42: - | AM42: - | AN42: - | AO42: - | AP42: - | AQ42: - | AY42: =IF(H42<>"",$K42,"") -> France | AZ42: =IF(I42<>"",$K42,"") -> France | BA42: =IF(J42<>"",$K42,"") -> France
A43: =IF(D43="Sous-total","X",IF(G43="","","X")) | H43: =IF(L43=0,"","X") | I43: =IF(M43=0,"","X") | J43: =IF(N43=0,"","X") | R43: =IF(L43="",0,IF(U43=0,0,U43/L43)) -> 0 | S43: =IF(M43="",0,IF(V43=0,0,V43/M43)) -> 0 | T43: =IF(N43="",0,IF(W43=0,0,W43/N43)) -> 0 | X43: =IF(L43=0,"",IF(AA43="","",AA43/L43)) | Y43: =IF(M43=0,"",IF(AB43="","",AB43/M43)) | Z43: =IF(N43=0,"",IF(AC43="","",AC43/N43)) | AA43: ='2020'!L43 -> 0 | AB43: ='2021'!L43 -> 0 | AC43: ='2022'!L43 | AD43: =IF(AA43=0,"",IF(AG43="-","",AG43/AA43)) | AE43: =IF(AB43=0,"",IF(AH43="-","",AH43/AB43)) | AF43: =IF(AC43=0,"",IF(AI43="-","",AI43/AC43)) | AG43: ='2020'!N43 -> 0 | AH43: ='2021'!N43 -> 0 | AI43: =IF('2022'!N43="","-",'2022'!N43) -> - | AY43: =IF(H43<>"",$K43,"") | AZ43: =IF(I43<>"",$K43,"") | BA43: =IF(J43<>"",$K43,"")
A44: =IF(D44="Sous-total","X",IF(G44="","","X")) | H44: =IF(L44=0,"","X") | I44: =IF(M44=0,"","X") | J44: =IF(N44=0,"","X") | R44: =IF(L44="",0,IF(U44=0,0,U44/L44)) -> 0 | S44: =IF(M44="",0,IF(V44=0,0,V44/M44)) -> 0 | T44: =IF(N44="",0,IF(W44=0,0,W44/N44)) -> 0 | X44: =IF(L44=0,"",IF(AA44="","",AA44/L44)) | Y44: =IF(M44=0,"",IF(AB44="","",AB44/M44)) | Z44: =IF(N44=0,"",IF(AC44="","",AC44/N44)) | AA44: ='2020'!L44 -> 0 | AB44: ='2021'!L44 -> 0 | AC44: ='2022'!L44 | AD44: =IF(AA44=0,"",IF(AG44="-","",AG44/AA44)) | AE44: =IF(AB44=0,"",IF(AH44="-","",AH44/AB44)) | AF44: =IF(AC44=0,"",IF(AI44="-","",AI44/AC44)) | AG44: ='2020'!N44 -> 0 | AH44: ='2021'!N44 -> 0 | AI44: =IF('2022'!N44="","-",'2022'!N44) -> - | AY44: =IF(H44<>"",$K44,"") | AZ44: =IF(I44<>"",$K44,"") | BA44: =IF(J44<>"",$K44,"")
A45: =IF(D45="Sous-total","X",IF(G45="","","X")) -> X | G45: REIGNIER_Carrefour Marsinge / Viaison | H45: =IF(L45=0,"","X") | I45: =IF(M45=0,"","X") | J45: =IF(N45=0,"","X") -> X | K45: France | L45: ='2020'!G45 -> 0 | M45: ='2021'!G45 -> 0 | N45: ='2022'!G45 -> 11 | O45: ='2020'!H45 -> 0 | P45: ='2021'!H45 -> 0 | Q45: ='2022'!H45 -> 7 | R45: =IF(L45="",0,IF(U45=0,0,U45/L45)) -> 0 | S45: =IF(M45="",0,IF(V45=0,0,V45/M45)) -> 0 | T45: =IF(N45="",0,IF(W45=0,0,W45/N45)) -> 0.63636364 | U45: ='2020'!J45 -> 0 | V45: ='2021'!J45 -> 0 | W45: ='2022'!J45 -> 7 | X45: =IF(L45=0,"",IF(AA45="","",AA45/L45)) | Y45: =IF(M45=0,"",IF(AB45="","",AB45/M45)) | Z45: =IF(N45=0,"",IF(AC45="","",AC45/N45)) -> 0.090909091 | AA45: ='2020'!L45 -> 0 | AB45: ='2021'!L45 -> 0 | AC45: ='2022'!L45 -> 1 | AD45: =IF(AA45=0,"",IF(AG45="-","",AG45/AA45)) | AE45: =IF(AB45=0,"",IF(AH45="-","",AH45/AB45)) | AF45: =IF(AC45=0,"",IF(AI45="-","",AI45/AC45)) -> 1 | AG45: ='2020'!N45 -> 0 | AH45: ='2021'!N45 -> 0 | AI45: =IF('2022'!N45="","-",'2022'!N45) -> 1 | AY45: =IF(H45<>"",$K45,"") | AZ45: =IF(I45<>"",$K45,"") | BA45: =IF(J45<>"",$K45,"") -> France
A46: =IF(D46="Sous-total","X",IF(G46="","","X")) -> X | G46: ARTHAZ_Giratoire lavage auto | H46: =IF(L46=0,"","X") -> X | I46: =IF(M46=0,"","X") -> X | J46: =IF(N46=0,"","X") | K46: France | L46: ='2020'!G46 -> 20 | M46: ='2021'!G46 -> 17 | O46: ='2020'!H46 -> 9 | P46: ='2021'!H46 -> 9 | Q46: ='2022'!H46 | R46: =IF(L46="",0,IF(U46=0,0,U46/L46)) -> 0.25 | S46: =IF(M46="",0,IF(V46=0,0,V46/M46)) -> 0.41176471 | T46: =IF(N46="",0,IF(W46=0,0,W46/N46)) -> 0 | U46: ='2020'!J46 -> 5 | V46: ='2021'!J46 -> 7 | W46: ='2022'!J46 | X46: =IF(L46=0,"",IF(AA46="","",AA46/L46)) -> 0.15 | Y46: =IF(M46=0,"",IF(AB46="","",AB46/M46)) -> 0.23529412 | Z46: =IF(N46=0,"",IF(AC46="","",AC46/N46)) | AA46: ='2020'!L46 -> 3 | AB46: ='2021'!L46 -> 4 | AC46: ='2022'!L46 | AD46: =IF(AA46=0,"",IF(AG46="-","",AG46/AA46)) -> 0.33 | AE46: =IF(AB46=0,"",IF(AH46="-","",AH46/AB46)) -> 0.25 | AF46: =IF(AC46=0,"",IF(AI46="-","",AI46/AC46)) | AG46: ='2020'!N46 -> 0.99 | AH46: ='2021'!N46 -> 1 | AI46: =IF('2022'!N46="","-",'2022'!N46) -> - | AJ46: - | AK46: - | AL46: - | AM46: - | AN46: - | AO46: - | AP46: - | AQ46: - | AY46: =IF(H46<>"",$K46,"") -> France | AZ46: =IF(I46<>"",$K46,"") -> France | BA46: =IF(J46<>"",$K46,"")
A47: =IF(D47="Sous-total","X",IF(G47="","","X")) -> X | D47: Sous-total | L47: =SUM(L36:L46) -> 159 | M47: =SUM(M36:M46) -> 198 | N47: =SUM(N36:N46) -> 148 | O47: =SUM(O36:O46) -> 95 | P47: =SUM(P36:P46) -> 128 | Q47: =SUM(Q36:Q46) -> 96 | R47: =IF(L47="",0,IF(U47=0,0,U47/L47)) -> 0.28283019 | S47: =IF(M47="",0,IF(V47=0,0,V47/M47)) -> 0.47474747 | T47: =IF(N47="",0,IF(W47=0,0,W47/N47)) -> 0.49324324 | U47: =SUM(U36:U46) -> 44.97 | V47: =SUM(V36:V46) -> 94 | W47: =SUM(W36:W46) -> 73 | X47: =IF(L47=0,"",IF(AA47="","",AA47/L47)) -> 0.11962264 | Y47: =IF(M47=0,"",IF(AB47="","",AB47/M47)) -> 0.23232323 | Z47: =IF(N47=0,"",IF(AC47="","",AC47/N47)) -> 0.22297297 | AA47: =SUM(AA36:AA46) -> 19.02 | AB47: =SUM(AB36:AB46) -> 46 | AC47: =SUM(AC36:AC46) -> 33 | AD47: =IF(AA47=0,"",IF(AG47="-","",AG47/AA47)) -> 0.68138801 | AE47: =IF(AB47=0,"",IF(AH47="-","",AH47/AB47)) -> 0.63043478 | AF47: =IF(AC47=0,"",IF(AI47="-","",AI47/AC47)) -> 0.72727273 | AG47: =SUM(AG36:AG46) -> 12.96 | AH47: =SUM(AH36:AH46) -> 29 | AI47: =SUM(AI36:AI46) -> 24 | AY47: =IF(H47<>"",$K47,"") | AZ47: =IF(I47<>"",$K47,"") | BA47: =IF(J47<>"",$K47,"")
A48: =IF(D48="Sous-total","X",IF(G48="","","X")) -> X | B48: Sous-total périmètre "arrière-pays" | D48: =SUM(D5:D46) -> 19 | E48: =SUM(E5:E46) -> 20 | F48: =SUM(F5:F46) -> 39 | G48: =COUNTIF(A5:A47,"X") -> 41 | H48: =COUNTIF(H$5:H$47,"X") -> 17 | I48: =COUNTIF(I$5:I$47,"X") -> 17 | J48: =COUNTIF(J$5:J$47,"X") -> 33 | K48: 38 | L48: =L5+L6+L23+L35+L47 -> 394 | M48: =M5+M6+M23+M35+M47 -> 595 | N48: =N5+N6+N23+N35+N47 -> 1147 | O48: =O5+O6+O23+O35+O47 -> 235 | P48: =P5+P6+P23+P35+P47 -> 415 | Q48: =Q5+Q6+Q23+Q35+Q47 -> 822 | R48: =IF(L48="",0,IF(U48=0,0,U48/L48)) -> 0.22581218 | S48: =IF(M48="",0,IF(V48=0,0,V48/M48)) -> 0.28571429 | T48: =IF(N48="",0,IF(W48=0,0,W48/N48)) -> 0.2972973 | U48: =U5+U6+U23+U35+U47 -> 88.97 | V48: =V5+V6+V23+V35+V47 -> 170 | W48: =W5+W6+W23+W35+W47 -> 341 | X48: =IF(L48=0,"",IF(AA48="","",AA48/L48)) -> 0.22593909 | Y48: =IF(M48=0,"",IF(AB48="","",AB48/M48)) -> 0.25378151 | Z48: =IF(N48=0,"",IF(AC48="","",AC48/N48)) -> 0.32781168 | AA48: =AA5+AA6+AA23+AA35+AA47 -> 89.02 | AB48: =AB5+AB6+AB23+AB35+AB47 -> 151 | AC48: =AC5+AC6+AC23+AC35+AC47 -> 376 | AD48: =IF(AA48=0,"",IF(AG48="-","",AG48/AA48)) -> 0.16805212 | AE48: =IF(AB48=0,"",IF(AH48="-","",AH48/AB48)) -> 0.20529801 | AF48: =IF(AC48=0,"",IF(AI48="-","",AI48/AC48)) -> 0.31648936 | AG48: =AG5+AG6+AG23+AG35+AG47 -> 14.96 | AH48: =AH5+AH6+AH23+AH35+AH47 -> 31 | AI48: =AI5+AI6+AI23+AI35+AI47 -> 119 | AY48: =IF(H48<>"",$K48,"") -> 38 | AZ48: =IF(I48<>"",$K48,"") -> 38 | BA48: =IF(J48<>"",$K48,"") -> 38
A49: =IF(D49="Sous-total","X",IF(G49="","","X")) -> X | B49: EVAV (En Ville A Vélo) | C49: NON | D49: ='2020'!D49 -> 31 | E49: ='2021'!D49 -> 6 | F49: ='2022'!D49 -> 10 | G49: AMBILLY_Voie verte Pont Noir | H49: =IF(L49=0,"","X") -> X | I49: =IF(M49=0,"","X") | J49: =IF(N49=0,"","X") | K49: France | L49: ='2020'!G49 -> 603 | M49: ='2021'!G49 -> 0 | N49: ='2022'!G49 -> 0 | O49: ='2020'!H49 -> 173 | P49: ='2021'!H49 -> 0 | Q49: ='2022'!H49 -> 0 | R49: =IF(L49="",0,IF(U49=0,0,U49/L49)) -> 0.43283582 | S49: =IF(M49="",0,IF(V49=0,0,V49/M49)) -> 0 | T49: =IF(N49="",0,IF(W49=0,0,W49/N49)) -> 0 | U49: ='2020'!J49 -> 261 | V49: ='2021'!J49 -> 0 | W49: ='2022'!J49 -> 0 | X49: =IF(L49=0,"",IF(AA49="","",AA49/L49)) -> 0.4013267 | Y49: =IF(M49=0,"",IF(AB49="","",AB49/M49)) | Z49: =IF(N49=0,"",IF(AC49="","",AC49/N49)) | AA49: ='2020'!L49 -> 242 | AB49: ='2021'!L49 -> 0 | AC49: ='2022'!L49 -> 0 | AD49: =IF(AA49=0,"",IF(AG49="-","",AG49/AA49)) | AE49: =IF(AB49=0,"",IF(AH49="-","",AH49/AB49)) | AF49: =IF(AC49=0,"",IF(AI49="-","",AI49/AC49)) | AG49: ='2020'!N49 -> - | AH49: ='2021'!N49 -> - | AI49: ='2022'!N49 -> 0 | AJ49: - | AK49: - | AL49: - | AM49: - | AY49: =IF(H49<>"",$K49,"") -> France | AZ49: =IF(I49<>"",$K49,"") | BA49: =IF(J49<>"",$K49,"")
A50: =IF(D50="Sous-total","X",IF(G50="","","X")) -> X | G50: ANNEMASSE_Voie verte Jura | H50: =IF(L50=0,"","X") -> X | I50: =IF(M50=0,"","X") | J50: =IF(N50=0,"","X") -> X | K50: France | L50: ='2020'!G50 -> 354 | M50: ='2021'!G50 -> 0 | N50: ='2022'!G50 -> 620 | O50: ='2020'!H50 -> 103 | P50: ='2021'!H50 -> 0 | Q50: ='2022'!H50 -> 331 | R50: =IF(L50="",0,IF(U50=0,0,U50/L50)) -> 0.40112994 | S50: =IF(M50="",0,IF(V50=0,0,V50/M50)) -> 0 | T50: =IF(N50="",0,IF(W50=0,0,W50/N50)) -> 0.43870968 | U50: ='2020'!J50 -> 142 | V50: ='2021'!J50 -> 0 | W50: ='2022'!J50 -> 272 | X50: =IF(L50=0,"",IF(AA50="","",AA50/L50)) -> 0.45480226 | Y50: =IF(M50=0,"",IF(AB50="","",AB50/M50)) | Z50: =IF(N50=0,"",IF(AC50="","",AC50/N50)) -> 0.36774194 | AA50: ='2020'!L50 -> 161 | AB50: ='2021'!L50 -> 0 | AC50: ='2022'!L50 -> 228 | AD50: =IF(AA50=0,"",IF(AG50="-","",AG50/AA50)) | AE50: =IF(AB50=0,"",IF(AH50="-","",AH50/AB50)) | AF50: =IF(AC50=0,"",IF(AI50="-","",AI50/AC50)) -> 0 | AG50: ='2020'!N50 -> - | AH50: ='2021'!N50 -> - | AI50: ='2022'!N50 -> 0 | AJ50: - | AK50: - | AL50: - | AM50: - | AY50: =IF(H50<>"",$K50,"") -> France | AZ50: =IF(I50<>"",$K50,"") | BA50: =IF(J50<>"",$K50,"") -> France
A51: =IF(D51="Sous-total","X",IF(G51="","","X")) -> X | G51: ANNEMASSE_Devant l'agglo | H51: =IF(L51=0,"","X") -> X | I51: =IF(M51=0,"","X") -> X | J51: =IF(N51=0,"","X") -> X | K51: France | L51: ='2020'!G51 -> 222 | M51: ='2021'!G51 -> 228 | N51: ='2022'!G51 -> 325 | O51: ='2020'!H51 -> 66 | P51: ='2021'!H51 -> 125 | Q51: ='2022'!H51 -> 227 | R51: =IF(L51="",0,IF(U51=0,0,U51/L51)) -> 0.61711712 | S51: =IF(M51="",0,IF(V51=0,0,V51/M51)) -> 0.39473684 | T51: =IF(N51="",0,IF(W51=0,0,W51/N51)) -> 0.51692308 | U51: ='2020'!J51 -> 137 | V51: ='2021'!J51 -> 90 | W51: ='2022'!J51 -> 168 | X51: =IF(L51=0,"",IF(AA51="","",AA51/L51)) -> 0.3963964 | Y51: =IF(M51=0,"",IF(AB51="","",AB51/M51)) -> 0.39912281 | Z51: =IF(N51=0,"",IF(AC51="","",AC51/N51)) -> 0.4 | AA51: ='2020'!L51 -> 88 | AB51: ='2021'!L51 -> 91 | AC51: ='2022'!L51 -> 130 | AD51: =IF(AA51=0,"",IF(AG51="-","",AG51/AA51)) | AE51: =IF(AB51=0,"",IF(AH51="-","",AH51/AB51)) | AF51: =IF(AC51=0,"",IF(AI51="-","",AI51/AC51)) -> 0 | AG51: ='2020'!N51 -> - | AH51: ='2021'!N51 -> - | AI51: ='2022'!N51 -> 0 | AJ51: - | AK51: - | AL51: - | AM51: - | AN51: - | AO51: - | AP51: - | AQ51: - | AY51: =IF(H51<>"",$K51,"") -> France | AZ51: =IF(I51<>"",$K51,"") -> France | BA51: =IF(J51<>"",$K51,"") -> France
A52: =IF(D52="Sous-total","X",IF(G52="","","X")) -> X | G52: GAILLARD_Douane de Fossard | H52: =IF(L52=0,"","X") -> X | I52: =IF(M52=0,"","X") -> X | J52: =IF(N52=0,"","X") -> X | K52: Frontière | L52: ='2020'!G52 -> 106 | M52: ='2021'!G52 -> 141 | N52: ='2022'!G52 -> 180 | O52: ='2020'!H52 -> 35 | P52: ='2021'!H52 -> 80 | Q52: ='2022'!H52 -> 92 | R52: =IF(L52="",0,IF(U52=0,0,U52/L52)) -> 0.36792453 | S52: =IF(M52="",0,IF(V52=0,0,V52/M52)) -> 0.46099291 | T52: =IF(N52="",0,IF(W52=0,0,W52/N52)) -> 0.43888889 | U52: ='2020'!J52 -> 39 | V52: ='2021'!J52 -> 65 | W52: ='2022'!J52 -> 79 | X52: =IF(L52=0,"",IF(AA52="","",AA52/L52)) -> 0.45283019 | Y52: =IF(M52=0,"",IF(AB52="","",AB52/M52)) -> 0.43971631 | Z52: =IF(N52=0,"",IF(AC52="","",AC52/N52)) -> 0.40555556 | AA52: ='2020'!L52 -> 48 | AB52: ='2021'!L52 -> 62 | AC52: ='2022'!L52 -> 73 | AD52: =IF(AA52=0,"",IF(AG52="-","",AG52/AA52)) | AE52: =IF(AB52=0,"",IF(AH52="-","",AH52/AB52)) | AF52: =IF(AC52=0,"",IF(AI52="-","",AI52/AC52)) -> 0 | AG52: ='2020'!N52 -> - | AH52: ='2021'!N52 -> - | AI52: ='2022'!N52 -> 0 | AJ52: - | AK52: - | AL52: - | AM52: - | AY52: =IF(H52<>"",$K52,"") -> Frontière | AZ52: =IF(I52<>"",$K52,"") -> Frontière | BA52: =IF(J52<>"",$K52,"") -> Frontière
A53: =IF(D53="Sous-total","X",IF(G53="","","X")) -> X | G53: ANNEMASSE_Clos Fleury | H53: =IF(L53=0,"","X") -> X | I53: =IF(M53=0,"","X") -> X | J53: =IF(N53=0,"","X") -> X | K53: France | L53: ='2020'!G53 -> 206 | M53: ='2021'!G53 -> 234 | N53: ='2022'!G53 -> 366 | O53: ='2020'!H53 -> 70 | P53: ='2021'!H53 -> 127 | Q53: ='2022'!H53 -> 180 | R53: =IF(L53="",0,IF(U53=0,0,U53/L53)) -> 0.4223301 | S53: =IF(M53="",0,IF(V53=0,0,V53/M53)) -> 0.42307692 | T53: =IF(N53="",0,IF(W53=0,0,W53/N53)) -> 0.43169399 | U53: ='2020'!J53 -> 87 | V53: ='2021'!J53 -> 99 | W53: ='2022'!J53 -> 158 | X53: =IF(L53=0,"",IF(AA53="","",AA53/L53)) -> 0.40291262 | Y53: =IF(M53=0,"",IF(AB53="","",AB53/M53)) -> 0.47863248 | Z53: =IF(N53=0,"",IF(AC53="","",AC53/N53)) -> 0.39071038 | AA53: ='2020'!L53 -> 83 | AB53: ='2021'!L53 -> 112 | AC53: ='2022'!L53 -> 143 | AD53: =IF(AA53=0,"",IF(AG53="-","",AG53/AA53)) | AE53: =IF(AB53=0,"",IF(AH53="-","",AH53/AB53)) | AF53: =IF(AC53=0,"",IF(AI53="-","",AI53/AC53)) -> 0 | AG53: ='2020'!N53 -> - | AH53: ='2021'!N53 -> - | AI53: ='2022'!N53 -> 0 | AJ53: - | AK53: - | AL53: - | AM53: - | AN53: - | AO53: - | AP53: - | AQ53: - | AY53: =IF(H53<>"",$K53,"") -> France | AZ53: =IF(I53<>"",$K53,"") -> France | BA53: =IF(J53<>"",$K53,"") -> France
A54: =IF(D54="Sous-total","X",IF(G54="","","X")) | H54: =IF(L54=0,"","X") | I54: =IF(M54=0,"","X") | J54: =IF(N54=0,"","X") | L54: ='2020'!G54 -> 0 | M54: ='2021'!G54 -> 0 | N54: ='2022'!G54 -> 0 | O54: ='2020'!H54 -> 0 | P54: ='2021'!H54 -> 0 | Q54: ='2022'!H54 -> 0 | R54: =IF(L54="",0,IF(U54=0,0,U54/L54)) -> 0 | S54: =IF(M54="",0,IF(V54=0,0,V54/M54)) -> 0 | T54: =IF(N54="",0,IF(W54=0,0,W54/N54)) -> 0 | U54: ='2020'!J54 -> 0 | V54: ='2021'!J54 -> 0 | W54: ='2022'!J54 -> 0 | X54: =IF(L54=0,"",IF(AA54="","",AA54/L54)) | Y54: =IF(M54=0,"",IF(AB54="","",AB54/M54)) | Z54: =IF(N54=0,"",IF(AC54="","",AC54/N54)) | AA54: ='2020'!L54 -> 0 | AB54: ='2021'!L54 -> 0 | AC54: ='2022'!L54 -> 0 | AD54: =IF(AA54=0,"",IF(AG54="-","",AG54/AA54)) | AE54: =IF(AB54=0,"",IF(AH54="-","",AH54/AB54)) | AF54: =IF(AC54=0,"",IF(AI54="-","",AI54/AC54)) | AG54: ='2020'!N54 -> 0 | AH54: ='2021'!N54 -> 0 | AI54: ='2022'!N54 -> 0 | AY54: =IF(H54<>"",$K54,"") | AZ54: =IF(I54<>"",$K54,"") | BA54: =IF(J54<>"",$K54,"")
A55: =IF(D55="Sous-total","X",IF(G55="","","X")) | H55: =IF(L55=0,"","X") | I55: =IF(M55=0,"","X") | J55: =IF(N55=0,"","X") | L55: ='2020'!G55 -> 0 | M55: ='2021'!G55 -> 0 | N55: ='2022'!G55 -> 0 | O55: ='2020'!H55 -> 0 | P55: ='2021'!H55 -> 0 | Q55: ='2022'!H55 -> 0 | R55: =IF(L55="",0,IF(U55=0,0,U55/L55)) -> 0 | S55: =IF(M55="",0,IF(V55=0,0,V55/M55)) -> 0 | T55: =IF(N55="",0,IF(W55=0,0,W55/N55)) -> 0 | U55: ='2020'!J55 -> 0 | V55: ='2021'!J55 -> 0 | W55: ='2022'!J55 -> 0 | X55: =IF(L55=0,"",IF(AA55="","",AA55/L55)) | Y55: =IF(M55=0,"",IF(AB55="","",AB55/M55)) | Z55: =IF(N55=0,"",IF(AC55="","",AC55/N55)) | AA55: ='2020'!L55 -> 0 | AB55: ='2021'!L55 -> 0 | AC55: ='2022'!L55 -> 0 | AD55: =IF(AA55=0,"",IF(AG55="-","",AG55/AA55)) | AE55: =IF(AB55=0,"",IF(AH55="-","",AH55/AB55)) | AF55: =IF(AC55=0,"",IF(AI55="-","",AI55/AC55)) | AG55: ='2020'!N55 -> 0 | AH55: ='2021'!N55 -> 0 | AI55: ='2022'!N55 -> 0 | AY55: =IF(H55<>"",$K55,"") | AZ55: =IF(I55<>"",$K55,"") | BA55: =IF(J55<>"",$K55,"")
A56: =IF(D56="Sous-total","X",IF(G56="","","X")) -> X | G56: GAILLARD_Douane de Moïllesullaz | H56: =IF(L56=0,"","X") -> X | I56: =IF(M56=0,"","X") -> X | J56: =IF(N56=0,"","X") -> X | K56: Frontière | L56: ='2020'!G56 -> 173 | M56: ='2021'!G56 -> 157 | N56: ='2022'!G56 -> 123 | O56: ='2020'!H56 -> 62 | P56: ='2021'!H56 -> 82 | Q56: ='2022'!H56 -> 90 | R56: =IF(L56="",0,IF(U56=0,0,U56/L56)) -> 0.22543353 | S56: =IF(M56="",0,IF(V56=0,0,V56/M56)) -> 0.22929936 | T56: =IF(N56="",0,IF(W56=0,0,W56/N56)) -> 0.32520325 | U56: ='2020'!J56 -> 39 | V56: ='2021'!J56 -> 36 | W56: ='2022'!J56 -> 40 | X56: =IF(L56=0,"",IF(AA56="","",AA56/L56)) -> 0.43352601 | Y56: =IF(M56=0,"",IF(AB56="","",AB56/M56)) -> 0.31210191 | Z56: =IF(N56=0,"",IF(AC56="","",AC56/N56)) -> 0.3495935 | AA56: ='2020'!L56 -> 75 | AB56: ='2021'!L56 -> 49 | AC56: ='2022'!L56 -> 43 | AD56: =IF(AA56=0,"",IF(AG56="-","",AG56/AA56)) | AE56: =IF(AB56=0,"",IF(AH56="-","",AH56/AB56)) | AF56: =IF(AC56=0,"",IF(AI56="-","",AI56/AC56)) -> 0 | AG56: ='2020'!N56 -> - | AH56: ='2021'!N56 -> - | AI56: ='2022'!N56 -> 0 | AJ56: - | AK56: - | AL56: - | AM56: - | AY56: =IF(H56<>"",$K56,"") -> Frontière | AZ56: =IF(I56<>"",$K56,"") -> Frontière | BA56: =IF(J56<>"",$K56,"") -> Frontière
A57: =IF(D57="Sous-total","X",IF(G57="","","X")) -> X | D57: Sous-total | L57: =SUM(L49:L56) -> 1664 | M57: =SUM(M49:M56) -> 760 | N57: =SUM(N49:N56) -> 1614 | O57: =SUM(O49:O56) -> 509 | P57: =SUM(P49:P56) -> 414 | Q57: =SUM(Q49:Q56) -> 920 | R57: =IF(L57="",0,IF(U57=0,0,U57/L57)) -> 0.42367788 | S57: =IF(M57="",0,IF(V57=0,0,V57/M57)) -> 0.38157895 | T57: =IF(N57="",0,IF(W57=0,0,W57/N57)) -> 0.44423792 | U57: =SUM(U49:U56) -> 705 | V57: =SUM(V49:V56) -> 290 | W57: =SUM(W49:W56) -> 717 | X57: =IF(L57=0,"",IF(AA57="","",AA57/L57)) -> 0.41887019 | Y57: =IF(M57=0,"",IF(AB57="","",AB57/M57)) -> 0.41315789 | Z57: =IF(N57=0,"",IF(AC57="","",AC57/N57)) -> 0.38228005 | AA57: =SUM(AA49:AA56) -> 697 | AB57: =SUM(AB49:AB56) -> 314 | AC57: =SUM(AC49:AC56) -> 617 | AD57: =IF(AA57=0,"",IF(AG57="-","",AG57/AA57)) -> 0 | AE57: =IF(AB57=0,"",IF(AH57="-","",AH57/AB57)) -> 0 | AF57: =IF(AC57=0,"",IF(AI57="-","",AI57/AC57)) -> 0 | AG57: =SUM(AG49:AG56) -> 0 | AH57: =SUM(AH49:AH56) -> 0 | AI57: =SUM(AI49:AI56) -> 0 | AJ57: =SUM(AJ49:AJ56) -> 0 | AK57: =SUM(AK49:AK56) -> 0 | AL57: =SUM(AL49:AL56) -> 0 | AM57: =SUM(AM49:AM56) -> 0 | AN57: =SUM(AN49:AN56) -> 0 | ... AQ57: =SUM(AQ49:AQ56) -> 0 | AY57: =IF(H57<>"",$K57,"") | AZ57: =IF(I57<>"",$K57,"") | BA57: =IF(J57<>"",$K57,"")
A58: =IF(D58="Sous-total","X",IF(G58="","","X")) -> X | B58: Le Préau | C58: NON | D58: ='2020'!D58 -> 0 | E58: ='2021'!D58 -> 0 | F58: ='2022'!D58 -> 2 | G58: ST-JULIEN_Douane piét. (chemin de Chécande) | H58: =IF(L58=0,"","X") | I58: =IF(M58=0,"","X") | J58: =IF(N58=0,"","X") -> X | K58: Frontière | L58: ='2020'!G58 -> 0 | M58: ='2021'!G58 -> 0 | N58: ='2022'!G58 -> 20 | O58: ='2020'!H58 -> 0 | P58: ='2021'!H58 -> 0 | Q58: ='2022'!H58 -> 8 | R58: =IF(L58="",0,IF(U58=0,0,U58/L58)) -> 0 | S58: =IF(M58="",0,IF(V58=0,0,V58/M58)) -> 0 | T58: =IF(N58="",0,IF(W58=0,0,W58/N58)) -> 0.65 | U58: ='2020'!J58 -> 0 | V58: ='2021'!J58 -> 0 | W58: ='2022'!J58 -> 13 | X58: =IF(L58=0,"",IF(AA58="","",AA58/L58)) | Y58: =IF(M58=0,"",IF(AB58="","",AB58/M58)) | Z58: =IF(N58=0,"",IF(AC58="","",AC58/N58)) -> 0.25 | AA58: ='2020'!L58 -> 0 | AB58: ='2021'!L58 -> 0 | AC58: ='2022'!L58 -> 5 | AD58: =IF(AA58=0,"",IF(AG58="-","",AG58/AA58)) | AE58: =IF(AB58=0,"",IF(AH58="-","",AH58/AB58)) | AF58: =IF(AC58=0,"",IF(AI58="-","",AI58/AC58)) -> 0.8 | AG58: ='2020'!N58 -> 0 | AH58: ='2021'!N58 -> 0 | AI58: ='2022'!N58 -> 4 | AJ58: - | AK58: - | AL58: - | AM58: - | AN58: 51 | AO58: 36 | AP58: 2 | AQ58: 2 | AS58: Compté par Salève Vivant en 2021 sous le nom Charrot | AY58: =IF(H58<>"",$K58,"") | AZ58: =IF(I58<>"",$K58,"") | BA58: =IF(J58<>"",$K58,"") -> Frontière
A59: =IF(D59="Sous-total","X",IF(G59="","","X")) -> X | G59: ST-JULIEN_Douane piét. (chemin de Lathoy) | H59: =IF(L59=0,"","X") | I59: =IF(M59=0,"","X") | J59: =IF(N59=0,"","X") -> X | K59: Frontière | L59: ='2020'!G59 -> 0 | M59: ='2021'!G59 -> 0 | N59: ='2022'!G59 -> 11 | O59: ='2020'!H59 -> 0 | P59: ='2021'!H59 -> 0 | Q59: ='2022'!H59 -> 4 | R59: =IF(L59="",0,IF(U59=0,0,U59/L59)) -> 0 | S59: =IF(M59="",0,IF(V59=0,0,V59/M59)) -> 0 | T59: =IF(N59="",0,IF(W59=0,0,W59/N59)) -> 0.54545455 | U59: ='2020'!J59 -> 0 | V59: ='2021'!J59 -> 0 | W59: ='2022'!J59 -> 6 | X59: =IF(L59=0,"",IF(AA59="","",AA59/L59)) | Y59: =IF(M59=0,"",IF(AB59="","",AB59/M59)) | Z59: =IF(N59=0,"",IF(AC59="","",AC59/N59)) -> 0.18181818 | AA59: ='2020'!L59 -> 0 | AB59: ='2021'!L59 -> 0 | AC59: ='2022'!L59 -> 2 | AD59: =IF(AA59=0,"",IF(AG59="-","",AG59/AA59)) | AE59: =IF(AB59=0,"",IF(AH59="-","",AH59/AB59)) | AF59: =IF(AC59=0,"",IF(AI59="-","",AI59/AC59)) -> 0.5 | AG59: ='2020'!N59 -> 0 | AH59: ='2021'!N59 -> 0 | AI59: ='2022'!N59 -> 1 | AJ59: - | AK59: - | AL59: - | AM59: - | AN59: 112 | AO59: 82 | AP59: 5 | AQ59: 4 | AS59: Y compris comptage France-France carrefour Sous Lathoy | AY59: =IF(H59<>"",$K59,"") | AZ59: =IF(I59<>"",$K59,"") | BA59: =IF(J59<>"",$K59,"") -> Frontière
A60: =IF(D60="Sous-total","X",IF(G60="","","X")) | H60: =IF(L60=0,"","X") | I60: =IF(M60=0,"","X") | J60: =IF(N60=0,"","X") | L60: ='2020'!G60 -> 0 | M60: ='2021'!G60 -> 0 | N60: ='2022'!G60 -> 0 | O60: ='2020'!H60 -> 0 | P60: ='2021'!H60 -> 0 | Q60: ='2022'!H60 -> 0 | R60: =IF(L60="",0,IF(U60=0,0,U60/L60)) -> 0 | S60: =IF(M60="",0,IF(V60=0,0,V60/M60)) -> 0 | T60: =IF(N60="",0,IF(W60=0,0,W60/N60)) -> 0 | U60: ='2020'!J60 -> 0 | V60: ='2021'!J60 -> 0 | W60: ='2022'!J60 -> 0 | X60: =IF(L60=0,"",IF(AA60="","",AA60/L60)) | Y60: =IF(M60=0,"",IF(AB60="","",AB60/M60)) | Z60: =IF(N60=0,"",IF(AC60="","",AC60/N60)) | AA60: ='2020'!L60 -> 0 | AB60: ='2021'!L60 -> 0 | AC60: ='2022'!L60 -> 0 | AD60: =IF(AA60=0,"",IF(AG60="-","",AG60/AA60)) | AE60: =IF(AB60=0,"",IF(AH60="-","",AH60/AB60)) | AF60: =IF(AC60=0,"",IF(AI60="-","",AI60/AC60)) | AG60: ='2020'!N60 -> 0 | AH60: ='2021'!N60 -> 0 | AI60: ='2022'!N60 -> 0 | AJ60: - | AK60: - | AL60: - | AM60: - | AN60: 22 | AO60: 20 | AP60: 0 | AQ60: 0 | AY60: =IF(H60<>"",$K60,"") | AZ60: =IF(I60<>"",$K60,"") | BA60: =IF(J60<>"",$K60,"")
A61: =IF(D61="Sous-total","X",IF(G61="","","X")) | H61: =IF(L61=0,"","X") | I61: =IF(M61=0,"","X") | J61: =IF(N61=0,"","X") | L61: ='2020'!G61 -> 0 | M61: ='2021'!G61 -> 0 | N61: ='2022'!G61 -> 0 | O61: ='2020'!H61 -> 0 | P61: ='2021'!H61 -> 0 | Q61: ='2022'!H61 -> 0 | R61: =IF(L61="",0,IF(U61=0,0,U61/L61)) -> 0 | S61: =IF(M61="",0,IF(V61=0,0,V61/M61)) -> 0 | T61: =IF(N61="",0,IF(W61=0,0,W61/N61)) -> 0 | U61: ='2020'!J61 -> 0 | V61: ='2021'!J61 -> 0 | W61: ='2022'!J61 -> 0 | X61: =IF(L61=0,"",IF(AA61="","",AA61/L61)) | Y61: =IF(M61=0,"",IF(AB61="","",AB61/M61)) | Z61: =IF(N61=0,"",IF(AC61="","",AC61/N61)) | AA61: ='2020'!L61 -> 0 | AB61: ='2021'!L61 -> 0 | AC61: ='2022'!L61 -> 0 | AD61: =IF(AA61=0,"",IF(AG61="-","",AG61/AA61)) | AE61: =IF(AB61=0,"",IF(AH61="-","",AH61/AB61)) | AF61: =IF(AC61=0,"",IF(AI61="-","",AI61/AC61)) | AG61: ='2020'!N61 -> 0 | AH61: ='2021'!N61 -> 0 | AI61: ='2022'!N61 -> 0 | AJ61: - | AK61: - | AL61: - | AM61: - | AN61: 46 | AO61: 31 | AP61: 3 | AQ61: 2 | AY61: =IF(H61<>"",$K61,"") | AZ61: =IF(I61<>"",$K61,"") | BA61: =IF(J61<>"",$K61,"")
A62: =IF(D62="Sous-total","X",IF(G62="","","X")) | H62: =IF(L62=0,"","X") | I62: =IF(M62=0,"","X") | J62: =IF(N62=0,"","X") | L62: ='2020'!G62 -> 0 | M62: ='2021'!G62 -> 0 | N62: ='2022'!G62 -> 0 | O62: ='2020'!H62 -> 0 | P62: ='2021'!H62 -> 0 | Q62: ='2022'!H62 -> 0 | R62: =IF(L62="",0,IF(U62=0,0,U62/L62)) -> 0 | S62: =IF(M62="",0,IF(V62=0,0,V62/M62)) -> 0 | T62: =IF(N62="",0,IF(W62=0,0,W62/N62)) -> 0 | U62: ='2020'!J62 -> 0 | V62: ='2021'!J62 -> 0 | W62: ='2022'!J62 -> 0 | X62: =IF(L62=0,"",IF(AA62="","",AA62/L62)) | Y62: =IF(M62=0,"",IF(AB62="","",AB62/M62)) | Z62: =IF(N62=0,"",IF(AC62="","",AC62/N62)) | AA62: ='2020'!L62 -> 0 | AB62: ='2021'!L62 -> 0 | AC62: ='2022'!L62 -> 0 | AD62: =IF(AA62=0,"",IF(AG62="-","",AG62/AA62)) | AE62: =IF(AB62=0,"",IF(AH62="-","",AH62/AB62)) | AF62: =IF(AC62=0,"",IF(AI62="-","",AI62/AC62)) | AG62: ='2020'!N62 -> 0 | AH62: ='2021'!N62 -> 0 | AI62: ='2022'!N62 -> 0 | AJ62: - | AK62: - | AL62: - | AM62: - | AN62: 46 | AO62: 31 | AP62: 3 | AQ62: 2 | AY62: =IF(H62<>"",$K62,"") | AZ62: =IF(I62<>"",$K62,"") | BA62: =IF(J62<>"",$K62,"")
A63: =IF(D63="Sous-total","X",IF(G63="","","X")) | H63: =IF(L63=0,"","X") | I63: =IF(M63=0,"","X") | J63: =IF(N63=0,"","X") | L63: ='2020'!G63 -> 0 | M63: ='2021'!G63 -> 0 | N63: ='2022'!G63 -> 0 | O63: ='2020'!H63 -> 0 | P63: ='2021'!H63 -> 0 | Q63: ='2022'!H63 -> 0 | R63: =IF(L63="",0,IF(U63=0,0,U63/L63)) -> 0 | S63: =IF(M63="",0,IF(V63=0,0,V63/M63)) -> 0 | T63: =IF(N63="",0,IF(W63=0,0,W63/N63)) -> 0 | U63: ='2020'!J63 -> 0 | V63: ='2021'!J63 -> 0 | W63: ='2022'!J63 -> 0 | X63: =IF(L63=0,"",IF(AA63="","",AA63/L63)) | Y63: =IF(M63=0,"",IF(AB63="","",AB63/M63)) | Z63: =IF(N63=0,"",IF(AC63="","",AC63/N63)) | AA63: ='2020'!L63 -> 0 | AB63: ='2021'!L63 -> 0 | AC63: ='2022'!L63 -> 0 | AD63: =IF(AA63=0,"",IF(AG63="-","",AG63/AA63)) | AE63: =IF(AB63=0,"",IF(AH63="-","",AH63/AB63)) | AF63: =IF(AC63=0,"",IF(AI63="-","",AI63/AC63)) | AG63: ='2020'!N63 -> 0 | AH63: ='2021'!N63 -> 0 | AI63: ='2022'!N63 -> 0 | AJ63: - | AK63: - | AL63: - | AM63: - | AN63: 46 | AO63: 31 | AP63: 3 | AQ63: 2 | AY63: =IF(H63<>"",$K63,"") | AZ63: =IF(I63<>"",$K63,"") | BA63: =IF(J63<>"",$K63,"")
A64: =IF(D64="Sous-total","X",IF(G64="","","X")) | H64: =IF(L64=0,"","X") | I64: =IF(M64=0,"","X") | J64: =IF(N64=0,"","X") | L64: ='2020'!G64 -> 0 | M64: ='2021'!G64 -> 0 | N64: ='2022'!G64 -> 0 | O64: ='2020'!H64 -> 0 | P64: ='2021'!H64 -> 0 | Q64: ='2022'!H64 -> 0 | R64: =IF(L64="",0,IF(U64=0,0,U64/L64)) -> 0 | S64: =IF(M64="",0,IF(V64=0,0,V64/M64)) -> 0 | T64: =IF(N64="",0,IF(W64=0,0,W64/N64)) -> 0 | U64: ='2020'!J64 -> 0 | V64: ='2021'!J64 -> 0 | W64: ='2022'!J64 -> 0 | X64: =IF(L64=0,"",IF(AA64="","",AA64/L64)) | Y64: =IF(M64=0,"",IF(AB64="","",AB64/M64)) | Z64: =IF(N64=0,"",IF(AC64="","",AC64/N64)) | AA64: ='2020'!L64 -> 0 | AB64: ='2021'!L64 -> 0 | AC64: ='2022'!L64 -> 0 | AD64: =IF(AA64=0,"",IF(AG64="-","",AG64/AA64)) | AE64: =IF(AB64=0,"",IF(AH64="-","",AH64/AB64)) | AF64: =IF(AC64=0,"",IF(AI64="-","",AI64/AC64)) | AG64: ='2020'!N64 -> 0 | AH64: ='2021'!N64 -> 0 | AI64: ='2022'!N64 -> 0 | AJ64: - | AK64: - | AL64: - | AM64: - | AN64: 40 | AO64: 40 | AP64: 4 | AQ64: 4 | AY64: =IF(H64<>"",$K64,"") | AZ64: =IF(I64<>"",$K64,"") | BA64: =IF(J64<>"",$K64,"")
A65: =IF(D65="Sous-total","X",IF(G65="","","X")) -> X | D65: Sous-total | L65: =SUM(L58:L64) -> 0 | M65: =SUM(M58:M64) -> 0 | N65: =SUM(N58:N64) -> 31 | O65: =SUM(O58:O64) -> 0 | P65: =SUM(P58:P64) -> 0 | Q65: =SUM(Q58:Q64) -> 12 | R65: =IF(L65="",0,IF(U65=0,0,U65/L65)) -> 0 | S65: =IF(M65="",0,IF(V65=0,0,V65/M65)) -> 0 | T65: =IF(N65="",0,IF(W65=0,0,W65/N65)) -> 0.61290323 | U65: =SUM(U58:U64) -> 0 | V65: =SUM(V58:V64) -> 0 | W65: =SUM(W58:W64) -> 19 | X65: =IF(L65=0,"",IF(AA65="","",AA65/L65)) | Y65: =IF(M65=0,"",IF(AB65="","",AB65/M65)) | Z65: =IF(N65=0,"",IF(AC65="","",AC65/N65)) -> 0.22580645 | AA65: =SUM(AA58:AA64) -> 0 | AB65: =SUM(AB58:AB64) -> 0 | AC65: =SUM(AC58:AC64) -> 7 | AD65: =IF(AA65=0,"",IF(AG65="-","",AG65/AA65)) | AE65: =IF(AB65=0,"",IF(AH65="-","",AH65/AB65)) | AF65: =IF(AC65=0,"",IF(AI65="-","",AI65/AC65)) -> 0.71428571 | AG65: =SUM(AG58:AG64) -> 0 | AH65: =SUM(AH58:AH64) -> 0 | AI65: =SUM(AI58:AI64) -> 5 | AJ65: =SUM(AJ58:AJ64) -> 0 | AK65: =SUM(AK58:AK64) -> 0 | AL65: =SUM(AL58:AL64) -> 0 | AM65: =SUM(AM58:AM64) -> 0 | AN65: =SUM(AN58:AN64) -> 363 | ... AQ65: =SUM(AQ58:AQ64) -> 16 | AY65: =IF(H65<>"",$K65,"") | AZ65: =IF(I65<>"",$K65,"") | BA65: =IF(J65<>"",$K65,"")
A66: =IF(D66="Sous-total","X",IF(G66="","","X")) -> X | B66: Salève Vivant | C66: NON | D66: ='2020'!D66 -> 12 | E66: ='2021'!D66 -> 11 | F66: ='2022'!D66 -> 10 | G66: ARCHAMPS_Douane de Landecy | H66: =IF(L66=0,"","X") -> X | I66: =IF(M66=0,"","X") -> X | J66: =IF(N66=0,"","X") -> X | K66: Frontière | L66: ='2020'!G66 -> 33 | M66: ='2021'!G66 -> 53 | N66: ='2022'!G66 -> 35 | O66: ='2020'!H66 -> 33 | P66: ='2021'!H66 -> 38 | Q66: ='2022'!H66 -> 35 | R66: =IF(L66="",0,IF(U66=0,0,U66/L66)) -> 0.63636364 | S66: =IF(M66="",0,IF(V66=0,0,V66/M66)) -> 0.60377358 | T66: =IF(N66="",0,IF(W66=0,0,W66/N66)) -> 0.77142857 | U66: ='2020'!J66 -> 21 | V66: ='2021'!J66 -> 32 | W66: ='2022'!J66 -> 27 | X66: =IF(L66=0,"",IF(AA66="","",AA66/L66)) -> 0.24242424 | Y66: =IF(M66=0,"",IF(AB66="","",AB66/M66)) -> 0.22641509 | Z66: =IF(N66=0,"",IF(AC66="","",AC66/N66)) -> 0.4 | AA66: ='2020'!L66 -> 8 | AB66: ='2021'!L66 -> 12 | AC66: ='2022'!L66 -> 14 | AD66: =IF(AA66=0,"",IF(AG66="-","",AG66/AA66)) -> 0.875 | AE66: =IF(AB66=0,"",IF(AH66="-","",AH66/AB66)) -> 0.83333333 | AF66: =IF(AC66=0,"",IF(AI66="-","",AI66/AC66)) -> 0.71428571 | AG66: ='2020'!N66 -> 7 | AH66: ='2021'!N66 -> 10 | AI66: ='2022'!N66 -> 10 | AJ66: - | AK66: - | AL66: - | AM66: - | AN66: 51 | AO66: 36 | AP66: 2 | AQ66: 2 | AY66: =IF(H66<>"",$K66,"") -> Frontière | AZ66: =IF(I66<>"",$K66,"") -> Frontière | BA66: =IF(J66<>"",$K66,"") -> Frontière
A67: =IF(D67="Sous-total","X",IF(G67="","","X")) -> X | G67: COLLONGES_Douane de Croix de Rozon | H67: =IF(L67=0,"","X") -> X | I67: =IF(M67=0,"","X") -> X | J67: =IF(N67=0,"","X") -> X | K67: Frontière | L67: ='2020'!G67 -> 88 | M67: ='2021'!G67 -> 117 | N67: ='2022'!G67 -> 93 | O67: ='2020'!H67 -> 88 | P67: ='2021'!H67 -> 86 | Q67: ='2022'!H67 -> 93 | R67: =IF(L67="",0,IF(U67=0,0,U67/L67)) -> 0.60227273 | S67: =IF(M67="",0,IF(V67=0,0,V67/M67)) -> 0.69230769 | T67: =IF(N67="",0,IF(W67=0,0,W67/N67)) -> 0.78494624 | U67: ='2020'!J67 -> 53 | V67: ='2021'!J67 -> 81 | W67: ='2022'!J67 -> 73 | X67: =IF(L67=0,"",IF(AA67="","",AA67/L67)) -> 0.36363636 | Y67: =IF(M67=0,"",IF(AB67="","",AB67/M67)) -> 0.4017094 | Z67: =IF(N67=0,"",IF(AC67="","",AC67/N67)) -> 0.37634409 | AA67: ='2020'!L67 -> 32 | AB67: ='2021'!L67 -> 47 | AC67: ='2022'!L67 -> 35 | AD67: =IF(AA67=0,"",IF(AG67="-","",AG67/AA67)) -> 0.84375 | AE67: =IF(AB67=0,"",IF(AH67="-","",AH67/AB67)) -> 0.70212766 | AF67: =IF(AC67=0,"",IF(AI67="-","",AI67/AC67)) -> 0.94285714 | AG67: ='2020'!N67 -> 27 | AH67: ='2021'!N67 -> 33 | AI67: ='2022'!N67 -> 33 | AJ67: - | AK67: - | AL67: - | AM67: - | AN67: 112 | AO67: 82 | AP67: 5 | AQ67: 4 | AY67: =IF(H67<>"",$K67,"") -> Frontière | AZ67: =IF(I67<>"",$K67,"") -> Frontière | BA67: =IF(J67<>"",$K67,"") -> Frontière
A68: =IF(D68="Sous-total","X",IF(G68="","","X")) -> X | G68: BOSSEY_Douane de Pierre-Grand | H68: =IF(L68=0,"","X") -> X | I68: =IF(M68=0,"","X") -> X | J68: =IF(N68=0,"","X") -> X | K68: Frontière | L68: ='2020'!G68 -> 14 | M68: ='2021'!G68 -> 22 | N68: ='2022'!G68 -> 25 | O68: ='2020'!H68 -> 14 | P68: ='2021'!H68 -> 20 | Q68: ='2022'!H68 -> 25 | R68: =IF(L68="",0,IF(U68=0,0,U68/L68)) -> 0.64285714 | S68: =IF(M68="",0,IF(V68=0,0,V68/M68)) -> 0.72727273 | T68: =IF(N68="",0,IF(W68=0,0,W68/N68)) -> 0.76 | U68: ='2020'!J68 -> 9 | V68: ='2021'!J68 -> 16 | W68: ='2022'!J68 -> 19 | X68: =IF(L68=0,"",IF(AA68="","",AA68/L68)) -> 0.5 | Y68: =IF(M68=0,"",IF(AB68="","",AB68/M68)) -> 0.54545455 | Z68: =IF(N68=0,"",IF(AC68="","",AC68/N68)) -> 0.44 | AA68: ='2020'!L68 -> 7 | AB68: ='2021'!L68 -> 12 | AC68: ='2022'!L68 -> 11 | AD68: =IF(AA68=0,"",IF(AG68="-","",AG68/AA68)) -> 0.57142857 | AE68: =IF(AB68=0,"",IF(AH68="-","",AH68/AB68)) -> 0.75 | AF68: =IF(AC68=0,"",IF(AI68="-","",AI68/AC68)) -> 0.81818182 | AG68: ='2020'!N68 -> 4 | AH68: ='2021'!N68 -> 9 | AI68: ='2022'!N68 -> 9 | AJ68: - | AK68: - | AL68: - | AM68: - | AN68: 22 | AO68: 20 | AP68: 0 | AQ68: 0 | AY68: =IF(H68<>"",$K68,"") -> Frontière | AZ68: =IF(I68<>"",$K68,"") -> Frontière | BA68: =IF(J68<>"",$K68,"") -> Frontière
A69: =IF(D69="Sous-total","X",IF(G69="","","X")) -> X | G69: BOSSEY_Douane de Troinex/Bossey | H69: =IF(L69=0,"","X") -> X | I69: =IF(M69=0,"","X") -> X | J69: =IF(N69=0,"","X") -> X | K69: Frontière | L69: ='2020'!G69 -> 23 | M69: ='2021'!G69 -> 49 | N69: ='2022'!G69 -> 37 | O69: ='2020'!H69 -> 23 | P69: ='2021'!H69 -> 33 | Q69: ='2022'!H69 -> 37 | R69: =IF(L69="",0,IF(U69=0,0,U69/L69)) -> 0.65217391 | S69: =IF(M69="",0,IF(V69=0,0,V69/M69)) -> 0.71428571 | T69: =IF(N69="",0,IF(W69=0,0,W69/N69)) -> 0.64864865 | U69: ='2020'!J69 -> 15 | V69: ='2021'!J69 -> 35 | W69: ='2022'!J69 -> 24 | X69: =IF(L69=0,"",IF(AA69="","",AA69/L69)) -> 0.47826087 | Y69: =IF(M69=0,"",IF(AB69="","",AB69/M69)) -> 0.40816327 | Z69: =IF(N69=0,"",IF(AC69="","",AC69/N69)) -> 0.40540541 | AA69: ='2020'!L69 -> 11 | AB69: ='2021'!L69 -> 20 | AC69: ='2022'!L69 -> 15 | AD69: =IF(AA69=0,"",IF(AG69="-","",AG69/AA69)) -> 0.72727273 | AE69: =IF(AB69=0,"",IF(AH69="-","",AH69/AB69)) -> 0.85 | AF69: =IF(AC69=0,"",IF(AI69="-","",AI69/AC69)) -> 0.73333333 | AG69: ='2020'!N69 -> 8 | AH69: ='2021'!N69 -> 17 | AI69: ='2022'!N69 -> 11 | AJ69: - | AK69: - | AL69: - | AM69: - | AN69: 46 | AO69: 31 | AP69: 3 | AQ69: 2 | AY69: =IF(H69<>"",$K69,"") -> Frontière | AZ69: =IF(I69<>"",$K69,"") -> Frontière | BA69: =IF(J69<>"",$K69,"") -> Frontière
A70: =IF(D70="Sous-total","X",IF(G70="","","X")) -> X | G70: COLLONGES_Passage parking du Marché | H70: =IF(L70=0,"","X") | I70: =IF(M70=0,"","X") | J70: =IF(N70=0,"","X") -> X | K70: Frontière | L70: ='2020'!G70 -> 0 | M70: ='2021'!G70 -> 0 | N70: ='2022'!G70 -> 11 | O70: ='2020'!H70 -> 0 | P70: ='2021'!H70 -> 0 | Q70: ='2022'!H70 -> 11 | R70: =IF(L70="",0,IF(U70=0,0,U70/L70)) -> 0 | S70: =IF(M70="",0,IF(V70=0,0,V70/M70)) -> 0 | T70: =IF(N70="",0,IF(W70=0,0,W70/N70)) -> 0.81818182 | U70: ='2020'!J70 -> 0 | V70: ='2021'!J70 -> 0 | W70: ='2022'!J70 -> 9 | X70: =IF(L70=0,"",IF(AA70="","",AA70/L70)) | Y70: =IF(M70=0,"",IF(AB70="","",AB70/M70)) | Z70: =IF(N70=0,"",IF(AC70="","",AC70/N70)) -> 0.36363636 | AA70: ='2020'!L70 -> 0 | AB70: ='2021'!L70 -> 0 | AC70: ='2022'!L70 -> 4 | AD70: =IF(AA70=0,"",IF(AG70="-","",AG70/AA70)) | AE70: =IF(AB70=0,"",IF(AH70="-","",AH70/AB70)) | AF70: =IF(AC70=0,"",IF(AI70="-","",AI70/AC70)) -> 1 | AG70: ='2020'!N70 -> 0 | AH70: ='2021'!N70 -> 0 | AI70: ='2022'!N70 -> 4 | AY70: =IF(H70<>"",$K70,"") | AZ70: =IF(I70<>"",$K70,"") | BA70: =IF(J70<>"",$K70,"") -> Frontière
A71: =IF(D71="Sous-total","X",IF(G71="","","X")) | H71: =IF(L71=0,"","X") | I71: =IF(M71=0,"","X") | J71: =IF(N71=0,"","X") | L71: ='2020'!G71 -> 0 | M71: ='2021'!G71 -> 0 | N71: ='2022'!G71 -> 0 | O71: ='2020'!H71 -> 0 | P71: ='2021'!H71 -> 0 | Q71: ='2022'!H71 -> 0 | R71: =IF(L71="",0,IF(U71=0,0,U71/L71)) -> 0 | S71: =IF(M71="",0,IF(V71=0,0,V71/M71)) -> 0 | T71: =IF(N71="",0,IF(W71=0,0,W71/N71)) -> 0 | U71: ='2020'!J71 -> 0 | V71: ='2021'!J71 -> 0 | W71: ='2022'!J71 -> 0 | X71: =IF(L71=0,"",IF(AA71="","",AA71/L71)) | Y71: =IF(M71=0,"",IF(AB71="","",AB71/M71)) | Z71: =IF(N71=0,"",IF(AC71="","",AC71/N71)) | AA71: ='2020'!L71 -> 0 | AB71: ='2021'!L71 -> 0 | AC71: ='2022'!L71 -> 0 | AD71: =IF(AA71=0,"",IF(AG71="-","",AG71/AA71)) | AE71: =IF(AB71=0,"",IF(AH71="-","",AH71/AB71)) | AF71: =IF(AC71=0,"",IF(AI71="-","",AI71/AC71)) | AG71: ='2020'!N71 -> 0 | AH71: ='2021'!N71 -> 0 | AI71: ='2022'!N71 -> 0 | AY71: =IF(H71<>"",$K71,"") | AZ71: =IF(I71<>"",$K71,"") | BA71: =IF(J71<>"",$K71,"")
A72: =IF(D72="Sous-total","X",IF(G72="","","X")) -> X | G72: VEYRIER_Douane du Pas de l'Echelle | H72: =IF(L72=0,"","X") -> X | I72: =IF(M72=0,"","X") -> X | J72: =IF(N72=0,"","X") | K72: Frontière | L72: ='2020'!G72 -> 36 | M72: ='2021'!G72 -> 44 | N72: ='2022'!G72 -> 0 | O72: ='2020'!H72 -> 36 | P72: ='2021'!H72 -> 44 | Q72: ='2022'!H72 -> 0 | R72: =IF(L72="",0,IF(U72=0,0,U72/L72)) -> 0.5 | S72: =IF(M72="",0,IF(V72=0,0,V72/M72)) -> 0.63636364 | T72: =IF(N72="",0,IF(W72=0,0,W72/N72)) -> 0 | U72: ='2020'!J72 -> 18 | V72: ='2021'!J72 -> 28 | W72: ='2022'!J72 -> 0 | X72: =IF(L72=0,"",IF(AA72="","",AA72/L72)) -> 0.47222222 | Y72: =IF(M72=0,"",IF(AB72="","",AB72/M72)) -> 0.36363636 | Z72: =IF(N72=0,"",IF(AC72="","",AC72/N72)) | AA72: ='2020'!L72 -> 17 | AB72: ='2021'!L72 -> 16 | AC72: ='2022'!L72 -> 0 | AD72: =IF(AA72=0,"",IF(AG72="-","",AG72/AA72)) -> 0.76470588 | AE72: =IF(AB72=0,"",IF(AH72="-","",AH72/AB72)) -> 0.9375 | AF72: =IF(AC72=0,"",IF(AI72="-","",AI72/AC72)) | AG72: ='2020'!N72 -> 13 | AH72: ='2021'!N72 -> 15 | AI72: ='2022'!N72 -> 0 | AJ72: - | AK72: - | AL72: - | AM72: - | AN72: 40 | AO72: 40 | AP72: 4 | AQ72: 4 | AS72: Compté par Salève Vivant en 2020 (sinon ProVélo ou EVAV ?) | AY72: =IF(H72<>"",$K72,"") -> Frontière | AZ72: =IF(I72<>"",$K72,"") -> Frontière | BA72: =IF(J72<>"",$K72,"")
A73: =IF(D73="Sous-total","X",IF(G73="","","X")) -> X | D73: Sous-total | L73: =SUM(L66:L72) -> 194 | M73: =SUM(M66:M72) -> 285 | N73: =SUM(N66:N72) -> 201 | O73: =SUM(O66:O72) -> 194 | P73: =SUM(P66:P72) -> 221 | Q73: =SUM(Q66:Q72) -> 201 | R73: =IF(L73="",0,IF(U73=0,0,U73/L73)) -> 0.59793814 | S73: =IF(M73="",0,IF(V73=0,0,V73/M73)) -> 0.67368421 | T73: =IF(N73="",0,IF(W73=0,0,W73/N73)) -> 0.75621891 | U73: =SUM(U66:U72) -> 116 | V73: =SUM(V66:V72) -> 192 | W73: =SUM(W66:W72) -> 152 | X73: =IF(L73=0,"",IF(AA73="","",AA73/L73)) -> 0.38659794 | Y73: =IF(M73=0,"",IF(AB73="","",AB73/M73)) -> 0.3754386 | Z73: =IF(N73=0,"",IF(AC73="","",AC73/N73)) -> 0.39303483 | AA73: =SUM(AA66:AA72) -> 75 | AB73: =SUM(AB66:AB72) -> 107 | AC73: =SUM(AC66:AC72) -> 79 | AD73: =IF(AA73=0,"",IF(AG73="-","",AG73/AA73)) -> 0.78666667 | AE73: =IF(AB73=0,"",IF(AH73="-","",AH73/AB73)) -> 0.78504673 | AF73: =IF(AC73=0,"",IF(AI73="-","",AI73/AC73)) -> 0.84810127 | AG73: =SUM(AG66:AG72) -> 59 | AH73: =SUM(AH66:AH72) -> 84 | AI73: =SUM(AI66:AI72) -> 67 | AJ73: =SUM(AJ66:AJ72) -> 0 | AK73: =SUM(AK66:AK72) -> 0 | AL73: =SUM(AL66:AL72) -> 0 | AM73: =SUM(AM66:AM72) -> 0 | AN73: =SUM(AN66:AN72) -> 271 | ... AQ73: =SUM(AQ66:AQ72) -> 12 | AY73: =IF(H73<>"",$K73,"") | AZ73: =IF(I73<>"",$K73,"") | BA73: =IF(J73<>"",$K73,"")
A74: =IF(D74="Sous-total","X",IF(G74="","","X")) -> X | B74: Groupe St-Julien | C74: NON | D74: ='2020'!D74 -> 10 | E74: ='2021'!D74 -> 17 | F74: ='2022'!D74 -> 12 | G74: ST-JULIEN_Douane de Perly | H74: =IF(L74=0,"","X") -> X | I74: =IF(M74=0,"","X") -> X | J74: =IF(N74=0,"","X") -> X | K74: Frontière | L74: ='2020'!G74 -> 59 | M74: ='2021'!G74 -> 76 | N74: ='2022'!G74 -> 94 | O74: ='2020'!H74 -> 59 | P74: ='2021'!H74 -> 76 | Q74: ='2022'!H74 -> 82 | R74: =IF(L74="",0,IF(U74=0,0,U74/L74)) -> 0.51 | S74: =IF(M74="",0,IF(V74=0,0,V74/M74)) -> 0.5 | T74: =IF(N74="",0,IF(W74=0,0,W74/N74)) -> 0.4787234 | U74: ='2020'!J74 -> 30.09 | V74: ='2021'!J74 -> 38 | W74: ='2022'!J74 -> 45 | X74: =IF(L74=0,"",IF(AA74="","",AA74/L74)) -> 0.44 | Y74: =IF(M74=0,"",IF(AB74="","",AB74/M74)) -> 0.38157895 | Z74: =IF(N74=0,"",IF(AC74="","",AC74/N74)) -> 0.34042553 | AA74: ='2020'!L74 -> 25.96 | AB74: ='2021'!L74 -> 29 | AC74: ='2022'!L74 -> 32 | AD74: =IF(AA74=0,"",IF(AG74="-","",AG74/AA74)) -> 0.62 | AE74: =IF(AB74=0,"",IF(AH74="-","",AH74/AB74)) -> 0.72413793 | AF74: =IF(AC74=0,"",IF(AI74="-","",AI74/AC74)) -> 0.59375 | AG74: ='2020'!N74 -> 16.0952 | AH74: ='2021'!N74 -> 21 | AI74: ='2022'!N74 -> 19 | AJ74: - | AK74: - | AL74: - | AM74: - | AN74: 75 | AO74: 75 | AP74: 1 | AQ74: 1 | AY74: =IF(H74<>"",$K74,"") -> Frontière | AZ74: =IF(I74<>"",$K74,"") -> Frontière | BA74: =IF(J74<>"",$K74,"") -> Frontière
A75: =IF(D75="Sous-total","X",IF(G75="","","X")) -> X | G75: ST-JULIEN_Passage douanier des Crottes | H75: =IF(L75=0,"","X") -> X | I75: =IF(M75=0,"","X") -> X | J75: =IF(N75=0,"","X") -> X | K75: Frontière | L75: ='2020'!G75 -> 45 | M75: ='2021'!G75 -> 80 | N75: ='2022'!G75 -> 100 | O75: ='2020'!H75 -> 45 | P75: ='2021'!H75 -> 80 | Q75: ='2022'!H75 -> 70 | R75: =IF(L75="",0,IF(U75=0,0,U75/L75)) -> 0.58 | S75: =IF(M75="",0,IF(V75=0,0,V75/M75)) -> 0.6375 | T75: =IF(N75="",0,IF(W75=0,0,W75/N75)) -> 0.61 | U75: ='2020'!J75 -> 26.1 | V75: ='2021'!J75 -> 51 | W75: ='2022'!J75 -> 61 | X75: =IF(L75=0,"",IF(AA75="","",AA75/L75)) -> 0.44 | Y75: =IF(M75=0,"",IF(AB75="","",AB75/M75)) -> 0.5 | Z75: =IF(N75=0,"",IF(AC75="","",AC75/N75)) -> 0.32 | AA75: ='2020'!L75 -> 19.8 | AB75: ='2021'!L75 -> 40 | AC75: ='2022'!L75 -> 32 | AD75: =IF(AA75=0,"",IF(AG75="-","",AG75/AA75)) -> 0.65 | AE75: =IF(AB75=0,"",IF(AH75="-","",AH75/AB75)) -> 0.65 | AF75: =IF(AC75=0,"",IF(AI75="-","",AI75/AC75)) -> 0.625 | AG75: ='2020'!N75 -> 12.87 | AH75: ='2021'!N75 -> 26 | AI75: ='2022'!N75 -> 20 | AJ75: - | AK75: - | AL75: - | AM75: - | AN75: 74 | AO75: 74 | AP75: 6 | AQ75: 6 | AY75: =IF(H75<>"",$K75,"") -> Frontière | AZ75: =IF(I75<>"",$K75,"") -> Frontière | BA75: =IF(J75<>"",$K75,"") -> Frontière
A76: =IF(D76="Sous-total","X",IF(G76="","","X")) -> X | G76: ST-JULIEN_Paguette (chemin de l'Aire) | H76: =IF(L76=0,"","X") -> X | I76: =IF(M76=0,"","X") -> X | J76: =IF(N76=0,"","X") -> X | K76: Frontière | L76: ='2020'!G76 -> 16 | M76: ='2021'!G76 -> 31 | N76: ='2022'!G76 -> 32 | O76: ='2020'!H76 -> 16 | P76: ='2021'!H76 -> 31 | Q76: ='2022'!H76 -> 28 | R76: =IF(L76="",0,IF(U76=0,0,U76/L76)) -> 0.44 | S76: =IF(M76="",0,IF(V76=0,0,V76/M76)) -> 0.32258065 | T76: =IF(N76="",0,IF(W76=0,0,W76/N76)) -> 0.59375 | U76: ='2020'!J76 -> 7.04 | V76: ='2021'!J76 -> 10 | W76: ='2022'!J76 -> 19 | X76: =IF(L76=0,"",IF(AA76="","",AA76/L76)) -> 0.31 | Y76: =IF(M76=0,"",IF(AB76="","",AB76/M76)) -> 0.35483871 | Z76: =IF(N76=0,"",IF(AC76="","",AC76/N76)) -> 0.28125 | AA76: ='2020'!L76 -> 4.96 | AB76: ='2021'!L76 -> 11 | AC76: ='2022'!L76 -> 9 | AD76: =IF(AA76=0,"",IF(AG76="-","",AG76/AA76)) -> 0.4 | AE76: =IF(AB76=0,"",IF(AH76="-","",AH76/AB76)) -> 0.45454545 | AF76: =IF(AC76=0,"",IF(AI76="-","",AI76/AC76)) -> 0.66666667 | AG76: ='2020'!N76 -> 1.984 | AH76: ='2021'!N76 -> 5 | AI76: ='2022'!N76 -> 6 | AJ76: - | AK76: - | AL76: - | AM76: - | AN76: 31 | AO76: 31 | AP76: 0 | AQ76: 0 | AY76: =IF(H76<>"",$K76,"") -> Frontière | AZ76: =IF(I76<>"",$K76,"") -> Frontière | BA76: =IF(J76<>"",$K76,"") -> Frontière
A77: =IF(D77="Sous-total","X",IF(G77="","","X")) -> X | G77: ST-JULIEN_Douane de Certoux (rte Thérens) | H77: =IF(L77=0,"","X") -> X | I77: =IF(M77=0,"","X") -> X | J77: =IF(N77=0,"","X") -> X | K77: Frontière | L77: ='2020'!G77 -> 31 | M77: ='2021'!G77 -> 15 | N77: ='2022'!G77 -> 42 | O77: ='2020'!H77 -> 31 | P77: ='2021'!H77 -> 15 | Q77: ='2022'!H77 -> 16 | R77: =IF(L77="",0,IF(U77=0,0,U77/L77)) -> 0.29 | S77: =IF(M77="",0,IF(V77=0,0,V77/M77)) -> 0.33333333 | T77: =IF(N77="",0,IF(W77=0,0,W77/N77)) -> 0.69047619 | U77: ='2020'!J77 -> 8.99 | V77: ='2021'!J77 -> 5 | W77: ='2022'!J77 -> 29 | X77: =IF(L77=0,"",IF(AA77="","",AA77/L77)) -> 0.32 | Y77: =IF(M77=0,"",IF(AB77="","",AB77/M77)) -> 0 | Z77: =IF(N77=0,"",IF(AC77="","",AC77/N77)) -> 0.47619048 | AA77: ='2020'!L77 -> 9.92 | AB77: ='2021'!L77 -> 0 | AC77: ='2022'!L77 -> 20 | AD77: =IF(AA77=0,"",IF(AG77="-","",AG77/AA77)) -> 0.3 | AE77: =IF(AB77=0,"",IF(AH77="-","",AH77/AB77)) | AF77: =IF(AC77=0,"",IF(AI77="-","",AI77/AC77)) -> 0.75 | AG77: ='2020'!N77 -> 2.976 | AH77: ='2021'!N77 -> 0 | AI77: ='2022'!N77 -> 15 | AJ77: - | AK77: - | AL77: - | AM77: - | AN77: 15 | AO77: 15 | AP77: 0 | AQ77: 0 | AY77: =IF(H77<>"",$K77,"") -> Frontière | AZ77: =IF(I77<>"",$K77,"") -> Frontière | BA77: =IF(J77<>"",$K77,"") -> Frontière
A78: =IF(D78="Sous-total","X",IF(G78="","","X")) -> X | G78: ST-JULIEN_Douane de Soral 1 | H78: =IF(L78=0,"","X") -> X | I78: =IF(M78=0,"","X") -> X | J78: =IF(N78=0,"","X") | K78: Frontière | L78: ='2020'!G78 -> 3 | M78: ='2021'!G78 -> 2 | N78: ='2022'!G78 -> 0 | O78: ='2020'!H78 -> 3 | P78: ='2021'!H78 -> 2 | Q78: ='2022'!H78 -> 0 | R78: =IF(L78="",0,IF(U78=0,0,U78/L78)) -> 0 | S78: =IF(M78="",0,IF(V78=0,0,V78/M78)) -> 0.5 | T78: =IF(N78="",0,IF(W78=0,0,W78/N78)) -> 0 | U78: ='2020'!J78 -> 0 | V78: ='2021'!J78 -> 1 | W78: ='2022'!J78 -> 0 | X78: =IF(L78=0,"",IF(AA78="","",AA78/L78)) -> 0 | Y78: =IF(M78=0,"",IF(AB78="","",AB78/M78)) -> 0.5 | Z78: =IF(N78=0,"",IF(AC78="","",AC78/N78)) | AA78: ='2020'!L78 -> 0 | AB78: ='2021'!L78 -> 1 | AC78: ='2022'!L78 -> 0 | AD78: =IF(AA78=0,"",IF(AG78="-","",AG78/AA78)) | AE78: =IF(AB78=0,"",IF(AH78="-","",AH78/AB78)) -> 1 | AF78: =IF(AC78=0,"",IF(AI78="-","",AI78/AC78)) | AG78: ='2020'!N78 -> - | AH78: ='2021'!N78 -> 1 | AI78: ='2022'!N78 -> 0 | AJ78: - | AK78: - | AL78: - | AM78: - | AN78: 1 | AO78: 1 | AP78: 1 | AQ78: 1 | AY78: =IF(H78<>"",$K78,"") -> Frontière | AZ78: =IF(I78<>"",$K78,"") -> Frontière | BA78: =IF(J78<>"",$K78,"")
A79: =IF(D79="Sous-total","X",IF(G79="","","X")) -> X | G79: VIRY_Douane de Soral 2 | H79: =IF(L79=0,"","X") -> X | I79: =IF(M79=0,"","X") -> X | J79: =IF(N79=0,"","X") -> X | K79: Frontière | L79: ='2020'!G79 -> 13 | M79: ='2021'!G79 -> 15 | N79: ='2022'!G79 -> 17 | O79: ='2020'!H79 -> 13 | P79: ='2021'!H79 -> 15 | Q79: ='2022'!H79 -> 14 | R79: =IF(L79="",0,IF(U79=0,0,U79/L79)) -> 0.23 | S79: =IF(M79="",0,IF(V79=0,0,V79/M79)) -> 0.53333333 | T79: =IF(N79="",0,IF(W79=0,0,W79/N79)) -> 0.29411765 | U79: ='2020'!J79 -> 2.99 | V79: ='2021'!J79 -> 8 | W79: ='2022'!J79 -> 5 | X79: =IF(L79=0,"",IF(AA79="","",AA79/L79)) -> 0.15 | Y79: =IF(M79=0,"",IF(AB79="","",AB79/M79)) -> 0.26666667 | Z79: =IF(N79=0,"",IF(AC79="","",AC79/N79)) -> 0.11764706 | AA79: ='2020'!L79 -> 1.95 | AB79: ='2021'!L79 -> 4 | AC79: ='2022'!L79 -> 2 | AD79: =IF(AA79=0,"",IF(AG79="-","",AG79/AA79)) -> 0.5 | AE79: =IF(AB79=0,"",IF(AH79="-","",AH79/AB79)) -> 0.5 | AF79: =IF(AC79=0,"",IF(AI79="-","",AI79/AC79)) -> 0.5 | AG79: ='2020'!N79 -> 0.975 | AH79: ='2021'!N79 -> 2 | AI79: ='2022'!N79 -> 1 | AJ79: - | AK79: - | AL79: - | AM79: - | AN79: 13 | AO79: 13 | AP79: 2 | AQ79: 2 | AY79: =IF(H79<>"",$K79,"") -> Frontière | AZ79: =IF(I79<>"",$K79,"") -> Frontière | BA79: =IF(J79<>"",$K79,"") -> Frontière
A80: =IF(D80="Sous-total","X",IF(G80="","","X")) -> X | G80: VIRY_Malagny | H80: =IF(L80=0,"","X") | I80: =IF(M80=0,"","X") -> X | J80: =IF(N80=0,"","X") -> X | K80: Frontière | L80: ='2020'!G80 -> 0 | M80: ='2021'!G80 -> 12 | N80: ='2022'!G80 -> 12 | O80: ='2020'!H80 -> 0 | P80: ='2021'!H80 -> 12 | Q80: ='2022'!H80 -> 12 | R80: =IF(L80="",0,IF(U80=0,0,U80/L80)) -> 0 | S80: =IF(M80="",0,IF(V80=0,0,V80/M80)) -> 0.83333333 | T80: =IF(N80="",0,IF(W80=0,0,W80/N80)) -> 0.83333333 | U80: ='2020'!J80 -> 0 | V80: ='2021'!J80 -> 10 | W80: ='2022'!J80 -> 10 | X80: =IF(L80=0,"",IF(AA80="","",AA80/L80)) | Y80: =IF(M80=0,"",IF(AB80="","",AB80/M80)) -> 0.58333333 | Z80: =IF(N80=0,"",IF(AC80="","",AC80/N80)) -> 0.58333333 | AA80: ='2020'!L80 -> 0 | AB80: ='2021'!L80 -> 7 | AC80: ='2022'!L80 -> 7 | AD80: =IF(AA80=0,"",IF(AG80="-","",AG80/AA80)) | AE80: =IF(AB80=0,"",IF(AH80="-","",AH80/AB80)) -> 1 | AF80: =IF(AC80=0,"",IF(AI80="-","",AI80/AC80)) -> 1 | AG80: ='2020'!N80 -> 0 | AH80: ='2021'!N80 -> 7 | AI80: ='2022'!N80 -> 7 | AJ80: - | AK80: - | AL80: - | AM80: - | AN80: 12 | AO80: 12 | AP80: 0 | AQ80: 0 | AY80: =IF(H80<>"",$K80,"") | AZ80: =IF(I80<>"",$K80,"") -> Frontière | BA80: =IF(J80<>"",$K80,"") -> Frontière
A81: =IF(D81="Sous-total","X",IF(G81="","","X")) | H81: =IF(L81=0,"","X") | I81: =IF(M81=0,"","X") | J81: =IF(N81=0,"","X") | K81: Frontière | L81: ='2020'!G81 -> 0 | M81: ='2021'!G81 -> 0 | N81: ='2022'!G81 -> 0 | O81: ='2020'!H81 -> 0 | P81: ='2021'!H81 -> 0 | Q81: ='2022'!H81 -> 0 | R81: =IF(L81="",0,IF(U81=0,0,U81/L81)) -> 0 | S81: =IF(M81="",0,IF(V81=0,0,V81/M81)) -> 0 | T81: =IF(N81="",0,IF(W81=0,0,W81/N81)) -> 0 | U81: ='2020'!J81 -> 0 | V81: ='2021'!J81 -> 0 | W81: ='2022'!J81 -> 0 | X81: =IF(L81=0,"",IF(AA81="","",AA81/L81)) | Y81: =IF(M81=0,"",IF(AB81="","",AB81/M81)) | Z81: =IF(N81=0,"",IF(AC81="","",AC81/N81)) | AA81: ='2020'!L81 -> 0 | AB81: ='2021'!L81 -> 0 | AC81: ='2022'!L81 -> 0 | AD81: =IF(AA81=0,"",IF(AG81="-","",AG81/AA81)) | AE81: =IF(AB81=0,"",IF(AH81="-","",AH81/AB81)) | AF81: =IF(AC81=0,"",IF(AI81="-","",AI81/AC81)) | AG81: ='2020'!N81 -> 0 | AH81: ='2021'!N81 -> 0 | AI81: ='2022'!N81 -> 0 | AY81: =IF(H81<>"",$K81,"") | AZ81: =IF(I81<>"",$K81,"") | BA81: =IF(J81<>"",$K81,"")
A82: =IF(D82="Sous-total","X",IF(G82="","","X")) | H82: =IF(L82=0,"","X") | I82: =IF(M82=0,"","X") | J82: =IF(N82=0,"","X") | K82: Frontière | L82: ='2020'!G82 -> 0 | M82: ='2021'!G82 -> 0 | N82: ='2022'!G82 -> 0 | O82: ='2020'!H82 -> 0 | P82: ='2021'!H82 -> 0 | Q82: ='2022'!H82 -> 0 | R82: =IF(L82="",0,IF(U82=0,0,U82/L82)) -> 0 | S82: =IF(M82="",0,IF(V82=0,0,V82/M82)) -> 0 | T82: =IF(N82="",0,IF(W82=0,0,W82/N82)) -> 0 | U82: ='2020'!J82 -> 0 | V82: ='2021'!J82 -> 0 | W82: ='2022'!J82 -> 0 | X82: =IF(L82=0,"",IF(AA82="","",AA82/L82)) | Y82: =IF(M82=0,"",IF(AB82="","",AB82/M82)) | Z82: =IF(N82=0,"",IF(AC82="","",AC82/N82)) | AA82: ='2020'!L82 -> 0 | AB82: ='2021'!L82 -> 0 | AC82: ='2022'!L82 -> 0 | AD82: =IF(AA82=0,"",IF(AG82="-","",AG82/AA82)) | AE82: =IF(AB82=0,"",IF(AH82="-","",AH82/AB82)) | AF82: =IF(AC82=0,"",IF(AI82="-","",AI82/AC82)) | AG82: ='2020'!N82 -> 0 | AH82: ='2021'!N82 -> 0 | AI82: ='2022'!N82 -> 0 | AY82: =IF(H82<>"",$K82,"") | AZ82: =IF(I82<>"",$K82,"") | BA82: =IF(J82<>"",$K82,"")
A83: =IF(D83="Sous-total","X",IF(G83="","","X")) -> X | G83: VALLEIRY_La Joux | H83: =IF(L83=0,"","X") | I83: =IF(M83=0,"","X") -> X | J83: =IF(N83=0,"","X") -> X | K83: Frontière | L83: ='2020'!G83 -> 0 | M83: ='2021'!G83 -> 14 | N83: ='2022'!G83 -> 5 | O83: ='2020'!H83 -> 0 | P83: ='2021'!H83 -> 14 | Q83: ='2022'!H83 -> 5 | R83: =IF(L83="",0,IF(U83=0,0,U83/L83)) -> 0 | S83: =IF(M83="",0,IF(V83=0,0,V83/M83)) -> 1 | T83: =IF(N83="",0,IF(W83=0,0,W83/N83)) -> 0.4 | U83: ='2020'!J83 -> 0 | V83: ='2021'!J83 -> 14 | W83: ='2022'!J83 -> 2 | X83: =IF(L83=0,"",IF(AA83="","",AA83/L83)) | Y83: =IF(M83=0,"",IF(AB83="","",AB83/M83)) -> 0.35714286 | Z83: =IF(N83=0,"",IF(AC83="","",AC83/N83)) -> 0.2 | AA83: ='2020'!L83 -> 0 | AB83: ='2021'!L83 -> 5 | AC83: ='2022'!L83 -> 1 | AD83: =IF(AA83=0,"",IF(AG83="-","",AG83/AA83)) | AE83: =IF(AB83=0,"",IF(AH83="-","",AH83/AB83)) -> 1 | AF83: =IF(AC83=0,"",IF(AI83="-","",AI83/AC83)) -> 1 | AG83: ='2020'!N83 -> 0 | AH83: ='2021'!N83 -> 5 | AI83: ='2022'!N83 -> 1 | AJ83: - | AK83: - | AL83: - | AM83: - | AN83: 14 | AO83: 14 | AP83: 0 | AQ83: 0 | AY83: =IF(H83<>"",$K83,"") | AZ83: =IF(I83<>"",$K83,"") -> Frontière | BA83: =IF(J83<>"",$K83,"") -> Frontière
A84: =IF(D84="Sous-total","X",IF(G84="","","X")) -> X | D84: Sous-total | L84: =SUM(L74:L83) -> 167 | M84: =SUM(M74:M83) -> 245 | N84: =SUM(N74:N83) -> 302 | O84: =SUM(O74:O83) -> 167 | P84: =SUM(P74:P83) -> 245 | Q84: =SUM(Q74:Q83) -> 227 | R84: =IF(L84="",0,IF(U84=0,0,U84/L84)) -> 0.45035928 | S84: =IF(M84="",0,IF(V84=0,0,V84/M84)) -> 0.55918367 | T84: =IF(N84="",0,IF(W84=0,0,W84/N84)) -> 0.56622517 | U84: =SUM(U74:U83) -> 75.21 | V84: =SUM(V74:V83) -> 137 | W84: =SUM(W74:W83) -> 171 | X84: =IF(L84=0,"",IF(AA84="","",AA84/L84)) -> 0.37479042 | Y84: =IF(M84=0,"",IF(AB84="","",AB84/M84)) -> 0.39591837 | Z84: =IF(N84=0,"",IF(AC84="","",AC84/N84)) -> 0.3410596 | AA84: =SUM(AA74:AA83) -> 62.59 | AB84: =SUM(AB74:AB83) -> 97 | AC84: =SUM(AC74:AC83) -> 103 | AD84: =IF(AA84=0,"",IF(AG84="-","",AG84/AA84)) -> 0.55760026 | AE84: =IF(AB84=0,"",IF(AH84="-","",AH84/AB84)) -> 0.69072165 | AF84: =IF(AC84=0,"",IF(AI84="-","",AI84/AC84)) -> 0.66990291 | AG84: =SUM(AG74:AG83) -> 34.9002 | AH84: =SUM(AH74:AH83) -> 67 | AI84: =SUM(AI74:AI83) -> 69 | AJ84: =SUM(AJ74:AJ83) -> 0 | AK84: =SUM(AK74:AK83) -> 0 | AL84: =SUM(AL74:AL83) -> 0 | AM84: =SUM(AM74:AM83) -> 0 | AN84: =SUM(AN74:AN83) -> 235 | ... AQ84: =SUM(AQ74:AQ83) -> 10 | AY84: =IF(H84<>"",$K84,"") | AZ84: =IF(I84<>"",$K84,"") | BA84: =IF(J84<>"",$K84,"")
A85: =IF(D85="Sous-total","X",IF(G85="","","X")) -> X | B85: APiCy (Association des Piétons et Cyclistes du Pays de Gex) + ProVélo La Côte et ATE Vaud | C85: NON | D85: ='2020'!D85 -> 14 | E85: ='2021'!D85 -> 17 | F85: ='2022'!D85 -> 0 | G85: STJEAN_Douane de Dardagny | H85: =IF(L85=0,"","X") | I85: =IF(M85=0,"","X") | J85: =IF(N85=0,"","X") | K85: Frontière | L85: ='2020'!G85 -> 0 | M85: ='2021'!G85 -> 0 | N85: ='2022'!G85 -> 0 | O85: ='2020'!H85 -> 0 | P85: ='2021'!H85 -> 0 | Q85: ='2022'!H85 -> 0 | R85: =IF(L85="",0,IF(U85=0,0,U85/L85)) -> 0 | S85: =IF(M85="",0,IF(V85=0,0,V85/M85)) -> 0 | T85: =IF(N85="",0,IF(W85=0,0,W85/N85)) -> 0 | U85: ='2020'!J85 -> 0 | V85: ='2021'!J85 -> 0 | W85: ='2022'!J85 -> 0 | X85: =IF(L85=0,"",IF(AA85="","",AA85/L85)) | Y85: =IF(M85=0,"",IF(AB85="","",AB85/M85)) | Z85: =IF(N85=0,"",IF(AC85="","",AC85/N85)) | AA85: ='2020'!L85 -> 0 | AB85: ='2021'!L85 -> 0 | AC85: ='2022'!L85 -> 0 | AD85: =IF(AA85=0,"",IF(AG85="-","",AG85/AA85)) | AE85: =IF(AB85=0,"",IF(AH85="-","",AH85/AB85)) | AF85: =IF(AC85=0,"",IF(AI85="-","",AI85/AC85)) | AG85: ='2020'!N85 -> 0 | AH85: ='2021'!N85 -> 0 | AI85: ='2022'!N85 -> 0 | AY85: =IF(H85<>"",$K85,"") | AZ85: =IF(I85<>"",$K85,"") | BA85: =IF(J85<>"",$K85,"")
A86: =IF(D86="Sous-total","X",IF(G86="","","X")) -> X | G86: CHALLEX_Douane de La Plaine | H86: =IF(L86=0,"","X") | I86: =IF(M86=0,"","X") | J86: =IF(N86=0,"","X") | K86: Frontière | L86: ='2020'!G86 -> 0 | M86: ='2021'!G86 -> 0 | N86: ='2022'!G86 -> 0 | O86: ='2020'!H86 -> 0 | P86: ='2021'!H86 -> 0 | Q86: ='2022'!H86 -> 0 | R86: =IF(L86="",0,IF(U86=0,0,U86/L86)) -> 0 | S86: =IF(M86="",0,IF(V86=0,0,V86/M86)) -> 0 | T86: =IF(N86="",0,IF(W86=0,0,W86/N86)) -> 0 | U86: ='2020'!J86 -> 0 | V86: ='2021'!J86 -> 0 | W86: ='2022'!J86 -> 0 | X86: =IF(L86=0,"",IF(AA86="","",AA86/L86)) | Y86: =IF(M86=0,"",IF(AB86="","",AB86/M86)) | Z86: =IF(N86=0,"",IF(AC86="","",AC86/N86)) | AA86: ='2020'!L86 -> 0 | AB86: ='2021'!L86 -> 0 | AC86: ='2022'!L86 -> 0 | AD86: =IF(AA86=0,"",IF(AG86="-","",AG86/AA86)) | AE86: =IF(AB86=0,"",IF(AH86="-","",AH86/AB86)) | AF86: =IF(AC86=0,"",IF(AI86="-","",AI86/AC86)) | AG86: ='2020'!N86 -> 0 | AH86: ='2021'!N86 -> 0 | AI86: ='2022'!N86 -> 0 | AY86: =IF(H86<>"",$K86,"") | AZ86: =IF(I86<>"",$K86,"") | BA86: =IF(J86<>"",$K86,"")
A87: =IF(D87="Sous-total","X",IF(G87="","","X")) -> X | G87: POUGNY_Douane de Chancy | H87: =IF(L87=0,"","X") | I87: =IF(M87=0,"","X") | J87: =IF(N87=0,"","X") | K87: Frontière | L87: ='2020'!G87 -> 0 | M87: ='2021'!G87 -> 0 | N87: ='2022'!G87 -> 0 | O87: ='2020'!H87 -> 0 | P87: ='2021'!H87 -> 0 | Q87: ='2022'!H87 -> 0 | R87: =IF(L87="",0,IF(U87=0,0,U87/L87)) -> 0 | S87: =IF(M87="",0,IF(V87=0,0,V87/M87)) -> 0 | T87: =IF(N87="",0,IF(W87=0,0,W87/N87)) -> 0 | U87: ='2020'!J87 -> 0 | V87: ='2021'!J87 -> 0 | W87: ='2022'!J87 -> 0 | X87: =IF(L87=0,"",IF(AA87="","",AA87/L87)) | Y87: =IF(M87=0,"",IF(AB87="","",AB87/M87)) | Z87: =IF(N87=0,"",IF(AC87="","",AC87/N87)) | AA87: ='2020'!L87 -> 0 | AB87: ='2021'!L87 -> 0 | AC87: ='2022'!L87 -> 0 | AD87: =IF(AA87=0,"",IF(AG87="-","",AG87/AA87)) | AE87: =IF(AB87=0,"",IF(AH87="-","",AH87/AB87)) | AF87: =IF(AC87=0,"",IF(AI87="-","",AI87/AC87)) | AG87: ='2020'!N87 -> 0 | AH87: ='2021'!N87 -> 0 | AI87: ='2022'!N87 -> 0 | AY87: =IF(H87<>"",$K87,"") | AZ87: =IF(I87<>"",$K87,"") | BA87: =IF(J87<>"",$K87,"")
A88: =IF(D88="Sous-total","X",IF(G88="","","X")) -> X | G88: ST-GENIS_Giratoire Porte de France | H88: =IF(L88=0,"","X") -> X | I88: =IF(M88=0,"","X") -> X | J88: =IF(N88=0,"","X") | K88: Frontière | L88: ='2020'!G88 -> 217 | M88: ='2021'!G88 -> 346 | N88: ='2022'!G88 -> 0 | O88: ='2020'!H88 -> 102 | P88: ='2021'!H88 -> 174 | Q88: ='2022'!H88 -> 0 | R88: =IF(L88="",0,IF(U88=0,0,U88/L88)) -> 0.29 | S88: =IF(M88="",0,IF(V88=0,0,V88/M88)) -> 0.3150289 | T88: =IF(N88="",0,IF(W88=0,0,W88/N88)) -> 0 | U88: ='2020'!J88 -> 62.93 | V88: ='2021'!J88 -> 109 | W88: ='2022'!J88 -> 0 | X88: =IF(L88=0,"",IF(AA88="","",AA88/L88)) -> 0.31797235 | Y88: =IF(M88=0,"",IF(AB88="","",AB88/M88)) -> 0.23699422 | Z88: =IF(N88=0,"",IF(AC88="","",AC88/N88)) | AA88: ='2020'!L88 -> 69 | AB88: ='2021'!L88 -> 82 | AC88: ='2022'!L88 -> 0 | AD88: =IF(AA88=0,"",IF(AG88="-","",AG88/AA88)) | AE88: =IF(AB88=0,"",IF(AH88="-","",AH88/AB88)) -> 0.52439024 | AF88: =IF(AC88=0,"",IF(AI88="-","",AI88/AC88)) | AG88: ='2020'!N88 -> - | AH88: ='2021'!N88 -> 43 | AI88: ='2022'!N88 -> 0 | AJ88: 11 | AK88: 7 | AL88: 50 | AM88: 36 | AN88: 374 | AO88: 195 | AP88: 22 | AQ88: 15 | AY88: =IF(H88<>"",$K88,"") -> Frontière | AZ88: =IF(I88<>"",$K88,"") -> Frontière | BA88: =IF(J88<>"",$K88,"")
A89: =IF(D89="Sous-total","X",IF(G89="","","X")) -> X | G89: FERNEY_Douane du GdSaconnex | H89: =IF(L89=0,"","X") -> X | I89: =IF(M89=0,"","X") -> X | J89: =IF(N89=0,"","X") | K89: Frontière | L89: ='2020'!G89 -> 156 | M89: ='2021'!G89 -> 230 | N89: ='2022'!G89 -> 0 | O89: ='2020'!H89 -> 87 | P89: ='2021'!H89 -> 116 | Q89: ='2022'!H89 -> 0 | R89: =IF(L89="",0,IF(U89=0,0,U89/L89)) -> 0.4 | S89: =IF(M89="",0,IF(V89=0,0,V89/M89)) -> 0.4 | T89: =IF(N89="",0,IF(W89=0,0,W89/N89)) -> 0 | U89: ='2020'!J89 -> 62.4 | V89: ='2021'!J89 -> 92 | W89: ='2022'!J89 -> 0 | X89: =IF(L89=0,"",IF(AA89="","",AA89/L89)) -> 0.39102564 | Y89: =IF(M89=0,"",IF(AB89="","",AB89/M89)) -> 0.33478261 | Z89: =IF(N89=0,"",IF(AC89="","",AC89/N89)) | AA89: ='2020'!L89 -> 61 | AB89: ='2021'!L89 -> 77 | AC89: ='2022'!L89 -> 0 | AD89: =IF(AA89=0,"",IF(AG89="-","",AG89/AA89)) | AE89: =IF(AB89=0,"",IF(AH89="-","",AH89/AB89)) -> 0.45454545 | AF89: =IF(AC89=0,"",IF(AI89="-","",AI89/AC89)) | AG89: ='2020'!N89 -> - | AH89: ='2021'!N89 -> 35 | AI89: ='2022'!N89 -> 0 | AJ89: 20 | AK89: 9 | AL89: 4 | AM89: 3 | AN89: 216 | AO89: 106 | AP89: 18 | AQ89: 10 | AY89: =IF(H89<>"",$K89,"") -> Frontière | AZ89: =IF(I89<>"",$K89,"") -> Frontière | BA89: =IF(J89<>"",$K89,"")
A90: =IF(D90="Sous-total","X",IF(G90="","","X")) -> X | G90: FERNEY_Douane de Mategnin | H90: =IF(L90=0,"","X") -> X | I90: =IF(M90=0,"","X") -> X | J90: =IF(N90=0,"","X") | K90: Frontière | L90: ='2020'!G90 -> 167 | M90: ='2021'!G90 -> 239 | N90: ='2022'!G90 -> 0 | O90: ='2020'!H90 -> 80 | P90: ='2021'!H90 -> 114 | Q90: ='2022'!H90 -> 0 | R90: =IF(L90="",0,IF(U90=0,0,U90/L90)) -> 0.26 | S90: =IF(M90="",0,IF(V90=0,0,V90/M90)) -> 0.35564854 | T90: =IF(N90="",0,IF(W90=0,0,W90/N90)) -> 0 | U90: ='2020'!J90 -> 43.42 | V90: ='2021'!J90 -> 85 | W90: ='2022'!J90 -> 0 | X90: =IF(L90=0,"",IF(AA90="","",AA90/L90)) -> 0.37125749 | Y90: =IF(M90=0,"",IF(AB90="","",AB90/M90)) -> 0.32217573 | Z90: =IF(N90=0,"",IF(AC90="","",AC90/N90)) | AA90: ='2020'!L90 -> 62 | AB90: ='2021'!L90 -> 77 | AC90: ='2022'!L90 -> 0 | AD90: =IF(AA90=0,"",IF(AG90="-","",AG90/AA90)) | AE90: =IF(AB90=0,"",IF(AH90="-","",AH90/AB90)) -> 0.38961039 | AF90: =IF(AC90=0,"",IF(AI90="-","",AI90/AC90)) | AG90: ='2020'!N90 -> - | AH90: ='2021'!N90 -> 30 | AI90: ='2022'!N90 -> 0 | AJ90: 13 | AK90: 5 | AL90: 36 | AM90: 17 | AN90: 228 | AO90: 105 | AP90: 47 | AQ90: 26 | AY90: =IF(H90<>"",$K90,"") -> Frontière | AZ90: =IF(I90<>"",$K90,"") -> Frontière | BA90: =IF(J90<>"",$K90,"")
A91: =IF(D91="Sous-total","X",IF(G91="","","X")) -> X | G91: FERNEY_Douane de Vireloup | H91: =IF(L91=0,"","X") | I91: =IF(M91=0,"","X") | J91: =IF(N91=0,"","X") | K91: Frontière | L91: ='2020'!G91 -> 0 | M91: ='2021'!G91 -> 0 | N91: ='2022'!G91 -> 0 | O91: ='2020'!H91 -> 0 | P91: ='2021'!H91 -> 0 | Q91: ='2022'!H91 -> 0 | R91: =IF(L91="",0,IF(U91=0,0,U91/L91)) -> 0 | S91: =IF(M91="",0,IF(V91=0,0,V91/M91)) -> 0 | T91: =IF(N91="",0,IF(W91=0,0,W91/N91)) -> 0 | U91: ='2020'!J91 -> 0 | V91: ='2021'!J91 -> 0 | W91: ='2022'!J91 -> 0 | X91: =IF(L91=0,"",IF(AA91="","",AA91/L91)) | Y91: =IF(M91=0,"",IF(AB91="","",AB91/M91)) | Z91: =IF(N91=0,"",IF(AC91="","",AC91/N91)) | AA91: ='2020'!L91 -> 0 | AB91: ='2021'!L91 -> 0 | AC91: ='2022'!L91 -> 0 | AD91: =IF(AA91=0,"",IF(AG91="-","",AG91/AA91)) | AE91: =IF(AB91=0,"",IF(AH91="-","",AH91/AB91)) | AF91: =IF(AC91=0,"",IF(AI91="-","",AI91/AC91)) | AG91: ='2020'!N91 -> 0 | AH91: ='2021'!N91 -> 0 | AI91: ='2022'!N91 -> 0 | AY91: =IF(H91<>"",$K91,"") | AZ91: =IF(I91<>"",$K91,"") | BA91: =IF(J91<>"",$K91,"")
A92: =IF(D92="Sous-total","X",IF(G92="","","X")) -> X | G92: VERSONNEX_Douane de Collex-Bossy | H92: =IF(L92=0,"","X") | I92: =IF(M92=0,"","X") -> X | J92: =IF(N92=0,"","X") | K92: Frontière | L92: ='2020'!G92 -> 0 | M92: ='2021'!G92 -> 40 | N92: ='2022'!G92 -> 0 | O92: ='2020'!H92 -> 0 | P92: ='2021'!H92 -> 20 | Q92: ='2022'!H92 -> 0 | R92: =IF(L92="",0,IF(U92=0,0,U92/L92)) -> 0 | S92: =IF(M92="",0,IF(V92=0,0,V92/M92)) -> 0.375 | T92: =IF(N92="",0,IF(W92=0,0,W92/N92)) -> 0 | U92: ='2020'!J92 -> 0 | V92: ='2021'!J92 -> 15 | W92: ='2022'!J92 -> 0 | X92: =IF(L92=0,"",IF(AA92="","",AA92/L92)) | Y92: =IF(M92=0,"",IF(AB92="","",AB92/M92)) -> 0.325 | Z92: =IF(N92=0,"",IF(AC92="","",AC92/N92)) | AA92: ='2020'!L92 -> 0 | AB92: ='2021'!L92 -> 13 | AC92: ='2022'!L92 -> 0 | AD92: =IF(AA92=0,"",IF(AG92="-","",AG92/AA92)) | AE92: =IF(AB92=0,"",IF(AH92="-","",AH92/AB92)) -> 0.53846154 | AF92: =IF(AC92=0,"",IF(AI92="-","",AI92/AC92)) | AG92: ='2020'!N92 -> 0 | AH92: ='2021'!N92 -> 7 | AI92: ='2022'!N92 -> 0 | AJ92: 0 | AK92: 0 | AL92: 0 | AM92: 0 | AN92: 28 | AO92: 15 | AP92: 12 | AQ92: 5 | AY92: =IF(H92<>"",$K92,"") | AZ92: =IF(I92<>"",$K92,"") -> Frontière | BA92: =IF(J92<>"",$K92,"")
A93: =IF(D93="Sous-total","X",IF(G93="","","X")) -> X | G93: SAUVERNY_Douane de Sauverny | H93: =IF(L93=0,"","X") | I93: =IF(M93=0,"","X") -> X | J93: =IF(N93=0,"","X") | K93: Frontière | L93: ='2020'!G93 -> 0 | M93: ='2021'!G93 -> 24 | N93: ='2022'!G93 -> 0 | O93: ='2020'!H93 -> 0 | P93: ='2021'!H93 -> 18 | Q93: ='2022'!H93 -> 0 | R93: =IF(L93="",0,IF(U93=0,0,U93/L93)) -> 0 | S93: =IF(M93="",0,IF(V93=0,0,V93/M93)) -> 0.45833333 | T93: =IF(N93="",0,IF(W93=0,0,W93/N93)) -> 0 | U93: ='2020'!J93 -> 0 | V93: ='2021'!J93 -> 11 | W93: ='2022'!J93 -> 0 | X93: =IF(L93=0,"",IF(AA93="","",AA93/L93)) | Y93: =IF(M93=0,"",IF(AB93="","",AB93/M93)) -> 0.33333333 | Z93: =IF(N93=0,"",IF(AC93="","",AC93/N93)) | AA93: ='2020'!L93 -> 0 | AB93: ='2021'!L93 -> 8 | AC93: ='2022'!L93 -> 0 | AD93: =IF(AA93=0,"",IF(AG93="-","",AG93/AA93)) | AE93: =IF(AB93=0,"",IF(AH93="-","",AH93/AB93)) -> 0.5 | AF93: =IF(AC93=0,"",IF(AI93="-","",AI93/AC93)) | AG93: ='2020'!N93 -> 0 | AH93: ='2021'!N93 -> 4 | AI93: ='2022'!N93 -> 0 | AJ93: 1 | AK93: 1 | AL93: 10 | AM93: 9 | AN93: 32 | AO93: 25 | AP93: 2 | AQ93: 2 | AY93: =IF(H93<>"",$K93,"") | AZ93: =IF(I93<>"",$K93,"") -> Frontière | BA93: =IF(J93<>"",$K93,"")
A94: =IF(D94="Sous-total","X",IF(G94="","","X")) | H94: =IF(L94=0,"","X") | I94: =IF(M94=0,"","X") | J94: =IF(N94=0,"","X") | K94: Frontière | L94: ='2020'!G94 -> 0 | M94: ='2021'!G94 -> 0 | N94: ='2022'!G94 -> 0 | O94: ='2020'!H94 -> 0 | P94: ='2021'!H94 -> 0 | Q94: ='2022'!H94 -> 0 | R94: =IF(L94="",0,IF(U94=0,0,U94/L94)) -> 0 | S94: =IF(M94="",0,IF(V94=0,0,V94/M94)) -> 0 | T94: =IF(N94="",0,IF(W94=0,0,W94/N94)) -> 0 | U94: ='2020'!J94 -> 0 | V94: ='2021'!J94 -> 0 | W94: ='2022'!J94 -> 0 | X94: =IF(L94=0,"",IF(AA94="","",AA94/L94)) | Y94: =IF(M94=0,"",IF(AB94="","",AB94/M94)) | Z94: =IF(N94=0,"",IF(AC94="","",AC94/N94)) | AA94: ='2020'!L94 -> 0 | AB94: ='2021'!L94 -> 0 | AC94: ='2022'!L94 -> 0 | AD94: =IF(AA94=0,"",IF(AG94="-","",AG94/AA94)) | AE94: =IF(AB94=0,"",IF(AH94="-","",AH94/AB94)) | AF94: =IF(AC94=0,"",IF(AI94="-","",AI94/AC94)) | AG94: ='2020'!N94 -> 0 | AH94: ='2021'!N94 -> 0 | AI94: ='2022'!N94 -> 0 | AY94: =IF(H94<>"",$K94,"") | AZ94: =IF(I94<>"",$K94,"") | BA94: =IF(J94<>"",$K94,"")
