Workbook

Sheet Comptage 1er juin 2021
A2: Compteur | B2: Emplacement | C2: Type | E2: Comparaison année -1 sur les 6 postes communs:
A3: Sylviane | B3: Perly | C3: Douane
A4: Mireille | E4: 2021 | F4: 2020 | G4: Croissance
A5: Jean-Pierre (?) | E5: =SUM(H40:H45) -> 219 | F5: =SUM(I40:I45) -> 167 | G5: =(E5-F5)/F5 -> 0.31137725
A6: Jean-Michel | B6: Crottes | C6: Chemin
A7: Gilbert
A8: Véronique | B8: Paguette | C8: chemin
A9: Dominique
A10: Didier | B10: Certoux | C10: Douane
A11: Gérard T.
A12: Pierre | B12: Soral 1 | C12: Douane
A13: Jean-Louis
A14: Gérard B. | B14: Soral 2 | C14: Douane
A15: Cédric
A16: Jean-Pierre | B16: Malagny | C16: Douane
A17: Bernard
A18: André | B18: La Joux | C18: Douane
A19: Jérôme
A24: 01.06.2021 De 7h30 à 8h30 | B24: VERS SUISSE | I24: VERS France
B25: VAE Homme | C25: Vélo Homme | D25: Autre Homme | E25: VAE Femme | F25: Vélo Femmes | G25: Autre Femmes | H25: TOTAL VERS SUISSE | I25: VAE Homme | J25: Vélo Homme | K25: Autre Homme | L25: VAE Femme | M25: Vélo Femmes | N25: Autre Femmes | O25: TOTAL VERS FRANCE
A26: Perly | B26: 17 | C26: 26 | D26: 4 | E26: 20 | F26: 8 | H26: =SUM(B26:G26) -> 75 | L26: 1 | O26: =SUM(I26:N26) -> 1
A27: Crottes | B27: 23 | C27: 12 | E27: 26 | F27: 10 | G27: 3 | H27: =SUM(B27:G27) -> 74 | I27: 2 | J27: 3 | M27: 1 | O27: =SUM(I27:N27) -> 6
A28: Paguette | B28: 5 | C28: 15 | E28: 5 | F28: 6 | H28: =SUM(B28:G28) -> 31 | O28: =SUM(I28:N28) -> 0
A29: Certoux | B29: 5 | C29: 9 | D29: 1 | H29: =SUM(B29:G29) -> 15 | O29: =SUM(I29:N29) -> 0
A30: Soral 1 | E30: 1 | H30: =SUM(B30:G30) -> 1 | J30: 1 | O30: =SUM(I30:N30) -> 1
A31: Soral 2 | B31: 6 | C31: 4 | E31: 1 | F31: 2 | H31: =SUM(B31:G31) -> 13 | J31: 1 | L31: 1 | O31: =SUM(I31:N31) -> 2
A32: Malagny | B32: 3 | C32: 2 | E32: 7 | H32: =SUM(B32:G32) -> 12 | O32: =SUM(I32:N32) -> 0
A33: La Joux | B33: 9 | E33: 5 | H33: =SUM(B33:G33) -> 14 | O33: =SUM(I33:N33) -> 0
A35: TOTAL | B35: =SUM(B26:B33) -> 68 | C35: =SUM(C26:C33) -> 68 | D35: =SUM(D26:D33) -> 5 | E35: =SUM(E26:E33) -> 65 | F35: =SUM(F26:F33) -> 26 | G35: =SUM(G26:G33) -> 3 | H35: =SUM(H26:H33) -> 235 | I35: =SUM(I26:I33) -> 2 | ... O35: =SUM(O26:O33) -> 10
A38: 01.06.2021 De 7h30 à 8h30 | B38: TOTAL DES 2 DIRECTIONS
B39: VAE Homme | C39: Vélo Homme | D39: Autre Homme | E39: VAE Femme | F39: Vélo Femmes | G39: Autre Femmes | H39: TOTAL | I39: Année -1 | J39: % VAE | K39: % femmes | L39: VAE chez les femmes
A40: Perly | B40: =B26+I26 -> 17 | C40: =C26+J26 -> 26 | D40: =D26+K26 -> 4 | E40: =E26+L26 -> 21 | F40: =F26+M26 -> 8 | G40: =G26+N26 -> 0 | H40: =SUM(B40:G40) -> 76 | I40: ='Comptage 16 juin 2020'!F34 -> 59 | J40: =(B40+E40)/H40 -> 0.5 | K40: =(E40+F40+G40)/H40 -> 0.38157895 | L40: =E40/(E40+F40+G40) -> 0.72413793
A41: Crottes | B41: =B27+I27 -> 25 | C41: =C27+J27 -> 15 | D41: =D27+K27 -> 0 | E41: =E27+L27 -> 26 | F41: =F27+M27 -> 11 | G41: =G27+N27 -> 3 | H41: =SUM(B41:G41) -> 80 | I41: ='Comptage 16 juin 2020'!F35 -> 45 | J41: =(B41+E41)/H41 -> 0.6375 | K41: =(E41+F41+G41)/H41 -> 0.5 | L41: =E41/(E41+F41+G41) -> 0.65
A42: Paguette | B42: =B28+I28 -> 5 | C42: =C28+J28 -> 15 | D42: =D28+K28 -> 0 | E42: =E28+L28 -> 5 | F42: =F28+M28 -> 6 | G42: =G28+N28 -> 0 | H42: =SUM(B42:G42) -> 31 | I42: ='Comptage 16 juin 2020'!F36 -> 16 | J42: =(B42+E42)/H42 -> 0.32258065 | K42: =(E42+F42+G42)/H42 -> 0.35483871 | L42: =E42/(E42+F42+G42) -> 0.45454545
A43: Certoux | B43: =B29+I29 -> 5 | C43: =C29+J29 -> 9 | D43: =D29+K29 -> 1 | E43: =E29+L29 -> 0 | F43: =F29+M29 -> 0 | G43: =G29+N29 -> 0 | H43: =SUM(B43:G43) -> 15 | I43: ='Comptage 16 juin 2020'!F37 -> 31 | J43: =(B43+E43)/H43 -> 0.33333333 | K43: =(E43+F43+G43)/H43 -> 0
A44: Soral 1 | B44: =B30+I30 -> 0 | C44: =C30+J30 -> 1 | D44: =D30+K30 -> 0 | E44: =E30+L30 -> 1 | F44: =F30+M30 -> 0 | G44: =G30+N30 -> 0 | H44: =SUM(B44:G44) -> 2 | I44: ='Comptage 16 juin 2020'!F38 -> 3 | J44: =(B44+E44)/H44 -> 0.5 | K44: =(E44+F44+G44)/H44 -> 0.5 | L44: =E44/(E44+F44+G44) -> 1
A45: Soral 2 | B45: =B31+I31 -> 6 | C45: =C31+J31 -> 5 | D45: =D31+K31 -> 0 | E45: =E31+L31 -> 2 | F45: =F31+M31 -> 2 | G45: =G31+N31 -> 0 | H45: =SUM(B45:G45) -> 15 | I45: ='Comptage 16 juin 2020'!F39 -> 13 | J45: =(B45+E45)/H45 -> 0.53333333 | K45: =(E45+F45+G45)/H45 -> 0.26666667 | L45: =E45/(E45+F45+G45) -> 0.5
A46: Malagny | B46: =B32+I32 -> 3 | C46: =C32+J32 -> 2 | D46: =D32+K32 -> 0 | E46: =E32+L32 -> 7 | F46: =F32+M32 -> 0 | G46: =G32+N32 -> 0 | H46: =SUM(B46:G46) -> 12 | J46: =(B46+E46)/H46 -> 0.83333333 | K46: =(E46+F46+G46)/H46 -> 0.58333333 | L46: =E46/(E46+F46+G46) -> 1
A47: La Joux | B47: =B33+I33 -> 9 | C47: =C33+J33 -> 0 | D47: =D33+K33 -> 0 | E47: =E33+L33 -> 5 | F47: =F33+M33 -> 0 | G47: =G33+N33 -> 0 | H47: =SUM(B47:G47) -> 14 | J47: =(B47+E47)/H47 -> 1 | K47: =(E47+F47+G47)/H47 -> 0.35714286 | L47: =E47/(E47+F47+G47) -> 1
A49: TOTAL | B49: =SUM(B40:B47) -> 70 | C49: =SUM(C40:C47) -> 73 | D49: =SUM(D40:D47) -> 5 | E49: =SUM(E40:E47) -> 67 | F49: =SUM(F40:F47) -> 27 | G49: =SUM(G40:G47) -> 3 | H49: =SUM(H40:H47) -> 245

Sheet Comptage 16 juin 2020
A2: Compteur | B2: Emplacement | C2: Type
A3: Sylviane | B3: Perly | C3: Douane
A4: Mireille
A6: Jean Louis | B6: crottes | C6: chemin
A7: Dorine
A8: Véronique | B8: paguette | C8: chemin
A9: Monique | B9: paguette | C9: chemin
A10: Max | B10: certoux | C10: Douane
A11: Jean claude
A12: Pierre | B12: Soral 1 | C12: Douane
A14: Gérard | B14: Soral 2 | C14: Douane
A20: 16.06.2020 De 7h30 à 8h30 | B20: VERS SUISSE | G20: VERS France
B21: VAE Homme | C21: Vélo Homme | D21: VAE Femme | E21: Vélo Femmes | F21: TOTAL VERS SUISSE | G21: VAE Homme | H21: Vélo Homme | I21: VAE Femme | J21: Vélo Femmes | K21: TOTAL VERS France
A22: Perly | B22: 14 | C22: 19 | D22: 16 | E22: 9 | F22: =SUM(B22:E22) -> 58 | G22: 0 | H22: 0 | I22: 0 | J22: 1 | K22: =SUM(G22:J22) -> 1
A23: crottes | B23: 12 | C23: 12 | D23: 12 | E23: 7 | F23: =SUM(B23:E23) -> 43 | G23: 1 | H23: 0 | I23: 1 | J23: 0 | K23: =SUM(G23:J23) -> 2
A24: Paguette | B24: 5 | C24: 6 | D24: 2 | E24: 3 | F24: =SUM(B24:E24) -> 16 | G24: 0 | H24: 0 | I24: 0 | J24: 0 | K24: =SUM(G24:J24) -> 0
A25: certoux | B25: 6 | C25: 15 | D25: 3 | E25: 7 | F25: =SUM(B25:E25) -> 31 | G25: 0 | H25: 0 | I25: 0 | J25: 0 | K25: =SUM(G25:J25) -> 0
A26: soral 1 | B26: 0 | C26: 1 | D26: 0 | E26: 0 | F26: =SUM(B26:E26) -> 1 | G26: 0 | H26: 2 | I26: 0 | J26: 0 | K26: =SUM(G26:J26) -> 2
A27: soral 2 | B27: 2 | C27: 7 | D27: 1 | E27: 1 | F27: =SUM(B27:E27) -> 11 | G27: 0 | H27: 2 | I27: 0 | J27: 0 | K27: =SUM(G27:J27) -> 2
A29: TOTAL | B29: =SUM(B22:B27) -> 39 | C29: =SUM(C22:C27) -> 60 | D29: =SUM(D22:D27) -> 34 | E29: =SUM(E22:E27) -> 27 | F29: =SUM(F22:F27) -> 160 | G29: =SUM(G22:G27) -> 1 | H29: =SUM(H22:H27) -> 4 | I29: =SUM(I22:I27) -> 1 | ... K29: =SUM(K22:K27) -> 7
A32: 16.06.2020 De 7h30 à 8h30 | B32: TOTAL DES 2 DIRECTIONS
B33: VAE Homme | C33: Vélo Homme | D33: VAE Femme | E33: Vélo Femmes | F33: TOTAL | G33: % VAE | H33: % femmes | I33: VAE chez les femmes
A34: Perly | B34: =B22+G22 -> 14 | C34: =C22+H22 -> 19 | D34: =D22+I22 -> 16 | E34: =E22+J22 -> 10 | F34: =SUM(B34:E34) -> 59 | G34: =(B34+D34)/F34 -> 0.50847458 | H34: =(D34+E34)/F34 -> 0.44067797 | I34: =D34/(D34+E34) -> 0.61538462
A35: crottes | B35: =B23+G23 -> 13 | C35: =C23+H23 -> 12 | D35: =D23+I23 -> 13 | E35: =E23+J23 -> 7 | F35: =SUM(B35:E35) -> 45 | G35: =(B35+D35)/F35 -> 0.57777778 | H35: =(D35+E35)/F35 -> 0.44444444 | I35: =D35/(D35+E35) -> 0.65
A36: Paguette | B36: =B24+G24 -> 5 | C36: =C24+H24 -> 6 | D36: =D24+I24 -> 2 | E36: =E24+J24 -> 3 | F36: =SUM(B36:E36) -> 16 | G36: =(B36+D36)/F36 -> 0.4375 | H36: =(D36+E36)/F36 -> 0.3125 | I36: =D36/(D36+E36) -> 0.4
A37: certoux | B37: =B25+G25 -> 6 | C37: =C25+H25 -> 15 | D37: =D25+I25 -> 3 | E37: =E25+J25 -> 7 | F37: =SUM(B37:E37) -> 31 | G37: =(B37+D37)/F37 -> 0.29032258 | H37: =(D37+E37)/F37 -> 0.32258065 | I37: =D37/(D37+E37) -> 0.3
A38: soral 1 | B38: =B26+G26 -> 0 | C38: =C26+H26 -> 3 | D38: =D26+I26 -> 0 | E38: =E26+J26 -> 0 | F38: =SUM(B38:E38) -> 3 | G38: =(B38+D38)/F38 -> 0 | H38: =(D38+E38)/F38 -> 0
A39: soral 2 | B39: =B27+G27 -> 2 | C39: =C27+H27 -> 9 | D39: =D27+I27 -> 1 | E39: =E27+J27 -> 1 | F39: =SUM(B39:E39) -> 13 | G39: =(B39+D39)/F39 -> 0.23076923 | H39: =(D39+E39)/F39 -> 0.15384615 | I39: =D39/(D39+E39) -> 0.5
A41: TOTAL | B41: =SUM(B34:B39) -> 40 | C41: =SUM(C34:C39) -> 64 | D41: =SUM(D34:D39) -> 35 | E41: =SUM(E34:E39) -> 28 | F41: =SUM(F34:F39) -> 167
