Workbook

Sheet Index
C3: Eléments à renseigner par chaque association dans l'onglet "2022"
D5: Colonne | F5: Ce qu'il faut renseigner
D7: Toutes les cellules blanches ne sont pas à renseigner (formule de calcul ou NC)
D9: Eléments obligatoires >> cellules en vert dans l'onglet "2022"
D10: DONNEES GENERALES | E10: D | F10: nombre de bénévoles par poste de comptage
E11: E | F11: nom/localisation du poste de comptage
E12: F | F12: implantation : France / Suisse / Frontière
E13: G | F13: nombre total de cyclistes comptés sur toute la période
E14: H | F14: nombre de cyclistes comptés sur l'heure de pointe (7h30 - 8h30) uniquement
E15: I | F15: calcul automatique (du nombre de VAE dans le total)
E16: J | F16: nombre de VAE dans le total (référence à la colonne G)
E17: K | F17: calcul automatique (du nombre de femmes dans le total)
E18: L | F18: nombre de femmes dans le total (référence à la colonne G)
D20: Eléments obligatoires pour les postes frontières et carrefours proches frontière
D21: >> cellules en bleu dans l'onglet "2022"
D22: FRONTIERE | E22: S | F22: nombre total de cyclistes comptés sur toute la période - Direction Suisse
E23: T | F23: nombre de cyclistes comptés sur l'heure de pointe (7h30 - 8h30) uniquement - Direction Suisse
E24: U | F24: nombre total de cyclistes comptés sur toute la période - Direction France
E25: V | F25: nombre de cyclistes comptés sur l'heure de pointe (7h30 - 8h30) uniquement - Direction France
D27: Eléments facultatifs >> cellules en rose dans l'onglet "2022"
D28: AUTRES DONNEES | E28: M | F28: calcul automatique (du nombre total de VAE chez les femmes)
E29: N | F29: nombre total de VAE chez les femmes (valeur spécifique à relever)
E30: O | F30: nombre total de personnes comptées sur toute la période en "autre mode" (trottinette, gyropode…)
E31: P | F31: nombre total de personnes comptées en HPM (7h30 - 8h30) en "autre mode" (trottinette, gyropode…)
E32: Q | F32: nombre total de piétons comptés sur toute la période
E33: R | F33: nombre total de piétons comptés en HPM (7h30 - 8h30)

Sheet 2022
B2: Association(s) | C2: Arrière-pays | D2: Nombre de bénévoles | E2: Postes de comptage | F2: France / Suisse / Frontière | G2: Nombre de vélos | I2: % VAE dans le total | J2: NB VAE dans le total | K2: % femmes dans le total | L2: NB de femmes dans le total | M2: % de VAE chez les femmes | N2: NB de VAE chez les femmes | O2: Autres modes | Q2: Piétons | S2: > Suisse | U2: > France
G4: total | H4: HP | O4: total | P4: HP | Q4: total | R4: HP | S4: total | T4: HP | U4: total | V4: HP
B5: Université Populaire de Cluses | C5: OUI | D5: 2 | E5: CLUSES_Passerelle de Messy | F5: France | I5: =J5/G5 -> #DIV/0! | K5: =L5/G5 -> #DIV/0! | M5: =IF(N5="-","-",N5/L5) -> #DIV/0! | S5: - | T5: - | U5: - | V5: -
B6: L'Abeille (Contamine) | C6: OUI | D6: 2 | E6: BONNE_Loëx (sous voie rapide) | F6: France | I6: =J6/G6 -> #DIV/0! | K6: =L6/G6 -> #DIV/0! | M6: =IF(N6="-","-",N6/L6) -> #DIV/0! | S6: - | T6: - | U6: - | V6: -
B7: Association Mobilité Douce pour le Chablais (Chablais) | C7: OUI | D7: 18 | E7: ='Synthèse AMDC'!A3 -> Allinges – Rond point des Fleysets | F7: France | G7: ='Synthèse AMDC'!B3+'Synthèse AMDC'!C3+'Synthèse AMDC'!E3+'Synthèse AMDC'!F3 -> 23 | H7: =G7 -> 23 | I7: =J7/G7 -> 0.47826087 | J7: ='Synthèse AMDC'!B3+'Synthèse AMDC'!E3 -> 11 | K7: =L7/G7 -> 0.47826087 | L7: ='Synthèse AMDC'!E3+'Synthèse AMDC'!F3 -> 11 | M7: =IF(N7="-","-",N7/L7) -> 0.90909091 | N7: ='Synthèse AMDC'!E3 -> 10 | O7: ='Synthèse AMDC'!D3+'Synthèse AMDC'!G3 -> 0
E8: ='Synthèse AMDC'!A4 -> Bons en Chablais – Gare | G8: ='Synthèse AMDC'!B4+'Synthèse AMDC'!C4+'Synthèse AMDC'!E4+'Synthèse AMDC'!F4 -> 25 | H8: =G8-12 -> 13 | I8: =J8/G8 -> 0.4 | J8: ='Synthèse AMDC'!B4+'Synthèse AMDC'!E4 -> 10 | K8: =L8/G8 -> 0.44 | L8: ='Synthèse AMDC'!E4+'Synthèse AMDC'!F4 -> 11 | M8: =IF(N8="-","-",N8/L8) -> 0.63636364 | N8: ='Synthèse AMDC'!E4 -> 7 | O8: ='Synthèse AMDC'!D4+'Synthèse AMDC'!G4 -> 22
E9: ='Synthèse AMDC'!A5 -> Douvaine – Mairie | G9: ='Synthèse AMDC'!B5+'Synthèse AMDC'!C5+'Synthèse AMDC'!E5+'Synthèse AMDC'!F5 -> 20 | H9: =G9 -> 20 | I9: =J9/G9 -> 0.45 | J9: ='Synthèse AMDC'!B5+'Synthèse AMDC'!E5 -> 9 | K9: =L9/G9 -> 0.4 | L9: ='Synthèse AMDC'!E5+'Synthèse AMDC'!F5 -> 8 | M9: =IF(N9="-","-",N9/L9) -> 0.375 | N9: ='Synthèse AMDC'!E5 -> 3 | O9: ='Synthèse AMDC'!D5+'Synthèse AMDC'!G5 -> 6
E10: ='Synthèse AMDC'!A6 -> Evian – Gare | G10: ='Synthèse AMDC'!B6+'Synthèse AMDC'!C6+'Synthèse AMDC'!E6+'Synthèse AMDC'!F6 -> 13 | H10: =G10-1 -> 12 | I10: =J10/G10 -> 0.15384615 | J10: ='Synthèse AMDC'!B6+'Synthèse AMDC'!E6 -> 2 | K10: =L10/G10 -> 0.30769231 | L10: ='Synthèse AMDC'!E6+'Synthèse AMDC'!F6 -> 4 | M10: =IF(N10="-","-",N10/L10) -> 0.5 | N10: ='Synthèse AMDC'!E6 -> 2 | O10: ='Synthèse AMDC'!D6+'Synthèse AMDC'!G6 -> 7
E11: ='Synthèse AMDC'!A7 -> Perrignier – Gare | F11: France | G11: ='Synthèse AMDC'!B7+'Synthèse AMDC'!C7+'Synthèse AMDC'!E7+'Synthèse AMDC'!F7 -> 7 | H11: =G11-1 -> 6 | I11: =J11/G11 -> 0.28571429 | J11: ='Synthèse AMDC'!B7+'Synthèse AMDC'!E7 -> 2 | K11: =L11/G11 -> 0 | L11: ='Synthèse AMDC'!E7+'Synthèse AMDC'!F7 -> 0 | M11: =IF(N11="-","-",N11/L11) -> #DIV/0! | N11: ='Synthèse AMDC'!E7 -> 0 | O11: ='Synthèse AMDC'!D7+'Synthèse AMDC'!G7 -> 6
E12: ='Synthèse AMDC'!A8 -> Thonon - Embarcadère CGN | F12: France | G12: ='Synthèse AMDC'!B8+'Synthèse AMDC'!C8+'Synthèse AMDC'!E8+'Synthèse AMDC'!F8 -> 74 | H12: =G12-44 -> 30 | I12: =J12/G12 -> 0.2972973 | J12: ='Synthèse AMDC'!B8+'Synthèse AMDC'!E8 -> 22 | K12: =L12/G12 -> 0.36486486 | L12: ='Synthèse AMDC'!E8+'Synthèse AMDC'!F8 -> 27 | M12: =IF(N12="-","-",N12/L12) -> 0.48148148 | N12: ='Synthèse AMDC'!E8 -> 13 | O12: ='Synthèse AMDC'!D8+'Synthèse AMDC'!G8 -> 101 | S12: 74 | T12: 30 | U12: 0 | V12: 0
E13: ='Synthèse AMDC'!A9 -> Thonon - Entrée côté place de Crête | F13: France | G13: ='Synthèse AMDC'!B9+'Synthèse AMDC'!C9+'Synthèse AMDC'!E9+'Synthèse AMDC'!F9 -> 34 | H13: =G13 -> 34 | I13: =J13/G13 -> 0.17647059 | J13: ='Synthèse AMDC'!B9+'Synthèse AMDC'!E9 -> 6 | K13: =L13/G13 -> 0.38235294 | L13: ='Synthèse AMDC'!E9+'Synthèse AMDC'!F9 -> 13 | M13: =IF(N13="-","-",N13/L13) -> 0.15384615 | N13: ='Synthèse AMDC'!E9 -> 2 | O13: ='Synthèse AMDC'!D9+'Synthèse AMDC'!G9 -> 12
E14: ='Synthèse AMDC'!A10 -> Thonon - Parvis de la gare | F14: France | G14: ='Synthèse AMDC'!B10+'Synthèse AMDC'!C10+'Synthèse AMDC'!E10+'Synthèse AMDC'!F10 -> 47 | H14: =G14 -> 47 | I14: =J14/G14 -> 0.063829787 | J14: ='Synthèse AMDC'!B10+'Synthèse AMDC'!E10 -> 3 | K14: =L14/G14 -> 0.31914894 | L14: ='Synthèse AMDC'!E10+'Synthèse AMDC'!F10 -> 15 | M14: =IF(N14="-","-",N14/L14) -> 0.2 | N14: ='Synthèse AMDC'!E10 -> 3 | O14: ='Synthèse AMDC'!D10+'Synthèse AMDC'!G10 -> 37
E15: ='Synthèse AMDC'!A11 -> Thonon – Avenue d’Evian | F15: France | G15: ='Synthèse AMDC'!B11+'Synthèse AMDC'!C11+'Synthèse AMDC'!E11+'Synthèse AMDC'!F11 -> 92 | H15: =G15 -> 92 | I15: =J15/G15 -> 0.097826087 | J15: ='Synthèse AMDC'!B11+'Synthèse AMDC'!E11 -> 9 | K15: =L15/G15 -> 0.45652174 | L15: ='Synthèse AMDC'!E11+'Synthèse AMDC'!F11 -> 42 | M15: =IF(N15="-","-",N15/L15) -> 0.14285714 | N15: ='Synthèse AMDC'!E11 -> 6 | O15: ='Synthèse AMDC'!D11+'Synthèse AMDC'!G11 -> 19
E16: ='Synthèse AMDC'!A12 -> Thonon – Carrefour Libération | F16: France | G16: ='Synthèse AMDC'!B12+'Synthèse AMDC'!C12+'Synthèse AMDC'!E12+'Synthèse AMDC'!F12 -> 77 | H16: =G16 -> 77 | I16: =J16/G16 -> 0.14285714 | J16: ='Synthèse AMDC'!B12+'Synthèse AMDC'!E12 -> 11 | K16: =L16/G16 -> 0.4025974 | L16: ='Synthèse AMDC'!E12+'Synthèse AMDC'!F12 -> 31 | M16: =IF(N16="-","-",N16/L16) -> 0.16129032 | N16: ='Synthèse AMDC'!E12 -> 5 | O16: ='Synthèse AMDC'!D12+'Synthèse AMDC'!G12 -> 20
E17: ='Synthèse AMDC'!A13 -> Thonon – Collège Champagne | F17: France | G17: ='Synthèse AMDC'!B13+'Synthèse AMDC'!C13+'Synthèse AMDC'!E13+'Synthèse AMDC'!F13 -> 19 | H17: =G17 -> 19 | I17: =J17/G17 -> 0.21052632 | J17: ='Synthèse AMDC'!B13+'Synthèse AMDC'!E13 -> 4 | K17: =L17/G17 -> 0.31578947 | L17: ='Synthèse AMDC'!E13+'Synthèse AMDC'!F13 -> 6 | M17: =IF(N17="-","-",N17/L17) -> 0.16666667 | N17: ='Synthèse AMDC'!E13 -> 1 | O17: ='Synthèse AMDC'!D13+'Synthèse AMDC'!G13 -> 3
E18: ='Synthèse AMDC'!A14 -> Thonon – Ecole Jule Ferry | G18: ='Synthèse AMDC'!B14+'Synthèse AMDC'!C14+'Synthèse AMDC'!E14+'Synthèse AMDC'!F14 -> 24 | H18: =G18 -> 24 | I18: =J18/G18 -> 0.29166667 | J18: ='Synthèse AMDC'!B14+'Synthèse AMDC'!E14 -> 7 | K18: =L18/G18 -> 0.54166667 | L18: ='Synthèse AMDC'!E14+'Synthèse AMDC'!F14 -> 13 | M18: =IF(N18="-","-",N18/L18) -> 0.46153846 | N18: ='Synthèse AMDC'!E14 -> 6 | O18: ='Synthèse AMDC'!D14+'Synthèse AMDC'!G14 -> 11
E19: ='Synthèse AMDC'!A15 -> Thonon – Rond point J. Ferry G Andrier Pl des Arts Bld du Canal | G19: ='Synthèse AMDC'!B15+'Synthèse AMDC'!C15+'Synthèse AMDC'!E15+'Synthèse AMDC'!F15 -> 101 | H19: =G19 -> 101 | I19: =J19/G19 -> 0.14851485 | J19: ='Synthèse AMDC'!B15+'Synthèse AMDC'!E15 -> 15 | K19: =L19/G19 -> 0.3960396 | L19: ='Synthèse AMDC'!E15+'Synthèse AMDC'!F15 -> 40 | M19: =IF(N19="-","-",N19/L19) -> 0.225 | N19: ='Synthèse AMDC'!E15 -> 9 | O19: ='Synthèse AMDC'!D15+'Synthèse AMDC'!G15 -> 34
E20: ='Synthèse AMDC'!A16 -> Thonon / Anthy – Pont de Marclaz | G20: ='Synthèse AMDC'!B16+'Synthèse AMDC'!C16+'Synthèse AMDC'!E16+'Synthèse AMDC'!F16 -> 25 | H20: =G20 -> 25 | I20: =J20/G20 -> 0.28 | J20: ='Synthèse AMDC'!B16+'Synthèse AMDC'!E16 -> 7 | K20: =L20/G20 -> 0.24 | L20: ='Synthèse AMDC'!E16+'Synthèse AMDC'!F16 -> 6 | M20: =IF(N20="-","-",N20/L20) -> 0.66666667 | N20: ='Synthèse AMDC'!E16 -> 4 | O20: ='Synthèse AMDC'!D16+'Synthèse AMDC'!G16 -> 4
E21: ='Synthèse AMDC'!A17 -> Thonon / Marin - Pont de Dranse | G21: ='Synthèse AMDC'!B17+'Synthèse AMDC'!C17+'Synthèse AMDC'!E17+'Synthèse AMDC'!F17 -> 45 | H21: =G21 -> 45 | I21: =J21/G21 -> 0.4 | J21: ='Synthèse AMDC'!B17+'Synthèse AMDC'!E17 -> 18 | K21: =L21/G21 -> 0.22222222 | L21: ='Synthèse AMDC'!E17+'Synthèse AMDC'!F17 -> 10 | M21: =IF(N21="-","-",N21/L21) -> 0.6 | N21: ='Synthèse AMDC'!E17 -> 6 | O21: ='Synthèse AMDC'!D17+'Synthèse AMDC'!G17 -> 4
E22: ='Synthèse AMDC'!A18 -> Veigy – Douane | F22: France | G22: ='Synthèse AMDC'!B18+'Synthèse AMDC'!C18+'Synthèse AMDC'!E18+'Synthèse AMDC'!F18 -> 68 | H22: =G22-25 -> 43 | I22: =J22/G22 -> 0.51470588 | J22: ='Synthèse AMDC'!B18+'Synthèse AMDC'!E18 -> 35 | K22: =L22/G22 -> 0.44117647 | L22: ='Synthèse AMDC'!E18+'Synthèse AMDC'!F18 -> 30 | M22: =IF(N22="-","-",N22/L22) -> 0.53333333 | N22: ='Synthèse AMDC'!E18 -> 16 | O22: ='Synthèse AMDC'!D18+'Synthèse AMDC'!G18 -> 1 | Q22: ='Synthèse AMDC'!J18 -> 16 | S22: 61 | T22: 38 | U22: 7 | V22: 5
D23: Sous-total | G23: =SUM(G7:G22) -> 694 | H23: =SUM(H7:H22) -> 611 | I23: =J23/G23 -> 0.24639769 | J23: =SUM(J7:J22) -> 171 | K23: =L23/G23 -> 0.38472622 | L23: =SUM(L7:L22) -> 267 | M23: =N23/L23 -> 0.34831461 | N23: =SUM(N7:N22) -> 93 | O23: =SUM(O7:O22) -> 287 | P23: =SUM(P7:P22) -> 0 | Q23: =SUM(Q7:Q22) -> 16 | R23: =SUM(R7:R22) -> 0 | S23: =SUM(S7:S22) -> 135 | T23: =SUM(T7:T22) -> 68 | U23: =SUM(U7:U22) -> 7 | V23: =SUM(V7:V22) -> 5
B24: NatEnv (Nature Environnement en Pays rochois) Fabrique à Biclou Pays rochois en Transition | C24: OUI | D24: 9 | E24: LA ROCHE_Carrefour Biocoop | F24: France | I24: =J24/G24 -> #DIV/0! | K24: =L24/G24 -> #DIV/0! | M24: =IF(N24="-","-",N24/L24) -> #DIV/0! | S24: - | T24: - | U24: - | V24: -
E25: LA ROCHE_Giratoire La Poste | F25: France | I25: =J25/G25 -> #DIV/0! | K25: =L25/G25 -> #DIV/0! | M25: =IF(N25="-","-",N25/L25) -> #DIV/0! | S25: - | T25: - | U25: - | V25: -
E26: LA ROCHE_Giratoire ENILV | F26: France | I26: =J26/G26 -> #DIV/0! | K26: =L26/G26 -> #DIV/0! | M26: =IF(N26="-","-",N26/L26) -> #DIV/0! | S26: - | T26: - | U26: - | V26: -
E27: LA ROCHE_Gare Passage à niveau (new 2021) | F27: France | I27: =J27/G27 -> #DIV/0! | K27: =L27/G27 -> #DIV/0! | M27: =IF(N27="-","-",N27/L27) -> #DIV/0! | S27: - | T27: - | U27: - | V27: -
E28: ARENTHON_La Papeterie | F28: France | I28: =J28/G28 -> #DIV/0! | K28: =L28/G28 -> #DIV/0! | M28: =IF(N28="-","-",N28/L28) -> #DIV/0! | S28: - | T28: - | U28: - | V28: -
E29: ST-PIERRE_Franchissement Borne-Dessy | F29: France | I29: =J29/G29 -> #DIV/0! | K29: =L29/G29 -> #DIV/0! | M29: =IF(N29="-","-",N29/L29) -> #DIV/0! | S29: - | T29: - | U29: - | V29: -
E30: BONNEVILLE_Franchissement Borne-Tucinge | F30: France | I30: =J30/G30 -> #DIV/0! | K30: =L30/G30 -> #DIV/0! | M30: =IF(N30="-","-",N30/L30) -> #DIV/0! | S30: - | T30: - | U30: - | V30: -
E31: ST-PIERRE_Pont principal sur le Borne | F31: France | I31: =J31/G31 -> #DIV/0! | K31: =L31/G31 -> #DIV/0! | M31: =IF(N31="-","-",N31/L31) -> #DIV/0! | S31: - | T31: - | U31: - | V31: -
I32: =J32/G32 -> #DIV/0! | K32: =L32/G32 -> #DIV/0! | M32: =IF(N32="-","-",N32/L32) -> #DIV/0! | S32: - | T32: - | U32: - | V32: -
I33: =J33/G33 -> #DIV/0! | K33: =L33/G33 -> #DIV/0! | M33: =IF(N33="-","-",N33/L33) -> #DIV/0! | S33: - | T33: - | U33: - | V33: -
E34: AMANCY_Giratoire Coriandre | F34: France | I34: =J34/G34 -> #DIV/0! | K34: =L34/G34 -> #DIV/0! | M34: =IF(N34="-","-",N34/L34) -> #DIV/0! | S34: - | T34: - | U34: - | V34: -
D35: Sous-total | G35: =SUM(G24:G34) -> 0 | H35: =SUM(H24:H34) -> 0 | I35: =J35/G35 -> #DIV/0! | J35: =SUM(J24:J34) -> 0 | K35: =L35/G35 -> #DIV/0! | L35: =SUM(L24:L34) -> 0 | M35: =N35/L35 -> #DIV/0! | N35: =SUM(N24:N34) -> 0 | O35: =SUM(O24:O34) -> 0 | P35: =SUM(P24:P34) -> 0 | Q35: =SUM(Q24:Q34) -> 0 | R35: =SUM(R24:R34) -> 0 | S35: =SUM(S24:S34) -> 0 | T35: =SUM(T24:T34) -> 0 | U35: =SUM(U24:U34) -> 0 | V35: =SUM(V24:V34) -> 0
B36: AERE (Association Environnement Reignier-Esery) | C36: OUI | D36: 9 | E36: ETREMBIERES_Giratoire ex PN93 | F36: France | I36: =J36/G36 -> #DIV/0! | K36: =L36/G36 -> #DIV/0! | M36: =IF(N36="-","-",N36/L36) -> #DIV/0! | S36: - | T36: - | U36: - | V36: -
E37: ETREMBIERES_Carrefour sous Château | F37: France | I37: =J37/G37 -> #DIV/0! | K37: =L37/G37 -> #DIV/0! | M37: =IF(N37="-","-",N37/L37) -> #DIV/0! | S37: - | T37: - | U37: - | V37: -
E38: SCIENTRIER_Carrefour Tour de Bellecombe | F38: France | I38: =J38/G38 -> #DIV/0! | K38: =L38/G38 -> #DIV/0! | M38: =IF(N38="-","-",N38/L38) -> #DIV/0! | S38: - | T38: - | U38: - | V38: -
E39: REIGNIER_Giratoire église | F39: France | I39: =J39/G39 -> #DIV/0! | K39: =L39/G39 -> #DIV/0! | M39: =IF(N39="-","-",N39/L39) -> #DIV/0! | S39: - | T39: - | U39: - | V39: -
E40: REIGNIER_Giratoire Foron | F40: France | I40: =J40/G40 -> #DIV/0! | K40: =L40/G40 -> #DIV/0! | M40: =IF(N40="-","-",N40/L40) -> #DIV/0! | S40: - | T40: - | U40: - | V40: -
E41: REIGNIER_Giratoire La Forge | F41: France | I41: =J41/G41 -> #DIV/0! | K41: =L41/G41 -> #DIV/0! | M41: =IF(N41="-","-",N41/L41) -> #DIV/0! | S41: - | T41: - | U41: - | V41: -
E42: PERS-JUSSY_Giratoire Casino | F42: France | I42: =J42/G42 -> #DIV/0! | K42: =L42/G42 -> #DIV/0! | M42: =IF(N42="-","-",N42/L42) -> #DIV/0! | S42: - | T42: - | U42: - | V42: -
I43: =J43/G43 -> #DIV/0! | K43: =L43/G43 -> #DIV/0! | M43: =IF(N43="-","-",N43/L43) -> #DIV/0! | S43: - | T43: - | U43: - | V43: -
I44: =J44/G44 -> #DIV/0! | K44: =L44/G44 -> #DIV/0! | M44: =IF(N44="-","-",N44/L44) -> #DIV/0! | S44: - | T44: - | U44: - | V44: -
E45: ARTHAZ_Giratoire lavage auto | F45: France | I45: =J45/G45 -> #DIV/0! | K45: =L45/G45 -> #DIV/0! | M45: =IF(N45="-","-",N45/L45) -> #DIV/0! | S45: - | T45: - | U45: - | V45: -
D46: Sous-total | G46: =SUM(G36:G45) -> 0 | H46: =SUM(H36:H45) -> 0 | I46: =J46/G46 -> #DIV/0! | J46: =SUM(J36:J45) -> 0 | K46: =L46/G46 -> #DIV/0! | L46: =SUM(L36:L45) -> 0 | M46: =N46/L46 -> #DIV/0! | N46: =SUM(N36:N45) -> 0 | O46: =SUM(O36:O45) -> 0 | P46: =SUM(P36:P45) -> 0 | Q46: =SUM(Q36:Q45) -> 0 | R46: =SUM(R36:R45) -> 0 | S46: =SUM(S36:S45) -> 0 | T46: =SUM(T36:T45) -> 0 | U46: =SUM(U36:U45) -> 0 | V46: =SUM(V36:V45) -> 0
B47: Sous-total périmètre "arrière-pays" | D47: =SUM(D5:D45) -> 40 | E47: =COUNT(G5:G34,G36:G45) -> 17 | F47: =COUNT(J5:J45) -> 18 | G47: =G5+G35+G46 -> 0 | H47: =H5+H35+H46 -> 0 | I47: =J47/G47 -> #DIV/0! | J47: =J5+J35+J46 -> 0 | K47: =L47/G47 -> #DIV/0! | L47: =L5+L35+L46 -> 0 | M47: =N47/(L5+SUM(L36:L45)) -> #DIV/0! | N47: =N5+N35+N46 -> 0
B48: EVAV (En Ville A Vélo) | C48: NON | D48: 6 | E48: AMBILLY_Voie verte Pont Noir | F48: France | I48: =J48/G48 -> #DIV/0! | K48: =L48/G48 -> #DIV/0! | M48: =IF(N48="-","-",N48/L48) -> #DIV/0!
E49: ANNEMASSE_Voie verte Jura | F49: France | I49: =J49/G49 -> #DIV/0! | K49: =L49/G49 -> #DIV/0! | M49: =IF(N49="-","-",N49/L49) -> #DIV/0!
E50: ANNEMASSE_Devant l'agglo | F50: France | I50: =J50/G50 -> #DIV/0! | K50: =L50/G50 -> #DIV/0! | M50: =IF(N50="-","-",N50/L50) -> #DIV/0! | S50: - | T50: - | U50: - | V50: -
E51: GAILLARD_Douane de Fossard | F51: Frontière | I51: =J51/G51 -> #DIV/0! | K51: =L51/G51 -> #DIV/0! | M51: =IF(N51="-","-",N51/L51) -> #DIV/0!
E52: ANNEMASSE_Clos Fleury | F52: France | I52: =J52/G52 -> #DIV/0! | K52: =L52/G52 -> #DIV/0! | M52: =IF(N52="-","-",N52/L52) -> #DIV/0! | S52: - | T52: - | U52: - | V52: -
I53: =J53/G53 -> #DIV/0! | K53: =L53/G53 -> #DIV/0! | M53: =IF(N53="-","-",N53/L53) -> #DIV/0!
I54: =J54/G54 -> #DIV/0! | K54: =L54/G54 -> #DIV/0! | M54: =IF(N54="-","-",N54/L54) -> #DIV/0!
E55: GAILLARD_Douane de Moïllesullaz | F55: Frontière | I55: =J55/G55 -> #DIV/0! | K55: =L55/G55 -> #DIV/0! | M55: =IF(N55="-","-",N55/L55) -> #DIV/0!
D56: Sous-total | G56: =SUM(G48:G55) -> 0 | H56: =SUM(H48:H55) -> 0 | I56: =J56/G56 -> #DIV/0! | J56: =SUM(J48:J55) -> 0 | K56: =L56/G56 -> #DIV/0! | L56: =SUM(L48:L55) -> 0 | M56: =N56/L56 -> #DIV/0! | N56: =SUM(N48:N55) -> 0 | O56: =SUM(O48:O55) -> 0 | P56: =SUM(P48:P55) -> 0 | Q56: =SUM(Q48:Q55) -> 0 | R56: =SUM(R48:R55) -> 0 | S56: =SUM(S48:S55) -> 0 | T56: =SUM(T48:T55) -> 0 | U56: =SUM(U48:U55) -> 0 | V56: =SUM(V48:V55) -> 0
B57: Le Préau | C57: NON | D57: 11 | E57: COMMUNE_Carrefour | F57: Frontière | I57: =J57/G57 -> #DIV/0! | K57: =L57/G57 -> #DIV/0! | M57: =IF(N57="-","-",N57/L57) -> #DIV/0!
E58: COMMUNE_Carrefour | F58: Frontière | I58: =J58/G58 -> #DIV/0! | K58: =L58/G58 -> #DIV/0! | M58: =IF(N58="-","-",N58/L58) -> #DIV/0!
E59: COMMUNE_Carrefour | F59: Frontière | I59: =J59/G59 -> #DIV/0! | K59: =L59/G59 -> #DIV/0! | M59: =IF(N59="-","-",N59/L59) -> #DIV/0!
E60: COMMUNE_Carrefour | F60: Frontière | I60: =J60/G60 -> #DIV/0! | K60: =L60/G60 -> #DIV/0! | M60: =IF(N60="-","-",N60/L60) -> #DIV/0!
E61: COMMUNE_Carrefour | I61: =J61/G61 -> #DIV/0! | K61: =L61/G61 -> #DIV/0! | M61: =IF(N61="-","-",N61/L61) -> #DIV/0!
E62: COMMUNE_Carrefour | I62: =J62/G62 -> #DIV/0! | K62: =L62/G62 -> #DIV/0! | M62: =IF(N62="-","-",N62/L62) -> #DIV/0!
E63: COMMUNE_Carrefour | F63: Frontière | I63: =J63/G63 -> #DIV/0! | K63: =L63/G63 -> #DIV/0! | M63: =IF(N63="-","-",N63/L63) -> #DIV/0! | X63: Compté par ProVélo en 2021 (Salève Vivant en 2020)
D64: Sous-total | G64: =SUM(G57:G63) -> 0 | H64: =SUM(H57:H63) -> 0 | I64: =J64/G64 -> #DIV/0! | J64: =SUM(J57:J63) -> 0 | K64: =L64/G64 -> #DIV/0! | L64: =SUM(L57:L63) -> 0 | M64: =N64/L64 -> #DIV/0! | N64: =SUM(N57:N63) -> 0 | O64: =SUM(O57:O63) -> 0 | P64: =SUM(P57:P63) -> 0 | Q64: =SUM(Q57:Q63) -> 0 | R64: =SUM(R57:R63) -> 0 | S64: =SUM(S57:S63) -> 0 | T64: =SUM(T57:T63) -> 0 | U64: =SUM(U57:U63) -> 0 | V64: =SUM(V57:V63) -> 0
B65: Salève Vivant | C65: NON | D65: 11 | E65: ARCHAMPS_Douane de Landecy | F65: Frontière | I65: =J65/G65 -> #DIV/0! | K65: =L65/G65 -> #DIV/0! | M65: =IF(N65="-","-",N65/L65) -> #DIV/0!
E66: COLLONGES_Douane de Croix de Rozon | F66: Frontière | I66: =J66/G66 -> #DIV/0! | K66: =L66/G66 -> #DIV/0! | M66: =IF(N66="-","-",N66/L66) -> #DIV/0!
E67: BOSSEY_Douane de Pierre-Grand | F67: Frontière | I67: =J67/G67 -> #DIV/0! | K67: =L67/G67 -> #DIV/0! | M67: =IF(N67="-","-",N67/L67) -> #DIV/0!
E68: BOSSEY_Douane de Troinex/Bossey | F68: Frontière | I68: =J68/G68 -> #DIV/0! | K68: =L68/G68 -> #DIV/0! | M68: =IF(N68="-","-",N68/L68) -> #DIV/0!
I69: =J69/G69 -> #DIV/0! | K69: =L69/G69 -> #DIV/0! | M69: =IF(N69="-","-",N69/L69) -> #DIV/0!
I70: =J70/G70 -> #DIV/0! | K70: =L70/G70 -> #DIV/0! | M70: =IF(N70="-","-",N70/L70) -> #DIV/0!
E71: VEYRIER_Douane du Pas de l'Echelle | F71: Frontière | I71: =J71/G71 -> #DIV/0! | K71: =L71/G71 -> #DIV/0! | M71: =IF(N71="-","-",N71/L71) -> #DIV/0! | X71: Compté par ProVélo en 2021 (Salève Vivant en 2020)
D72: Sous-total | G72: =SUM(G65:G71) -> 0 | H72: =SUM(H65:H71) -> 0 | I72: =J72/G72 -> #DIV/0! | J72: =SUM(J65:J71) -> 0 | K72: =L72/G72 -> #DIV/0! | L72: =SUM(L65:L71) -> 0 | M72: =N72/L72 -> #DIV/0! | N72: =SUM(N65:N71) -> 0 | O72: =SUM(O65:O71) -> 0 | P72: =SUM(P65:P71) -> 0 | Q72: =SUM(Q65:Q71) -> 0 | R72: =SUM(R65:R71) -> 0 | S72: =SUM(S65:S71) -> 0 | T72: =SUM(T65:T71) -> 0 | U72: =SUM(U65:U71) -> 0 | V72: =SUM(V65:V71) -> 0
B73: Groupe St-Julien | C73: NON | D73: 17 | E73: ST-JULIEN_Douane de Perly | F73: Frontière | I73: =J73/G73 -> #DIV/0! | K73: =L73/G73 -> #DIV/0! | M73: =IF(N73="-","-",N73/L73) -> #DIV/0!
E74: ST-JULIEN_Passage douanier des Crottes | F74: Frontière | I74: =J74/G74 -> #DIV/0! | K74: =L74/G74 -> #DIV/0! | M74: =IF(N74="-","-",N74/L74) -> #DIV/0!
E75: ST-JULIEN_Paguette (chemin de l'Aire) | F75: Frontière | I75: =J75/G75 -> #DIV/0! | K75: =L75/G75 -> #DIV/0! | M75: =IF(N75="-","-",N75/L75) -> #DIV/0!
E76: ST-JULIEN_Douane de Certoux (rte Thérens) | F76: Frontière | I76: =J76/G76 -> #DIV/0! | K76: =L76/G76 -> #DIV/0! | M76: =IF(N76=0,"-",N76/L76) -> -
E77: ST-JULIEN_Douane de Soral 1 | F77: Frontière | I77: =J77/G77 -> #DIV/0! | K77: =L77/G77 -> #DIV/0! | M77: =IF(N77="-","-",N77/L77) -> #DIV/0!
E78: VIRY_Douane de Soral 2 | F78: Frontière | I78: =J78/G78 -> #DIV/0! | K78: =L78/G78 -> #DIV/0! | M78: =IF(N78="-","-",N78/L78) -> #DIV/0!
E79: VIRY_Malagny | I79: =J79/G79 -> #DIV/0! | K79: =L79/G79 -> #DIV/0! | M79: =IF(N79="-","-",N79/L79) -> #DIV/0!
I80: =J80/G80 -> #DIV/0! | K80: =L80/G80 -> #DIV/0! | M80: =IF(N80="-","-",N80/L80) -> #DIV/0!
I81: =J81/G81 -> #DIV/0! | K81: =L81/G81 -> #DIV/0! | M81: =IF(N81="-","-",N81/L81) -> #DIV/0!
E82: VALLEIRY_La Joux | I82: =J82/G82 -> #DIV/0! | K82: =L82/G82 -> #DIV/0! | M82: =IF(N82="-","-",N82/L82) -> #DIV/0!
D83: Sous-total | G83: =SUM(G73:G82) -> 0 | H83: =SUM(H73:H82) -> 0 | I83: =J83/G83 -> #DIV/0! | J83: =SUM(J73:J82) -> 0 | K83: =L83/G83 -> #DIV/0! | L83: =SUM(L73:L82) -> 0 | M83: =N83/L83 -> #DIV/0! | N83: =SUM(N73:N82) -> 0 | O83: =SUM(O73:O82) -> 0 | P83: =SUM(P73:P82) -> 0 | Q83: =SUM(Q73:Q82) -> 0 | R83: =SUM(R73:R82) -> 0 | S83: =SUM(S73:S82) -> 0 | T83: =SUM(T73:T82) -> 0 | U83: =SUM(U73:U82) -> 0 | V83: =SUM(V73:V82) -> 0
B84: APiCy (Association des Piétons et Cyclistes du Pays de Gex) + ProVélo La Côte et ATE Vaud | C84: NON | D84: 17 | E84: STJEAN_Douane de Dardagny
E85: CHALLEX_Douane de La Plaine
E86: POUGNY_Douane de Chancy
E87: ST-GENIS_Giratoire Porte de France | F87: France | I87: =J87/G87 -> #DIV/0! | K87: =L87/G87 -> #DIV/0! | M87: =IF(N87="-","-",N87/L87) -> #DIV/0!
E88: FERNEY_Douane du GdSaconnex | F88: Frontière | I88: =J88/G88 -> #DIV/0! | K88: =L88/G88 -> #DIV/0! | M88: =IF(N88="-","-",N88/L88) -> #DIV/0!
E89: FERNEY_Douane de Mategnin | F89: Frontière | I89: =J89/G89 -> #DIV/0! | K89: =L89/G89 -> #DIV/0! | M89: =IF(N89="-","-",N89/L89) -> #DIV/0!
E90: FERNEY_Douane de Vireloup | I90: =J90/G90 -> #DIV/0! | K90: =L90/G90 -> #DIV/0! | M90: =IF(N90="-","-",N90/L90) -> #DIV/0!
E91: VERSONNEX_Douane de Collex-Bossy | I91: =J91/G91 -> #DIV/0! | K91: =L91/G91 -> #DIV/0! | M91: =IF(N91="-","-",N91/L91) -> #DIV/0!
E92: SAUVERNY_Douane de Sauverny | I92: =J92/G92 -> #DIV/0! | K92: =L92/G92 -> #DIV/0! | M92: =IF(N92="-","-",N92/L92) -> #DIV/0!
I93: =J93/G93 -> #DIV/0! | K93: =L93/G93 -> #DIV/0! | M93: =IF(N93="-","-",N93/L93) -> #DIV/0!
I94: =J94/G94 -> #DIV/0! | K94: =L94/G94 -> #DIV/0! | M94: =IF(N94="-","-",N94/L94) -> #DIV/0!
E95: GRILLY_Douane du Pont | I95: =J95/G95 -> #DIV/0! | K95: =L95/G95 -> #DIV/0! | M95: =IF(N95="-","-",N95/L95) -> #DIV/0!
D96: Sous-total | G96: =SUM(G87:G95) -> 0 | H96: =SUM(H87:H95) -> 0 | I96: =J96/G96 -> #DIV/0! | J96: =SUM(J87:J95) -> 0 | K96: =L96/G96 -> #DIV/0! | L96: =SUM(L87:L95) -> 0 | M96: =N96/L96 -> #DIV/0! | N96: =SUM(N87:N95) -> 0 | O96: =SUM(O87:O95) -> 0 | P96: =SUM(P87:P95) -> 0 | Q96: =SUM(Q87:Q95) -> 0 | R96: =SUM(R87:R95) -> 0 | S96: =SUM(S87:S95) -> 0 | T96: =SUM(T87:T95) -> 0 | U96: =SUM(U87:U95) -> 0 | V96: =SUM(V87:V95) -> 0
B97: ATE Vaud / ProVélo La Côte | C97: NON | D97: 5 | E97: DIVONNE_Douane de Chavanne | F97: Frontière | I97: =J97/G97 -> #DIV/0! | K97: =L97/G97 -> #DIV/0! | M97: =IF(N97="-","-",N97/L97) -> #DIV/0!
E98: DIVONNE-CRASSIER_Voie verte | I98: =J98/G98 -> #DIV/0! | K98: =L98/G98 -> #DIV/0! | M98: =IF(N98="-","-",N98/L98) -> #DIV/0!
I99: =J99/G99 -> #DIV/0! | K99: =L99/G99 -> #DIV/0! | M99: =IF(N99="-","-",N99/L99) -> #DIV/0!
I100: =J100/G100 -> #DIV/0! | K100: =L100/G100 -> #DIV/0! | M100: =IF(N100="-","-",N100/L100) -> #DIV/0!
E101: DIVONNE_Douane de Crassy / Crassier | I101: =J101/G101 -> #DIV/0! | K101: =L101/G101 -> #DIV/0! | M101: =IF(N101="-","-",N101/L101) -> #DIV/0!
D102: Sous-total | G102: =SUM(G97:G101) -> 0 | H102: =SUM(H97:H101) -> 0 | I102: =J102/G102 -> #DIV/0! | J102: =SUM(J97:J101) -> 0 | K102: =L102/G102 -> #DIV/0! | L102: =SUM(L97:L101) -> 0 | M102: =N102/L102 -> #DIV/0! | N102: =SUM(N97:N101) -> 0 | O102: =SUM(O97:O101) -> 0 | P102: =SUM(P97:P101) -> 0 | Q102: =SUM(Q97:Q101) -> 0 | R102: =SUM(R97:R101) -> 0 | S102: =SUM(S97:S101) -> 0 | T102: =SUM(T97:T101) -> 0 | U102: =SUM(U97:U101) -> 0 | V102: =SUM(V97:V101) -> 0
...

Sheet Synthèse AMDC
B1: Données
A2: Point de comptage | B2: Somme - Homme / VAE | C2: Somme - Homme / Vélo | D2: Somme - Homme / Trottinette, skate, roller | E2: Somme - Femme / VAE | F2: Somme - Femme / Vélo | G2: Somme - Femme / Trottinette, skate, roller | H2: Somme - Enfant / Trottinette, skate, roller | I2: Somme - Enfant / Vélo | J2: Somme - Piéton
A3: Allinges – Rond point des Fleysets | B3: 1 | C3: 11 | D3: 0 | E3: 10 | F3: 1 | G3: 0 | H3: 0 | I3: 0
A4: Bons en Chablais – Gare | B4: 3 | C4: 11 | D4: 19 | E4: 7 | F4: 4 | G4: 3 | H4: 7 | I4: 4
A5: Douvaine – Mairie | B5: 6 | C5: 6 | D5: 3 | E5: 3 | F5: 5 | G5: 3 | H5: 18 | I5: 10
A6: Evian – Gare | B6: 0 | C6: 9 | D6: 4 | E6: 2 | F6: 2 | G6: 3 | H6: 0 | I6: 0
A7: Perrignier – Gare | B7: 2 | C7: 5 | D7: 2 | E7: 0 | F7: 0 | G7: 4 | H7: 1 | I7: 1
A8: Thonon - Embarcadère CGN | B8: 9 | C8: 38 | D8: 52 | E8: 13 | F8: 14 | G8: 49
A9: Thonon - Entrée côté place de Crête | B9: 4 | C9: 17 | D9: 7 | E9: 2 | F9: 11 | G9: 5 | H9: 4 | I9: 4
A10: Thonon - Parvis de la gare | B10: 0 | C10: 32 | D10: 24 | E10: 3 | F10: 12 | G10: 13 | H10: 15 | I10: 4
A11: Thonon – Avenue d’Evian | B11: 3 | C11: 47 | D11: 4 | E11: 6 | F11: 36 | G11: 15 | H11: 40 | I11: 2
A12: Thonon – Carrefour Libération | B12: 6 | C12: 40 | D12: 14 | E12: 5 | F12: 26 | G12: 6 | H12: 11 | I12: 7
A13: Thonon – Collège Champagne | B13: 3 | C13: 10 | D13: 1 | E13: 1 | F13: 5 | G13: 2 | H13: 27 | I13: 6
A14: Thonon – Ecole Jule Ferry | B14: 1 | C14: 10 | D14: 5 | E14: 6 | F14: 7 | G14: 6 | H14: 16 | I14: 5
A15: Thonon – Rond point J. Ferry G Andrier Pl des Arts Bld du Canal | B15: 6 | C15: 55 | D15: 15 | E15: 9 | F15: 31 | G15: 19 | H15: 11 | I15: 4
A16: Thonon / Anthy – Pont de Marclaz | B16: 3 | C16: 16 | D16: 4 | E16: 4 | F16: 2 | G16: 0 | H16: 0 | I16: 0
A17: Thonon / Marin - Pont de Dranse | B17: 12 | C17: 23 | D17: 1 | E17: 6 | F17: 4 | G17: 3 | H17: 0 | I17: 0
A18: Veigy – Douane | B18: 19 | C18: 19 | D18: 1 | E18: 16 | F18: 14 | G18: 0 | H18: 0 | I18: 0 | J18: 16
A19: Total Résultat | B19: 78 | C19: 349 | D19: 156 | E19: 93 | F19: 174 | G19: 131 | H19: 150 | I19: 47 | J19: 16
A23: Synthèse CICLABLE
B24: Données
A25: Point de comptage | B25: Somme - VAE | C25: Somme - Vélo | D25: Somme - Homme | E25: Somme - Femme
A26: Allinges – Rond point des Fleysets | B26: 11 | C26: 12 | D26: 12 | E26: 11
A27: Bons en Chablais – Gare | B27: 10 | C27: 15 | D27: 14 | E27: 11
A28: Douvaine – Mairie | B28: 9 | C28: 11 | D28: 12 | E28: 8
A29: Evian – Gare | B29: 2 | C29: 11 | D29: 9 | E29: 4
A30: Perrignier – Gare | B30: 2 | C30: 5 | D30: 7 | E30: 0
A31: Thonon - Embarcadère CGN | B31: 22 | C31: 52 | D31: 47 | E31: 27
A32: Thonon - Entrée côté place de Crête | B32: 6 | C32: 28 | D32: 21 | E32: 13
A33: Thonon - Parvis de la gare | B33: 3 | C33: 44 | D33: 32 | E33: 15
A34: Thonon – Avenue d’Evian | B34: 9 | C34: 83 | D34: 50 | E34: 42
A35: Thonon – Carrefour Libération | B35: 11 | C35: 66 | D35: 46 | E35: 31
A36: Thonon – Collège Champagne | B36: 4 | C36: 15 | D36: 13 | E36: 6
A37: Thonon – Ecole Jule Ferry | B37: 7 | C37: 17 | D37: 11 | E37: 13
... A42: Total Résultat | B42: 171 | C42: 523 | D42: 427 | E42: 267
