Workbook

Sheet Index
C3: Eléments à renseigner par chaque association dans l'onglet "2022"
D5: Colonne | F5: Ce qu'il faut renseigner
D7: Toutes les cellules blanches ne sont pas à renseigner (formule de calcul ou NC)
D9: Eléments obligatoires >> cellules en vert dans l'onglet "2022"
D10: DONNEES GENERALES | E10: D | F10: nombre de bénévoles par poste de comptage
E11: E | F11: nom/localisation du poste de comptage
E12: F | F12: implantation : France / Suisse / Frontière
E13: G | F13: nombre total de cyclistes comptés sur toute la période
E14: H | F14: nombre de cyclistes comptés sur l'heure de pointe (7h30 - 8h30) uniquement
E15: I | F15: calcul automatique (du nombre de VAE dans le total)
E16: J | F16: nombre de VAE dans le total (référence à la colonne G)
E17: K | F17: calcul automatique (du nombre de femmes dans le total)
E18: L | F18: nombre de femmes dans le total (référence à la colonne G)
D20: Eléments obligatoires pour les postes frontières et carrefours proches frontière
D21: >> cellules en bleu dans l'onglet "2022"
D22: FRONTIERE | E22: S | F22: nombre total de cyclistes comptés sur toute la période - Direction Suisse
E23: T | F23: nombre de cyclistes comptés sur l'heure de pointe (7h30 - 8h30) uniquement - Direction Suisse
E24: U | F24: nombre total de cyclistes comptés sur toute la période - Direction France
E25: V | F25: nombre de cyclistes comptés sur l'heure de pointe (7h30 - 8h30) uniquement - Direction France
D27: Eléments facultatifs >> cellules en rose dans l'onglet "2022"
D28: AUTRES DONNEES | E28: M | F28: calcul automatique (du nombre total de VAE chez les femmes)
E29: N | F29: nombre total de VAE chez les femmes (valeur spécifique à relever)
E30: O | F30: nombre total de personnes comptées sur toute la période en "autre mode" (trottinette, gyropode…)
E31: P | F31: nombre total de personnes comptées en HPM (7h30 - 8h30) en "autre mode" (trottinette, gyropode…)
E32: Q | F32: nombre total de piétons comptés sur toute la période
E33: R | F33: nombre total de piétons comptés en HPM (7h30 - 8h30)

Sheet 2020
B2: Association(s) | C2: Arrière-pays | D2: Nombre de bénévoles | E2: Postes de comptage | F2: France / Suisse / Frontière | G2: Nombre de vélos | I2: % VAE dans le total | J2: NB VAE dans le total | K2: % femmes dans le total | L2: NB de femmes dans le total | M2: % de VAE chez les femmes | N2: NB de VAE chez les femmes | O2: Autres modes | Q2: Piétons | S2: > Suisse | U2: > France
G4: total | H4: HP | O4: total | P4: HP | Q4: total | R4: HP | S4: total | T4: HP | U4: total | V4: HP
B5: UP Cluses | C5: OUI | D5: 2 | E5: CLUSES_Passerelle de Messy | F5: France | G5: =27+11+2+15+8 -> 63 | H5: 29 | I5: =2/G5 -> 0.031746032 | J5: =I5*G5 -> 2 | K5: =(2+15)/G5 -> 0.26984127 | L5: =K5*G5 -> 17 | M5: =2/17 -> 0.11764706 | N5: =IF(M5="-","-",M5*L5) -> 2
B6: L'Abeille (Contamine) | C6: OUI | D6: 2 | E6: BONNE_Loëx (sous voie rapide) | F6: France | I6: =2/G6 -> #DIV/0! | K6: =(2+15)/G6 -> #DIV/0! | M6: =2/17 -> 0.11764706
B7: ACMB (Chablais) | C7: OUI | D7: 8 | E7: COMMUNE_Carrefour | F7: France | I7: 0.32258065 | K7: 0.32258065 | M7: - | N7: - | O7: - | P7: - | Q7: - | R7: -
E8: COMMUNE_Carrefour | F8: France | I8: 0.48 | K8: 0.36 | M8: - | N8: - | O8: - | P8: - | Q8: - | R8: -
E9: COMMUNE_Carrefour | F9: France | I9: 0.5 | K9: 0.16666667 | M9: - | N9: - | O9: - | P9: - | Q9: - | R9: -
E10: COMMUNE_Carrefour | I10: 0.5 | K10: 0.16666667 | M10: - | N10: - | O10: - | P10: - | Q10: - | R10: -
E11: COMMUNE_Carrefour | F11: France | I11: 0.071428571 | K11: 0.071428571 | M11: - | N11: - | O11: - | P11: - | Q11: - | R11: -
E12: COMMUNE_Carrefour | F12: France | I12: 0.041666667 | K12: 0.20833333 | M12: - | N12: - | O12: - | P12: - | Q12: - | R12: -
E13: COMMUNE_Carrefour | F13: France | I13: 0 | K13: 0.4137931 | M13: - | N13: - | O13: - | P13: - | Q13: - | R13: -
E14: COMMUNE_Carrefour | F14: France | I14: 0.25925926 | K14: 0.48148148 | M14: - | N14: - | O14: - | P14: - | Q14: - | R14: -
E15: COMMUNE_Carrefour | I15: 0.25925926 | K15: 0.48148148 | M15: - | N15: - | O15: - | P15: - | Q15: - | R15: -
E16: COMMUNE_Carrefour | I16: 0.25925926 | K16: 0.48148148 | M16: - | N16: - | O16: - | P16: - | Q16: - | R16: -
I17: 0.25925926 | K17: 0.48148148 | M17: - | N17: - | O17: - | P17: - | Q17: - | R17: -
I18: 0.25925926 | K18: 0.48148148 | M18: - | N18: - | O18: - | P18: - | Q18: - | R18: -
E19: COMMUNE_Carrefour | F19: France | I19: 0.5 | K19: 0 | M19: - | N19: - | O19: - | P19: - | Q19: - | R19: -
D20: Sous-total | G20: =SUM(G7:G19) -> 0 | H20: =SUM(H7:H19) -> 0 | I20: =J20/G20 -> #DIV/0! | J20: =SUM(J7:J19) -> 0 | K20: =L20/G20 -> #DIV/0! | L20: =SUM(L7:L19) -> 0 | M20: =N20/L20 -> #DIV/0! | N20: =SUM(N7:N19) -> 0
B21: NatEnv & Fabrique à Biclou | C21: OUI | D21: 8 | E21: LA ROCHE_Carrefour Biocoop | F21: France | G21: 31 | H21: 23 | I21: 0.32258065 | J21: =I21*G21 -> 10 | K21: 0.32258065 | L21: =K21*G21 -> 10 | M21: - | N21: - | O21: - | P21: - | Q21: - | R21: -
E22: LA ROCHE_Giratoire La Poste | F22: France | G22: 25 | H22: 13 | I22: 0.48 | J22: =I22*G22 -> 12 | K22: 0.36 | L22: =K22*G22 -> 9 | M22: - | N22: - | O22: - | P22: - | Q22: - | R22: -
E23: LA ROCHE_Giratoire ENILV | F23: France | G23: 18 | H23: 10 | I23: 0.5 | J23: =I23*G23 -> 9 | K23: 0.16666667 | L23: =K23*G23 -> 3 | M23: - | N23: - | O23: - | P23: - | Q23: - | R23: -
I24: 0.5 | K24: 0.16666667 | M24: - | N24: - | O24: - | P24: - | Q24: - | R24: -
E25: ARENTHON_La Papeterie | F25: France | G25: 14 | H25: 9 | I25: 0.071428571 | J25: =I25*G25 -> 1 | K25: 0.071428571 | L25: =K25*G25 -> 1 | M25: - | N25: - | O25: - | P25: - | Q25: - | R25: -
E26: ST-PIERRE_Franchissement Borne-Dessy | F26: France | G26: 24 | H26: 16 | I26: 0.041666667 | J26: =I26*G26 -> 1 | K26: 0.20833333 | L26: =K26*G26 -> 5 | M26: - | N26: - | O26: - | P26: - | Q26: - | R26: -
E27: BONNEVILLE_Franchissement Borne-Tucinge | F27: France | G27: 29 | H27: 21 | I27: 0 | J27: =I27*G27 -> 0 | K27: 0.4137931 | L27: =K27*G27 -> 12 | M27: - | N27: - | O27: - | P27: - | Q27: - | R27: -
E28: ST-PIERRE_Pont principal sur le Borne | F28: France | G28: 27 | H28: 17 | I28: 0.25925926 | J28: =I28*G28 -> 7 | K28: 0.48148148 | L28: =K28*G28 -> 13 | M28: - | N28: - | O28: - | P28: - | Q28: - | R28: -
I29: 0.25925926 | K29: 0.48148148 | M29: - | N29: - | O29: - | P29: - | Q29: - | R29: -
I30: 0.25925926 | K30: 0.48148148 | M30: - | N30: - | O30: - | P30: - | Q30: - | R30: -
E31: AMANCY_Giratoire Coriandre | F31: France | G31: 4 | H31: 2 | I31: 0.5 | J31: =I31*G31 -> 2 | K31: 0 | L31: =K31*G31 -> 0 | M31: - | N31: - | O31: - | P31: - | Q31: - | R31: -
D32: Sous-total | G32: =SUM(G21:G31) -> 172 | H32: =SUM(H21:H31) -> 111 | I32: =J32/G32 -> 0.24418605 | J32: =SUM(J21:J31) -> 42 | K32: =L32/G32 -> 0.30813953 | L32: =SUM(L21:L31) -> 53 | M32: =N32/L32 -> 0 | N32: =SUM(N21:N31) -> 0
B33: AERE | C33: OUI | D33: 9 | E33: ETREMBIERES_Giratoire ex PN93 | F33: France | G33: 37 | H33: 23 | I33: 0.38 | J33: =I33*G33 -> 14.06 | K33: 0.16 | L33: =K33*G33 -> 5.92 | M33: 1 | N33: =IF(M33="-","-",M33*L33) -> 5.92
E34: ETREMBIERES_Carrefour sous Château | F34: France | G34: 33 | H34: 15 | I34: 0.3 | J34: =I34*G34 -> 9.9 | K34: 0.09 | L34: =K34*G34 -> 2.97 | M34: 1 | N34: =IF(M34="-","-",M34*L34) -> 2.97
E35: SCIENTRIER_Carrefour Tour de Bellecombe | F35: France | G35: 6 | H35: 5 | I35: 0 | J35: =I35*G35 -> 0 | K35: 0 | L35: =K35*G35 -> 0 | M35: 0 | N35: =IF(M35="-","-",M35*L35) -> 0
E36: REIGNIER_Giratoire église | F36: France | G36: 25 | H36: 15 | I36: 0.28 | J36: =I36*G36 -> 7 | K36: 0.16 | L36: =K36*G36 -> 4 | M36: 0.25 | N36: =IF(M36="-","-",M36*L36) -> 1
E37: REIGNIER_Giratoire Foron | F37: France | G37: 15 | H37: 9 | I37: 0.13 | J37: =I37*G37 -> 1.95 | K37: 0.07 | L37: =K37*G37 -> 1.05 | M37: 0 | N37: =IF(M37="-","-",M37*L37) -> 0
E38: REIGNIER_Giratoire La Forge | F38: France | G38: 16 | H38: 14 | I38: 0.38 | J38: =I38*G38 -> 6.08 | K38: 0.13 | L38: =K38*G38 -> 2.08 | M38: 1 | N38: =IF(M38="-","-",M38*L38) -> 2.08
E39: PERS-JUSSY_Giratoire Casino | F39: France | G39: 7 | H39: 5 | I39: 0.14 | J39: =I39*G39 -> 0.98 | K39: 0 | L39: =K39*G39 -> 0 | M39: 0 | N39: =IF(M39="-","-",M39*L39) -> 0
I40: 0.14 | K40: 0 | M40: 0
I41: 0.14 | K41: 0 | M41: 0
E42: ARTHAZ_Giratoire lavage auto | F42: France | G42: 20 | H42: 9 | I42: 0.25 | J42: =I42*G42 -> 5 | K42: 0.15 | L42: =K42*G42 -> 3 | M42: 0.33 | N42: =IF(M42="-","-",M42*L42) -> 0.99
D43: Sous-total | G43: =SUM(G33:G42) -> 159 | H43: =SUM(H33:H42) -> 95 | I43: =J43/G43 -> 0.28283019 | J43: =SUM(J33:J42) -> 44.97 | K43: =L43/G43 -> 0.11962264 | L43: =SUM(L33:L42) -> 19.02 | M43: =N43/L43 -> 0.68138801 | N43: =SUM(N33:N42) -> 12.96
B44: Sous-total périmètre "arrière-pays" | D44: =SUM(D5:D42) -> 29 | E44: =COUNT(G5:G42) -> 19 | F44: =COUNT(J5:J42) -> 19 | G44: =G5+G32+G43 -> 394 | H44: =H5+H32+H43 -> 235 | I44: =J44/G44 -> 0.22581218 | J44: =J5+J32+J43 -> 88.97 | K44: =L44/G44 -> 0.22593909 | L44: =L5+L32+L43 -> 89.02 | M44: =N44/(L5+L33+L34+L36+L38+L42) -> 0.42779525 | N44: =N5+N32+N43 -> 14.96
B45: EVAV | C45: NON | D45: 31 | E45: AMBILLY_Voie verte Pont Noir | F45: France | G45: 603 | H45: 173 | I45: 0.43 | J45: 261 | K45: 0.38 | L45: 242 | M45: - | N45: =IF(M45="-","-",M45*L45) -> -
E46: ANNEMASSE_Voie verte Jura | F46: France | G46: 354 | H46: 103 | I46: 0.4 | J46: 142 | K46: 0.42 | L46: 161 | M46: - | N46: =IF(M46="-","-",M46*L46) -> -
E47: ANNEMASSE_Devant l'agglo | F47: France | G47: 222 | H47: 66 | I47: 0.36 | J47: 137 | K47: 0.38 | L47: 88 | M47: - | N47: =IF(M47="-","-",M47*L47) -> -
E48: GAILLARD_Douane de Fossard | F48: Frontière | G48: 106 | H48: 35 | I48: 0.38 | J48: 39 | K48: 0.44 | L48: 48 | M48: - | N48: =IF(M48="-","-",M48*L48) -> -
E49: ANNEMASSE_Clos Fleury | F49: France | G49: 206 | H49: 70 | I49: 0.43 | J49: 87 | K49: 0.39 | L49: 83 | M49: - | N49: =IF(M49="-","-",M49*L49) -> -
I50: 0.43 | K50: 0.39 | M50: -
I51: 0.43 | K51: 0.39 | M51: -
E52: GAILLARD_Douane de Moïllesullaz | F52: Frontière | G52: 173 | H52: 62 | I52: 0.23 | J52: 39 | K52: 0.39 | L52: 75 | M52: - | N52: =IF(M52="-","-",M52*L52) -> -
D53: Sous-total | G53: =SUM(G45:G52) -> 1664 | H53: =SUM(H45:H52) -> 509 | I53: =J53/G53 -> 0.42367788 | J53: =SUM(J45:J52) -> 705 | K53: =L53/G53 -> 0.41887019 | L53: =SUM(L45:L52) -> 697 | M53: =N53/L53 -> 0 | N53: =SUM(N45:N52) -> 0
B54: Le Préau | C54: NON | D54: 12 | E54: COMMUNE_Carrefour | F54: Frontière | I54: 0.63636364 | J54: =I54*G54 -> 0 | K54: 0.24242424 | L54: =K54*G54 -> 0 | M54: 0.875 | N54: =IF(M54="-","-",M54*L54) -> 0
E55: COMMUNE_Carrefour | F55: Frontière | I55: 0.60227273 | J55: =I55*G55 -> 0 | K55: 0.36363636 | L55: =K55*G55 -> 0 | M55: 0.84375 | N55: =IF(M55="-","-",M55*L55) -> 0
E56: COMMUNE_Carrefour | F56: Frontière | I56: 0.64285714 | J56: =I56*G56 -> 0 | K56: 0.5 | L56: =K56*G56 -> 0 | M56: 0.57142857 | N56: =IF(M56="-","-",M56*L56) -> 0
E57: COMMUNE_Carrefour | F57: Frontière | I57: 0.65217391 | J57: =I57*G57 -> 0 | K57: 0.47826087 | L57: =K57*G57 -> 0 | M57: 0.72727273 | N57: =IF(M57="-","-",M57*L57) -> 0
E58: COMMUNE_Carrefour | I58: 0.65217391 | J58: =I58*G58 -> 0 | K58: 0.47826087 | L58: =K58*G58 -> 0 | M58: 0.72727273 | N58: =IF(M58="-","-",M58*L58) -> 0
E59: COMMUNE_Carrefour | I59: 0.65217391 | J59: =I59*G59 -> 0 | K59: 0.47826087 | L59: =K59*G59 -> 0 | M59: 0.72727273 | N59: =IF(M59="-","-",M59*L59) -> 0
E60: COMMUNE_Carrefour | F60: Frontière | I60: 0.5 | J60: =I60*G60 -> 0 | K60: 0.47222222 | L60: =K60*G60 -> 0 | M60: 0.76470588 | N60: =IF(M60="-","-",M60*L60) -> 0
D61: Sous-total | G61: =SUM(G54:G60) -> 0 | H61: =SUM(H54:H60) -> 0 | I61: =J61/G61 -> #DIV/0! | J61: =SUM(J54:J60) -> 0 | K61: =L61/G61 -> #DIV/0! | L61: =SUM(L54:L60) -> 0 | M61: =N61/L61 -> #DIV/0! | N61: =SUM(N54:N60) -> 0 | S61: =SUM(S54:S60) -> 0 | T61: =SUM(T54:T60) -> 0 | U61: =SUM(U54:U60) -> 0 | V61: =SUM(V54:V60) -> 0
B62: Salève Vivant | C62: NON | D62: 12 | E62: ARCHAMPS_Douane de Landecy | F62: Frontière | G62: 33 | H62: 33 | I62: 0.63636364 | J62: =I62*G62 -> 21 | K62: 0.24242424 | L62: =K62*G62 -> 8 | M62: 0.875 | N62: =IF(M62="-","-",M62*L62) -> 7 | S62: 33 | T62: 33 | U62: 0 | V62: 0
E63: COLLONGES_Douane de Croix de Rozon | F63: Frontière | G63: 88 | H63: 88 | I63: 0.60227273 | J63: =I63*G63 -> 53 | K63: 0.36363636 | L63: =K63*G63 -> 32 | M63: 0.84375 | N63: =IF(M63="-","-",M63*L63) -> 27 | S63: 78 | T63: 78 | U63: 10 | V63: 10
E64: BOSSEY_Douane de Pierre-Grand | F64: Frontière | G64: 14 | H64: 14 | I64: 0.64285714 | J64: =I64*G64 -> 9 | K64: 0.5 | L64: =K64*G64 -> 7 | M64: 0.57142857 | N64: =IF(M64="-","-",M64*L64) -> 4 | S64: 14 | T64: 14 | U64: 0 | V64: 0
E65: BOSSEY_Douane de Troinex/Bossey | F65: Frontière | G65: 23 | H65: 23 | I65: 0.65217391 | J65: =I65*G65 -> 15 | K65: 0.47826087 | L65: =K65*G65 -> 11 | M65: 0.72727273 | N65: =IF(M65="-","-",M65*L65) -> 8 | S65: 20 | T65: 20 | U65: 3 | V65: 3
I66: 0.65217391 | K66: 0.47826087 | M66: 0.72727273
I67: 0.65217391 | K67: 0.47826087 | M67: 0.72727273
E68: VEYRIER_Douane du Pas de l'Echelle | F68: Frontière | G68: 36 | H68: 36 | I68: 0.5 | J68: =I68*G68 -> 18 | K68: 0.47222222 | L68: =K68*G68 -> 17 | M68: 0.76470588 | N68: =IF(M68="-","-",M68*L68) -> 13 | S68: 36 | T68: 36 | U68: 0 | V68: 0
D69: Sous-total | G69: =SUM(G62:G68) -> 194 | H69: =SUM(H62:H68) -> 194 | I69: =J69/G69 -> 0.59793814 | J69: =SUM(J62:J68) -> 116 | K69: =L69/G69 -> 0.38659794 | L69: =SUM(L62:L68) -> 75 | M69: =N69/L69 -> 0.78666667 | N69: =SUM(N62:N68) -> 59 | S69: =SUM(S62:S68) -> 181 | T69: =SUM(T62:T68) -> 181 | U69: =SUM(U62:U68) -> 13 | V69: =SUM(V62:V68) -> 13
B70: Groupe St-Julien | C70: NON | D70: 10 | E70: ST-JULIEN_Douane de Perly | F70: Frontière | G70: 59 | H70: =G70 -> 59 | I70: 0.51 | J70: =I70*G70 -> 30.09 | K70: 0.44 | L70: =K70*G70 -> 25.96 | M70: 0.62 | N70: =IF(M70="-","-",M70*L70) -> 16.0952
E71: ST-JULIEN_Passage douanier des Crottes | F71: Frontière | G71: 45 | H71: =G71 -> 45 | I71: 0.58 | J71: =I71*G71 -> 26.1 | K71: 0.44 | L71: =K71*G71 -> 19.8 | M71: 0.65 | N71: =IF(M71="-","-",M71*L71) -> 12.87
E72: ST-JULIEN_Paguette (chemin de l'Aire) | F72: Frontière | G72: 16 | H72: =G72 -> 16 | I72: 0.44 | J72: =I72*G72 -> 7.04 | K72: 0.31 | L72: =K72*G72 -> 4.96 | M72: 0.4 | N72: =IF(M72="-","-",M72*L72) -> 1.984
E73: ST-JULIEN_Douane de Certoux (rte Thérens) | F73: Frontière | G73: 31 | H73: =G73 -> 31 | I73: 0.29 | J73: =I73*G73 -> 8.99 | K73: 0.32 | L73: =K73*G73 -> 9.92 | M73: 0.3 | N73: =IF(M73="-","-",M73*L73) -> 2.976
E74: ST-JULIEN_Douane de Soral 1 | F74: Frontière | G74: 3 | H74: =G74 -> 3 | I74: 0 | J74: =I74*G74 -> 0 | K74: 0 | L74: =K74*G74 -> 0 | M74: - | N74: =IF(M74="-","-",M74*L74) -> -
E75: VIRY_Douane de Soral 2 | F75: Frontière | G75: 13 | H75: =G75 -> 13 | I75: 0.23 | J75: =I75*G75 -> 2.99 | K75: 0.15 | L75: =K75*G75 -> 1.95 | M75: 0.5 | N75: =IF(M75="-","-",M75*L75) -> 0.975
E76: VIRY_Malagny
E79: VALLEIRY_La Joux
D80: Sous-total | G80: =SUM(G70:G75) -> 167 | H80: =SUM(H70:H75) -> 167 | I80: =J80/G80 -> 0.45035928 | J80: =SUM(J70:J75) -> 75.21 | K80: =L80/G80 -> 0.37479042 | L80: =SUM(L70:L75) -> 62.59 | M80: =N80/L80 -> 0.55760026 | N80: =SUM(N70:N75) -> 34.9002
B81: APICY | C81: NON | D81: 14 | E81: STJEAN_Douane de Dardagny
E82: CHALLEX_Douane de La Plaine
E83: POUGNY_Douane de Chancy
E84: ST-GENIS_Giratoire Porte de France | F84: France | G84: 217 | H84: 102 | I84: 0.29 | J84: =I84*G84 -> 62.93 | K84: 0.32 | L84: 69 | M84: - | N84: =IF(M84="-","-",M84*L84) -> - | O84: 27 | P84: 8 | Q84: 33 | R84: 14 | S84: 241 | T84: 112 | U84: 9 | V84: 4
E85: FERNEY_Douane du GdSaconnex | F85: Frontière | G85: 156 | H85: 87 | I85: 0.4 | J85: =I85*G85 -> 62.4 | K85: 0.39 | L85: 61 | M85: - | N85: =IF(M85="-","-",M85*L85) -> - | O85: 7 | P85: 5 | Q85: 4 | R85: 1 | S85: 146 | T85: 81 | U85: 14 | V85: 7
E86: FERNEY_Douane de Mategnin | F86: Frontière | G86: 167 | H86: 80 | I86: 0.26 | J86: =I86*G86 -> 43.42 | K86: 0.37 | L86: 62 | M86: - | N86: =IF(M86="-","-",M86*L86) -> - | O86: 7 | P86: 3 | Q86: 33 | R86: 14 | S86: 153 | T86: 74 | U86: 47 | V86: 20
E87: FERNEY_Douane de Vireloup | I87: 0.26 | K87: 0.37 | M87: -
E88: VERSONNEX_Douane de Collex-Bossy | I88: 0.26 | K88: 0.37 | M88: -
E89: SAUVERNY_Douane de Sauverny | I89: 0.26 | K89: 0.37 | M89: -
I90: 0.26 | K90: 0.37 | M90: -
I91: 0.26 | K91: 0.37 | M91: -
E92: GRILLY_Douane du Pont
D93: Sous-total | G93: =SUM(G84:G92) -> 540 | H93: =SUM(H84:H92) -> 269 | I93: =J93/G93 -> 0.3125 | J93: =SUM(J84:J92) -> 168.75 | K93: =L93/G93 -> 0.35555556 | L93: =SUM(L84:L92) -> 192 | M93: =N93/L93 -> 0 | N93: =SUM(N84:N92) -> 0 | O93: =SUM(O84:O92) -> 41 | P93: =SUM(P84:P92) -> 16 | Q93: =SUM(Q84:Q92) -> 70 | R93: =SUM(R84:R92) -> 29 | S93: =SUM(S84:S92) -> 540 | T93: =SUM(T84:T92) -> 267 | U93: =SUM(U84:U92) -> 70 | V93: =SUM(V84:V92) -> 31
B94: ATE Vaud / ProVélo La Côte | C94: NON | D94: 2 | E94: DIVONNE_Douane de Chavanne | F94: Frontière | G94: 21 | H94: 8 | I94: 0.29 | J94: =I94*G94 -> 6.09 | K94: 0.32 | L94: =K94*G94 -> 6.72 | M94: - | N94: 0 | O94: 1 | P94: 0 | Q94: 7 | R94: 5 | S94: 19 | T94: 8 | U94: 9 | V94: 5
E95: DIVONNE-CRASSIER_Voie verte
E98: DIVONNE_Douane de Crassy / Crassier
D99: Sous-total | G99: =SUM(G94:G98) -> 21 | H99: =SUM(H94:H98) -> 8 | I99: =J99/G99 -> 0.29 | J99: =SUM(J94:J98) -> 6.09 | K99: =L99/G99 -> 0.32 | L99: =SUM(L94:L98) -> 6.72 | M99: =N99/L99 -> 0 | N99: =SUM(N94:N98) -> 0 | O99: =SUM(O94:O98) -> 1 | P99: =SUM(P94:P98) -> 0 | Q99: =SUM(Q94:Q98) -> 7 | R99: =SUM(R94:R98) -> 5 | S99: =SUM(S94:S98) -> 19 | T99: =SUM(T94:T98) -> 8 | U99: =SUM(U94:U98) -> 9 | V99: =SUM(V94:V98) -> 5
B100: ProVélo GE | C100: NON | D100: 14 | E100: GENEVE_Rue du XXXI Décembre | F100: Suisse | G100: =17+25 -> 42 | H100: =G100 -> 42 | I100: =17/G100 -> 0.4047619 | J100: =I100*G100 -> 17 | K100: =21/G100 -> 0.5 | L100: =K100*G100 -> 21
E101: GENEVE_Bd Georges Favon | F101: Suisse | G101: =122+29+119+13 -> 283 | H101: =G101 -> 283 | I101: =(29+13)/G101 -> 0.14840989 | J101: =I101*G101 -> 42 | K101: =(65+47)/G101 -> 0.39575972 | L101: =K101*G101 -> 112
E102: GENEVE_Arquebuse | F102: Suisse | G102: =(19+11+31+18) -> 79 | H102: =G102 -> 79 | I102: =(11+18)/G102 -> 0.36708861 | J102: =I102*G102 -> 29 | K102: =(5+28)/G102 -> 0.41772152 | L102: =K102*G102 -> 33
E103: GENEVE_Rue Ferdinand Hodler | F103: Suisse | G103: =15+8+12+6+33+34 -> 108 | H103: =G103 -> 108 | I103: =(8+6+33)/G103 -> 0.43518519 | J103: =I103*G103 -> 47 | K103: =(12+6+33)/G103 -> 0.47222222 | L103: =K103*G103 -> 51
E104: GENEVE_Av. Pictet de Rochemont | F104: Suisse | G104: =56+28+19+14 -> 117 | H104: =G104 -> 117 | I104: =(28+14)/G104 -> 0.35897436 | J104: =I104*G104 -> 42 | K104: =(31+21)/G104 -> 0.44444444 | L104: =K104*G104 -> 52
E105: CHÊNE-BOURG_Ecole de Haller
E106: THÔNEX_Ch. de la Mousse/Rte de Jussy
...

Sheet 2021
B2: Association(s) | C2: Arrière-pays | D2: Nombre de bénévoles | E2: Postes de comptage | F2: France / Suisse / Frontière | G2: Nombre de vélos | I2: % VAE dans le total | J2: NB VAE dans le total | K2: % femmes dans le total | L2: NB de femmes dans le total | M2: % de VAE chez les femmes | N2: NB de VAE chez les femmes | O2: Autres modes | Q2: Piétons | S2: > Suisse | U2: > France
G4: total | H4: HP | O4: total | P4: HP | Q4: total | R4: HP | S4: total | T4: HP | U4: total | V4: HP
B5: Université Populaire de Cluses | C5: OUI | D5: 2 | E5: CLUSES_Passerelle de Messy | F5: France | G5: 102 | H5: 94 | I5: =J5/G5 -> 0.019607843 | J5: 2 | K5: =L5/G5 -> 0.17647059 | L5: 18 | M5: =IF(N5="-","-",N5/L5) -> 0.11111111 | N5: 2 | O5: - | P5: - | Q5: - | R5: - | S5: - | T5: - | U5: - | V5: - | W5: OK | Y5: =IF(G5="","",1) -> 1
B6: L'Abeille (Contamine) | C6: OUI | D6: 2 | E6: BONNE_Loëx (sous voie rapide) | F6: France | I6: =J6/G6 -> #DIV/0! | K6: =L6/G6 -> #DIV/0! | M6: =IF(N6="-","-",N6/L6) -> #DIV/0! | O6: - | P6: - | Q6: - | R6: - | S6: - | T6: - | U6: - | V6: - | W6: OK | Y6: =IF(G6="","",1)
B7: ACMB (Chablais) | C7: OUI | D7: 9 | E7: COMMUNE_Carrefour | F7: France | I7: =J7/G7 -> #DIV/0! | K7: =L7/G7 -> #DIV/0! | M7: =IF(N7="-","-",N7/L7) -> - | N7: - | O7: - | P7: - | Q7: - | R7: - | S7: - | T7: - | U7: - | V7: - | W7: OK | Y7: =IF(G7="","",1)
E8: COMMUNE_Carrefour | F8: France | I8: =J8/G8 -> #DIV/0! | K8: =L8/G8 -> #DIV/0! | M8: =IF(N8="-","-",N8/L8) -> - | N8: - | O8: - | P8: - | Q8: - | R8: - | S8: - | T8: - | U8: - | V8: - | W8: OK | Y8: =IF(G8="","",1)
E9: COMMUNE_Carrefour | F9: France | I9: =J9/G9 -> #DIV/0! | K9: =L9/G9 -> #DIV/0! | M9: =IF(N9="-","-",N9/L9) -> - | N9: - | O9: - | P9: - | Q9: - | R9: - | S9: - | T9: - | U9: - | V9: - | W9: OK | Y9: =IF(G9="","",1)
E10: COMMUNE_Carrefour | F10: France | I10: =J10/G10 -> #DIV/0! | K10: =L10/G10 -> #DIV/0! | M10: =IF(N10="-","-",N10/L10) -> - | N10: - | O10: - | P10: - | Q10: - | R10: - | W10: OK | Y10: =IF(G10="","",1)
E11: COMMUNE_Carrefour | F11: France | I11: =J11/G11 -> #DIV/0! | K11: =L11/G11 -> #DIV/0! | M11: =IF(N11="-","-",N11/L11) -> - | N11: - | O11: - | P11: - | Q11: - | R11: - | S11: - | T11: - | U11: - | V11: - | W11: OK | Y11: =IF(G11="","",1)
E12: COMMUNE_Carrefour | F12: France | I12: =J12/G12 -> #DIV/0! | K12: =L12/G12 -> #DIV/0! | M12: =IF(N12="-","-",N12/L12) -> - | N12: - | O12: - | P12: - | Q12: - | R12: - | S12: - | T12: - | U12: - | V12: - | W12: OK | Y12: =IF(G12="","",1)
E13: COMMUNE_Carrefour | F13: France | I13: =J13/G13 -> #DIV/0! | K13: =L13/G13 -> #DIV/0! | M13: =IF(N13="-","-",N13/L13) -> - | N13: - | O13: - | P13: - | Q13: - | R13: - | S13: - | T13: - | U13: - | V13: - | W13: OK | Y13: =IF(G13="","",1)
E14: COMMUNE_Carrefour | F14: France | I14: =J14/G14 -> #DIV/0! | K14: =L14/G14 -> #DIV/0! | M14: =IF(N14="-","-",N14/L14) -> - | N14: - | O14: - | P14: - | Q14: - | R14: - | S14: - | T14: - | U14: - | V14: - | W14: OK | Y14: =IF(G14="","",1)
E15: COMMUNE_Carrefour | I15: =J15/G15 -> #DIV/0! | K15: =L15/G15 -> #DIV/0! | M15: =IF(N15="-","-",N15/L15) -> - | N15: - | O15: - | P15: - | Q15: - | R15: -
E16: COMMUNE_Carrefour | I16: =J16/G16 -> #DIV/0! | K16: =L16/G16 -> #DIV/0! | M16: =IF(N16="-","-",N16/L16) -> - | N16: - | O16: - | P16: - | Q16: - | R16: -
I17: =J17/G17 -> #DIV/0! | K17: =L17/G17 -> #DIV/0! | M17: =IF(N17="-","-",N17/L17) -> - | N17: - | O17: - | P17: - | Q17: - | R17: -
I18: =J18/G18 -> #DIV/0! | K18: =L18/G18 -> #DIV/0! | M18: =IF(N18="-","-",N18/L18) -> - | N18: - | O18: - | P18: - | Q18: - | R18: -
E19: COMMUNE_Carrefour | F19: France | I19: =J19/G19 -> #DIV/0! | K19: =L19/G19 -> #DIV/0! | M19: =IF(N19="-","-",N19/L19) -> - | N19: - | O19: - | P19: - | Q19: - | R19: - | S19: - | T19: - | U19: - | V19: - | W19: OK | Y19: =IF(G19="","",1)
D20: Sous-total | G20: =SUM(G7:G19) -> 0 | H20: =SUM(H7:H19) -> 0 | I20: =J20/G20 -> #DIV/0! | J20: =SUM(J7:J19) -> 0 | K20: =L20/G20 -> #DIV/0! | L20: =SUM(L7:L19) -> 0 | M20: =N20/L20 -> #DIV/0! | N20: =SUM(N7:N19) -> 0 | W20: OK
B21: NatEnv (Nature Environnement en Pays rochois) Fabrique à Biclou Pays rochois en Transition | C21: OUI | D21: 9 | E21: LA ROCHE_Carrefour Biocoop | F21: France | G21: 76 | H21: 50 | I21: =J21/G21 -> 0.22368421 | J21: 17 | K21: =L21/G21 -> 0.36842105 | L21: 28 | M21: =IF(N21="-","-",N21/L21) -> - | N21: - | O21: - | P21: - | Q21: - | R21: - | S21: - | T21: - | U21: - | V21: - | W21: OK | Y21: =IF(G21="","",1) -> 1
E22: LA ROCHE_Giratoire La Poste | F22: France | G22: 45 | H22: 27 | I22: =J22/G22 -> 0.46666667 | J22: 21 | K22: =L22/G22 -> 0.31111111 | L22: 14 | M22: =IF(N22="-","-",N22/L22) -> - | N22: - | O22: - | P22: - | Q22: - | R22: - | S22: - | T22: - | U22: - | V22: - | W22: OK | Y22: =IF(G22="","",1) -> 1
E23: LA ROCHE_Giratoire ENILV | F23: France | G23: 16 | H23: 10 | I23: =J23/G23 -> 0.3125 | J23: 5 | K23: =L23/G23 -> 0.1875 | L23: 3 | M23: =IF(N23="-","-",N23/L23) -> - | N23: - | O23: - | P23: - | Q23: - | R23: - | S23: - | T23: - | U23: - | V23: - | W23: OK | Y23: =IF(G23="","",1) -> 1
E24: LA ROCHE_Gare Passage à niveau (new 2021) | F24: France | G24: 56 | H24: 36 | I24: =J24/G24 -> 0.21428571 | J24: 12 | K24: =L24/G24 -> 0.17857143 | L24: 10 | M24: =IF(N24="-","-",N24/L24) -> - | N24: - | O24: - | P24: - | Q24: - | R24: - | W24: OK | Y24: =IF(G24="","",1) -> 1
E25: ARENTHON_La Papeterie | F25: France | G25: 13 | H25: 8 | I25: =J25/G25 -> 0.53846154 | J25: 7 | K25: =L25/G25 -> 0.46153846 | L25: 6 | M25: =IF(N25="-","-",N25/L25) -> - | N25: - | O25: - | P25: - | Q25: - | R25: - | S25: - | T25: - | U25: - | V25: - | W25: OK | Y25: =IF(G25="","",1) -> 1
E26: ST-PIERRE_Franchissement Borne-Dessy | F26: France | G26: 24 | H26: 20 | I26: =J26/G26 -> 0.29166667 | J26: 7 | K26: =L26/G26 -> 0.29166667 | L26: 7 | M26: =IF(N26="-","-",N26/L26) -> - | N26: - | O26: - | P26: - | Q26: - | R26: - | S26: - | T26: - | U26: - | V26: - | W26: OK | Y26: =IF(G26="","",1) -> 1
E27: BONNEVILLE_Franchissement Borne-Tucinge | F27: France | G27: 33 | H27: 25 | I27: =J27/G27 -> 0 | J27: 0 | K27: =L27/G27 -> 0.21212121 | L27: 7 | M27: =IF(N27="-","-",N27/L27) -> - | N27: - | O27: - | P27: - | Q27: - | R27: - | S27: - | T27: - | U27: - | V27: - | W27: OK | Y27: =IF(G27="","",1) -> 1
E28: ST-PIERRE_Pont principal sur le Borne | F28: France | G28: 32 | H28: 17 | I28: =J28/G28 -> 0.15625 | J28: 5 | K28: =L28/G28 -> 0.375 | L28: 12 | M28: =IF(N28="-","-",N28/L28) -> - | N28: - | O28: - | P28: - | Q28: - | R28: - | S28: - | T28: - | U28: - | V28: - | W28: OK | Y28: =IF(G28="","",1) -> 1
I29: =J29/G29 -> #DIV/0! | K29: =L29/G29 -> #DIV/0! | M29: =IF(N29="-","-",N29/L29) -> - | N29: - | O29: - | P29: - | Q29: - | R29: -
I30: =J30/G30 -> #DIV/0! | K30: =L30/G30 -> #DIV/0! | M30: =IF(N30="-","-",N30/L30) -> - | N30: - | O30: - | P30: - | Q30: - | R30: -
E31: AMANCY_Giratoire Coriandre | F31: France | I31: =J31/G31 -> #DIV/0! | K31: =L31/G31 -> #DIV/0! | M31: =IF(N31="-","-",N31/L31) -> - | N31: - | O31: - | P31: - | Q31: - | R31: - | S31: - | T31: - | U31: - | V31: - | W31: OK | Y31: =IF(G31="","",1)
D32: Sous-total | G32: =SUM(G21:G31) -> 295 | H32: =SUM(H21:H31) -> 193 | I32: =J32/G32 -> 0.25084746 | J32: =SUM(J21:J31) -> 74 | K32: =L32/G32 -> 0.29491525 | L32: =SUM(L21:L31) -> 87 | M32: =N32/L32 -> 0 | N32: =SUM(N21:N31) -> 0 | W32: OK
B33: AERE (Association Environnement Reignier-Esery) | C33: OUI | D33: 9 | E33: ETREMBIERES_Giratoire ex PN93 | F33: France | G33: 46 | H33: 32 | I33: =J33/G33 -> 0.65217391 | J33: 30 | K33: =L33/G33 -> 0.19565217 | L33: 9 | M33: =IF(N33="-","-",N33/L33) -> 1 | N33: 9 | O33: - | P33: - | Q33: - | R33: - | S33: - | T33: - | U33: - | V33: - | W33: OK | Y33: =IF(G33="","",1) -> 1
E34: ETREMBIERES_Carrefour sous Château | F34: France | G34: 28 | H34: 17 | I34: =J34/G34 -> 0.64285714 | J34: 18 | K34: =L34/G34 -> 0.32142857 | L34: 9 | M34: =IF(N34="-","-",N34/L34) -> 0.77777778 | N34: 7 | O34: - | P34: - | Q34: - | R34: - | S34: - | T34: - | U34: - | V34: - | W34: OK | Y34: =IF(G34="","",1) -> 1
E35: SCIENTRIER_Carrefour Tour de Bellecombe | F35: France | G35: 5 | H35: 5 | I35: =J35/G35 -> 0.6 | J35: 3 | K35: =L35/G35 -> 0.2 | L35: 1 | M35: =IF(N35="-","-",N35/L35) -> 1 | N35: 1 | O35: - | P35: - | Q35: - | R35: - | S35: - | T35: - | U35: - | V35: - | W35: OK | Y35: =IF(G35="","",1) -> 1
E36: REIGNIER_Giratoire église | F36: France | G36: 45 | H36: 26 | I36: =J36/G36 -> 0.26666667 | J36: 12 | K36: =L36/G36 -> 0.26666667 | L36: 12 | M36: =IF(N36="-","-",N36/L36) -> 0.25 | N36: 3 | O36: - | P36: - | Q36: - | R36: - | S36: - | T36: - | U36: - | V36: - | W36: OK | Y36: =IF(G36="","",1) -> 1
E37: REIGNIER_Giratoire Foron | F37: France | G37: 14 | H37: 9 | I37: =J37/G37 -> 0.21428571 | J37: 3 | K37: =L37/G37 -> 0.14285714 | L37: 2 | M37: =IF(N37="-","-",N37/L37) -> 0.5 | N37: 1 | O37: - | P37: - | Q37: - | R37: - | S37: - | T37: - | U37: - | V37: - | W37: OK | Y37: =IF(G37="","",1) -> 1
E38: REIGNIER_Giratoire La Forge | F38: France | G38: 31 | H38: 23 | I38: =J38/G38 -> 0.5483871 | J38: 17 | K38: =L38/G38 -> 0.16129032 | L38: 5 | M38: =IF(N38="-","-",N38/L38) -> 1 | N38: 5 | O38: - | P38: - | Q38: - | R38: - | S38: - | T38: - | U38: - | V38: - | W38: OK | Y38: =IF(G38="","",1) -> 1
E39: PERS-JUSSY_Giratoire Casino | F39: France | G39: 12 | H39: 7 | I39: =J39/G39 -> 0.33333333 | J39: 4 | K39: =L39/G39 -> 0.33333333 | L39: 4 | M39: =IF(N39="-","-",N39/L39) -> 0.5 | N39: 2 | O39: - | P39: - | Q39: - | R39: - | S39: - | T39: - | U39: - | V39: - | W39: OK | Y39: =IF(G39="","",1) -> 1
I40: =J40/G40 -> #DIV/0! | K40: =L40/G40 -> #DIV/0! | M40: =IF(N40="-","-",N40/L40) -> #DIV/0!
I41: =J41/G41 -> #DIV/0! | K41: =L41/G41 -> #DIV/0! | M41: =IF(N41="-","-",N41/L41) -> #DIV/0!
E42: ARTHAZ_Giratoire lavage auto | F42: France | G42: 17 | H42: 9 | I42: =J42/G42 -> 0.41176471 | J42: 7 | K42: =L42/G42 -> 0.23529412 | L42: 4 | M42: =IF(N42="-","-",N42/L42) -> 0.25 | N42: 1 | O42: - | P42: - | Q42: - | R42: - | S42: - | T42: - | U42: - | V42: - | W42: OK | Y42: =IF(G42="","",1) -> 1
D43: Sous-total | G43: =SUM(G33:G42) -> 198 | H43: =SUM(H33:H42) -> 128 | I43: =J43/G43 -> 0.47474747 | J43: =SUM(J33:J42) -> 94 | K43: =L43/G43 -> 0.23232323 | L43: =SUM(L33:L42) -> 46 | M43: =N43/L43 -> 0.63043478 | N43: =SUM(N33:N42) -> 29 | W43: OK
B44: Sous-total périmètre "arrière-pays" | D44: =SUM(D5:D42) -> 31 | E44: =COUNT(G5:G31,G33:G42) -> 18 | F44: =COUNT(J5:J42) -> 19 | G44: =G5+G32+G43 -> 595 | H44: =H5+H32+H43 -> 415 | I44: =J44/G44 -> 0.28571429 | J44: =J5+J32+J43 -> 170 | K44: =L44/G44 -> 0.25378151 | L44: =L5+L32+L43 -> 151 | M44: =N44/(L5+SUM(L33:L42)) -> 0.484375 | N44: =N5+N32+N43 -> 31 | W44: OK
B45: EVAV (En Ville A Vélo) | C45: NON | D45: 6 | E45: AMBILLY_Voie verte Pont Noir | F45: France | I45: =J45/G45 -> #DIV/0! | K45: =L45/G45 -> #DIV/0! | M45: =IF(N45="-","-",N45/L45) -> - | N45: - | O45: - | P45: - | Q45: - | R45: - | W45: OK | Y45: =IF(G45="","",1)
E46: ANNEMASSE_Voie verte Jura | F46: France | I46: =J46/G46 -> #DIV/0! | K46: =L46/G46 -> #DIV/0! | M46: =IF(N46="-","-",N46/L46) -> - | N46: - | O46: - | P46: - | Q46: - | R46: - | W46: OK | Y46: =IF(G46="","",1)
E47: ANNEMASSE_Devant l'agglo | F47: France | G47: 228 | H47: 125 | I47: =J47/G47 -> 0.39473684 | J47: 90 | K47: =L47/G47 -> 0.39912281 | L47: 91 | M47: =IF(N47="-","-",N47/L47) -> - | N47: - | O47: - | P47: - | Q47: - | R47: - | S47: - | T47: - | U47: - | V47: - | W47: OK | Y47: =IF(G47="","",1) -> 1
E48: GAILLARD_Douane de Fossard | F48: Frontière | G48: 141 | H48: 80 | I48: =J48/G48 -> 0.46099291 | J48: 65 | K48: =L48/G48 -> 0.43971631 | L48: 62 | M48: =IF(N48="-","-",N48/L48) -> - | N48: - | O48: - | P48: - | Q48: - | R48: - | W48: OK | Y48: =IF(G48="","",1) -> 1
E49: ANNEMASSE_Clos Fleury | F49: France | G49: 234 | H49: 127 | I49: =J49/G49 -> 0.42307692 | J49: 99 | K49: =L49/G49 -> 0.47863248 | L49: 112 | M49: =IF(N49="-","-",N49/L49) -> - | N49: - | O49: - | P49: - | Q49: - | R49: - | S49: - | T49: - | U49: - | V49: - | W49: OK | Y49: =IF(G49="","",1) -> 1
I50: =J50/G50 -> #DIV/0! | K50: =L50/G50 -> #DIV/0! | M50: =IF(N50="-","-",N50/L50) -> #DIV/0!
I51: =J51/G51 -> #DIV/0! | K51: =L51/G51 -> #DIV/0! | M51: =IF(N51="-","-",N51/L51) -> #DIV/0!
E52: GAILLARD_Douane de Moïllesullaz | F52: Frontière | G52: 157 | H52: 82 | I52: =J52/G52 -> 0.22929936 | J52: 36 | K52: =L52/G52 -> 0.31210191 | L52: 49 | M52: =IF(N52="-","-",N52/L52) -> - | N52: - | O52: - | P52: - | Q52: - | R52: - | W52: OK | Y52: =IF(G52="","",1) -> 1
D53: Sous-total | G53: =SUM(G45:G52) -> 760 | H53: =SUM(H45:H52) -> 414 | I53: =J53/G53 -> 0.38157895 | J53: =SUM(J45:J52) -> 290 | K53: =L53/G53 -> 0.41315789 | L53: =SUM(L45:L52) -> 314 | M53: =N53/L53 -> 0 | N53: =SUM(N45:N52) -> 0 | O53: =SUM(O45:O52) -> 0 | P53: =SUM(P45:P52) -> 0 | Q53: =SUM(Q45:Q52) -> 0 | R53: =SUM(R45:R52) -> 0 | S53: =SUM(S45:S52) -> 0 | T53: =SUM(T45:T52) -> 0 | U53: =SUM(U45:U52) -> 0 | V53: =SUM(V45:V52) -> 0
B54: Le Préau | C54: NON | D54: 11 | E54: COMMUNE_Carrefour | F54: Frontière | I54: =J54/G54 -> #DIV/0! | J54: 32 | K54: =L54/G54 -> #DIV/0! | L54: 12 | M54: =IF(N54="-","-",N54/L54) -> 0.83333333 | N54: 10 | O54: - | P54: - | Q54: - | R54: - | W54: OK | Y54: =IF(G54="","",1)
E55: COMMUNE_Carrefour | F55: Frontière | I55: =J55/G55 -> #DIV/0! | J55: 81 | K55: =L55/G55 -> #DIV/0! | L55: 47 | M55: =IF(N55="-","-",N55/L55) -> 0.70212766 | N55: 33 | O55: - | P55: - | Q55: - | R55: - | W55: OK | Y55: =IF(G55="","",1)
E56: COMMUNE_Carrefour | F56: Frontière | I56: =J56/G56 -> #DIV/0! | J56: 16 | K56: =L56/G56 -> #DIV/0! | L56: 12 | M56: =IF(N56="-","-",N56/L56) -> 0.75 | N56: 9 | O56: - | P56: - | Q56: - | R56: - | W56: OK | Y56: =IF(G56="","",1)
E57: COMMUNE_Carrefour | F57: Frontière | I57: =J57/G57 -> #DIV/0! | J57: 35 | K57: =L57/G57 -> #DIV/0! | L57: 20 | M57: =IF(N57="-","-",N57/L57) -> 0.85 | N57: 17 | O57: - | P57: - | Q57: - | R57: - | W57: OK | Y57: =IF(G57="","",1)
E58: COMMUNE_Carrefour | I58: =J58/G58 -> #DIV/0! | J58: 35 | K58: =L58/G58 -> #DIV/0! | L58: 20 | M58: =IF(N58="-","-",N58/L58) -> 0.85 | N58: 17
E59: COMMUNE_Carrefour | I59: =J59/G59 -> #DIV/0! | J59: 35 | K59: =L59/G59 -> #DIV/0! | L59: 20 | M59: =IF(N59="-","-",N59/L59) -> 0.85 | N59: 17
E60: COMMUNE_Carrefour | F60: Frontière | I60: =J60/G60 -> #DIV/0! | J60: 28 | K60: =L60/G60 -> #DIV/0! | L60: 16 | M60: =IF(N60="-","-",N60/L60) -> 0.9375 | N60: 15 | O60: - | P60: - | Q60: - | R60: - | W60: OK | X60: Compté par ProVélo en 2021 (Salève Vivant en 2020) | Y60: =IF(G60="","",1)
D61: Sous-total | G61: =SUM(G54:G60) -> 0 | H61: =SUM(H54:H60) -> 0 | I61: =J61/G61 -> #DIV/0! | J61: =SUM(J54:J60) -> 262 | K61: =L61/G61 -> #DIV/0! | L61: =SUM(L54:L60) -> 147 | M61: =N61/L61 -> 0.80272109 | N61: =SUM(N54:N60) -> 118 | O61: =SUM(O54:O60) -> 0 | P61: =SUM(P54:P60) -> 0 | Q61: =SUM(Q54:Q60) -> 0 | R61: =SUM(R54:R60) -> 0 | S61: =SUM(S54:S60) -> 0 | T61: =SUM(T54:T60) -> 0 | U61: =SUM(U54:U60) -> 0 | V61: =SUM(V54:V60) -> 0 | W61: OK
B62: Salève Vivant | C62: NON | D62: 11 | E62: ARCHAMPS_Douane de Landecy | F62: Frontière | G62: 53 | H62: 38 | I62: =J62/G62 -> 0.60377358 | J62: 32 | K62: =L62/G62 -> 0.22641509 | L62: 12 | M62: =IF(N62="-","-",N62/L62) -> 0.83333333 | N62: 10 | O62: - | P62: - | Q62: - | R62: - | S62: 51 | T62: 36 | U62: 2 | V62: 2 | W62: OK | Y62: =IF(G62="","",1) -> 1
E63: COLLONGES_Douane de Croix de Rozon | F63: Frontière | G63: 117 | H63: 86 | I63: =J63/G63 -> 0.69230769 | J63: 81 | K63: =L63/G63 -> 0.4017094 | L63: 47 | M63: =IF(N63="-","-",N63/L63) -> 0.70212766 | N63: 33 | O63: - | P63: - | Q63: - | R63: - | S63: 112 | T63: 82 | U63: 5 | V63: 4 | W63: OK | Y63: =IF(G63="","",1) -> 1
E64: BOSSEY_Douane de Pierre-Grand | F64: Frontière | G64: 22 | H64: 20 | I64: =J64/G64 -> 0.72727273 | J64: 16 | K64: =L64/G64 -> 0.54545455 | L64: 12 | M64: =IF(N64="-","-",N64/L64) -> 0.75 | N64: 9 | O64: - | P64: - | Q64: - | R64: - | S64: 22 | T64: 20 | U64: 0 | V64: 0 | W64: OK | Y64: =IF(G64="","",1) -> 1
E65: BOSSEY_Douane de Troinex/Bossey | F65: Frontière | G65: 49 | H65: 33 | I65: =J65/G65 -> 0.71428571 | J65: 35 | K65: =L65/G65 -> 0.40816327 | L65: 20 | M65: =IF(N65="-","-",N65/L65) -> 0.85 | N65: 17 | O65: - | P65: - | Q65: - | R65: - | S65: 46 | T65: 31 | U65: 3 | V65: 2 | W65: OK | Y65: =IF(G65="","",1) -> 1
I66: =J66/G66 -> #DIV/0! | K66: =L66/G66 -> #DIV/0! | M66: =IF(N66="-","-",N66/L66) -> #DIV/0!
I67: =J67/G67 -> #DIV/0! | K67: =L67/G67 -> #DIV/0! | M67: =IF(N67="-","-",N67/L67) -> #DIV/0!
E68: VEYRIER_Douane du Pas de l'Echelle | F68: Frontière | G68: 44 | H68: 44 | I68: =J68/G68 -> 0.63636364 | J68: 28 | K68: =L68/G68 -> 0.36363636 | L68: 16 | M68: =IF(N68="-","-",N68/L68) -> 0.9375 | N68: 15 | O68: - | P68: - | Q68: - | R68: - | S68: 40 | T68: 40 | U68: 4 | V68: 4 | W68: OK | X68: Compté par ProVélo en 2021 (Salève Vivant en 2020) | Y68: =IF(G68="","",1) -> 1
D69: Sous-total | G69: =SUM(G62:G68) -> 285 | H69: =SUM(H62:H68) -> 221 | I69: =J69/G69 -> 0.67368421 | J69: =SUM(J62:J68) -> 192 | K69: =L69/G69 -> 0.3754386 | L69: =SUM(L62:L68) -> 107 | M69: =N69/L69 -> 0.78504673 | N69: =SUM(N62:N68) -> 84 | O69: =SUM(O62:O68) -> 0 | P69: =SUM(P62:P68) -> 0 | Q69: =SUM(Q62:Q68) -> 0 | R69: =SUM(R62:R68) -> 0 | S69: =SUM(S62:S68) -> 271 | T69: =SUM(T62:T68) -> 209 | U69: =SUM(U62:U68) -> 14 | V69: =SUM(V62:V68) -> 12 | W69: OK
B70: Groupe St-Julien | C70: NON | D70: 17 | E70: ST-JULIEN_Douane de Perly | F70: Frontière | G70: 76 | H70: =G70 -> 76 | I70: =J70/G70 -> 0.5 | J70: =17+21 -> 38 | K70: =L70/G70 -> 0.38157895 | L70: 29 | M70: =IF(N70="-","-",N70/L70) -> 0.72413793 | N70: 21 | O70: - | P70: - | Q70: - | R70: - | S70: 75 | T70: 75 | U70: 1 | V70: 1 | W70: OK | Y70: =IF(G70="","",1) -> 1
E71: ST-JULIEN_Passage douanier des Crottes | F71: Frontière | G71: 80 | H71: =G71 -> 80 | I71: =J71/G71 -> 0.6375 | J71: =25+26 -> 51 | K71: =L71/G71 -> 0.5 | L71: 40 | M71: =IF(N71="-","-",N71/L71) -> 0.65 | N71: 26 | O71: - | P71: - | Q71: - | R71: - | S71: 74 | T71: 74 | U71: 6 | V71: 6 | W71: OK | Y71: =IF(G71="","",1) -> 1
E72: ST-JULIEN_Paguette (chemin de l'Aire) | F72: Frontière | G72: 31 | H72: =G72 -> 31 | I72: =J72/G72 -> 0.32258065 | J72: =5+5 -> 10 | K72: =L72/G72 -> 0.35483871 | L72: 11 | M72: =IF(N72="-","-",N72/L72) -> 0.45454545 | N72: 5 | O72: - | P72: - | Q72: - | R72: - | S72: 31 | T72: 31 | U72: 0 | V72: 0 | W72: OK | Y72: =IF(G72="","",1) -> 1
E73: ST-JULIEN_Douane de Certoux (rte Thérens) | F73: Frontière | G73: 15 | H73: =G73 -> 15 | I73: =J73/G73 -> 0.33333333 | J73: =5+0 -> 5 | K73: =L73/G73 -> 0 | L73: 0 | M73: =IF(N73=0,"-",N73/L73) -> - | N73: 0 | O73: - | P73: - | Q73: - | R73: - | S73: 15 | T73: 15 | U73: 0 | V73: 0 | W73: OK | Y73: =IF(G73="","",1) -> 1
E74: ST-JULIEN_Douane de Soral 1 | F74: Frontière | G74: 2 | H74: =G74 -> 2 | I74: =J74/G74 -> 0.5 | J74: =0+1 -> 1 | K74: =L74/G74 -> 0.5 | L74: 1 | M74: =IF(N74="-","-",N74/L74) -> 1 | N74: 1 | O74: - | P74: - | Q74: - | R74: - | S74: 1 | T74: 1 | U74: 1 | V74: 1 | W74: OK | Y74: =IF(G74="","",1) -> 1
E75: VIRY_Douane de Soral 2 | F75: Frontière | G75: 15 | H75: =G75 -> 15 | I75: =J75/G75 -> 0.53333333 | J75: =6+2 -> 8 | K75: =L75/G75 -> 0.26666667 | L75: 4 | M75: =IF(N75="-","-",N75/L75) -> 0.5 | N75: 2 | O75: - | P75: - | Q75: - | R75: - | S75: 13 | T75: 13 | U75: 2 | V75: 2 | W75: OK | Y75: =IF(G75="","",1) -> 1
E76: VIRY_Malagny | G76: 12 | H76: =G76 -> 12 | I76: =J76/G76 -> 0.83333333 | J76: =3+7 -> 10 | K76: =L76/G76 -> 0.58333333 | L76: 7 | M76: =IF(N76="-","-",N76/L76) -> 1 | N76: 7 | O76: - | P76: - | Q76: - | R76: - | S76: 12 | T76: 12 | U76: 0 | V76: 0 | W76: OK | Y76: =IF(G76="","",1) -> 1
I77: =J77/G77 -> #DIV/0! | K77: =L77/G77 -> #DIV/0! | M77: =IF(N77="-","-",N77/L77) -> #DIV/0!
I78: =J78/G78 -> #DIV/0! | K78: =L78/G78 -> #DIV/0! | M78: =IF(N78="-","-",N78/L78) -> #DIV/0!
E79: VALLEIRY_La Joux | G79: 14 | H79: =G79 -> 14 | I79: =J79/G79 -> 1 | J79: =9+5 -> 14 | K79: =L79/G79 -> 0.35714286 | L79: 5 | M79: =IF(N79="-","-",N79/L79) -> 1 | N79: 5 | O79: - | P79: - | Q79: - | R79: - | S79: 14 | T79: 14 | U79: 0 | V79: 0 | W79: OK | Y79: =IF(G79="","",1) -> 1
D80: Sous-total | G80: =SUM(G70:G79) -> 245 | H80: =SUM(H70:H79) -> 245 | I80: =J80/G80 -> 0.55918367 | J80: =SUM(J70:J79) -> 137 | K80: =L80/G80 -> 0.39591837 | L80: =SUM(L70:L79) -> 97 | M80: =N80/L80 -> 0.69072165 | N80: =SUM(N70:N79) -> 67 | O80: =SUM(O70:O79) -> 0 | P80: =SUM(P70:P79) -> 0 | Q80: =SUM(Q70:Q79) -> 0 | R80: =SUM(R70:R79) -> 0 | S80: =SUM(S70:S79) -> 235 | T80: =SUM(T70:T79) -> 235 | U80: =SUM(U70:U79) -> 10 | V80: =SUM(V70:V79) -> 10 | W80: OK
B81: APiCy (Association des Piétons et Cyclistes du Pays de Gex) + ProVélo La Côte et ATE Vaud | C81: NON | D81: 17 | E81: STJEAN_Douane de Dardagny
E82: CHALLEX_Douane de La Plaine
E83: POUGNY_Douane de Chancy
E84: ST-GENIS_Giratoire Porte de France | F84: France | G84: 346 | H84: 174 | I84: =J84/G84 -> 0.3150289 | J84: 109 | K84: =L84/G84 -> 0.23699422 | L84: 82 | M84: =IF(N84="-","-",N84/L84) -> 0.52439024 | N84: 43 | O84: 11 | P84: 7 | Q84: 50 | R84: 36 | S84: 374 | T84: 195 | U84: 22 | V84: 15 | W84: OK | Y84: =IF(G84="","",1) -> 1
E85: FERNEY_Douane du GdSaconnex | F85: Frontière | G85: 230 | H85: 116 | I85: =J85/G85 -> 0.4 | J85: 92 | K85: =L85/G85 -> 0.33478261 | L85: 77 | M85: =IF(N85="-","-",N85/L85) -> 0.45454545 | N85: 35 | O85: 20 | P85: 9 | Q85: 4 | R85: 3 | S85: 216 | T85: 106 | U85: 18 | V85: 10 | W85: OK | Y85: =IF(G85="","",1) -> 1
E86: FERNEY_Douane de Mategnin | F86: Frontière | G86: 239 | H86: 114 | I86: =J86/G86 -> 0.35564854 | J86: 85 | K86: =L86/G86 -> 0.32217573 | L86: 77 | M86: =IF(N86="-","-",N86/L86) -> 0.38961039 | N86: 30 | O86: 13 | P86: 5 | Q86: 36 | R86: 17 | S86: 228 | T86: 105 | U86: 47 | V86: 26 | W86: OK | Y86: =IF(G86="","",1) -> 1
E87: FERNEY_Douane de Vireloup | I87: =J87/G87 -> #DIV/0! | K87: =L87/G87 -> #DIV/0! | M87: =IF(N87="-","-",N87/L87) -> #DIV/0!
E88: VERSONNEX_Douane de Collex-Bossy | G88: 40 | H88: 20 | I88: =J88/G88 -> 0.375 | J88: 15 | K88: =L88/G88 -> 0.325 | L88: 13 | M88: =IF(N88="-","-",N88/L88) -> 0.53846154 | N88: 7 | O88: 0 | P88: 0 | Q88: 0 | R88: 0 | S88: 28 | T88: 15 | U88: 12 | V88: 5 | W88: OK | Y88: =IF(G88="","",1) -> 1
E89: SAUVERNY_Douane de Sauverny | G89: 24 | H89: 18 | I89: =J89/G89 -> 0.45833333 | J89: 11 | K89: =L89/G89 -> 0.33333333 | L89: 8 | M89: =IF(N89="-","-",N89/L89) -> 0.5 | N89: 4 | O89: 1 | P89: 1 | Q89: 10 | R89: 9 | S89: 32 | T89: 25 | U89: 2 | V89: 2 | W89: OK | Y89: =IF(G89="","",1) -> 1
I90: =J90/G90 -> #DIV/0! | K90: =L90/G90 -> #DIV/0! | M90: =IF(N90="-","-",N90/L90) -> #DIV/0!
I91: =J91/G91 -> #DIV/0! | K91: =L91/G91 -> #DIV/0! | M91: =IF(N91="-","-",N91/L91) -> #DIV/0!
E92: GRILLY_Douane du Pont | G92: 3 | H92: 3 | I92: =J92/G92 -> 0.66666667 | J92: 2 | K92: =L92/G92 -> 0.66666667 | L92: 2 | M92: =IF(N92="-","-",N92/L92) -> 0.5 | N92: 1 | O92: 0 | P92: 0 | Q92: 0 | R92: 0 | S92: 3 | T92: 3 | U92: 0 | V92: 0 | W92: OK | Y92: =IF(G92="","",1) -> 1
D93: Sous-total | G93: =SUM(G84:G92) -> 882 | H93: =SUM(H84:H92) -> 445 | I93: =J93/G93 -> 0.35600907 | J93: =SUM(J84:J92) -> 314 | K93: =L93/G93 -> 0.29365079 | L93: =SUM(L84:L92) -> 259 | M93: =N93/L93 -> 0.46332046 | N93: =SUM(N84:N92) -> 120 | O93: =SUM(O84:O92) -> 45 | P93: =SUM(P84:P92) -> 22 | Q93: =SUM(Q84:Q92) -> 100 | R93: =SUM(R84:R92) -> 65 | S93: =SUM(S84:S92) -> 881 | T93: =SUM(T84:T92) -> 449 | U93: =SUM(U84:U92) -> 101 | V93: =SUM(V84:V92) -> 58 | W93: OK
B94: ATE Vaud / ProVélo La Côte | C94: NON | D94: 5 | E94: DIVONNE_Douane de Chavanne | F94: Frontière | G94: 47 | H94: 38 | I94: =J94/G94 -> 0.19148936 | J94: 9 | K94: =L94/G94 -> 0.23404255 | L94: 11 | M94: =IF(N94="-","-",N94/L94) -> 0.54545455 | N94: 6 | O94: 1 | P94: 0 | Q94: 1 | R94: 1 | S94: 45 | T94: 38 | U94: 3 | V94: 1 | W94: OK | Y94: =IF(G94="","",1) -> 1
E95: DIVONNE-CRASSIER_Voie verte | G95: 23 | H95: 7 | I95: =J95/G95 -> 0.39130435 | J95: 9 | K95: =L95/G95 -> 0.39130435 | L95: 9 | M95: =IF(N95="-","-",N95/L95) -> 0.55555556 | N95: 5 | O95: 0 | P95: 0 | Q95: 8 | R95: 7 | S95: 22 | T95: 10 | U95: 9 | V95: 4 | W95: OK | Y95: =IF(G95="","",1) -> 1
I96: =J96/G96 -> #DIV/0! | K96: =L96/G96 -> #DIV/0! | M96: =IF(N96="-","-",N96/L96) -> #DIV/0!
I97: =J97/G97 -> #DIV/0! | K97: =L97/G97 -> #DIV/0! | M97: =IF(N97="-","-",N97/L97) -> #DIV/0!
E98: DIVONNE_Douane de Crassy / Crassier | G98: 13 | H98: 11 | I98: =J98/G98 -> 0.38461538 | J98: 5 | K98: =L98/G98 -> 0.23076923 | L98: 3 | M98: =IF(N98="-","-",N98/L98) -> 0.66666667 | N98: 2 | O98: 0 | P98: 0 | Q98: 2 | R98: 1 | S98: 11 | T98: 8 | U98: 4 | V98: 4 | W98: OK | Y98: =IF(G98="","",1) -> 1
D99: Sous-total | G99: =SUM(G94:G98) -> 83 | H99: =SUM(H94:H98) -> 56 | I99: =J99/G99 -> 0.27710843 | J99: =SUM(J94:J98) -> 23 | K99: =L99/G99 -> 0.27710843 | L99: =SUM(L94:L98) -> 23 | M99: =N99/L99 -> 0.56521739 | N99: =SUM(N94:N98) -> 13 | O99: =SUM(O94:O98) -> 1 | P99: =SUM(P94:P98) -> 0 | Q99: =SUM(Q94:Q98) -> 11 | R99: =SUM(R94:R98) -> 9 | S99: =SUM(S94:S98) -> 78 | T99: =SUM(T94:T98) -> 56 | U99: =SUM(U94:U98) -> 16 | V99: =SUM(V94:V98) -> 9 | W99: OK
B100: ProVélo GE | C100: NON | D100: 11 | E100: GENEVE_Rue du XXXI Décembre | F100: Suisse | O100: - | P100: - | Q100: - | R100: - | W100: OK | Y100: =IF(G100="","",1)
E101: GENEVE_Bd Georges Favon | F101: Suisse | O101: - | P101: - | Q101: - | R101: - | W101: OK | Y101: =IF(G101="","",1)
E102: GENEVE_Arquebuse | F102: Suisse | O102: - | P102: - | Q102: - | R102: - | W102: OK | Y102: =IF(G102="","",1)
...

Sheet 2022
B2: Association(s) | C2: Arrière-pays | D2: Nombre de bénévoles | E2: Postes de comptage | F2: France / Suisse / Frontière | G2: Nombre de vélos | I2: % VAE dans le total | J2: NB VAE dans le total | K2: % femmes dans le total | L2: NB de femmes dans le total | M2: % de VAE chez les femmes | N2: NB de VAE chez les femmes | O2: Autres modes | Q2: Piétons | S2: > Suisse | U2: > France
G4: total | H4: HP | O4: total | P4: HP | Q4: total | R4: HP | S4: total | T4: HP | U4: total | V4: HP
B5: Université Populaire de Cluses | C5: OUI | D5: 2 | E5: CLUSES_Passerelle de Messy | F5: France | I5: =J5/G5 -> #DIV/0! | K5: =L5/G5 -> #DIV/0! | M5: =IF(N5="-","-",N5/L5) -> #DIV/0! | S5: - | T5: - | U5: - | V5: -
B6: L'Abeille (Contamine) | C6: OUI | D6: 2 | E6: BONNE_Loëx (sous voie rapide) | F6: France | I6: =J6/G6 -> #DIV/0! | K6: =L6/G6 -> #DIV/0! | M6: =IF(N6="-","-",N6/L6) -> #DIV/0! | S6: - | T6: - | U6: - | V6: -
B7: ACMB (Chablais) | C7: OUI | D7: 9 | E7: COMMUNE_Carrefour | F7: France | I7: =J7/G7 -> #DIV/0! | K7: =L7/G7 -> #DIV/0! | M7: =IF(N7="-","-",N7/L7) -> #DIV/0! | S7: - | T7: - | U7: - | V7: -
E8: COMMUNE_Carrefour | F8: France | I8: =J8/G8 -> #DIV/0! | K8: =L8/G8 -> #DIV/0! | M8: =IF(N8="-","-",N8/L8) -> #DIV/0! | S8: - | T8: - | U8: - | V8: -
E9: COMMUNE_Carrefour | F9: France | I9: =J9/G9 -> #DIV/0! | K9: =L9/G9 -> #DIV/0! | M9: =IF(N9="-","-",N9/L9) -> #DIV/0! | S9: - | T9: - | U9: - | V9: -
E10: COMMUNE_Carrefour | F10: France | I10: =J10/G10 -> #DIV/0! | K10: =L10/G10 -> #DIV/0! | M10: =IF(N10="-","-",N10/L10) -> #DIV/0! | S10: - | T10: - | U10: - | V10: -
E11: COMMUNE_Carrefour | F11: France | I11: =J11/G11 -> #DIV/0! | K11: =L11/G11 -> #DIV/0! | M11: =IF(N11="-","-",N11/L11) -> #DIV/0! | S11: - | T11: - | U11: - | V11: -
E12: COMMUNE_Carrefour | F12: France | I12: =J12/G12 -> #DIV/0! | K12: =L12/G12 -> #DIV/0! | M12: =IF(N12="-","-",N12/L12) -> #DIV/0! | S12: - | T12: - | U12: - | V12: -
E13: COMMUNE_Carrefour | F13: France | I13: =J13/G13 -> #DIV/0! | K13: =L13/G13 -> #DIV/0! | M13: =IF(N13="-","-",N13/L13) -> #DIV/0! | S13: - | T13: - | U13: - | V13: -
E14: COMMUNE_Carrefour | F14: France | I14: =J14/G14 -> #DIV/0! | K14: =L14/G14 -> #DIV/0! | M14: =IF(N14="-","-",N14/L14) -> #DIV/0! | S14: - | T14: - | U14: - | V14: -
E15: COMMUNE_Carrefour | I15: =J15/G15 -> #DIV/0! | K15: =L15/G15 -> #DIV/0! | M15: =IF(N15="-","-",N15/L15) -> #DIV/0! | S15: - | T15: - | U15: - | V15: -
E16: COMMUNE_Carrefour | I16: =J16/G16 -> #DIV/0! | K16: =L16/G16 -> #DIV/0! | M16: =IF(N16="-","-",N16/L16) -> #DIV/0! | S16: - | T16: - | U16: - | V16: -
I17: =J17/G17 -> #DIV/0! | K17: =L17/G17 -> #DIV/0! | M17: =IF(N17="-","-",N17/L17) -> #DIV/0! | S17: - | T17: - | U17: - | V17: -
I18: =J18/G18 -> #DIV/0! | K18: =L18/G18 -> #DIV/0! | M18: =IF(N18="-","-",N18/L18) -> #DIV/0! | S18: - | T18: - | U18: - | V18: -
E19: COMMUNE_Carrefour | F19: France | I19: =J19/G19 -> #DIV/0! | K19: =L19/G19 -> #DIV/0! | M19: =IF(N19="-","-",N19/L19) -> #DIV/0! | S19: - | T19: - | U19: - | V19: -
D20: Sous-total | G20: =SUM(G7:G19) -> 0 | H20: =SUM(H7:H19) -> 0 | I20: =J20/G20 -> #DIV/0! | J20: =SUM(J7:J19) -> 0 | K20: =L20/G20 -> #DIV/0! | L20: =SUM(L7:L19) -> 0 | M20: =N20/L20 -> #DIV/0! | N20: =SUM(N7:N19) -> 0 | O20: =SUM(O7:O19) -> 0 | P20: =SUM(P7:P19) -> 0 | Q20: =SUM(Q7:Q19) -> 0 | R20: =SUM(R7:R19) -> 0 | S20: =SUM(S7:S19) -> 0 | T20: =SUM(T7:T19) -> 0 | U20: =SUM(U7:U19) -> 0 | V20: =SUM(V7:V19) -> 0
B21: NatEnv (Nature Environnement en Pays rochois) Fabrique à Biclou Pays rochois en Transition | C21: OUI | D21: 9 | E21: LA ROCHE_Carrefour Biocoop | F21: France | I21: =J21/G21 -> #DIV/0! | K21: =L21/G21 -> #DIV/0! | M21: =IF(N21="-","-",N21/L21) -> #DIV/0! | S21: - | T21: - | U21: - | V21: -
E22: LA ROCHE_Giratoire La Poste | F22: France | I22: =J22/G22 -> #DIV/0! | K22: =L22/G22 -> #DIV/0! | M22: =IF(N22="-","-",N22/L22) -> #DIV/0! | S22: - | T22: - | U22: - | V22: -
E23: LA ROCHE_Giratoire ENILV | F23: France | I23: =J23/G23 -> #DIV/0! | K23: =L23/G23 -> #DIV/0! | M23: =IF(N23="-","-",N23/L23) -> #DIV/0! | S23: - | T23: - | U23: - | V23: -
E24: LA ROCHE_Gare Passage à niveau (new 2021) | F24: France | I24: =J24/G24 -> #DIV/0! | K24: =L24/G24 -> #DIV/0! | M24: =IF(N24="-","-",N24/L24) -> #DIV/0! | S24: - | T24: - | U24: - | V24: -
E25: ARENTHON_La Papeterie | F25: France | I25: =J25/G25 -> #DIV/0! | K25: =L25/G25 -> #DIV/0! | M25: =IF(N25="-","-",N25/L25) -> #DIV/0! | S25: - | T25: - | U25: - | V25: -
E26: ST-PIERRE_Franchissement Borne-Dessy | F26: France | I26: =J26/G26 -> #DIV/0! | K26: =L26/G26 -> #DIV/0! | M26: =IF(N26="-","-",N26/L26) -> #DIV/0! | S26: - | T26: - | U26: - | V26: -
E27: BONNEVILLE_Franchissement Borne-Tucinge | F27: France | I27: =J27/G27 -> #DIV/0! | K27: =L27/G27 -> #DIV/0! | M27: =IF(N27="-","-",N27/L27) -> #DIV/0! | S27: - | T27: - | U27: - | V27: -
E28: ST-PIERRE_Pont principal sur le Borne | F28: France | I28: =J28/G28 -> #DIV/0! | K28: =L28/G28 -> #DIV/0! | M28: =IF(N28="-","-",N28/L28) -> #DIV/0! | S28: - | T28: - | U28: - | V28: -
I29: =J29/G29 -> #DIV/0! | K29: =L29/G29 -> #DIV/0! | M29: =IF(N29="-","-",N29/L29) -> #DIV/0! | S29: - | T29: - | U29: - | V29: -
I30: =J30/G30 -> #DIV/0! | K30: =L30/G30 -> #DIV/0! | M30: =IF(N30="-","-",N30/L30) -> #DIV/0! | S30: - | T30: - | U30: - | V30: -
E31: AMANCY_Giratoire Coriandre | F31: France | I31: =J31/G31 -> #DIV/0! | K31: =L31/G31 -> #DIV/0! | M31: =IF(N31="-","-",N31/L31) -> #DIV/0! | S31: - | T31: - | U31: - | V31: -
D32: Sous-total | G32: =SUM(G21:G31) -> 0 | H32: =SUM(H21:H31) -> 0 | I32: =J32/G32 -> #DIV/0! | J32: =SUM(J21:J31) -> 0 | K32: =L32/G32 -> #DIV/0! | L32: =SUM(L21:L31) -> 0 | M32: =N32/L32 -> #DIV/0! | N32: =SUM(N21:N31) -> 0 | O32: =SUM(O21:O31) -> 0 | P32: =SUM(P21:P31) -> 0 | Q32: =SUM(Q21:Q31) -> 0 | R32: =SUM(R21:R31) -> 0 | S32: =SUM(S21:S31) -> 0 | T32: =SUM(T21:T31) -> 0 | U32: =SUM(U21:U31) -> 0 | V32: =SUM(V21:V31) -> 0
B33: AERE (Association Environnement Reignier-Esery) | C33: OUI | D33: 9 | E33: ETREMBIERES_Giratoire ex PN93 | F33: France | I33: =J33/G33 -> #DIV/0! | K33: =L33/G33 -> #DIV/0! | M33: =IF(N33="-","-",N33/L33) -> #DIV/0! | S33: - | T33: - | U33: - | V33: -
E34: ETREMBIERES_Carrefour sous Château | F34: France | I34: =J34/G34 -> #DIV/0! | K34: =L34/G34 -> #DIV/0! | M34: =IF(N34="-","-",N34/L34) -> #DIV/0! | S34: - | T34: - | U34: - | V34: -
E35: SCIENTRIER_Carrefour Tour de Bellecombe | F35: France | I35: =J35/G35 -> #DIV/0! | K35: =L35/G35 -> #DIV/0! | M35: =IF(N35="-","-",N35/L35) -> #DIV/0! | S35: - | T35: - | U35: - | V35: -
E36: REIGNIER_Giratoire église | F36: France | I36: =J36/G36 -> #DIV/0! | K36: =L36/G36 -> #DIV/0! | M36: =IF(N36="-","-",N36/L36) -> #DIV/0! | S36: - | T36: - | U36: - | V36: -
E37: REIGNIER_Giratoire Foron | F37: France | I37: =J37/G37 -> #DIV/0! | K37: =L37/G37 -> #DIV/0! | M37: =IF(N37="-","-",N37/L37) -> #DIV/0! | S37: - | T37: - | U37: - | V37: -
E38: REIGNIER_Giratoire La Forge | F38: France | I38: =J38/G38 -> #DIV/0! | K38: =L38/G38 -> #DIV/0! | M38: =IF(N38="-","-",N38/L38) -> #DIV/0! | S38: - | T38: - | U38: - | V38: -
E39: PERS-JUSSY_Giratoire Casino | F39: France | I39: =J39/G39 -> #DIV/0! | K39: =L39/G39 -> #DIV/0! | M39: =IF(N39="-","-",N39/L39) -> #DIV/0! | S39: - | T39: - | U39: - | V39: -
I40: =J40/G40 -> #DIV/0! | K40: =L40/G40 -> #DIV/0! | M40: =IF(N40="-","-",N40/L40) -> #DIV/0! | S40: - | T40: - | U40: - | V40: -
I41: =J41/G41 -> #DIV/0! | K41: =L41/G41 -> #DIV/0! | M41: =IF(N41="-","-",N41/L41) -> #DIV/0! | S41: - | T41: - | U41: - | V41: -
E42: ARTHAZ_Giratoire lavage auto | F42: France | I42: =J42/G42 -> #DIV/0! | K42: =L42/G42 -> #DIV/0! | M42: =IF(N42="-","-",N42/L42) -> #DIV/0! | S42: - | T42: - | U42: - | V42: -
D43: Sous-total | G43: =SUM(G33:G42) -> 0 | H43: =SUM(H33:H42) -> 0 | I43: =J43/G43 -> #DIV/0! | J43: =SUM(J33:J42) -> 0 | K43: =L43/G43 -> #DIV/0! | L43: =SUM(L33:L42) -> 0 | M43: =N43/L43 -> #DIV/0! | N43: =SUM(N33:N42) -> 0 | O43: =SUM(O33:O42) -> 0 | P43: =SUM(P33:P42) -> 0 | Q43: =SUM(Q33:Q42) -> 0 | R43: =SUM(R33:R42) -> 0 | S43: =SUM(S33:S42) -> 0 | T43: =SUM(T33:T42) -> 0 | U43: =SUM(U33:U42) -> 0 | V43: =SUM(V33:V42) -> 0
B44: Sous-total périmètre "arrière-pays" | D44: =SUM(D5:D42) -> 31 | E44: =COUNT(G5:G31,G33:G42) -> 1 | F44: =COUNT(J5:J42) -> 2 | G44: =G5+G32+G43 -> 0 | H44: =H5+H32+H43 -> 0 | I44: =J44/G44 -> #DIV/0! | J44: =J5+J32+J43 -> 0 | K44: =L44/G44 -> #DIV/0! | L44: =L5+L32+L43 -> 0 | M44: =N44/(L5+SUM(L33:L42)) -> #DIV/0! | N44: =N5+N32+N43 -> 0
B45: EVAV (En Ville A Vélo) | C45: NON | D45: 10 | E45: AMBILLY_Voie verte Pont Noir | F45: France | I45: =J45/G45 -> #DIV/0! | K45: =L45/G45 -> #DIV/0! | M45: =IF(N45="-","-",N45/L45) -> #DIV/0!
E46: ANNEMASSE_Voie verte Jura | F46: France | G46: 620 | H46: 331 | I46: =J46/G46 -> 0.43870968 | J46: 272 | K46: =L46/G46 -> 0.36774194 | L46: 228 | M46: =IF(N46="-","-",N46/L46) -> 0
E47: ANNEMASSE_Devant l'agglo | F47: France | G47: 325 | H47: 227 | I47: =J47/G47 -> 0.51692308 | J47: 168 | K47: =L47/G47 -> 0.4 | L47: 130 | M47: =IF(N47="-","-",N47/L47) -> 0 | S47: - | T47: - | U47: - | V47: -
E48: GAILLARD_Douane de Fossard | F48: Frontière | G48: 180 | H48: 92 | I48: =J48/G48 -> 0.43888889 | J48: 79 | K48: =L48/G48 -> 0.40555556 | L48: 73 | M48: =IF(N48="-","-",N48/L48) -> 0
E49: ANNEMASSE_Clos Fleury | F49: France | G49: 366 | H49: 180 | I49: =J49/G49 -> 0.43169399 | J49: 158 | K49: =L49/G49 -> 0.39071038 | L49: 143 | M49: =IF(N49="-","-",N49/L49) -> 0 | S49: - | T49: - | U49: - | V49: -
I50: =J50/G50 -> #DIV/0! | K50: =L50/G50 -> #DIV/0! | M50: =IF(N50="-","-",N50/L50) -> #DIV/0!
I51: =J51/G51 -> #DIV/0! | K51: =L51/G51 -> #DIV/0! | M51: =IF(N51="-","-",N51/L51) -> #DIV/0!
E52: GAILLARD_Douane de Moïllesullaz | F52: Frontière | G52: 123 | H52: 90 | I52: =J52/G52 -> 0.32520325 | J52: 40 | K52: =L52/G52 -> 0.3495935 | L52: 43 | M52: =IF(N52="-","-",N52/L52) -> 0
D53: Sous-total | G53: =SUM(G45:G52) -> 1614 | H53: =SUM(H45:H52) -> 920 | I53: =J53/G53 -> 0.44423792 | J53: =SUM(J45:J52) -> 717 | K53: =L53/G53 -> 0.38228005 | L53: =SUM(L45:L52) -> 617 | M53: =N53/L53 -> 0 | N53: =SUM(N45:N52) -> 0 | O53: =SUM(O45:O52) -> 0 | P53: =SUM(P45:P52) -> 0 | Q53: =SUM(Q45:Q52) -> 0 | R53: =SUM(R45:R52) -> 0 | S53: =SUM(S45:S52) -> 0 | T53: =SUM(T45:T52) -> 0 | U53: =SUM(U45:U52) -> 0 | V53: =SUM(V45:V52) -> 0
B54: Le Préau | C54: NON | D54: 11 | E54: COMMUNE_Carrefour | F54: Frontière | I54: =J54/G54 -> #DIV/0! | K54: =L54/G54 -> #DIV/0! | M54: =IF(N54="-","-",N54/L54) -> #DIV/0!
E55: COMMUNE_Carrefour | F55: Frontière | I55: =J55/G55 -> #DIV/0! | K55: =L55/G55 -> #DIV/0! | M55: =IF(N55="-","-",N55/L55) -> #DIV/0!
E56: COMMUNE_Carrefour | F56: Frontière | I56: =J56/G56 -> #DIV/0! | K56: =L56/G56 -> #DIV/0! | M56: =IF(N56="-","-",N56/L56) -> #DIV/0!
E57: COMMUNE_Carrefour | F57: Frontière | I57: =J57/G57 -> #DIV/0! | K57: =L57/G57 -> #DIV/0! | M57: =IF(N57="-","-",N57/L57) -> #DIV/0!
E58: COMMUNE_Carrefour | I58: =J58/G58 -> #DIV/0! | K58: =L58/G58 -> #DIV/0! | M58: =IF(N58="-","-",N58/L58) -> #DIV/0!
E59: COMMUNE_Carrefour | I59: =J59/G59 -> #DIV/0! | K59: =L59/G59 -> #DIV/0! | M59: =IF(N59="-","-",N59/L59) -> #DIV/0!
E60: COMMUNE_Carrefour | F60: Frontière | I60: =J60/G60 -> #DIV/0! | K60: =L60/G60 -> #DIV/0! | M60: =IF(N60="-","-",N60/L60) -> #DIV/0! | X60: Compté par ProVélo en 2021 (Salève Vivant en 2020)
D61: Sous-total | G61: =SUM(G54:G60) -> 0 | H61: =SUM(H54:H60) -> 0 | I61: =J61/G61 -> #DIV/0! | J61: =SUM(J54:J60) -> 0 | K61: =L61/G61 -> #DIV/0! | L61: =SUM(L54:L60) -> 0 | M61: =N61/L61 -> #DIV/0! | N61: =SUM(N54:N60) -> 0 | O61: =SUM(O54:O60) -> 0 | P61: =SUM(P54:P60) -> 0 | Q61: =SUM(Q54:Q60) -> 0 | R61: =SUM(R54:R60) -> 0 | S61: =SUM(S54:S60) -> 0 | T61: =SUM(T54:T60) -> 0 | U61: =SUM(U54:U60) -> 0 | V61: =SUM(V54:V60) -> 0
B62: Salève Vivant | C62: NON | D62: 11 | E62: ARCHAMPS_Douane de Landecy | F62: Frontière | I62: =J62/G62 -> #DIV/0! | K62: =L62/G62 -> #DIV/0! | M62: =IF(N62="-","-",N62/L62) -> #DIV/0!
E63: COLLONGES_Douane de Croix de Rozon | F63: Frontière | I63: =J63/G63 -> #DIV/0! | K63: =L63/G63 -> #DIV/0! | M63: =IF(N63="-","-",N63/L63) -> #DIV/0!
E64: BOSSEY_Douane de Pierre-Grand | F64: Frontière | I64: =J64/G64 -> #DIV/0! | K64: =L64/G64 -> #DIV/0! | M64: =IF(N64="-","-",N64/L64) -> #DIV/0!
E65: BOSSEY_Douane de Troinex/Bossey | F65: Frontière | I65: =J65/G65 -> #DIV/0! | K65: =L65/G65 -> #DIV/0! | M65: =IF(N65="-","-",N65/L65) -> #DIV/0!
I66: =J66/G66 -> #DIV/0! | K66: =L66/G66 -> #DIV/0! | M66: =IF(N66="-","-",N66/L66) -> #DIV/0!
I67: =J67/G67 -> #DIV/0! | K67: =L67/G67 -> #DIV/0! | M67: =IF(N67="-","-",N67/L67) -> #DIV/0!
E68: VEYRIER_Douane du Pas de l'Echelle | F68: Frontière | I68: =J68/G68 -> #DIV/0! | K68: =L68/G68 -> #DIV/0! | M68: =IF(N68="-","-",N68/L68) -> #DIV/0! | X68: Compté par ProVélo en 2021 (Salève Vivant en 2020)
D69: Sous-total | G69: =SUM(G62:G68) -> 0 | H69: =SUM(H62:H68) -> 0 | I69: =J69/G69 -> #DIV/0! | J69: =SUM(J62:J68) -> 0 | K69: =L69/G69 -> #DIV/0! | L69: =SUM(L62:L68) -> 0 | M69: =N69/L69 -> #DIV/0! | N69: =SUM(N62:N68) -> 0 | O69: =SUM(O62:O68) -> 0 | P69: =SUM(P62:P68) -> 0 | Q69: =SUM(Q62:Q68) -> 0 | R69: =SUM(R62:R68) -> 0 | S69: =SUM(S62:S68) -> 0 | T69: =SUM(T62:T68) -> 0 | U69: =SUM(U62:U68) -> 0 | V69: =SUM(V62:V68) -> 0
B70: Groupe St-Julien | C70: NON | D70: 17 | E70: ST-JULIEN_Douane de Perly | F70: Frontière | I70: =J70/G70 -> #DIV/0! | K70: =L70/G70 -> #DIV/0! | M70: =IF(N70="-","-",N70/L70) -> #DIV/0!
E71: ST-JULIEN_Passage douanier des Crottes | F71: Frontière | I71: =J71/G71 -> #DIV/0! | K71: =L71/G71 -> #DIV/0! | M71: =IF(N71="-","-",N71/L71) -> #DIV/0!
E72: ST-JULIEN_Paguette (chemin de l'Aire) | F72: Frontière | I72: =J72/G72 -> #DIV/0! | K72: =L72/G72 -> #DIV/0! | M72: =IF(N72="-","-",N72/L72) -> #DIV/0!
E73: ST-JULIEN_Douane de Certoux (rte Thérens) | F73: Frontière | I73: =J73/G73 -> #DIV/0! | K73: =L73/G73 -> #DIV/0! | M73: =IF(N73=0,"-",N73/L73) -> -
E74: ST-JULIEN_Douane de Soral 1 | F74: Frontière | I74: =J74/G74 -> #DIV/0! | K74: =L74/G74 -> #DIV/0! | M74: =IF(N74="-","-",N74/L74) -> #DIV/0!
E75: VIRY_Douane de Soral 2 | F75: Frontière | I75: =J75/G75 -> #DIV/0! | K75: =L75/G75 -> #DIV/0! | M75: =IF(N75="-","-",N75/L75) -> #DIV/0!
E76: VIRY_Malagny | I76: =J76/G76 -> #DIV/0! | K76: =L76/G76 -> #DIV/0! | M76: =IF(N76="-","-",N76/L76) -> #DIV/0!
I77: =J77/G77 -> #DIV/0! | K77: =L77/G77 -> #DIV/0! | M77: =IF(N77="-","-",N77/L77) -> #DIV/0!
I78: =J78/G78 -> #DIV/0! | K78: =L78/G78 -> #DIV/0! | M78: =IF(N78="-","-",N78/L78) -> #DIV/0!
E79: VALLEIRY_La Joux | I79: =J79/G79 -> #DIV/0! | K79: =L79/G79 -> #DIV/0! | M79: =IF(N79="-","-",N79/L79) -> #DIV/0!
D80: Sous-total | G80: =SUM(G70:G79) -> 0 | H80: =SUM(H70:H79) -> 0 | I80: =J80/G80 -> #DIV/0! | J80: =SUM(J70:J79) -> 0 | K80: =L80/G80 -> #DIV/0! | L80: =SUM(L70:L79) -> 0 | M80: =N80/L80 -> #DIV/0! | N80: =SUM(N70:N79) -> 0 | O80: =SUM(O70:O79) -> 0 | P80: =SUM(P70:P79) -> 0 | Q80: =SUM(Q70:Q79) -> 0 | R80: =SUM(R70:R79) -> 0 | S80: =SUM(S70:S79) -> 0 | T80: =SUM(T70:T79) -> 0 | U80: =SUM(U70:U79) -> 0 | V80: =SUM(V70:V79) -> 0
B81: APiCy (Association des Piétons et Cyclistes du Pays de Gex) + ProVélo La Côte et ATE Vaud | C81: NON | D81: 17 | E81: STJEAN_Douane de Dardagny
E82: CHALLEX_Douane de La Plaine
E83: POUGNY_Douane de Chancy
E84: ST-GENIS_Giratoire Porte de France | F84: France | I84: =J84/G84 -> #DIV/0! | K84: =L84/G84 -> #DIV/0! | M84: =IF(N84="-","-",N84/L84) -> #DIV/0!
E85: FERNEY_Douane du GdSaconnex | F85: Frontière | I85: =J85/G85 -> #DIV/0! | K85: =L85/G85 -> #DIV/0! | M85: =IF(N85="-","-",N85/L85) -> #DIV/0!
E86: FERNEY_Douane de Mategnin | F86: Frontière | I86: =J86/G86 -> #DIV/0! | K86: =L86/G86 -> #DIV/0! | M86: =IF(N86="-","-",N86/L86) -> #DIV/0!
E87: FERNEY_Douane de Vireloup | I87: =J87/G87 -> #DIV/0! | K87: =L87/G87 -> #DIV/0! | M87: =IF(N87="-","-",N87/L87) -> #DIV/0!
E88: VERSONNEX_Douane de Collex-Bossy | I88: =J88/G88 -> #DIV/0! | K88: =L88/G88 -> #DIV/0! | M88: =IF(N88="-","-",N88/L88) -> #DIV/0!
E89: SAUVERNY_Douane de Sauverny | I89: =J89/G89 -> #DIV/0! | K89: =L89/G89 -> #DIV/0! | M89: =IF(N89="-","-",N89/L89) -> #DIV/0!
I90: =J90/G90 -> #DIV/0! | K90: =L90/G90 -> #DIV/0! | M90: =IF(N90="-","-",N90/L90) -> #DIV/0!
I91: =J91/G91 -> #DIV/0! | K91: =L91/G91 -> #DIV/0! | M91: =IF(N91="-","-",N91/L91) -> #DIV/0!
E92: GRILLY_Douane du Pont | I92: =J92/G92 -> #DIV/0! | K92: =L92/G92 -> #DIV/0! | M92: =IF(N92="-","-",N92/L92) -> #DIV/0!
D93: Sous-total | G93: =SUM(G84:G92) -> 0 | H93: =SUM(H84:H92) -> 0 | I93: =J93/G93 -> #DIV/0! | J93: =SUM(J84:J92) -> 0 | K93: =L93/G93 -> #DIV/0! | L93: =SUM(L84:L92) -> 0 | M93: =N93/L93 -> #DIV/0! | N93: =SUM(N84:N92) -> 0 | O93: =SUM(O84:O92) -> 0 | P93: =SUM(P84:P92) -> 0 | Q93: =SUM(Q84:Q92) -> 0 | R93: =SUM(R84:R92) -> 0 | S93: =SUM(S84:S92) -> 0 | T93: =SUM(T84:T92) -> 0 | U93: =SUM(U84:U92) -> 0 | V93: =SUM(V84:V92) -> 0
B94: ATE Vaud / ProVélo La Côte | C94: NON | D94: 5 | E94: DIVONNE_Douane de Chavanne | F94: Frontière | I94: =J94/G94 -> #DIV/0! | K94: =L94/G94 -> #DIV/0! | M94: =IF(N94="-","-",N94/L94) -> #DIV/0!
E95: DIVONNE-CRASSIER_Voie verte | I95: =J95/G95 -> #DIV/0! | K95: =L95/G95 -> #DIV/0! | M95: =IF(N95="-","-",N95/L95) -> #DIV/0!
I96: =J96/G96 -> #DIV/0! | K96: =L96/G96 -> #DIV/0! | M96: =IF(N96="-","-",N96/L96) -> #DIV/0!
I97: =J97/G97 -> #DIV/0! | K97: =L97/G97 -> #DIV/0! | M97: =IF(N97="-","-",N97/L97) -> #DIV/0!
E98: DIVONNE_Douane de Crassy / Crassier | I98: =J98/G98 -> #DIV/0! | K98: =L98/G98 -> #DIV/0! | M98: =IF(N98="-","-",N98/L98) -> #DIV/0!
D99: Sous-total | G99: =SUM(G94:G98) -> 0 | H99: =SUM(H94:H98) -> 0 | I99: =J99/G99 -> #DIV/0! | J99: =SUM(J94:J98) -> 0 | K99: =L99/G99 -> #DIV/0! | L99: =SUM(L94:L98) -> 0 | M99: =N99/L99 -> #DIV/0! | N99: =SUM(N94:N98) -> 0 | O99: =SUM(O94:O98) -> 0 | P99: =SUM(P94:P98) -> 0 | Q99: =SUM(Q94:Q98) -> 0 | R99: =SUM(R94:R98) -> 0 | S99: =SUM(S94:S98) -> 0 | T99: =SUM(T94:T98) -> 0 | U99: =SUM(U94:U98) -> 0 | V99: =SUM(V94:V98) -> 0
B100: ProVélo GE | C100: NON | D100: 11 | E100: GENEVE_Rue du XXXI Décembre | F100: Suisse | O100: - | P100: - | Q100: - | R100: -
E101: GENEVE_Bd Georges Favon | F101: Suisse | O101: - | P101: - | Q101: - | R101: -
E102: GENEVE_Arquebuse | F102: Suisse | O102: - | P102: - | Q102: - | R102: -
...

Sheet SYNTHESE
B2: Association(s) | C2: Arrière-pays | D2: NB de béné-voles | E2: Postes de comptage | F2: France / Suisse / Frontière | G2: Nombre de vélos | M2: VAE dans le total | S2: % femmes dans le total | T2: NB de femmes dans le total | U2: % de VAE chez les femmes | V2: NB de VAE chez les femmes | W2: Autres modes | Y2: Piétons | AA2: > Suisse | AC2: > France
G3: Total | J3: HP | M3: [en %] | P3: [en valeur]
G4: 2020 | H4: 2021 | I4: 2022 | J4: 2020 | K4: 2021 | L4: 2022 | M4: 2020 | N4: 2021 | O4: 2022 | P4: 2020 | Q4: 2021 | R4: 2022 | W4: total | X4: HP | Y4: total | Z4: HP | AA4: total | AB4: HP | AC4: total | AD4: HP
B5: Université Populaire de Cluses | C5: OUI | D5: 2 | E5: CLUSES_Passerelle de Messy | F5: France | G5: ='2020'!G5 -> 63 | H5: ='2021'!G5 -> 102 | I5: ='2022'!G5 -> 0 | J5: ='2020'!H5 -> 29 | K5: ='2021'!H5 -> 94 | L5: ='2022'!H5 -> 0 | M5: =IF(G5=0,0,IF(P5=0,0,P5/G5)) -> 0.031746032 | N5: =IF(H5=0,0,IF(Q5=0,0,Q5/H5)) -> 0.019607843 | O5: =IF(I5=0,0,IF(R5=0,0,R5/I5)) -> 0 | P5: ='2020'!J5 -> 2 | Q5: ='2021'!J5 -> 2 | R5: ='2022'!J5 -> 0 | S5: =T5/G5 -> 0.28571429 | T5: 18 | U5: =IF(V5="-","-",V5/T5) -> 0.11111111 | V5: 2 | W5: - | X5: - | Y5: - | Z5: - | AA5: - | AB5: - | AC5: - | AD5: - | AE5: OK | AG5: =IF(G5="","",1) -> 1
B6: L'Abeille (Contamine) | C6: OUI | D6: 2 | E6: BONNE_Loëx (sous voie rapide) | F6: France | G6: ='2020'!G21 -> 31 | H6: ='2021'!G21 -> 76 | I6: ='2022'!G21 -> 0 | J6: ='2020'!H21 -> 23 | K6: ='2021'!H21 -> 50 | L6: ='2022'!H21 -> 0 | M6: =IF(G6=0,0,IF(P6=0,0,P6/G6)) -> 0.32258065 | N6: =IF(H6=0,0,IF(Q6=0,0,Q6/H6)) -> 0.22368421 | O6: =IF(I6=0,0,IF(R6=0,0,R6/I6)) -> 0 | P6: ='2020'!J21 -> 10 | Q6: ='2021'!J21 -> 17 | R6: ='2022'!J21 -> 0 | S6: =T6/G6 -> 0.58064516 | T6: 18 | U6: =IF(V6="-","-",V6/T6) -> 0.11111111 | V6: 2 | W6: - | X6: - | Y6: - | Z6: - | AA6: - | AB6: - | AC6: - | AD6: - | AE6: OK | AG6: =IF(G6="","",1) -> 1
B7: ACMB (Chablais) | C7: OUI | D7: 9 | E7: COMMUNE_Carrefour | F7: France | G7: ='2020'!G7 -> 0 | H7: ='2021'!G7 -> 0 | I7: ='2022'!G7 -> 0 | J7: ='2020'!H7 -> 0 | K7: ='2021'!H7 -> 0 | L7: ='2022'!H7 -> 0 | M7: =IF(G7=0,0,IF(P7=0,0,P7/G7)) -> 0 | N7: =IF(H7=0,0,IF(Q7=0,0,Q7/H7)) -> 0 | O7: =IF(I7=0,0,IF(R7=0,0,R7/I7)) -> 0 | P7: ='2020'!J7 -> 0 | Q7: ='2021'!J7 -> 0 | R7: ='2022'!J7 -> 0 | S7: =T7/G7 -> #DIV/0! | T7: 28 | U7: =IF(V7="-","-",V7/T7) -> - | V7: - | W7: - | X7: - | Y7: - | Z7: - | AA7: - | AB7: - | AC7: - | AD7: - | AE7: OK | AG7: =IF(G7="","",1) -> 1
E8: COMMUNE_Carrefour | F8: France | G8: ='2020'!G8 -> 0 | H8: ='2021'!G8 -> 0 | I8: ='2022'!G8 -> 0 | J8: ='2020'!H8 -> 0 | K8: ='2021'!H8 -> 0 | L8: ='2022'!H8 -> 0 | M8: =IF(G8=0,0,IF(P8=0,0,P8/G8)) -> 0 | N8: =IF(H8=0,0,IF(Q8=0,0,Q8/H8)) -> 0 | O8: =IF(I8=0,0,IF(R8=0,0,R8/I8)) -> 0 | P8: ='2020'!J8 -> 0 | Q8: ='2021'!J8 -> 0 | R8: ='2022'!J8 -> 0 | S8: =T8/G8 -> #DIV/0! | T8: 14 | U8: =IF(V8="-","-",V8/T8) -> - | V8: - | W8: - | X8: - | Y8: - | Z8: - | AA8: - | AB8: - | AC8: - | AD8: - | AE8: OK | AG8: =IF(G8="","",1) -> 1
E9: COMMUNE_Carrefour | F9: France | G9: ='2020'!G9 -> 0 | H9: ='2021'!G9 -> 0 | I9: ='2022'!G9 -> 0 | J9: ='2020'!H9 -> 0 | K9: ='2021'!H9 -> 0 | L9: ='2022'!H9 -> 0 | M9: =IF(G9=0,0,IF(P9=0,0,P9/G9)) -> 0 | N9: =IF(H9=0,0,IF(Q9=0,0,Q9/H9)) -> 0 | O9: =IF(I9=0,0,IF(R9=0,0,R9/I9)) -> 0 | P9: ='2020'!J9 -> 0 | Q9: ='2021'!J9 -> 0 | R9: ='2022'!J9 -> 0 | S9: =T9/G9 -> #DIV/0! | T9: 3 | U9: =IF(V9="-","-",V9/T9) -> - | V9: - | W9: - | X9: - | Y9: - | Z9: - | AA9: - | AB9: - | AC9: - | AD9: - | AE9: OK | AG9: =IF(G9="","",1) -> 1
E10: COMMUNE_Carrefour | F10: France | G10: ='2020'!G10 -> 0 | H10: ='2021'!G10 -> 0 | I10: ='2022'!G10 -> 0 | J10: ='2020'!H10 -> 0 | K10: ='2021'!H10 -> 0 | L10: ='2022'!H10 -> 0 | M10: =IF(G10=0,0,IF(P10=0,0,P10/G10)) -> 0 | N10: =IF(H10=0,0,IF(Q10=0,0,Q10/H10)) -> 0 | O10: =IF(I10=0,0,IF(R10=0,0,R10/I10)) -> 0 | P10: ='2020'!J10 -> 0 | Q10: ='2021'!J10 -> 0 | R10: ='2022'!J10 -> 0 | T10: 10 | W10: - | X10: - | Y10: - | Z10: - | AE10: OK | AG10: =IF(G10="","",1) -> 1
E11: COMMUNE_Carrefour | F11: France | G11: ='2020'!G11 -> 0 | H11: ='2021'!G11 -> 0 | I11: ='2022'!G11 -> 0 | J11: ='2020'!H11 -> 0 | K11: ='2021'!H11 -> 0 | L11: ='2022'!H11 -> 0 | M11: =IF(G11=0,0,IF(P11=0,0,P11/G11)) -> 0 | N11: =IF(H11=0,0,IF(Q11=0,0,Q11/H11)) -> 0 | O11: =IF(I11=0,0,IF(R11=0,0,R11/I11)) -> 0 | P11: ='2020'!J11 -> 0 | Q11: ='2021'!J11 -> 0 | R11: ='2022'!J11 -> 0 | S11: =T11/G11 -> #DIV/0! | T11: 6 | U11: =IF(V11="-","-",V11/T11) -> - | V11: - | W11: - | X11: - | Y11: - | Z11: - | AA11: - | AB11: - | AC11: - | AD11: - | AE11: OK | AG11: =IF(G11="","",1) -> 1
E12: COMMUNE_Carrefour | F12: France | G12: ='2020'!G12 -> 0 | H12: ='2021'!G12 -> 0 | I12: ='2022'!G12 -> 0 | J12: ='2020'!H12 -> 0 | K12: ='2021'!H12 -> 0 | L12: ='2022'!H12 -> 0 | M12: =IF(G12=0,0,IF(P12=0,0,P12/G12)) -> 0 | N12: =IF(H12=0,0,IF(Q12=0,0,Q12/H12)) -> 0 | O12: =IF(I12=0,0,IF(R12=0,0,R12/I12)) -> 0 | P12: ='2020'!J12 -> 0 | Q12: ='2021'!J12 -> 0 | R12: ='2022'!J12 -> 0 | S12: =T12/G12 -> #DIV/0! | T12: 7 | U12: =IF(V12="-","-",V12/T12) -> - | V12: - | W12: - | X12: - | Y12: - | Z12: - | AA12: - | AB12: - | AC12: - | AD12: - | AE12: OK | AG12: =IF(G12="","",1) -> 1
E13: COMMUNE_Carrefour | F13: France | G13: ='2020'!G13 -> 0 | H13: ='2021'!G13 -> 0 | I13: ='2022'!G13 -> 0 | J13: ='2020'!H13 -> 0 | K13: ='2021'!H13 -> 0 | L13: ='2022'!H13 -> 0 | M13: =IF(G13=0,0,IF(P13=0,0,P13/G13)) -> 0 | N13: =IF(H13=0,0,IF(Q13=0,0,Q13/H13)) -> 0 | O13: =IF(I13=0,0,IF(R13=0,0,R13/I13)) -> 0 | P13: ='2020'!J13 -> 0 | Q13: ='2021'!J13 -> 0 | R13: ='2022'!J13 -> 0 | S13: =T13/G13 -> #DIV/0! | T13: 7 | U13: =IF(V13="-","-",V13/T13) -> - | V13: - | W13: - | X13: - | Y13: - | Z13: - | AA13: - | AB13: - | AC13: - | AD13: - | AE13: OK | AG13: =IF(G13="","",1) -> 1
E14: COMMUNE_Carrefour | F14: France | G14: ='2020'!G14 -> 0 | H14: ='2021'!G14 -> 0 | I14: ='2022'!G14 -> 0 | J14: ='2020'!H14 -> 0 | K14: ='2021'!H14 -> 0 | L14: ='2022'!H14 -> 0 | M14: =IF(G14=0,0,IF(P14=0,0,P14/G14)) -> 0 | N14: =IF(H14=0,0,IF(Q14=0,0,Q14/H14)) -> 0 | O14: =IF(I14=0,0,IF(R14=0,0,R14/I14)) -> 0 | P14: ='2020'!J14 -> 0 | Q14: ='2021'!J14 -> 0 | R14: ='2022'!J14 -> 0 | S14: =T14/G14 -> #DIV/0! | T14: 12 | U14: =IF(V14="-","-",V14/T14) -> - | V14: - | W14: - | X14: - | Y14: - | Z14: - | AA14: - | AB14: - | AC14: - | AD14: - | AE14: OK | AG14: =IF(G14="","",1) -> 1
E15: COMMUNE_Carrefour | G15: ='2020'!G15 -> 0 | H15: ='2021'!G15 -> 0 | I15: ='2022'!G15 -> 0 | J15: ='2020'!H15 -> 0 | K15: ='2021'!H15 -> 0 | L15: ='2022'!H15 -> 0 | M15: =IF(G15=0,0,IF(P15=0,0,P15/G15)) -> 0 | N15: =IF(H15=0,0,IF(Q15=0,0,Q15/H15)) -> 0 | O15: =IF(I15=0,0,IF(R15=0,0,R15/I15)) -> 0 | P15: ='2020'!J15 -> 0 | Q15: ='2021'!J15 -> 0 | R15: ='2022'!J15 -> 0 | S15: =T15/G15 -> #DIV/0! | T15: 13 | U15: =IF(V15="-","-",V15/T15) -> - | V15: - | W15: - | X15: - | Y15: - | Z15: - | AA15: - | AB15: - | AC15: - | AD15: -
E16: COMMUNE_Carrefour | G16: ='2020'!G16 -> 0 | H16: ='2021'!G16 -> 0 | I16: ='2022'!G16 -> 0 | J16: ='2020'!H16 -> 0 | K16: ='2021'!H16 -> 0 | L16: ='2022'!H16 -> 0 | M16: =IF(G16=0,0,IF(P16=0,0,P16/G16)) -> 0 | N16: =IF(H16=0,0,IF(Q16=0,0,Q16/H16)) -> 0 | O16: =IF(I16=0,0,IF(R16=0,0,R16/I16)) -> 0 | P16: ='2020'!J16 -> 0 | Q16: ='2021'!J16 -> 0 | R16: ='2022'!J16 -> 0 | S16: =T16/G16 -> #DIV/0! | T16: 14 | U16: =IF(V16="-","-",V16/T16) -> - | V16: - | W16: - | X16: - | Y16: - | Z16: - | AA16: - | AB16: - | AC16: - | AD16: -
G17: ='2020'!G17 -> 0 | H17: ='2021'!G17 -> 0 | I17: ='2022'!G17 -> 0 | J17: ='2020'!H17 -> 0 | K17: ='2021'!H17 -> 0 | L17: ='2022'!H17 -> 0 | M17: =IF(G17=0,0,IF(P17=0,0,P17/G17)) -> 0 | N17: =IF(H17=0,0,IF(Q17=0,0,Q17/H17)) -> 0 | O17: =IF(I17=0,0,IF(R17=0,0,R17/I17)) -> 0 | P17: ='2020'!J17 -> 0 | Q17: ='2021'!J17 -> 0 | R17: ='2022'!J17 -> 0 | S17: =T17/G17 -> #DIV/0! | T17: 15 | U17: =IF(V17="-","-",V17/T17) -> - | V17: - | W17: - | X17: - | Y17: - | Z17: - | AA17: - | AB17: - | AC17: - | AD17: -
G18: ='2020'!G18 -> 0 | H18: ='2021'!G18 -> 0 | I18: ='2022'!G18 -> 0 | J18: ='2020'!H18 -> 0 | K18: ='2021'!H18 -> 0 | L18: ='2022'!H18 -> 0 | M18: =IF(G18=0,0,IF(P18=0,0,P18/G18)) -> 0 | N18: =IF(H18=0,0,IF(Q18=0,0,Q18/H18)) -> 0 | O18: =IF(I18=0,0,IF(R18=0,0,R18/I18)) -> 0 | P18: ='2020'!J18 -> 0 | Q18: ='2021'!J18 -> 0 | R18: ='2022'!J18 -> 0 | S18: =T18/G18 -> #DIV/0! | T18: 16 | U18: =IF(V18="-","-",V18/T18) -> - | V18: - | W18: - | X18: - | Y18: - | Z18: - | AA18: - | AB18: - | AC18: - | AD18: -
E19: COMMUNE_Carrefour | F19: France | G19: ='2020'!G19 -> 0 | H19: ='2021'!G19 -> 0 | I19: ='2022'!G19 -> 0 | J19: ='2020'!H19 -> 0 | K19: ='2021'!H19 -> 0 | L19: ='2022'!H19 -> 0 | M19: =IF(G19=0,0,IF(P19=0,0,P19/G19)) -> 0 | N19: =IF(H19=0,0,IF(Q19=0,0,Q19/H19)) -> 0 | O19: =IF(I19=0,0,IF(R19=0,0,R19/I19)) -> 0 | P19: ='2020'!J19 -> 0 | Q19: ='2021'!J19 -> 0 | R19: ='2022'!J19 -> 0 | S19: =T19/G19 -> #DIV/0! | U19: =IF(V19="-","-",V19/T19) -> - | V19: - | W19: - | X19: - | Y19: - | Z19: - | AA19: - | AB19: - | AC19: - | AD19: - | AE19: OK | AG19: =IF(G19="","",1) -> 1
D20: Sous-total | G20: =SUM(G7:G19) -> 0 | H20: =SUM(H7:H19) -> 0 | I20: =SUM(I7:I19) -> 0 | J20: =SUM(J7:J19) -> 0 | K20: =SUM(K7:K19) -> 0 | L20: =SUM(L7:L19) -> 0 | M20: =IF(G20=0,0,IF(P20=0,0,P20/G20)) -> 0 | N20: =IF(H20=0,0,IF(Q20=0,0,Q20/H20)) -> 0 | O20: =IF(I20=0,0,IF(R20=0,0,R20/I20)) -> 0 | P20: =SUM(P7:P19) -> 0 | Q20: =SUM(Q7:Q19) -> 0 | R20: =SUM(R7:R19) -> 0 | S20: =T20/G20 -> #DIV/0! | T20: =SUM(T7:T19) -> 145 | U20: =V20/T20 -> 0 | V20: =SUM(V7:V19) -> 0 | AE20: OK
B21: NatEnv (Nature Environnement en Pays rochois) Fabrique à Biclou Pays rochois en Transition | C21: OUI | D21: 9 | E21: LA ROCHE_Carrefour Biocoop | F21: France | G21: ='2020'!G21 -> 31 | H21: ='2021'!G21 -> 76 | I21: ='2022'!G21 -> 0 | J21: ='2020'!H21 -> 23 | K21: ='2021'!H21 -> 50 | L21: ='2022'!H21 -> 0 | M21: =IF(G21=0,0,IF(P21=0,0,P21/G21)) -> 0.32258065 | N21: =IF(H21=0,0,IF(Q21=0,0,Q21/H21)) -> 0.22368421 | O21: =IF(I21=0,0,IF(R21=0,0,R21/I21)) -> 0 | P21: ='2020'!J21 -> 10 | Q21: ='2021'!J21 -> 17 | R21: ='2022'!J21 -> 0 | S21: =T21/G21 -> 0.90322581 | T21: 28 | U21: =IF(V21="-","-",V21/T21) -> - | V21: - | W21: - | X21: - | Y21: - | Z21: - | AA21: - | AB21: - | AC21: - | AD21: - | AE21: OK | AG21: =IF(G21="","",1) -> 1
E22: LA ROCHE_Giratoire La Poste | F22: France | G22: ='2020'!G22 -> 25 | H22: ='2021'!G22 -> 45 | I22: ='2022'!G22 -> 0 | J22: ='2020'!H22 -> 13 | K22: ='2021'!H22 -> 27 | L22: ='2022'!H22 -> 0 | M22: =IF(G22=0,0,IF(P22=0,0,P22/G22)) -> 0.48 | N22: =IF(H22=0,0,IF(Q22=0,0,Q22/H22)) -> 0.46666667 | O22: =IF(I22=0,0,IF(R22=0,0,R22/I22)) -> 0 | P22: ='2020'!J22 -> 12 | Q22: ='2021'!J22 -> 21 | R22: ='2022'!J22 -> 0 | S22: =T22/G22 -> 0.56 | T22: 14 | U22: =IF(V22="-","-",V22/T22) -> - | V22: - | W22: - | X22: - | Y22: - | Z22: - | AA22: - | AB22: - | AC22: - | AD22: - | AE22: OK | AG22: =IF(G22="","",1) -> 1
E23: LA ROCHE_Giratoire ENILV | F23: France | G23: ='2020'!G23 -> 18 | H23: ='2021'!G23 -> 16 | I23: ='2022'!G23 -> 0 | J23: ='2020'!H23 -> 10 | K23: ='2021'!H23 -> 10 | L23: ='2022'!H23 -> 0 | M23: =IF(G23=0,0,IF(P23=0,0,P23/G23)) -> 0.5 | N23: =IF(H23=0,0,IF(Q23=0,0,Q23/H23)) -> 0.3125 | O23: =IF(I23=0,0,IF(R23=0,0,R23/I23)) -> 0 | P23: ='2020'!J23 -> 9 | Q23: ='2021'!J23 -> 5 | R23: ='2022'!J23 -> 0 | S23: =T23/G23 -> 0.16666667 | T23: 3 | U23: =IF(V23="-","-",V23/T23) -> - | V23: - | W23: - | X23: - | Y23: - | Z23: - | AA23: - | AB23: - | AC23: - | AD23: - | AE23: OK | AG23: =IF(G23="","",1) -> 1
E24: LA ROCHE_Gare Passage à niveau (new 2021) | F24: France | G24: ='2020'!G24 -> 0 | H24: ='2021'!G24 -> 56 | I24: ='2022'!G24 -> 0 | J24: ='2020'!H24 -> 0 | K24: ='2021'!H24 -> 36 | L24: ='2022'!H24 -> 0 | M24: =IF(G24=0,0,IF(P24=0,0,P24/G24)) -> 0 | N24: =IF(H24=0,0,IF(Q24=0,0,Q24/H24)) -> 0.21428571 | O24: =IF(I24=0,0,IF(R24=0,0,R24/I24)) -> 0 | P24: ='2020'!J24 -> 0 | Q24: ='2021'!J24 -> 12 | R24: ='2022'!J24 -> 0 | T24: 10 | W24: - | X24: - | Y24: - | Z24: - | AE24: OK | AG24: =IF(G24="","",1) -> 1
E25: ARENTHON_La Papeterie | F25: France | G25: ='2020'!G25 -> 14 | H25: ='2021'!G25 -> 13 | I25: ='2022'!G25 -> 0 | J25: ='2020'!H25 -> 9 | K25: ='2021'!H25 -> 8 | L25: ='2022'!H25 -> 0 | M25: =IF(G25=0,0,IF(P25=0,0,P25/G25)) -> 0.071428571 | N25: =IF(H25=0,0,IF(Q25=0,0,Q25/H25)) -> 0.53846154 | O25: =IF(I25=0,0,IF(R25=0,0,R25/I25)) -> 0 | P25: ='2020'!J25 -> 1 | Q25: ='2021'!J25 -> 7 | R25: ='2022'!J25 -> 0 | S25: =T25/G25 -> 0.42857143 | T25: 6 | U25: =IF(V25="-","-",V25/T25) -> - | V25: - | W25: - | X25: - | Y25: - | Z25: - | AA25: - | AB25: - | AC25: - | AD25: - | AE25: OK | AG25: =IF(G25="","",1) -> 1
E26: ST-PIERRE_Franchissement Borne-Dessy | F26: France | G26: ='2020'!G26 -> 24 | H26: ='2021'!G26 -> 24 | I26: ='2022'!G26 -> 0 | J26: ='2020'!H26 -> 16 | K26: ='2021'!H26 -> 20 | L26: ='2022'!H26 -> 0 | M26: =IF(G26=0,0,IF(P26=0,0,P26/G26)) -> 0.041666667 | N26: =IF(H26=0,0,IF(Q26=0,0,Q26/H26)) -> 0.29166667 | O26: =IF(I26=0,0,IF(R26=0,0,R26/I26)) -> 0 | P26: ='2020'!J26 -> 1 | Q26: ='2021'!J26 -> 7 | R26: ='2022'!J26 -> 0 | S26: =T26/G26 -> 0.29166667 | T26: 7 | U26: =IF(V26="-","-",V26/T26) -> - | V26: - | W26: - | X26: - | Y26: - | Z26: - | AA26: - | AB26: - | AC26: - | AD26: - | AE26: OK | AG26: =IF(G26="","",1) -> 1
E27: BONNEVILLE_Franchissement Borne-Tucinge | F27: France | G27: ='2020'!G27 -> 29 | H27: ='2021'!G27 -> 33 | I27: ='2022'!G27 -> 0 | J27: ='2020'!H27 -> 21 | K27: ='2021'!H27 -> 25 | L27: ='2022'!H27 -> 0 | M27: =IF(G27=0,0,IF(P27=0,0,P27/G27)) -> 0 | N27: =IF(H27=0,0,IF(Q27=0,0,Q27/H27)) -> 0 | O27: =IF(I27=0,0,IF(R27=0,0,R27/I27)) -> 0 | P27: ='2020'!J27 -> 0 | Q27: ='2021'!J27 -> 0 | R27: ='2022'!J27 -> 0 | S27: =T27/G27 -> 0.24137931 | T27: 7 | U27: =IF(V27="-","-",V27/T27) -> - | V27: - | W27: - | X27: - | Y27: - | Z27: - | AA27: - | AB27: - | AC27: - | AD27: - | AE27: OK | AG27: =IF(G27="","",1) -> 1
E28: ST-PIERRE_Pont principal sur le Borne | F28: France | G28: ='2020'!G28 -> 27 | H28: ='2021'!G28 -> 32 | I28: ='2022'!G28 -> 0 | J28: ='2020'!H28 -> 17 | K28: ='2021'!H28 -> 17 | L28: ='2022'!H28 -> 0 | M28: =IF(G28=0,0,IF(P28=0,0,P28/G28)) -> 0.25925926 | N28: =IF(H28=0,0,IF(Q28=0,0,Q28/H28)) -> 0.15625 | O28: =IF(I28=0,0,IF(R28=0,0,R28/I28)) -> 0 | P28: ='2020'!J28 -> 7 | Q28: ='2021'!J28 -> 5 | R28: ='2022'!J28 -> 0 | S28: =T28/G28 -> 0.44444444 | T28: 12 | U28: =IF(V28="-","-",V28/T28) -> - | V28: - | W28: - | X28: - | Y28: - | Z28: - | AA28: - | AB28: - | AC28: - | AD28: - | AE28: OK | AG28: =IF(G28="","",1) -> 1
E31: AMANCY_Giratoire Coriandre | F31: France | G31: ='2020'!G31 -> 4 | H31: ='2021'!G31 -> 0 | I31: ='2022'!G31 -> 0 | J31: ='2020'!H31 -> 2 | K31: ='2021'!H31 -> 0 | L31: ='2022'!H31 -> 0 | M31: =IF(G31=0,0,IF(P31=0,0,P31/G31)) -> 0.5 | N31: =IF(H31=0,0,IF(Q31=0,0,Q31/H31)) -> 0 | O31: =IF(I31=0,0,IF(R31=0,0,R31/I31)) -> 0 | P31: ='2020'!J31 -> 2 | Q31: ='2021'!J31 -> 0 | R31: ='2022'!J31 -> 0 | S31: =T31/G31 -> 0 | U31: =IF(V31="-","-",V31/T31) -> - | V31: - | W31: - | X31: - | Y31: - | Z31: - | AA31: - | AB31: - | AC31: - | AD31: - | AE31: OK | AG31: =IF(G31="","",1) -> 1
D32: Sous-total | G32: =SUM(G21:G31) -> 172 | H32: =SUM(H21:H31) -> 295 | I32: =SUM(I21:I31) -> 0 | J32: =SUM(J21:J31) -> 111 | K32: =SUM(K21:K31) -> 193 | L32: =SUM(L21:L31) -> 0 | M32: =IF(G32=0,0,IF(P32=0,0,P32/G32)) -> 0.24418605 | N32: =IF(H32=0,0,IF(Q32=0,0,Q32/H32)) -> 0.25084746 | O32: =IF(I32=0,0,IF(R32=0,0,R32/I32)) -> 0 | P32: =SUM(P21:P31) -> 42 | Q32: =SUM(Q21:Q31) -> 74 | R32: =SUM(R21:R31) -> 0 | S32: =T32/G32 -> 0.50581395 | T32: =SUM(T21:T31) -> 87 | U32: =V32/T32 -> 0 | V32: =SUM(V21:V31) -> 0 | AE32: OK
B33: AERE (Association Environnement Reignier-Esery) | C33: OUI | D33: 9 | E33: ETREMBIERES_Giratoire ex PN93 | F33: France | G33: ='2020'!G33 -> 37 | H33: ='2021'!G33 -> 46 | I33: ='2022'!G33 -> 0 | J33: ='2020'!H33 -> 23 | K33: ='2021'!H33 -> 32 | L33: ='2022'!H33 -> 0 | M33: =IF(G33=0,0,IF(P33=0,0,P33/G33)) -> 0.38 | N33: =IF(H33=0,0,IF(Q33=0,0,Q33/H33)) -> 0.65217391 | O33: =IF(I33=0,0,IF(R33=0,0,R33/I33)) -> 0 | P33: ='2020'!J33 -> 14.06 | Q33: ='2021'!J33 -> 30 | R33: ='2022'!J33 -> 0 | S33: =T33/G33 -> 0.24324324 | T33: 9 | U33: =IF(V33="-","-",V33/T33) -> 1 | V33: 9 | W33: - | X33: - | Y33: - | Z33: - | AA33: - | AB33: - | AC33: - | AD33: - | AE33: OK | AG33: =IF(G33="","",1) -> 1
E34: ETREMBIERES_Carrefour sous Château | F34: France | G34: ='2020'!G34 -> 33 | H34: ='2021'!G34 -> 28 | I34: ='2022'!G34 -> 0 | J34: ='2020'!H34 -> 15 | K34: ='2021'!H34 -> 17 | L34: ='2022'!H34 -> 0 | M34: =IF(G34=0,0,IF(P34=0,0,P34/G34)) -> 0.3 | N34: =IF(H34=0,0,IF(Q34=0,0,Q34/H34)) -> 0.64285714 | O34: =IF(I34=0,0,IF(R34=0,0,R34/I34)) -> 0 | P34: ='2020'!J34 -> 9.9 | Q34: ='2021'!J34 -> 18 | R34: ='2022'!J34 -> 0 | S34: =T34/G34 -> 0.27272727 | T34: 9 | U34: =IF(V34="-","-",V34/T34) -> 0.77777778 | V34: 7 | W34: - | X34: - | Y34: - | Z34: - | AA34: - | AB34: - | AC34: - | AD34: - | AE34: OK | AG34: =IF(G34="","",1) -> 1
E35: SCIENTRIER_Carrefour Tour de Bellecombe | F35: France | G35: ='2020'!G35 -> 6 | H35: ='2021'!G35 -> 5 | I35: ='2022'!G35 -> 0 | J35: ='2020'!H35 -> 5 | K35: ='2021'!H35 -> 5 | L35: ='2022'!H35 -> 0 | M35: =IF(G35=0,0,IF(P35=0,0,P35/G35)) -> 0 | N35: =IF(H35=0,0,IF(Q35=0,0,Q35/H35)) -> 0.6 | O35: =IF(I35=0,0,IF(R35=0,0,R35/I35)) -> 0 | P35: ='2020'!J35 -> 0 | Q35: ='2021'!J35 -> 3 | R35: ='2022'!J35 -> 0 | S35: =T35/G35 -> 0.16666667 | T35: 1 | U35: =IF(V35="-","-",V35/T35) -> 1 | V35: 1 | W35: - | X35: - | Y35: - | Z35: - | AA35: - | AB35: - | AC35: - | AD35: - | AE35: OK | AG35: =IF(G35="","",1) -> 1
E36: REIGNIER_Giratoire église | F36: France | G36: ='2020'!G36 -> 25 | H36: ='2021'!G36 -> 45 | I36: ='2022'!G36 -> 0 | J36: ='2020'!H36 -> 15 | K36: ='2021'!H36 -> 26 | L36: ='2022'!H36 -> 0 | M36: =IF(G36=0,0,IF(P36=0,0,P36/G36)) -> 0.28 | N36: =IF(H36=0,0,IF(Q36=0,0,Q36/H36)) -> 0.26666667 | O36: =IF(I36=0,0,IF(R36=0,0,R36/I36)) -> 0 | P36: ='2020'!J36 -> 7 | Q36: ='2021'!J36 -> 12 | R36: ='2022'!J36 -> 0 | S36: =T36/G36 -> 0.48 | T36: 12 | U36: =IF(V36="-","-",V36/T36) -> 0.25 | V36: 3 | W36: - | X36: - | Y36: - | Z36: - | AA36: - | AB36: - | AC36: - | AD36: - | AE36: OK | AG36: =IF(G36="","",1) -> 1
E37: REIGNIER_Giratoire Foron | F37: France | G37: ='2020'!G37 -> 15 | H37: ='2021'!G37 -> 14 | I37: ='2022'!G37 -> 0 | J37: ='2020'!H37 -> 9 | K37: ='2021'!H37 -> 9 | L37: ='2022'!H37 -> 0 | M37: =IF(G37=0,0,IF(P37=0,0,P37/G37)) -> 0.13 | N37: =IF(H37=0,0,IF(Q37=0,0,Q37/H37)) -> 0.21428571 | O37: =IF(I37=0,0,IF(R37=0,0,R37/I37)) -> 0 | P37: ='2020'!J37 -> 1.95 | Q37: ='2021'!J37 -> 3 | R37: ='2022'!J37 -> 0 | S37: =T37/G37 -> 0.13333333 | T37: 2 | U37: =IF(V37="-","-",V37/T37) -> 0.5 | V37: 1 | W37: - | X37: - | Y37: - | Z37: - | AA37: - | AB37: - | AC37: - | AD37: - | AE37: OK | AG37: =IF(G37="","",1) -> 1
E38: REIGNIER_Giratoire La Forge | F38: France | G38: ='2020'!G38 -> 16 | H38: ='2021'!G38 -> 31 | I38: ='2022'!G38 -> 0 | J38: ='2020'!H38 -> 14 | K38: ='2021'!H38 -> 23 | L38: ='2022'!H38 -> 0 | M38: =IF(G38=0,0,IF(P38=0,0,P38/G38)) -> 0.38 | N38: =IF(H38=0,0,IF(Q38=0,0,Q38/H38)) -> 0.5483871 | O38: =IF(I38=0,0,IF(R38=0,0,R38/I38)) -> 0 | P38: ='2020'!J38 -> 6.08 | Q38: ='2021'!J38 -> 17 | R38: ='2022'!J38 -> 0 | S38: =T38/G38 -> 0.3125 | T38: 5 | U38: =IF(V38="-","-",V38/T38) -> 1 | V38: 5 | W38: - | X38: - | Y38: - | Z38: - | AA38: - | AB38: - | AC38: - | AD38: - | AE38: OK | AG38: =IF(G38="","",1) -> 1
E39: PERS-JUSSY_Giratoire Casino | F39: France | G39: ='2020'!G39 -> 7 | H39: ='2021'!G39 -> 12 | I39: ='2022'!G39 -> 0 | J39: ='2020'!H39 -> 5 | K39: ='2021'!H39 -> 7 | L39: ='2022'!H39 -> 0 | M39: =IF(G39=0,0,IF(P39=0,0,P39/G39)) -> 0.14 | N39: =IF(H39=0,0,IF(Q39=0,0,Q39/H39)) -> 0.33333333 | O39: =IF(I39=0,0,IF(R39=0,0,R39/I39)) -> 0 | P39: ='2020'!J39 -> 0.98 | Q39: ='2021'!J39 -> 4 | R39: ='2022'!J39 -> 0 | S39: =T39/G39 -> 0.57142857 | T39: 4 | U39: =IF(V39="-","-",V39/T39) -> 0.5 | V39: 2 | W39: - | X39: - | Y39: - | Z39: - | AA39: - | AB39: - | AC39: - | AD39: - | AE39: OK | AG39: =IF(G39="","",1) -> 1
E42: ARTHAZ_Giratoire lavage auto | F42: France | G42: ='2020'!G42 -> 20 | H42: ='2021'!G42 -> 17 | I42: ='2022'!G42 -> 0 | J42: ='2020'!H42 -> 9 | K42: ='2021'!H42 -> 9 | L42: ='2022'!H42 -> 0 | M42: =IF(G42=0,0,IF(P42=0,0,P42/G42)) -> 0.25 | N42: =IF(H42=0,0,IF(Q42=0,0,Q42/H42)) -> 0.41176471 | O42: =IF(I42=0,0,IF(R42=0,0,R42/I42)) -> 0 | P42: ='2020'!J42 -> 5 | Q42: ='2021'!J42 -> 7 | R42: ='2022'!J42 -> 0 | S42: =T42/G42 -> 0.2 | T42: 4 | U42: =IF(V42="-","-",V42/T42) -> 0.25 | V42: 1 | W42: - | X42: - | Y42: - | Z42: - | AA42: - | AB42: - | AC42: - | AD42: - | AE42: OK | AG42: =IF(G42="","",1) -> 1
D43: Sous-total | G43: =SUM(G33:G42) -> 159 | H43: =SUM(H33:H42) -> 198 | I43: =SUM(I33:I42) -> 0 | J43: =SUM(J33:J42) -> 95 | K43: =SUM(K33:K42) -> 128 | L43: =SUM(L33:L42) -> 0 | M43: =IF(G43=0,0,IF(P43=0,0,P43/G43)) -> 0.28283019 | N43: =IF(H43=0,0,IF(Q43=0,0,Q43/H43)) -> 0.47474747 | O43: =IF(I43=0,0,IF(R43=0,0,R43/I43)) -> 0 | P43: =SUM(P33:P42) -> 44.97 | Q43: =SUM(Q33:Q42) -> 94 | R43: =SUM(R33:R42) -> 0 | S43: =T43/G43 -> 0.28930818 | T43: =SUM(T33:T42) -> 46 | U43: =V43/T43 -> 0.63043478 | V43: =SUM(V33:V42) -> 29 | AE43: OK
B44: Sous-total périmètre "arrière-pays" | D44: =SUM(D5:D42) -> 31 | E44: =COUNT(G5:G31,G33:G42) -> 33 | F44: =COUNT(P5:P42) -> 34 | G44: =G5+G32+G43 -> 394 | H44: =H5+H32+H43 -> 595 | I44: =I5+I32+I43 -> 0 | J44: =J5+J32+J43 -> 235 | K44: =K5+K32+K43 -> 415 | L44: =L5+L32+L43 -> 0 | M44: =IF(G44=0,0,IF(P44=0,0,P44/G44)) -> 0.22581218 | N44: =IF(H44=0,0,IF(Q44=0,0,Q44/H44)) -> 0.28571429 | O44: =IF(I44=0,0,IF(R44=0,0,R44/I44)) -> 0 | P44: =P5+P32+P43 -> 88.97 | Q44: =Q5+Q32+Q43 -> 170 | R44: =R5+R32+R43 -> 0 | S44: =T44/G44 -> 0.38324873 | T44: =T5+T32+T43 -> 151 | U44: =V44/(T5+SUM(T33:T42)) -> 0.484375 | V44: =V5+V32+V43 -> 31 | AE44: OK
B45: EVAV (En Ville A Vélo) | C45: NON | D45: 6 | E45: AMBILLY_Voie verte Pont Noir | F45: France | G45: ='2020'!G45 -> 603 | H45: ='2021'!G45 -> 0 | I45: ='2022'!G45 -> 0 | J45: ='2020'!H45 -> 173 | K45: ='2021'!H45 -> 0 | L45: ='2022'!H45 -> 0 | M45: =IF(G45=0,0,IF(P45=0,0,P45/G45)) -> 0.43283582 | N45: =IF(H45=0,0,IF(Q45=0,0,Q45/H45)) -> 0 | O45: =IF(I45=0,0,IF(R45=0,0,R45/I45)) -> 0 | P45: ='2020'!J45 -> 261 | Q45: ='2021'!J45 -> 0 | R45: ='2022'!J45 -> 0 | S45: =T45/G45 -> 0 | U45: =IF(V45="-","-",V45/T45) -> - | V45: - | W45: - | X45: - | Y45: - | Z45: - | AE45: OK | AG45: =IF(G45="","",1) -> 1
E46: ANNEMASSE_Voie verte Jura | F46: France | G46: ='2020'!G46 -> 354 | H46: ='2021'!G46 -> 0 | I46: ='2022'!G46 -> 620 | J46: ='2020'!H46 -> 103 | K46: ='2021'!H46 -> 0 | L46: ='2022'!H46 -> 331 | M46: =IF(G46=0,0,IF(P46=0,0,P46/G46)) -> 0.40112994 | N46: =IF(H46=0,0,IF(Q46=0,0,Q46/H46)) -> 0 | O46: =IF(I46=0,0,IF(R46=0,0,R46/I46)) -> 0.43870968 | P46: ='2020'!J46 -> 142 | Q46: ='2021'!J46 -> 0 | R46: ='2022'!J46 -> 272 | S46: =T46/G46 -> 0 | U46: =IF(V46="-","-",V46/T46) -> - | V46: - | W46: - | X46: - | Y46: - | Z46: - | AE46: OK | AG46: =IF(G46="","",1) -> 1
E47: ANNEMASSE_Devant l'agglo | F47: France | G47: ='2020'!G47 -> 222 | H47: ='2021'!G47 -> 228 | I47: ='2022'!G47 -> 325 | J47: ='2020'!H47 -> 66 | K47: ='2021'!H47 -> 125 | L47: ='2022'!H47 -> 227 | M47: =IF(G47=0,0,IF(P47=0,0,P47/G47)) -> 0.61711712 | N47: =IF(H47=0,0,IF(Q47=0,0,Q47/H47)) -> 0.39473684 | O47: =IF(I47=0,0,IF(R47=0,0,R47/I47)) -> 0.51692308 | P47: ='2020'!J47 -> 137 | Q47: ='2021'!J47 -> 90 | R47: ='2022'!J47 -> 168 | S47: =T47/G47 -> 0.40990991 | T47: 91 | U47: =IF(V47="-","-",V47/T47) -> - | V47: - | W47: - | X47: - | Y47: - | Z47: - | AA47: - | AB47: - | AC47: - | AD47: - | AE47: OK | AG47: =IF(G47="","",1) -> 1
E48: GAILLARD_Douane de Fossard | F48: Frontière | G48: ='2020'!G48 -> 106 | H48: ='2021'!G48 -> 141 | I48: ='2022'!G48 -> 180 | J48: ='2020'!H48 -> 35 | K48: ='2021'!H48 -> 80 | L48: ='2022'!H48 -> 92 | M48: =IF(G48=0,0,IF(P48=0,0,P48/G48)) -> 0.36792453 | N48: =IF(H48=0,0,IF(Q48=0,0,Q48/H48)) -> 0.46099291 | O48: =IF(I48=0,0,IF(R48=0,0,R48/I48)) -> 0.43888889 | P48: ='2020'!J48 -> 39 | Q48: ='2021'!J48 -> 65 | R48: ='2022'!J48 -> 79 | S48: =T48/G48 -> 0.58490566 | T48: 62 | U48: =IF(V48="-","-",V48/T48) -> - | V48: - | W48: - | X48: - | Y48: - | Z48: - | AE48: OK | AG48: =IF(G48="","",1) -> 1
E49: ANNEMASSE_Clos Fleury | F49: France | G49: ='2020'!G49 -> 206 | H49: ='2021'!G49 -> 234 | I49: ='2022'!G49 -> 366 | J49: ='2020'!H49 -> 70 | K49: ='2021'!H49 -> 127 | L49: ='2022'!H49 -> 180 | M49: =IF(G49=0,0,IF(P49=0,0,P49/G49)) -> 0.4223301 | N49: =IF(H49=0,0,IF(Q49=0,0,Q49/H49)) -> 0.42307692 | O49: =IF(I49=0,0,IF(R49=0,0,R49/I49)) -> 0.43169399 | P49: ='2020'!J49 -> 87 | Q49: ='2021'!J49 -> 99 | R49: ='2022'!J49 -> 158 | S49: =T49/G49 -> 0.54368932 | T49: 112 | U49: =IF(V49="-","-",V49/T49) -> - | V49: - | W49: - | X49: - | Y49: - | Z49: - | AA49: - | AB49: - | AC49: - | AD49: - | AE49: OK | AG49: =IF(G49="","",1) -> 1
E52: GAILLARD_Douane de Moïllesullaz | F52: Frontière | G52: ='2020'!G52 -> 173 | H52: ='2021'!G52 -> 157 | I52: ='2022'!G52 -> 123 | J52: ='2020'!H52 -> 62 | K52: ='2021'!H52 -> 82 | L52: ='2022'!H52 -> 90 | M52: =IF(G52=0,0,IF(P52=0,0,P52/G52)) -> 0.22543353 | N52: =IF(H52=0,0,IF(Q52=0,0,Q52/H52)) -> 0.22929936 | O52: =IF(I52=0,0,IF(R52=0,0,R52/I52)) -> 0.32520325 | P52: ='2020'!J52 -> 39 | Q52: ='2021'!J52 -> 36 | R52: ='2022'!J52 -> 40 | S52: =T52/G52 -> 0.28323699 | T52: 49 | U52: =IF(V52="-","-",V52/T52) -> - | V52: - | W52: - | X52: - | Y52: - | Z52: - | AE52: OK | AG52: =IF(G52="","",1) -> 1
D53: Sous-total | G53: =SUM(G45:G52) -> 1664 | H53: =SUM(H45:H52) -> 760 | I53: =SUM(I45:I52) -> 1614 | J53: =SUM(J45:J52) -> 509 | K53: =SUM(K45:K52) -> 414 | L53: =SUM(L45:L52) -> 920 | M53: =IF(G53=0,0,IF(P53=0,0,P53/G53)) -> 0.42367788 | N53: =IF(H53=0,0,IF(Q53=0,0,Q53/H53)) -> 0.38157895 | O53: =IF(I53=0,0,IF(R53=0,0,R53/I53)) -> 0.44423792 | P53: =SUM(P45:P52) -> 705 | Q53: =SUM(Q45:Q52) -> 290 | R53: =SUM(R45:R52) -> 717 | S53: =T53/G53 -> 0.18870192 | T53: =SUM(T45:T52) -> 314 | U53: =V53/T53 -> 0 | V53: =SUM(V45:V52) -> 0 | W53: =SUM(W45:W52) -> 0 | X53: =SUM(X45:X52) -> 0 | Y53: =SUM(Y45:Y52) -> 0 | Z53: =SUM(Z45:Z52) -> 0 | AA53: =SUM(AA45:AA52) -> 0 | AB53: =SUM(AB45:AB52) -> 0 | AC53: =SUM(AC45:AC52) -> 0 | AD53: =SUM(AD45:AD52) -> 0
B54: Le Préau | C54: NON | D54: 11 | E54: COMMUNE_Carrefour | F54: Frontière | G54: ='2020'!G54 -> 0 | H54: ='2021'!G46 -> 0 | I54: ='2022'!G46 -> 620 | J54: ='2020'!H54 -> 0 | K54: ='2021'!H46 -> 0 | L54: ='2022'!H46 -> 331 | M54: =IF(G54=0,0,IF(P54=0,0,P54/G54)) -> 0 | N54: =IF(H54=0,0,IF(Q54=0,0,Q54/H54)) -> 0 | O54: =IF(I54=0,0,IF(R54=0,0,R54/I54)) -> 0.43870968 | P54: ='2020'!J54 -> 0 | Q54: ='2021'!J46 -> 0 | R54: ='2022'!J46 -> 272 | S54: =T54/G54 -> #DIV/0! | T54: 12 | U54: =IF(V54="-","-",V54/T54) -> 0.83333333 | V54: 10 | W54: - | X54: - | Y54: - | Z54: - | AA54: 51 | AB54: 36 | AC54: 2 | AD54: 2 | AE54: OK | AG54: =IF(G54="","",1) -> 1
E55: COMMUNE_Carrefour | F55: Frontière | G55: ='2020'!G55 -> 0 | H55: ='2021'!G47 -> 228 | I55: ='2022'!G47 -> 325 | J55: ='2020'!H55 -> 0 | K55: ='2021'!H47 -> 125 | L55: ='2022'!H47 -> 227 | M55: =IF(G55=0,0,IF(P55=0,0,P55/G55)) -> 0 | N55: =IF(H55=0,0,IF(Q55=0,0,Q55/H55)) -> 0.39473684 | O55: =IF(I55=0,0,IF(R55=0,0,R55/I55)) -> 0.51692308 | P55: ='2020'!J55 -> 0 | Q55: ='2021'!J47 -> 90 | R55: ='2022'!J47 -> 168 | S55: =T55/G55 -> #DIV/0! | T55: 47 | U55: =IF(V55="-","-",V55/T55) -> 0.70212766 | V55: 33 | W55: - | X55: - | Y55: - | Z55: - | AA55: 112 | AB55: 82 | AC55: 5 | AD55: 4 | AE55: OK | AG55: =IF(G55="","",1) -> 1
E56: COMMUNE_Carrefour | F56: Frontière | G56: ='2020'!G56 -> 0 | H56: ='2021'!G48 -> 141 | I56: ='2022'!G48 -> 180 | J56: ='2020'!H56 -> 0 | K56: ='2021'!H48 -> 80 | L56: ='2022'!H48 -> 92 | M56: =IF(G56=0,0,IF(P56=0,0,P56/G56)) -> 0 | N56: =IF(H56=0,0,IF(Q56=0,0,Q56/H56)) -> 0.46099291 | O56: =IF(I56=0,0,IF(R56=0,0,R56/I56)) -> 0.43888889 | P56: ='2020'!J56 -> 0 | Q56: ='2021'!J48 -> 65 | R56: ='2022'!J48 -> 79 | S56: =T56/G56 -> #DIV/0! | T56: 12 | U56: =IF(V56="-","-",V56/T56) -> 0.75 | V56: 9 | W56: - | X56: - | Y56: - | Z56: - | AA56: 22 | AB56: 20 | AC56: 0 | AD56: 0 | AE56: OK | AG56: =IF(G56="","",1) -> 1
E57: COMMUNE_Carrefour | F57: Frontière | G57: ='2020'!G57 -> 0 | H57: ='2021'!G49 -> 234 | I57: ='2022'!G49 -> 366 | J57: ='2020'!H57 -> 0 | K57: ='2021'!H49 -> 127 | L57: ='2022'!H49 -> 180 | M57: =IF(G57=0,0,IF(P57=0,0,P57/G57)) -> 0 | N57: =IF(H57=0,0,IF(Q57=0,0,Q57/H57)) -> 0.42307692 | O57: =IF(I57=0,0,IF(R57=0,0,R57/I57)) -> 0.43169399 | P57: ='2020'!J57 -> 0 | Q57: ='2021'!J49 -> 99 | R57: ='2022'!J49 -> 158 | S57: =T57/G57 -> #DIV/0! | T57: 20 | U57: =IF(V57="-","-",V57/T57) -> 0.85 | V57: 17 | W57: - | X57: - | Y57: - | Z57: - | AA57: 46 | AB57: 31 | AC57: 3 | AD57: 2 | AE57: OK | AG57: =IF(G57="","",1) -> 1
E58: COMMUNE_Carrefour | G58: ='2020'!G58 -> 0 | H58: ='2021'!G50 -> 0 | I58: ='2022'!G50 -> 0 | J58: ='2020'!H58 -> 0 | K58: ='2021'!H50 -> 0 | L58: ='2022'!H50 -> 0 | M58: =IF(G58=0,0,IF(P58=0,0,P58/G58)) -> 0 | N58: =IF(H58=0,0,IF(Q58=0,0,Q58/H58)) -> 0 | O58: =IF(I58=0,0,IF(R58=0,0,R58/I58)) -> 0 | P58: ='2020'!J58 -> 0 | Q58: ='2021'!J50 -> 0 | R58: ='2022'!J50 -> 0 | S58: =T58/G58 -> #DIV/0! | T58: 21 | U58: =IF(V58="-","-",V58/T58) -> 0.85714286 | V58: 18 | W58: - | X58: - | Y58: - | Z58: - | AA58: 46 | AB58: 31 | AC58: 3 | AD58: 2
E59: COMMUNE_Carrefour | G59: ='2020'!G59 -> 0 | H59: ='2021'!G51 -> 0 | I59: ='2022'!G51 -> 0 | J59: ='2020'!H59 -> 0 | K59: ='2021'!H51 -> 0 | L59: ='2022'!H51 -> 0 | M59: =IF(G59=0,0,IF(P59=0,0,P59/G59)) -> 0 | N59: =IF(H59=0,0,IF(Q59=0,0,Q59/H59)) -> 0 | O59: =IF(I59=0,0,IF(R59=0,0,R59/I59)) -> 0 | P59: ='2020'!J59 -> 0 | Q59: ='2021'!J51 -> 0 | R59: ='2022'!J51 -> 0 | S59: =T59/G59 -> #DIV/0! | T59: 22 | U59: =IF(V59="-","-",V59/T59) -> 0.86363636 | V59: 19 | W59: - | X59: - | Y59: - | Z59: - | AA59: 46 | AB59: 31 | AC59: 3 | AD59: 2
E60: COMMUNE_Carrefour | F60: Frontière | G60: ='2020'!G60 -> 0 | H60: ='2021'!G52 -> 157 | I60: ='2022'!G52 -> 123 | J60: ='2020'!H60 -> 0 | K60: ='2021'!H52 -> 82 | L60: ='2022'!H52 -> 90 | M60: =IF(G60=0,0,IF(P60=0,0,P60/G60)) -> 0 | N60: =IF(H60=0,0,IF(Q60=0,0,Q60/H60)) -> 0.22929936 | O60: =IF(I60=0,0,IF(R60=0,0,R60/I60)) -> 0.32520325 | P60: ='2020'!J60 -> 0 | Q60: ='2021'!J52 -> 36 | R60: ='2022'!J52 -> 40 | S60: =T60/G60 -> #DIV/0! | T60: 16 | U60: =IF(V60="-","-",V60/T60) -> 0.9375 | V60: 15 | W60: - | X60: - | Y60: - | Z60: - | AA60: 40 | AB60: 40 | AC60: 4 | AD60: 4 | AE60: OK | AF60: Compté par ProVélo en 2021 (Salève Vivant en 2020) | AG60: =IF(G60="","",1) -> 1
D61: Sous-total | G61: =SUM(G54:G60) -> 0 | H61: =SUM(H54:H60) -> 760 | I61: =SUM(I54:I60) -> 1614 | J61: =SUM(J54:J60) -> 0 | K61: =SUM(K54:K60) -> 414 | L61: =SUM(L54:L60) -> 920 | M61: =IF(G61=0,0,IF(P61=0,0,P61/G61)) -> 0 | N61: =IF(H61=0,0,IF(Q61=0,0,Q61/H61)) -> 0.38157895 | O61: =IF(I61=0,0,IF(R61=0,0,R61/I61)) -> 0.44423792 | P61: =SUM(P54:P60) -> 0 | Q61: =SUM(Q54:Q60) -> 290 | R61: =SUM(R54:R60) -> 717 | S61: =T61/G61 -> #DIV/0! | T61: =SUM(T54:T60) -> 150 | U61: =V61/T61 -> 0.80666667 | V61: =SUM(V54:V60) -> 121 | W61: =SUM(W54:W60) -> 0 | X61: =SUM(X54:X60) -> 0 | Y61: =SUM(Y54:Y60) -> 0 | Z61: =SUM(Z54:Z60) -> 0 | AA61: =SUM(AA54:AA60) -> 363 | AB61: =SUM(AB54:AB60) -> 271 | AC61: =SUM(AC54:AC60) -> 20 | AD61: =SUM(AD54:AD60) -> 16 | AE61: OK
B62: Salève Vivant | C62: NON | D62: 11 | E62: ARCHAMPS_Douane de Landecy | F62: Frontière | G62: ='2020'!G62 -> 33 | H62: ='2021'!G62 -> 53 | I62: ='2022'!G62 -> 0 | J62: ='2020'!H62 -> 33 | K62: ='2021'!H62 -> 38 | L62: ='2022'!H62 -> 0 | M62: =IF(G62=0,0,IF(P62=0,0,P62/G62)) -> 0.63636364 | N62: =IF(H62=0,0,IF(Q62=0,0,Q62/H62)) -> 0.60377358 | O62: =IF(I62=0,0,IF(R62=0,0,R62/I62)) -> 0 | P62: ='2020'!J62 -> 21 | Q62: ='2021'!J62 -> 32 | R62: ='2022'!J62 -> 0 | S62: =T62/G62 -> 0.36363636 | T62: 12 | U62: =IF(V62="-","-",V62/T62) -> 0.83333333 | V62: 10 | W62: - | X62: - | Y62: - | Z62: - | AA62: 51 | AB62: 36 | AC62: 2 | AD62: 2 | AE62: OK | AG62: =IF(G62="","",1) -> 1
E63: COLLONGES_Douane de Croix de Rozon | F63: Frontière | G63: ='2020'!G63 -> 88 | H63: ='2021'!G63 -> 117 | I63: ='2022'!G63 -> 0 | J63: ='2020'!H63 -> 88 | K63: ='2021'!H63 -> 86 | L63: ='2022'!H63 -> 0 | M63: =IF(G63=0,0,IF(P63=0,0,P63/G63)) -> 0.60227273 | N63: =IF(H63=0,0,IF(Q63=0,0,Q63/H63)) -> 0.69230769 | O63: =IF(I63=0,0,IF(R63=0,0,R63/I63)) -> 0 | P63: ='2020'!J63 -> 53 | Q63: ='2021'!J63 -> 81 | R63: ='2022'!J63 -> 0 | S63: =T63/G63 -> 0.53409091 | T63: 47 | U63: =IF(V63="-","-",V63/T63) -> 0.70212766 | V63: 33 | W63: - | X63: - | Y63: - | Z63: - | AA63: 112 | AB63: 82 | AC63: 5 | AD63: 4 | AE63: OK | AG63: =IF(G63="","",1) -> 1
E64: BOSSEY_Douane de Pierre-Grand | F64: Frontière | G64: ='2020'!G64 -> 14 | H64: ='2021'!G64 -> 22 | I64: ='2022'!G64 -> 0 | J64: ='2020'!H64 -> 14 | K64: ='2021'!H64 -> 20 | L64: ='2022'!H64 -> 0 | M64: =IF(G64=0,0,IF(P64=0,0,P64/G64)) -> 0.64285714 | N64: =IF(H64=0,0,IF(Q64=0,0,Q64/H64)) -> 0.72727273 | O64: =IF(I64=0,0,IF(R64=0,0,R64/I64)) -> 0 | P64: ='2020'!J64 -> 9 | Q64: ='2021'!J64 -> 16 | R64: ='2022'!J64 -> 0 | S64: =T64/G64 -> 0.85714286 | T64: 12 | U64: =IF(V64="-","-",V64/T64) -> 0.75 | V64: 9 | W64: - | X64: - | Y64: - | Z64: - | AA64: 22 | AB64: 20 | AC64: 0 | AD64: 0 | AE64: OK | AG64: =IF(G64="","",1) -> 1
E65: BOSSEY_Douane de Troinex/Bossey | F65: Frontière | G65: ='2020'!G65 -> 23 | H65: ='2021'!G65 -> 49 | I65: ='2022'!G65 -> 0 | J65: ='2020'!H65 -> 23 | K65: ='2021'!H65 -> 33 | L65: ='2022'!H65 -> 0 | M65: =IF(G65=0,0,IF(P65=0,0,P65/G65)) -> 0.65217391 | N65: =IF(H65=0,0,IF(Q65=0,0,Q65/H65)) -> 0.71428571 | O65: =IF(I65=0,0,IF(R65=0,0,R65/I65)) -> 0 | P65: ='2020'!J65 -> 15 | Q65: ='2021'!J65 -> 35 | R65: ='2022'!J65 -> 0 | S65: =T65/G65 -> 0.86956522 | T65: 20 | U65: =IF(V65="-","-",V65/T65) -> 0.85 | V65: 17 | W65: - | X65: - | Y65: - | Z65: - | AA65: 46 | AB65: 31 | AC65: 3 | AD65: 2 | AE65: OK | AG65: =IF(G65="","",1) -> 1
E68: VEYRIER_Douane du Pas de l'Echelle | F68: Frontière | G68: ='2020'!G68 -> 36 | H68: ='2021'!G68 -> 44 | I68: ='2022'!G68 -> 0 | J68: ='2020'!H68 -> 36 | K68: ='2021'!H68 -> 44 | L68: ='2022'!H68 -> 0 | M68: =IF(G68=0,0,IF(P68=0,0,P68/G68)) -> 0.5 | N68: =IF(H68=0,0,IF(Q68=0,0,Q68/H68)) -> 0.63636364 | O68: =IF(I68=0,0,IF(R68=0,0,R68/I68)) -> 0 | P68: ='2020'!J68 -> 18 | Q68: ='2021'!J68 -> 28 | R68: ='2022'!J68 -> 0 | S68: =T68/G68 -> 0.44444444 | T68: 16 | U68: =IF(V68="-","-",V68/T68) -> 0.9375 | V68: 15 | W68: - | X68: - | Y68: - | Z68: - | AA68: 40 | AB68: 40 | AC68: 4 | AD68: 4 | AE68: OK | AF68: Compté par ProVélo en 2021 (Salève Vivant en 2020) | AG68: =IF(G68="","",1) -> 1
D69: Sous-total | G69: =SUM(G62:G68) -> 194 | H69: =SUM(H62:H68) -> 285 | I69: =SUM(I62:I68) -> 0 | J69: =SUM(J62:J68) -> 194 | K69: =SUM(K62:K68) -> 221 | L69: =SUM(L62:L68) -> 0 | M69: =IF(G69=0,0,IF(P69=0,0,P69/G69)) -> 0.59793814 | N69: =IF(H69=0,0,IF(Q69=0,0,Q69/H69)) -> 0.67368421 | O69: =IF(I69=0,0,IF(R69=0,0,R69/I69)) -> 0 | P69: =SUM(P62:P68) -> 116 | Q69: =SUM(Q62:Q68) -> 192 | R69: =SUM(R62:R68) -> 0 | S69: =T69/G69 -> 0.55154639 | T69: =SUM(T62:T68) -> 107 | U69: =V69/T69 -> 0.78504673 | V69: =SUM(V62:V68) -> 84 | W69: =SUM(W62:W68) -> 0 | X69: =SUM(X62:X68) -> 0 | Y69: =SUM(Y62:Y68) -> 0 | Z69: =SUM(Z62:Z68) -> 0 | AA69: =SUM(AA62:AA68) -> 271 | AB69: =SUM(AB62:AB68) -> 209 | AC69: =SUM(AC62:AC68) -> 14 | AD69: =SUM(AD62:AD68) -> 12 | AE69: OK
B70: Groupe St-Julien | C70: NON | D70: 17 | E70: ST-JULIEN_Douane de Perly | F70: Frontière | G70: ='2020'!G70 -> 59 | H70: ='2021'!G70 -> 76 | I70: ='2022'!G70 -> 0 | J70: ='2020'!H70 -> 59 | K70: ='2021'!H70 -> 76 | L70: ='2022'!H70 -> 0 | M70: =IF(G70=0,0,IF(P70=0,0,P70/G70)) -> 0.51 | N70: =IF(H70=0,0,IF(Q70=0,0,Q70/H70)) -> 0.5 | O70: =IF(I70=0,0,IF(R70=0,0,R70/I70)) -> 0 | P70: ='2020'!J70 -> 30.09 | Q70: ='2021'!J70 -> 38 | R70: ='2022'!J70 -> 0 | S70: =T70/G70 -> 0.49152542 | T70: 29 | U70: =IF(V70="-","-",V70/T70) -> 0.72413793 | V70: 21 | W70: - | X70: - | Y70: - | Z70: - | AA70: 75 | AB70: 75 | AC70: 1 | AD70: 1 | AE70: OK | AG70: =IF(G70="","",1) -> 1
E71: ST-JULIEN_Passage douanier des Crottes | F71: Frontière | G71: ='2020'!G71 -> 45 | H71: ='2021'!G71 -> 80 | I71: ='2022'!G71 -> 0 | J71: ='2020'!H71 -> 45 | K71: ='2021'!H71 -> 80 | L71: ='2022'!H71 -> 0 | M71: =IF(G71=0,0,IF(P71=0,0,P71/G71)) -> 0.58 | N71: =IF(H71=0,0,IF(Q71=0,0,Q71/H71)) -> 0.6375 | O71: =IF(I71=0,0,IF(R71=0,0,R71/I71)) -> 0 | P71: ='2020'!J71 -> 26.1 | Q71: ='2021'!J71 -> 51 | R71: ='2022'!J71 -> 0 | S71: =T71/G71 -> 0.88888889 | T71: 40 | U71: =IF(V71="-","-",V71/T71) -> 0.65 | V71: 26 | W71: - | X71: - | Y71: - | Z71: - | AA71: 74 | AB71: 74 | AC71: 6 | AD71: 6 | AE71: OK | AG71: =IF(G71="","",1) -> 1
E72: ST-JULIEN_Paguette (chemin de l'Aire) | F72: Frontière | G72: ='2020'!G72 -> 16 | H72: ='2021'!G72 -> 31 | I72: ='2022'!G72 -> 0 | J72: ='2020'!H72 -> 16 | K72: ='2021'!H72 -> 31 | L72: ='2022'!H72 -> 0 | M72: =IF(G72=0,0,IF(P72=0,0,P72/G72)) -> 0.44 | N72: =IF(H72=0,0,IF(Q72=0,0,Q72/H72)) -> 0.32258065 | O72: =IF(I72=0,0,IF(R72=0,0,R72/I72)) -> 0 | P72: ='2020'!J72 -> 7.04 | Q72: ='2021'!J72 -> 10 | R72: ='2022'!J72 -> 0 | S72: =T72/G72 -> 0.6875 | T72: 11 | U72: =IF(V72="-","-",V72/T72) -> 0.45454545 | V72: 5 | W72: - | X72: - | Y72: - | Z72: - | AA72: 31 | AB72: 31 | AC72: 0 | AD72: 0 | AE72: OK | AG72: =IF(G72="","",1) -> 1
E73: ST-JULIEN_Douane de Certoux (rte Thérens) | F73: Frontière | G73: ='2020'!G73 -> 31 | H73: ='2021'!G73 -> 15 | I73: ='2022'!G73 -> 0 | J73: ='2020'!H73 -> 31 | K73: ='2021'!H73 -> 15 | L73: ='2022'!H73 -> 0 | M73: =IF(G73=0,0,IF(P73=0,0,P73/G73)) -> 0.29 | N73: =IF(H73=0,0,IF(Q73=0,0,Q73/H73)) -> 0.33333333 | O73: =IF(I73=0,0,IF(R73=0,0,R73/I73)) -> 0 | P73: ='2020'!J73 -> 8.99 | Q73: ='2021'!J73 -> 5 | R73: ='2022'!J73 -> 0 | S73: =T73/G73 -> 0 | T73: 0 | U73: =IF(V73=0,"-",V73/T73) -> - | V73: 0 | W73: - | X73: - | Y73: - | Z73: - | AA73: 15 | AB73: 15 | AC73: 0 | AD73: 0 | AE73: OK | AG73: =IF(G73="","",1) -> 1
E74: ST-JULIEN_Douane de Soral 1 | F74: Frontière | G74: ='2020'!G74 -> 3 | H74: ='2021'!G74 -> 2 | I74: ='2022'!G74 -> 0 | J74: ='2020'!H74 -> 3 | K74: ='2021'!H74 -> 2 | L74: ='2022'!H74 -> 0 | M74: =IF(G74=0,0,IF(P74=0,0,P74/G74)) -> 0 | N74: =IF(H74=0,0,IF(Q74=0,0,Q74/H74)) -> 0.5 | O74: =IF(I74=0,0,IF(R74=0,0,R74/I74)) -> 0 | P74: ='2020'!J74 -> 0 | Q74: ='2021'!J74 -> 1 | R74: ='2022'!J74 -> 0 | S74: =T74/G74 -> 0.33333333 | T74: 1 | U74: =IF(V74="-","-",V74/T74) -> 1 | V74: 1 | W74: - | X74: - | Y74: - | Z74: - | AA74: 1 | AB74: 1 | AC74: 1 | AD74: 1 | AE74: OK | AG74: =IF(G74="","",1) -> 1
E75: VIRY_Douane de Soral 2 | F75: Frontière | G75: ='2020'!G75 -> 13 | H75: ='2021'!G75 -> 15 | I75: ='2022'!G75 -> 0 | J75: ='2020'!H75 -> 13 | K75: ='2021'!H75 -> 15 | L75: ='2022'!H75 -> 0 | M75: =IF(G75=0,0,IF(P75=0,0,P75/G75)) -> 0.23 | N75: =IF(H75=0,0,IF(Q75=0,0,Q75/H75)) -> 0.53333333 | O75: =IF(I75=0,0,IF(R75=0,0,R75/I75)) -> 0 | P75: ='2020'!J75 -> 2.99 | Q75: ='2021'!J75 -> 8 | R75: ='2022'!J75 -> 0 | S75: =T75/G75 -> 0.30769231 | T75: 4 | U75: =IF(V75="-","-",V75/T75) -> 0.5 | V75: 2 | W75: - | X75: - | Y75: - | Z75: - | AA75: 13 | AB75: 13 | AC75: 2 | AD75: 2 | AE75: OK | AG75: =IF(G75="","",1) -> 1
E76: VIRY_Malagny | G76: ='2020'!G76 -> 0 | H76: ='2021'!G76 -> 12 | I76: ='2022'!G76 -> 0 | J76: ='2020'!H76 -> 0 | K76: ='2021'!H76 -> 12 | L76: ='2022'!H76 -> 0 | M76: =IF(G76=0,0,IF(P76=0,0,P76/G76)) -> 0 | N76: =IF(H76=0,0,IF(Q76=0,0,Q76/H76)) -> 0.83333333 | O76: =IF(I76=0,0,IF(R76=0,0,R76/I76)) -> 0 | P76: ='2020'!J76 -> 0 | Q76: ='2021'!J76 -> 10 | R76: ='2022'!J76 -> 0 | S76: =T76/G76 -> #DIV/0! | T76: 7 | U76: =IF(V76="-","-",V76/T76) -> 1 | V76: 7 | W76: - | X76: - | Y76: - | Z76: - | AA76: 12 | AB76: 12 | AC76: 0 | AD76: 0 | AE76: OK | AG76: =IF(G76="","",1) -> 1
E79: VALLEIRY_La Joux | G79: ='2020'!G79 -> 0 | H79: ='2021'!G79 -> 14 | I79: ='2022'!G79 -> 0 | J79: ='2020'!H79 -> 0 | K79: ='2021'!H79 -> 14 | L79: ='2022'!H79 -> 0 | M79: =IF(G79=0,0,IF(P79=0,0,P79/G79)) -> 0 | N79: =IF(H79=0,0,IF(Q79=0,0,Q79/H79)) -> 1 | O79: =IF(I79=0,0,IF(R79=0,0,R79/I79)) -> 0 | P79: ='2020'!J79 -> 0 | Q79: ='2021'!J79 -> 14 | R79: ='2022'!J79 -> 0 | S79: =T79/G79 -> #DIV/0! | T79: 5 | U79: =IF(V79="-","-",V79/T79) -> 1 | V79: 5 | W79: - | X79: - | Y79: - | Z79: - | AA79: 14 | AB79: 14 | AC79: 0 | AD79: 0 | AE79: OK | AG79: =IF(G79="","",1) -> 1
D80: Sous-total | G80: =SUM(G70:G79) -> 167 | H80: =SUM(H70:H79) -> 245 | I80: =SUM(I70:I79) -> 0 | J80: =SUM(J70:J79) -> 167 | K80: =SUM(K70:K79) -> 245 | L80: =SUM(L70:L79) -> 0 | M80: =IF(G80=0,0,IF(P80=0,0,P80/G80)) -> 0.45035928 | N80: =IF(H80=0,0,IF(Q80=0,0,Q80/H80)) -> 0.55918367 | O80: =IF(I80=0,0,IF(R80=0,0,R80/I80)) -> 0 | P80: =SUM(P70:P79) -> 75.21 | Q80: =SUM(Q70:Q79) -> 137 | R80: =SUM(R70:R79) -> 0 | S80: =T80/G80 -> 0.58083832 | T80: =SUM(T70:T79) -> 97 | U80: =V80/T80 -> 0.69072165 | V80: =SUM(V70:V79) -> 67 | W80: =SUM(W70:W79) -> 0 | X80: =SUM(X70:X79) -> 0 | Y80: =SUM(Y70:Y79) -> 0 | Z80: =SUM(Z70:Z79) -> 0 | AA80: =SUM(AA70:AA79) -> 235 | AB80: =SUM(AB70:AB79) -> 235 | AC80: =SUM(AC70:AC79) -> 10 | AD80: =SUM(AD70:AD79) -> 10 | AE80: OK
B81: APiCy (Association des Piétons et Cyclistes du Pays de Gex) + ProVélo La Côte et ATE Vaud | C81: NON | D81: 17 | E81: STJEAN_Douane de Dardagny | G81: ='2020'!G81 -> 0 | H81: ='2021'!G81 -> 0 | I81: ='2022'!G81 -> 0 | J81: ='2020'!H81 -> 0 | K81: ='2021'!H81 -> 0 | L81: ='2022'!H81 -> 0 | M81: =IF(G81=0,0,IF(P81=0,0,P81/G81)) -> 0 | N81: =IF(H81=0,0,IF(Q81=0,0,Q81/H81)) -> 0 | O81: =IF(I81=0,0,IF(R81=0,0,R81/I81)) -> 0 | P81: ='2020'!J81 -> 0 | Q81: ='2021'!J81 -> 0 | R81: ='2022'!J81 -> 0
E82: CHALLEX_Douane de La Plaine | G82: ='2020'!G82 -> 0 | H82: ='2021'!G82 -> 0 | I82: ='2022'!G82 -> 0 | J82: ='2020'!H82 -> 0 | K82: ='2021'!H82 -> 0 | L82: ='2022'!H82 -> 0 | M82: =IF(G82=0,0,IF(P82=0,0,P82/G82)) -> 0 | N82: =IF(H82=0,0,IF(Q82=0,0,Q82/H82)) -> 0 | O82: =IF(I82=0,0,IF(R82=0,0,R82/I82)) -> 0 | P82: ='2020'!J82 -> 0 | Q82: ='2021'!J82 -> 0 | R82: ='2022'!J82 -> 0
E83: POUGNY_Douane de Chancy | G83: ='2020'!G83 -> 0 | H83: ='2021'!G83 -> 0 | I83: ='2022'!G83 -> 0 | J83: ='2020'!H83 -> 0 | K83: ='2021'!H83 -> 0 | L83: ='2022'!H83 -> 0 | M83: =IF(G83=0,0,IF(P83=0,0,P83/G83)) -> 0 | N83: =IF(H83=0,0,IF(Q83=0,0,Q83/H83)) -> 0 | O83: =IF(I83=0,0,IF(R83=0,0,R83/I83)) -> 0 | P83: ='2020'!J83 -> 0 | Q83: ='2021'!J83 -> 0 | R83: ='2022'!J83 -> 0
E84: ST-GENIS_Giratoire Porte de France | F84: France | G84: ='2020'!G84 -> 217 | H84: ='2021'!G84 -> 346 | I84: ='2022'!G84 -> 0 | J84: ='2020'!H84 -> 102 | K84: ='2021'!H84 -> 174 | L84: ='2022'!H84 -> 0 | M84: =IF(G84=0,0,IF(P84=0,0,P84/G84)) -> 0.29 | N84: =IF(H84=0,0,IF(Q84=0,0,Q84/H84)) -> 0.3150289 | O84: =IF(I84=0,0,IF(R84=0,0,R84/I84)) -> 0 | P84: ='2020'!J84 -> 62.93 | Q84: ='2021'!J84 -> 109 | R84: ='2022'!J84 -> 0 | S84: =T84/G84 -> 0.37788018 | T84: 82 | U84: =IF(V84="-","-",V84/T84) -> 0.52439024 | V84: 43 | W84: 11 | X84: 7 | Y84: 50 | Z84: 36 | AA84: 374 | AB84: 195 | AC84: 22 | AD84: 15 | AE84: OK | AG84: =IF(G84="","",1) -> 1
E85: FERNEY_Douane du GdSaconnex | F85: Frontière | G85: ='2020'!G85 -> 156 | H85: ='2021'!G85 -> 230 | I85: ='2022'!G85 -> 0 | J85: ='2020'!H85 -> 87 | K85: ='2021'!H85 -> 116 | L85: ='2022'!H85 -> 0 | M85: =IF(G85=0,0,IF(P85=0,0,P85/G85)) -> 0.4 | N85: =IF(H85=0,0,IF(Q85=0,0,Q85/H85)) -> 0.4 | O85: =IF(I85=0,0,IF(R85=0,0,R85/I85)) -> 0 | P85: ='2020'!J85 -> 62.4 | Q85: ='2021'!J85 -> 92 | R85: ='2022'!J85 -> 0 | S85: =T85/G85 -> 0.49358974 | T85: 77 | U85: =IF(V85="-","-",V85/T85) -> 0.45454545 | V85: 35 | W85: 20 | X85: 9 | Y85: 4 | Z85: 3 | AA85: 216 | AB85: 106 | AC85: 18 | AD85: 10 | AE85: OK | AG85: =IF(G85="","",1) -> 1
E86: FERNEY_Douane de Mategnin | F86: Frontière | G86: ='2020'!G86 -> 167 | H86: ='2021'!G86 -> 239 | I86: ='2022'!G86 -> 0 | J86: ='2020'!H86 -> 80 | K86: ='2021'!H86 -> 114 | L86: ='2022'!H86 -> 0 | M86: =IF(G86=0,0,IF(P86=0,0,P86/G86)) -> 0.26 | N86: =IF(H86=0,0,IF(Q86=0,0,Q86/H86)) -> 0.35564854 | O86: =IF(I86=0,0,IF(R86=0,0,R86/I86)) -> 0 | P86: ='2020'!J86 -> 43.42 | Q86: ='2021'!J86 -> 85 | R86: ='2022'!J86 -> 0 | S86: =T86/G86 -> 0.46107784 | T86: 77 | U86: =IF(V86="-","-",V86/T86) -> 0.38961039 | V86: 30 | W86: 13 | X86: 5 | Y86: 36 | Z86: 17 | AA86: 228 | AB86: 105 | AC86: 47 | AD86: 26 | AE86: OK | AG86: =IF(G86="","",1) -> 1
E87: FERNEY_Douane de Vireloup | G87: ='2020'!G87 -> 0 | H87: ='2021'!G87 -> 0 | I87: ='2022'!G87 -> 0 | J87: ='2020'!H87 -> 0 | K87: ='2021'!H87 -> 0 | L87: ='2022'!H87 -> 0 | M87: =IF(G87=0,0,IF(P87=0,0,P87/G87)) -> 0 | N87: =IF(H87=0,0,IF(Q87=0,0,Q87/H87)) -> 0 | O87: =IF(I87=0,0,IF(R87=0,0,R87/I87)) -> 0 | P87: ='2020'!J87 -> 0 | Q87: ='2021'!J87 -> 0 | R87: ='2022'!J87 -> 0
E88: VERSONNEX_Douane de Collex-Bossy | G88: ='2020'!G88 -> 0 | H88: ='2021'!G88 -> 40 | I88: ='2022'!G88 -> 0 | J88: ='2020'!H88 -> 0 | K88: ='2021'!H88 -> 20 | L88: ='2022'!H88 -> 0 | M88: =IF(G88=0,0,IF(P88=0,0,P88/G88)) -> 0 | N88: =IF(H88=0,0,IF(Q88=0,0,Q88/H88)) -> 0.375 | O88: =IF(I88=0,0,IF(R88=0,0,R88/I88)) -> 0 | P88: ='2020'!J88 -> 0 | Q88: ='2021'!J88 -> 15 | R88: ='2022'!J88 -> 0 | S88: =T88/G88 -> #DIV/0! | T88: 13 | U88: =IF(V88="-","-",V88/T88) -> 0.53846154 | V88: 7 | W88: 0 | X88: 0 | Y88: 0 | Z88: 0 | AA88: 28 | AB88: 15 | AC88: 12 | AD88: 5 | AE88: OK | AG88: =IF(G88="","",1) -> 1
E89: SAUVERNY_Douane de Sauverny | G89: ='2020'!G89 -> 0 | H89: ='2021'!G89 -> 24 | I89: ='2022'!G89 -> 0 | J89: ='2020'!H89 -> 0 | K89: ='2021'!H89 -> 18 | L89: ='2022'!H89 -> 0 | M89: =IF(G89=0,0,IF(P89=0,0,P89/G89)) -> 0 | N89: =IF(H89=0,0,IF(Q89=0,0,Q89/H89)) -> 0.45833333 | O89: =IF(I89=0,0,IF(R89=0,0,R89/I89)) -> 0 | P89: ='2020'!J89 -> 0 | Q89: ='2021'!J89 -> 11 | R89: ='2022'!J89 -> 0 | S89: =T89/G89 -> #DIV/0! | T89: 8 | U89: =IF(V89="-","-",V89/T89) -> 0.5 | V89: 4 | W89: 1 | X89: 1 | Y89: 10 | Z89: 9 | AA89: 32 | AB89: 25 | AC89: 2 | AD89: 2 | AE89: OK | AG89: =IF(G89="","",1) -> 1
E92: GRILLY_Douane du Pont | G92: ='2020'!G92 -> 0 | H92: ='2021'!G92 -> 3 | I92: ='2022'!G92 -> 0 | J92: ='2020'!H92 -> 0 | K92: ='2021'!H92 -> 3 | L92: ='2022'!H92 -> 0 | M92: =IF(G92=0,0,IF(P92=0,0,P92/G92)) -> 0 | N92: =IF(H92=0,0,IF(Q92=0,0,Q92/H92)) -> 0.66666667 | O92: =IF(I92=0,0,IF(R92=0,0,R92/I92)) -> 0 | P92: ='2020'!J92 -> 0 | Q92: ='2021'!J92 -> 2 | R92: ='2022'!J92 -> 0 | S92: =T92/G92 -> #DIV/0! | T92: 2 | U92: =IF(V92="-","-",V92/T92) -> 0.5 | V92: 1 | W92: 0 | X92: 0 | Y92: 0 | Z92: 0 | AA92: 3 | AB92: 3 | AC92: 0 | AD92: 0 | AE92: OK | AG92: =IF(G92="","",1) -> 1
D93: Sous-total | G93: =SUM(G81:G92) -> 540 | H93: =SUM(H81:H92) -> 882 | I93: =SUM(I81:I92) -> 0 | J93: =SUM(J81:J92) -> 269 | K93: =SUM(K81:K92) -> 445 | L93: =SUM(L81:L92) -> 0 | M93: =IF(G93=0,0,IF(P93=0,0,P93/G93)) -> 0.3125 | N93: =IF(H93=0,0,IF(Q93=0,0,Q93/H93)) -> 0.35600907 | O93: =IF(I93=0,0,IF(R93=0,0,R93/I93)) -> 0 | P93: =SUM(P81:P92) -> 168.75 | Q93: =SUM(Q81:Q92) -> 314 | R93: =SUM(R81:R92) -> 0 | S93: =T93/G93 -> 0.47962963 | T93: =SUM(T84:T92) -> 259 | U93: =V93/T93 -> 0.46332046 | V93: =SUM(V84:V92) -> 120 | W93: =SUM(W84:W92) -> 45 | X93: =SUM(X84:X92) -> 22 | Y93: =SUM(Y84:Y92) -> 100 | Z93: =SUM(Z84:Z92) -> 65 | AA93: =SUM(AA84:AA92) -> 881 | AB93: =SUM(AB84:AB92) -> 449 | AC93: =SUM(AC84:AC92) -> 101 | AD93: =SUM(AD84:AD92) -> 58 | AE93: OK
B94: ATE Vaud / ProVélo La Côte | C94: NON | D94: 5 | E94: DIVONNE_Douane de Chavanne | F94: Frontière | G94: ='2020'!G94 -> 21 | H94: ='2021'!G94 -> 47 | I94: ='2022'!G94 -> 0 | J94: ='2020'!H94 -> 8 | K94: ='2021'!H94 -> 38 | L94: ='2022'!H94 -> 0 | M94: =IF(G94=0,0,IF(P94=0,0,P94/G94)) -> 0.29 | N94: =IF(H94=0,0,IF(Q94=0,0,Q94/H94)) -> 0.19148936 | O94: =IF(I94=0,0,IF(R94=0,0,R94/I94)) -> 0 | P94: ='2020'!J94 -> 6.09 | Q94: ='2021'!J94 -> 9 | R94: ='2022'!J94 -> 0 | S94: =T94/G94 -> 0.52380952 | T94: 11 | U94: =IF(V94="-","-",V94/T94) -> 0.54545455 | V94: 6 | W94: 1 | X94: 0 | Y94: 1 | Z94: 1 | AA94: 45 | AB94: 38 | AC94: 3 | AD94: 1 | AE94: OK | AG94: =IF(G94="","",1) -> 1
E95: DIVONNE-CRASSIER_Voie verte | G95: ='2020'!G95 -> 0 | H95: ='2021'!G95 -> 23 | I95: ='2022'!G95 -> 0 | J95: ='2020'!H95 -> 0 | K95: ='2021'!H95 -> 7 | L95: ='2022'!H95 -> 0 | M95: =IF(G95=0,0,IF(P95=0,0,P95/G95)) -> 0 | N95: =IF(H95=0,0,IF(Q95=0,0,Q95/H95)) -> 0.39130435 | O95: =IF(I95=0,0,IF(R95=0,0,R95/I95)) -> 0 | P95: ='2020'!J95 -> 0 | Q95: ='2021'!J95 -> 9 | R95: ='2022'!J95 -> 0 | S95: =T95/G95 -> #DIV/0! | T95: 9 | U95: =IF(V95="-","-",V95/T95) -> 0.55555556 | V95: 5 | W95: 0 | X95: 0 | Y95: 8 | Z95: 7 | AA95: 22 | AB95: 10 | AC95: 9 | AD95: 4 | AE95: OK | AG95: =IF(G95="","",1) -> 1
E98: DIVONNE_Douane de Crassy / Crassier | G98: ='2020'!G98 -> 0 | H98: ='2021'!G98 -> 13 | I98: ='2022'!G98 -> 0 | J98: ='2020'!H98 -> 0 | K98: ='2021'!H98 -> 11 | L98: ='2022'!H98 -> 0 | M98: =IF(G98=0,0,IF(P98=0,0,P98/G98)) -> 0 | N98: =IF(H98=0,0,IF(Q98=0,0,Q98/H98)) -> 0.38461538 | O98: =IF(I98=0,0,IF(R98=0,0,R98/I98)) -> 0 | P98: ='2020'!J98 -> 0 | Q98: ='2021'!J98 -> 5 | R98: ='2022'!J98 -> 0 | S98: =T98/G98 -> #DIV/0! | T98: 3 | U98: =IF(V98="-","-",V98/T98) -> 0.66666667 | V98: 2 | W98: 0 | X98: 0 | Y98: 2 | Z98: 1 | AA98: 11 | AB98: 8 | AC98: 4 | AD98: 4 | AE98: OK | AG98: =IF(G98="","",1) -> 1
D99: Sous-total | G99: =SUM(G94:G98) -> 21 | H99: =SUM(H94:H98) -> 83 | I99: =SUM(I94:I98) -> 0 | J99: =SUM(J94:J98) -> 8 | K99: =SUM(K94:K98) -> 56 | L99: =SUM(L94:L98) -> 0 | M99: =IF(G99=0,0,IF(P99=0,0,P99/G99)) -> 0.29 | N99: =IF(H99=0,0,IF(Q99=0,0,Q99/H99)) -> 0.27710843 | O99: =IF(I99=0,0,IF(R99=0,0,R99/I99)) -> 0 | P99: =SUM(P94:P98) -> 6.09 | Q99: =SUM(Q94:Q98) -> 23 | R99: =SUM(R94:R98) -> 0 | S99: =T99/G99 -> 1.0952381 | T99: =SUM(T94:T98) -> 23 | U99: =V99/T99 -> 0.56521739 | V99: =SUM(V94:V98) -> 13 | W99: =SUM(W94:W98) -> 1 | X99: =SUM(X94:X98) -> 0 | Y99: =SUM(Y94:Y98) -> 11 | Z99: =SUM(Z94:Z98) -> 9 | AA99: =SUM(AA94:AA98) -> 78 | AB99: =SUM(AB94:AB98) -> 56 | AC99: =SUM(AC94:AC98) -> 16 | AD99: =SUM(AD94:AD98) -> 9 | AE99: OK
B100: ProVélo GE | C100: NON | D100: 11 | E100: GENEVE_Rue du XXXI Décembre | F100: Suisse | G100: ='2020'!G100 -> 42 | H100: ='2021'!G100 -> 0 | I100: ='2022'!G100 -> 0 | J100: ='2020'!H100 -> 42 | K100: ='2021'!H100 -> 0 | L100: ='2022'!H100 -> 0 | M100: =IF(G100=0,0,IF(P100=0,0,P100/G100)) -> 0.4047619 | N100: =IF(H100=0,0,IF(Q100=0,0,Q100/H100)) -> 0 | O100: =IF(I100=0,0,IF(R100=0,0,R100/I100)) -> 0 | P100: ='2020'!J100 -> 17 | Q100: ='2021'!J100 -> 0 | R100: ='2022'!J100 -> 0 | W100: - | X100: - | Y100: - | Z100: - | AE100: OK | AG100: =IF(G100="","",1) -> 1
E101: GENEVE_Bd Georges Favon | F101: Suisse | G101: ='2020'!G101 -> 283 | H101: ='2021'!G101 -> 0 | I101: ='2022'!G101 -> 0 | J101: ='2020'!H101 -> 283 | K101: ='2021'!H101 -> 0 | L101: ='2022'!H101 -> 0 | M101: =IF(G101=0,0,IF(P101=0,0,P101/G101)) -> 0.14840989 | N101: =IF(H101=0,0,IF(Q101=0,0,Q101/H101)) -> 0 | O101: =IF(I101=0,0,IF(R101=0,0,R101/I101)) -> 0 | P101: ='2020'!J101 -> 42 | Q101: ='2021'!J101 -> 0 | R101: ='2022'!J101 -> 0 | W101: - | X101: - | Y101: - | Z101: - | AE101: OK | AG101: =IF(G101="","",1) -> 1
E102: GENEVE_Arquebuse | F102: Suisse | G102: ='2020'!G102 -> 79 | H102: ='2021'!G102 -> 0 | I102: ='2022'!G102 -> 0 | J102: ='2020'!H102 -> 79 | K102: ='2021'!H102 -> 0 | L102: ='2022'!H102 -> 0 | M102: =IF(G102=0,0,IF(P102=0,0,P102/G102)) -> 0.36708861 | N102: =IF(H102=0,0,IF(Q102=0,0,Q102/H102)) -> 0 | O102: =IF(I102=0,0,IF(R102=0,0,R102/I102)) -> 0 | P102: ='2020'!J102 -> 29 | Q102: ='2021'!J102 -> 0 | R102: ='2022'!J102 -> 0 | W102: - | X102: - | Y102: - | Z102: - | AE102: OK | AG102: =IF(G102="","",1) -> 1
E103: GENEVE_Rue Ferdinand Hodler | F103: Suisse | G103: ='2020'!G103 -> 108 | H103: ='2021'!G103 -> 0 | I103: ='2022'!G103 -> 0 | J103: ='2020'!H103 -> 108 | K103: ='2021'!H103 -> 0 | L103: ='2022'!H103 -> 0 | M103: =IF(G103=0,0,IF(P103=0,0,P103/G103)) -> 0.43518519 | N103: =IF(H103=0,0,IF(Q103=0,0,Q103/H103)) -> 0 | O103: =IF(I103=0,0,IF(R103=0,0,R103/I103)) -> 0 | P103: ='2020'!J103 -> 47 | Q103: ='2021'!J103 -> 0 | R103: ='2022'!J103 -> 0 | W103: - | X103: - | Y103: - | Z103: - | AE103: OK | AG103: =IF(G103="","",1) -> 1
E104: GENEVE_Av. Pictet de Rochemont | F104: Suisse | G104: ='2020'!G104 -> 117 | H104: ='2021'!G104 -> 0 | I104: ='2022'!G104 -> 0 | J104: ='2020'!H104 -> 117 | K104: ='2021'!H104 -> 0 | L104: ='2022'!H104 -> 0 | M104: =IF(G104=0,0,IF(P104=0,0,P104/G104)) -> 0.35897436 | N104: =IF(H104=0,0,IF(Q104=0,0,Q104/H104)) -> 0 | O104: =IF(I104=0,0,IF(R104=0,0,R104/I104)) -> 0 | P104: ='2020'!J104 -> 42 | Q104: ='2021'!J104 -> 0 | R104: ='2022'!J104 -> 0 | W104: - | X104: - | Y104: - | Z104: - | AE104: OK | AG104: =IF(G104="","",1) -> 1
E105: CHÊNE-BOURG_Ecole de Haller | G105: ='2020'!G105 -> 0 | H105: ='2021'!G105 -> 159 | I105: ='2022'!G105 -> 0 | J105: ='2020'!H105 -> 0 | K105: ='2021'!H105 -> 159 | L105: ='2022'!H105 -> 0 | M105: =IF(G105=0,0,IF(P105=0,0,P105/G105)) -> 0 | N105: =IF(H105=0,0,IF(Q105=0,0,Q105/H105)) -> 0.34591195 | O105: =IF(I105=0,0,IF(R105=0,0,R105/I105)) -> 0 | P105: ='2020'!J105 -> 0 | Q105: ='2021'!J105 -> 55 | R105: ='2022'!J105 -> 0 | S105: =T105/G105 -> #DIV/0! | T105: 66 | U105: =IF(V105="-","-",V105/T105) -> 0.46969697 | V105: 31 | W105: - | X105: - | Y105: - | Z105: - | AE105: OK | AG105: =IF(G105="","",1) -> 1
E106: THÔNEX_Ch. de la Mousse/Rte de Jussy | G106: ='2020'!G106 -> 0 | H106: ='2021'!G106 -> 165 | I106: ='2022'!G106 -> 0 | J106: ='2020'!H106 -> 0 | K106: ='2021'!H106 -> 165 | L106: ='2022'!H106 -> 0 | M106: =IF(G106=0,0,IF(P106=0,0,P106/G106)) -> 0 | N106: =IF(H106=0,0,IF(Q106=0,0,Q106/H106)) -> 0 | O106: =IF(I106=0,0,IF(R106=0,0,R106/I106)) -> 0 | P106: ='2020'!J106 -> 0 | Q106: ='2021'!J106 -> 0 | R106: ='2022'!J106 -> 0 | S106: =T106/G106 -> #DIV/0! | W106: - | X106: - | Y106: - | Z106: - | AE106: OK | AG106: =IF(G106="","",1) -> 1
E107: GENEVE_Voie Verte / Av. Bel-Air | F107: Suisse | G107: ='2020'!G107 -> 651 | H107: ='2021'!G107 -> 773 | I107: ='2022'!G107 -> 0 | J107: ='2020'!H107 -> 651 | K107: ='2021'!H107 -> 773 | L107: ='2022'!H107 -> 0 | M107: =IF(G107=0,0,IF(P107=0,0,P107/G107)) -> 0 | N107: =IF(H107=0,0,IF(Q107=0,0,Q107/H107)) -> 0.39327296 | O107: =IF(I107=0,0,IF(R107=0,0,R107/I107)) -> 0 | P107: ='2020'!J107 -> 0 | Q107: ='2021'!J107 -> 304 | R107: ='2022'!J107 -> 0 | S107: =T107/G107 -> 0.51152074 | T107: 333 | U107: =IF(V107="-","-",V107/T107) -> 0.57657658 | V107: 192 | W107: - | X107: - | Y107: - | Z107: - | AE107: OK | AG107: =IF(G107="","",1) -> 1
E108: GENEVE_Voie Verte / Av. Frank Thomas | F108: Suisse | G108: ='2020'!G108 -> 615 | H108: ='2021'!G108 -> 629 | I108: ='2022'!G108 -> 0 | J108: ='2020'!H108 -> 615 | K108: ='2021'!H108 -> 629 | L108: ='2022'!H108 -> 0 | M108: =IF(G108=0,0,IF(P108=0,0,P108/G108)) -> 0 | N108: =IF(H108=0,0,IF(Q108=0,0,Q108/H108)) -> 0.47058824 | O108: =IF(I108=0,0,IF(R108=0,0,R108/I108)) -> 0 | P108: ='2020'!J108 -> 0 | Q108: ='2021'!J108 -> 296 | R108: ='2022'!J108 -> 0 | S108: =T108/G108 -> 0.50569106 | T108: 311 | U108: =IF(V108="-","-",V108/T108) -> 0.585209 | V108: 182 | W108: - | X108: - | Y108: - | Z108: - | AE108: OK | AG108: =IF(G108="","",1) -> 1
E111: GENEVE_Bd des Tranchées | F111: Suisse | G111: ='2020'!G111 -> 316 | H111: ='2021'!G111 -> 0 | I111: ='2022'!G111 -> 0 | J111: ='2020'!H111 -> 316 | K111: ='2021'!H111 -> 0 | L111: ='2022'!H111 -> 0 | M111: =IF(G111=0,0,IF(P111=0,0,P111/G111)) -> 0.28481013 | N111: =IF(H111=0,0,IF(Q111=0,0,Q111/H111)) -> 0 | O111: =IF(I111=0,0,IF(R111=0,0,R111/I111)) -> 0 | P111: ='2020'!J111 -> 90 | Q111: ='2021'!J111 -> 0 | R111: ='2022'!J111 -> 0 | W111: - | X111: - | Y111: - | Z111: - | AE111: OK | AG111: =IF(G111="","",1) -> 1
D112: Sous-total | G112: =SUM(G100:G111) -> 2211 | H112: =SUM(H100:H111) -> 1726 | I112: =SUM(I100:I111) -> 0 | J112: =SUM(J100:J111) -> 2211 | K112: =SUM(K100:K111) -> 1726 | L112: =SUM(L100:L111) -> 0 | M112: =IF(G112=0,0,IF(P112=0,0,P112/G112)) -> 0.12075984 | N112: =IF(H112=0,0,IF(Q112=0,0,Q112/H112)) -> 0.37949015 | O112: =IF(I112=0,0,IF(R112=0,0,R112/I112)) -> 0 | P112: =SUM(P100:P111) -> 267 | Q112: =SUM(Q100:Q111) -> 655 | R112: =SUM(R100:R111) -> 0 | S112: =T112/G112 -> 0.32112166 | T112: =SUM(T100:T111) -> 710 | U112: =V112/T112 -> 0.57042254 | V112: =SUM(V100:V111) -> 405 | AE112: OK
B113: Sous-total périmètre urbain | D113: =SUM(D45:D111) -> 78 | E113: =COUNT(G45:G52,G62:G68,G70:G79,G84:G92,G94:G98,G100:G111) -> 39 | F113: =COUNT(P45:P111) -> 55 | G113: =G53+G69+G80+G93+G99+G112 -> 4797 | H113: =H53+H69+H80+H93+H99+H112 -> 3981 | I113: =I53+I69+I80+I93+I99+I112 -> 1614 | J113: =J53+J69+J80+J93+J99+J112 -> 3358 | K113: =K53+K69+K80+K93+K99+K112 -> 3107 | L113: =L53+L69+L80+L93+L99+L112 -> 920 | M113: =IF(G113=0,0,IF(P113=0,0,P113/G113)) -> 0.27893475 | N113: =IF(H113=0,0,IF(Q113=0,0,Q113/H113)) -> 0.40467219 | O113: =IF(I113=0,0,IF(R113=0,0,R113/I113)) -> 0.44423792 | P113: =P53+P69+P80+P93+P99+P112 -> 1338.05 | Q113: =Q53+Q69+Q80+Q93+Q99+Q112 -> 1611 | R113: =R53+R69+R80+R93+R99+R112 -> 717 | S113: =T113/G113 -> 0.31478007 | T113: =T53+T69+T80+T93+T99+T112 -> 1510 | U113: =V113/T113 -> 0.45629139 | V113: =V53+V69+V80+V93+V99+V112 -> 689 | AA113: =AA53+AA69+AA80+AA93+AA99 -> 1465 | AB113: =AB53+AB69+AB80+AB93+AB99 -> 949 | AC113: =AC53+AC69+AC80+AC93+AC99 -> 141 | AD113: =AD53+AD69+AD80+AD93+AD99 -> 89
B114: TOTAL | D114: =D113+D44 -> 109 | E114: =E44+E113 -> 72 | F114: =F113+F44 -> 89 | G114: =G44+G113 -> 5191 | H114: =H44+H113 -> 4576 | I114: =I44+I113 -> 1614 | J114: =J44+J113 -> 3593 | K114: =K44+K113 -> 3522 | L114: =L44+L113 -> 920 | M114: =IF(G114=0,0,IF(P114=0,0,P114/G114)) -> 0.27490272 | N114: =IF(H114=0,0,IF(Q114=0,0,Q114/H114)) -> 0.38920455 | O114: =IF(I114=0,0,IF(R114=0,0,R114/I114)) -> 0.44423792 | P114: =P44+P113 -> 1427.02 | Q114: =Q44+Q113 -> 1781 | R114: =R44+R113 -> 717 | S114: =T114/G114 -> 0.31997688 | T114: =T44+T113 -> 1661 | U114: =V114/T114 -> 0.43347381 | V114: =V44+V113 -> 720 | AA114: =AA113 -> 1465 | AB114: =AB113 -> 949 | AC114: =AC113 -> 141 | AD114: =AD113 -> 89 | AG114: =SUM(AG1:AG113) -> 71
U115: données partielles
E116: Localisation des postes de comptage :
E117: France | F117: =COUNTIF(F$5:F$111,E117) -> 33
...

Sheet 2021-2020
B2: Association(s) | C2: Arrière-pays | D2: Nombre de bénévoles | E2: Postes de comptage | F2: France / Suisse / Frontière | G2: Evolution des vélos 2020-2021 | K2: Evolution des VAE 2020-2021 | M2: Evolution des femmes 2020-2021 | O2: Evolution des VAE chez les femmes 2020-2021 | Q2: Autres modes | S2: Piétons | U2: > Suisse | W2: > France
G3: TOTAL | I3: HP | U3: en HP | W3: en HP
G4: # | H4: % | I4: # | J4: % | K4: # | L4: % | M4: # | N4: % | O4: # | P4: % | Q4: total | R4: HP | S4: total | T4: HP | U4: # | V4: % | W4: # | X4: %
A5: 1 | B5: Université Populaire de Cluses | C5: OUI | D5: ='2021'!D5-'2020'!D5 -> 0 | E5: CLUSES_Passerelle de Messy | F5: France | G5: ='2021'!G5-'2020'!G5 -> 39 | H5: =IF('2021'!G5=0,0,IF('2020'!G5=0,0,'2021'!G5/'2020'!G5-1)) -> 0.61904762 | I5: ='2021'!H5-'2020'!H5 -> 65 | J5: =IF('2021'!H5=0,0,IF('2020'!H5=0,0,'2021'!H5/'2020'!H5-1)) -> 2.2413793 | K5: ='2021'!J5-'2020'!J5 -> 0 | L5: ='2021'!I5-'2020'!I5 -> -0.012138189 | M5: ='2021'!L5-'2020'!L5 -> 1 | N5: ='2021'!K5-'2020'!K5 -> -0.093370682 | O5: =IF('2020'!N5="-",0,'2021'!N5-'2020'!N5) -> 0 | P5: ='2021'!M5-'2020'!M5 -> -0.0065359477 | U5: - | V5: - | W5: - | X5: -
A6: 1 | B6: L'Abeille (Contamine) | C6: OUI | D6: ='2021'!D21-'2020'!D21 -> 1 | E6: BONNE_Loëx (sous voie rapide) | F6: France | G6: ='2021'!G21-'2020'!G21 -> 45 | H6: =IF('2021'!G21=0,0,IF('2020'!G21=0,0,'2021'!G21/'2020'!G21-1)) -> 1.4516129 | I6: ='2021'!H21-'2020'!H21 -> 27 | J6: =IF('2021'!H21=0,0,IF('2020'!H21=0,0,'2021'!H21/'2020'!H21-1)) -> 1.173913 | K6: ='2021'!J21-'2020'!J21 -> 7 | L6: ='2021'!I21-'2020'!I21 -> -0.098896435 | M6: ='2021'!L21-'2020'!L21 -> 18 | N6: ='2021'!K21-'2020'!K21 -> 0.045840407 | O6: =IF('2020'!N21="-",0,'2021'!N21-'2020'!N21) -> 0 | P6: ='2021'!M21-'2020'!M21 -> #VALUE! | U6: - | V6: - | W6: - | X6: -
A7: 2 | B7: ACMB (Chablais) | C7: OUI | D7: 9 | E7: COMMUNE_Carrefour | F7: France | G7: ='2021'!G7-'2020'!G7 -> 0 | H7: =IF('2021'!G7=0,0,IF('2020'!G7=0,0,'2021'!G7/'2020'!G7-1)) -> 0 | I7: ='2021'!H7-'2020'!H7 -> 0 | J7: =IF('2021'!H7=0,0,IF('2020'!H7=0,0,'2021'!H7/'2020'!H7-1)) -> 0 | K7: ='2021'!J7-'2020'!J7 -> 0 | L7: ='2021'!I7-'2020'!I7 -> #DIV/0! | M7: ='2021'!L7-'2020'!L7 -> 0 | N7: ='2021'!K7-'2020'!K7 -> #DIV/0! | U7: - | V7: - | W7: - | X7: -
A8: 3 | E8: COMMUNE_Carrefour | F8: France | G8: ='2021'!G8-'2020'!G8 -> 0 | H8: =IF('2021'!G8=0,0,IF('2020'!G8=0,0,'2021'!G8/'2020'!G8-1)) -> 0 | I8: ='2021'!H8-'2020'!H8 -> 0 | J8: =IF(I8=0,0,'2021'!H8/'2020'!H8-1) -> 0 | K8: ='2021'!J8-'2020'!J8 -> 0 | L8: ='2021'!I8-'2020'!I8 -> #DIV/0! | M8: ='2021'!L8-'2020'!L8 -> 0 | N8: ='2021'!K8-'2020'!K8 -> #DIV/0! | U8: - | V8: - | W8: - | X8: -
A9: 4 | E9: COMMUNE_Carrefour | F9: France | G9: ='2021'!G9-'2020'!G9 -> 0 | H9: =IF('2021'!G9=0,0,IF('2020'!G9=0,0,'2021'!G9/'2020'!G9-1)) -> 0 | I9: ='2021'!H9-'2020'!H9 -> 0 | J9: =IF(I9=0,0,'2021'!H9/'2020'!H9-1) -> 0 | K9: ='2021'!J9-'2020'!J9 -> 0 | L9: ='2021'!I9-'2020'!I9 -> #DIV/0! | M9: ='2021'!L9-'2020'!L9 -> 0 | N9: ='2021'!K9-'2020'!K9 -> #DIV/0! | U9: - | V9: - | W9: - | X9: -
A10: 5 | E10: COMMUNE_Carrefour | G10: ='2021'!G10-'2020'!G10 -> 0 | H10: =IF('2021'!G10=0,0,IF('2020'!G10=0,0,'2021'!G10/'2020'!G10-1)) -> 0 | I10: ='2021'!H10-'2020'!H10 -> 0 | J10: =IF(I10=0,0,'2021'!H10/'2020'!H10-1) -> 0 | K10: ='2021'!J10-'2020'!J10 -> 0 | L10: ='2021'!I10-'2020'!I10 -> #DIV/0! | M10: ='2021'!L10-'2020'!L10 -> 0 | N10: ='2021'!K10-'2020'!K10 -> #DIV/0!
A11: 6 | E11: COMMUNE_Carrefour | F11: France | G11: ='2021'!G11-'2020'!G11 -> 0 | H11: =IF('2021'!G11=0,0,IF('2020'!G11=0,0,'2021'!G11/'2020'!G11-1)) -> 0 | I11: ='2021'!H11-'2020'!H11 -> 0 | J11: =IF(I11=0,0,'2021'!H11/'2020'!H11-1) -> 0 | K11: ='2021'!J11-'2020'!J11 -> 0 | L11: ='2021'!I11-'2020'!I11 -> #DIV/0! | M11: ='2021'!L11-'2020'!L11 -> 0 | N11: ='2021'!K11-'2020'!K11 -> #DIV/0! | U11: - | V11: - | W11: - | X11: -
A12: 7 | E12: COMMUNE_Carrefour | F12: France | G12: ='2021'!G12-'2020'!G12 -> 0 | H12: =IF('2021'!G12=0,0,IF('2020'!G12=0,0,'2021'!G12/'2020'!G12-1)) -> 0 | I12: ='2021'!H12-'2020'!H12 -> 0 | J12: =IF(I12=0,0,'2021'!H12/'2020'!H12-1) -> 0 | K12: ='2021'!J12-'2020'!J12 -> 0 | L12: ='2021'!I12-'2020'!I12 -> #DIV/0! | M12: ='2021'!L12-'2020'!L12 -> 0 | N12: ='2021'!K12-'2020'!K12 -> #DIV/0! | U12: - | V12: - | W12: - | X12: -
A13: 8 | E13: COMMUNE_Carrefour | F13: France | G13: ='2021'!G13-'2020'!G13 -> 0 | H13: =IF('2021'!G13=0,0,IF('2020'!G13=0,0,'2021'!G13/'2020'!G13-1)) -> 0 | I13: ='2021'!H13-'2020'!H13 -> 0 | J13: =IF(I13=0,0,'2021'!H13/'2020'!H13-1) -> 0 | K13: ='2021'!J13-'2020'!J13 -> 0 | L13: ='2021'!I13-'2020'!I13 -> #DIV/0! | M13: ='2021'!L13-'2020'!L13 -> 0 | N13: ='2021'!K13-'2020'!K13 -> #DIV/0! | U13: - | V13: - | W13: - | X13: -
A14: 9 | E14: COMMUNE_Carrefour | F14: France | G14: ='2021'!G14-'2020'!G14 -> 0 | H14: =IF('2021'!G14=0,0,IF('2020'!G14=0,0,'2021'!G14/'2020'!G14-1)) -> 0 | I14: ='2021'!H14-'2020'!H14 -> 0 | J14: =IF(I14=0,0,'2021'!H14/'2020'!H14-1) -> 0 | K14: ='2021'!J14-'2020'!J14 -> 0 | L14: ='2021'!I14-'2020'!I14 -> #DIV/0! | M14: ='2021'!L14-'2020'!L14 -> 0 | N14: ='2021'!K14-'2020'!K14 -> #DIV/0! | U14: - | V14: - | W14: - | X14: -
E15: COMMUNE_Carrefour | G15: ='2021'!G15-'2020'!G15 -> 0 | H15: =IF('2021'!G15=0,0,IF('2020'!G15=0,0,'2021'!G15/'2020'!G15-1)) -> 0 | I15: ='2021'!H15-'2020'!H15 -> 0 | J15: =IF(I15=0,0,'2021'!H15/'2020'!H15-1) -> 0 | K15: ='2021'!J15-'2020'!J15 -> 0 | L15: ='2021'!I15-'2020'!I15 -> #DIV/0! | M15: ='2021'!L15-'2020'!L15 -> 0 | N15: ='2021'!K15-'2020'!K15 -> #DIV/0!
E16: COMMUNE_Carrefour | G16: ='2021'!G16-'2020'!G16 -> 0 | H16: =IF('2021'!G16=0,0,IF('2020'!G16=0,0,'2021'!G16/'2020'!G16-1)) -> 0 | I16: ='2021'!H16-'2020'!H16 -> 0 | J16: =IF(I16=0,0,'2021'!H16/'2020'!H16-1) -> 0 | K16: ='2021'!J16-'2020'!J16 -> 0 | L16: ='2021'!I16-'2020'!I16 -> #DIV/0! | M16: ='2021'!L16-'2020'!L16 -> 0 | N16: ='2021'!K16-'2020'!K16 -> #DIV/0!
A19: 10 | E19: COMMUNE_Carrefour | F19: France | G19: ='2021'!G19-'2020'!G19 -> 0 | H19: =IF('2021'!G19=0,0,IF('2020'!G19=0,0,'2021'!G19/'2020'!G19-1)) -> 0 | I19: ='2021'!H19-'2020'!H19 -> 0 | J19: =IF(I19=0,0,'2021'!H19/'2020'!H19-1) -> 0 | K19: ='2021'!J19-'2020'!J19 -> 0 | L19: ='2021'!I19-'2020'!I19 -> #DIV/0! | M19: ='2021'!L19-'2020'!L19 -> 0 | N19: ='2021'!K19-'2020'!K19 -> #DIV/0!
D20: Sous-total | G20: =SUM(G7:G19) -> 0 | H20: =G20/SUM('2020'!G7:G9,'2020'!G11:G14) -> #DIV/0! | I20: =SUM(I7:I19) -> 0 | J20: =I20/SUM('2020'!H7:H9,'2020'!H11:H14) -> #DIV/0! | K20: =SUM(K7:K19) -> 0 | L20: =K20/SUM('2020'!J7:J9,'2020'!J11:J14) -> #DIV/0! | M20: =SUM(M7:M19) -> 0 | N20: =M20/SUM('2020'!L7:L9,'2020'!L11:L14) -> #DIV/0!
A21: 2 | B21: NatEnv (Nature Environnement en Pays rochois) Fabrique à Biclou Pays rochois en Transition | C21: OUI | D21: ='2021'!D21-'2020'!D21 -> 1 | E21: LA ROCHE_Carrefour Biocoop | F21: France | G21: ='2021'!G21-'2020'!G21 -> 45 | H21: =IF('2021'!G21=0,0,IF('2020'!G21=0,0,'2021'!G21/'2020'!G21-1)) -> 1.4516129 | I21: ='2021'!H21-'2020'!H21 -> 27 | J21: =IF('2021'!H21=0,0,IF('2020'!H21=0,0,'2021'!H21/'2020'!H21-1)) -> 1.173913 | K21: ='2021'!J21-'2020'!J21 -> 7 | L21: ='2021'!I21-'2020'!I21 -> -0.098896435 | M21: ='2021'!L21-'2020'!L21 -> 18 | N21: ='2021'!K21-'2020'!K21 -> 0.045840407 | U21: - | V21: - | W21: - | X21: -
A22: 3 | E22: LA ROCHE_Giratoire La Poste | F22: France | G22: ='2021'!G22-'2020'!G22 -> 20 | H22: =IF('2021'!G22=0,0,IF('2020'!G22=0,0,'2021'!G22/'2020'!G22-1)) -> 0.8 | I22: ='2021'!H22-'2020'!H22 -> 14 | J22: =IF(I22=0,0,'2021'!H22/'2020'!H22-1) -> 1.0769231 | K22: ='2021'!J22-'2020'!J22 -> 9 | L22: ='2021'!I22-'2020'!I22 -> -0.013333333 | M22: ='2021'!L22-'2020'!L22 -> 5 | N22: ='2021'!K22-'2020'!K22 -> -0.048888889 | U22: - | V22: - | W22: - | X22: -
A23: 4 | E23: LA ROCHE_Giratoire ENILV | F23: France | G23: ='2021'!G23-'2020'!G23 -> -2 | H23: =IF('2021'!G23=0,0,IF('2020'!G23=0,0,'2021'!G23/'2020'!G23-1)) -> -0.11111111 | I23: ='2021'!H23-'2020'!H23 -> 0 | J23: =IF(I23=0,0,'2021'!H23/'2020'!H23-1) -> 0 | K23: ='2021'!J23-'2020'!J23 -> -4 | L23: ='2021'!I23-'2020'!I23 -> -0.1875 | M23: ='2021'!L23-'2020'!L23 -> 0 | N23: ='2021'!K23-'2020'!K23 -> 0.020833333 | U23: - | V23: - | W23: - | X23: -
A24: 5 | E24: LA ROCHE_Gare Passage à niveau (new2021) | L24: ='2021'!I24-'2020'!I24 -> -0.28571429 | N24: ='2021'!K24-'2020'!K24 -> 0.011904762
A25: 6 | E25: ARENTHON_La Papeterie | F25: France | G25: ='2021'!G25-'2020'!G25 -> -1 | H25: =IF('2021'!G25=0,0,IF('2020'!G25=0,0,'2021'!G25/'2020'!G25-1)) -> -0.071428571 | I25: ='2021'!H25-'2020'!H25 -> -1 | J25: =IF(I25=0,0,'2021'!H25/'2020'!H25-1) -> -0.11111111 | K25: ='2021'!J25-'2020'!J25 -> 6 | L25: ='2021'!I25-'2020'!I25 -> 0.46703297 | M25: ='2021'!L25-'2020'!L25 -> 5 | N25: ='2021'!K25-'2020'!K25 -> 0.39010989 | U25: - | V25: - | W25: - | X25: -
A26: 7 | E26: ST-PIERRE_Franchissement Borne-Dessy | F26: France | G26: ='2021'!G26-'2020'!G26 -> 0 | H26: =IF('2021'!G26=0,0,IF('2020'!G26=0,0,'2021'!G26/'2020'!G26-1)) -> 0 | I26: ='2021'!H26-'2020'!H26 -> 4 | J26: =IF(I26=0,0,'2021'!H26/'2020'!H26-1) -> 0.25 | K26: ='2021'!J26-'2020'!J26 -> 6 | L26: ='2021'!I26-'2020'!I26 -> 0.25 | M26: ='2021'!L26-'2020'!L26 -> 2 | N26: ='2021'!K26-'2020'!K26 -> 0.083333333 | U26: - | V26: - | W26: - | X26: -
A27: 8 | E27: BONNEVILLE_Franchissement Borne-Tucinge | F27: France | G27: ='2021'!G27-'2020'!G27 -> 4 | H27: =IF('2021'!G27=0,0,IF('2020'!G27=0,0,'2021'!G27/'2020'!G27-1)) -> 0.13793103 | I27: ='2021'!H27-'2020'!H27 -> 4 | J27: =IF(I27=0,0,'2021'!H27/'2020'!H27-1) -> 0.19047619 | K27: ='2021'!J27-'2020'!J27 -> 0 | L27: ='2021'!I27-'2020'!I27 -> 0 | M27: ='2021'!L27-'2020'!L27 -> -5 | N27: ='2021'!K27-'2020'!K27 -> -0.20167189 | U27: - | V27: - | W27: - | X27: -
A28: 9 | E28: ST-PIERRE_Pont principal sur le Borne | F28: France | G28: ='2021'!G28-'2020'!G28 -> 5 | H28: =IF('2021'!G28=0,0,IF('2020'!G28=0,0,'2021'!G28/'2020'!G28-1)) -> 0.18518519 | I28: ='2021'!H28-'2020'!H28 -> 0 | J28: =IF(I28=0,0,'2021'!H28/'2020'!H28-1) -> 0 | K28: ='2021'!J28-'2020'!J28 -> -2 | L28: ='2021'!I28-'2020'!I28 -> -0.10300926 | M28: ='2021'!L28-'2020'!L28 -> -1 | N28: ='2021'!K28-'2020'!K28 -> -0.10648148 | U28: - | V28: - | W28: - | X28: -
A31: 10 | E31: AMANCY_Giratoire Coriandre | F31: France
D32: Sous-total | G32: =SUM(G21:G31) -> 71 | H32: =G32/SUM('2020'!G21:G23,'2020'!G25:G28) -> 0.42261905 | I32: =SUM(I21:I31) -> 48 | J32: =I32/SUM('2020'!H21:H23,'2020'!H25:H28) -> 0.44036697 | K32: =SUM(K21:K31) -> 22 | L32: =K32/SUM('2020'!J21:J23,'2020'!J25:J28) -> 0.55 | M32: =SUM(M21:M31) -> 24 | N32: =M32/SUM('2020'!L21:L23,'2020'!L25:L28) -> 0.45283019
A33: 11 | B33: AERE (Association Environnement Reignier-Esery) | C33: OUI | D33: ='2021'!D33-'2020'!D33 -> 0 | E33: ETREMBIERES_Giratoire ex PN93 | F33: France | G33: ='2021'!G33-'2020'!G33 -> 9 | H33: =IF('2021'!G33=0,0,IF('2020'!G33=0,0,'2021'!G33/'2020'!G33-1)) -> 0.24324324 | I33: ='2021'!H33-'2020'!H33 -> 9 | J33: =IF('2021'!H33=0,0,IF('2020'!H33=0,0,'2021'!H33/'2020'!H33-1)) -> 0.39130435 | K33: ='2021'!J33-'2020'!J33 -> 15.94 | L33: ='2021'!I33-'2020'!I33 -> 0.27217391 | M33: ='2021'!L33-'2020'!L33 -> 3.08 | N33: ='2021'!K33-'2020'!K33 -> 0.035652174 | O33: =IF('2020'!N33="-",0,'2021'!N33-'2020'!N33) -> 3.08 | P33: ='2021'!M33-'2020'!M33 -> 0 | U33: - | V33: - | W33: - | X33: -
A34: 12 | E34: ETREMBIERES_Carrefour sous Château | F34: France | G34: ='2021'!G34-'2020'!G34 -> -5 | H34: =IF('2021'!G34=0,0,IF('2020'!G34=0,0,'2021'!G34/'2020'!G34-1)) -> -0.15151515 | I34: ='2021'!H34-'2020'!H34 -> 2 | J34: =IF(I34=0,0,'2021'!H34/'2020'!H34-1) -> 0.13333333 | K34: ='2021'!J34-'2020'!J34 -> 8.1 | L34: ='2021'!I34-'2020'!I34 -> 0.34285714 | M34: ='2021'!L34-'2020'!L34 -> 6.03 | N34: ='2021'!K34-'2020'!K34 -> 0.23142857 | O34: =IF('2020'!N34="-",0,'2021'!N34-'2020'!N34) -> 4.03 | P34: ='2021'!M34-'2020'!M34 -> -0.22222222 | U34: - | V34: - | W34: - | X34: -
A35: 13 | E35: SCIENTRIER_Carrefour Tour de Bellecombe | F35: France | G35: ='2021'!G35-'2020'!G35 -> -1 | H35: =IF('2021'!G35=0,0,IF('2020'!G35=0,0,'2021'!G35/'2020'!G35-1)) -> -0.16666667 | I35: ='2021'!H35-'2020'!H35 -> 0 | J35: =IF(I35=0,0,'2021'!H35/'2020'!H35-1) -> 0 | K35: ='2021'!J35-'2020'!J35 -> 3 | L35: ='2021'!I35-'2020'!I35 -> 0.6 | M35: ='2021'!L35-'2020'!L35 -> 1 | N35: ='2021'!K35-'2020'!K35 -> 0.2 | O35: =IF('2020'!N35="-",0,'2021'!N35-'2020'!N35) -> 1 | P35: ='2021'!M35-'2020'!M35 -> 1 | U35: - | V35: - | W35: - | X35: -
A36: 14 | E36: REIGNIER_Giratoire église | F36: France | G36: ='2021'!G36-'2020'!G36 -> 20 | H36: =IF('2021'!G36=0,0,IF('2020'!G36=0,0,'2021'!G36/'2020'!G36-1)) -> 0.8 | I36: ='2021'!H36-'2020'!H36 -> 11 | J36: =IF(I36=0,0,'2021'!H36/'2020'!H36-1) -> 0.73333333 | K36: ='2021'!J36-'2020'!J36 -> 5 | L36: ='2021'!I36-'2020'!I36 -> -0.013333333 | M36: ='2021'!L36-'2020'!L36 -> 8 | N36: ='2021'!K36-'2020'!K36 -> 0.10666667 | O36: =IF('2020'!N36="-",0,'2021'!N36-'2020'!N36) -> 2 | P36: ='2021'!M36-'2020'!M36 -> 0 | U36: - | V36: - | W36: - | X36: -
A37: 15 | E37: REIGNIER_Giratoire Foron | F37: France | G37: ='2021'!G37-'2020'!G37 -> -1 | H37: =IF('2021'!G37=0,0,IF('2020'!G37=0,0,'2021'!G37/'2020'!G37-1)) -> -0.066666667 | I37: ='2021'!H37-'2020'!H37 -> 0 | J37: =IF(I37=0,0,'2021'!H37/'2020'!H37-1) -> 0 | K37: ='2021'!J37-'2020'!J37 -> 1.05 | L37: ='2021'!I37-'2020'!I37 -> 0.084285714 | M37: ='2021'!L37-'2020'!L37 -> 0.95 | N37: ='2021'!K37-'2020'!K37 -> 0.072857143 | O37: =IF('2020'!N37="-",0,'2021'!N37-'2020'!N37) -> 1 | P37: ='2021'!M37-'2020'!M37 -> 0.5 | U37: - | V37: - | W37: - | X37: -
A38: 16 | E38: REIGNIER_Giratoire La Forge | F38: France | G38: ='2021'!G38-'2020'!G38 -> 15 | H38: =IF('2021'!G38=0,0,IF('2020'!G38=0,0,'2021'!G38/'2020'!G38-1)) -> 0.9375 | I38: ='2021'!H38-'2020'!H38 -> 9 | J38: =IF(I38=0,0,'2021'!H38/'2020'!H38-1) -> 0.64285714 | K38: ='2021'!J38-'2020'!J38 -> 10.92 | L38: ='2021'!I38-'2020'!I38 -> 0.1683871 | M38: ='2021'!L38-'2020'!L38 -> 2.92 | N38: ='2021'!K38-'2020'!K38 -> 0.031290323 | O38: =IF('2020'!N38="-",0,'2021'!N38-'2020'!N38) -> 2.92 | P38: ='2021'!M38-'2020'!M38 -> 0 | U38: - | V38: - | W38: - | X38: -
A39: 17 | E39: PERS-JUSSY_Giratoire Casino | F39: France | G39: ='2021'!G39-'2020'!G39 -> 5 | H39: =IF('2021'!G39=0,0,IF('2020'!G39=0,0,'2021'!G39/'2020'!G39-1)) -> 0.71428571 | I39: ='2021'!H39-'2020'!H39 -> 2 | J39: =IF(I39=0,0,'2021'!H39/'2020'!H39-1) -> 0.4 | K39: ='2021'!J39-'2020'!J39 -> 3.02 | L39: ='2021'!I39-'2020'!I39 -> 0.19333333 | M39: ='2021'!L39-'2020'!L39 -> 4 | N39: ='2021'!K39-'2020'!K39 -> 0.33333333 | O39: =IF('2020'!N39="-",0,'2021'!N39-'2020'!N39) -> 2 | P39: ='2021'!M39-'2020'!M39 -> 0.5 | U39: - | V39: - | W39: - | X39: -
A42: 18 | E42: ARTHAZ_Giratoire lavage auto | F42: France | G42: ='2021'!G42-'2020'!G42 -> -3 | H42: =IF('2021'!G42=0,0,IF('2020'!G42=0,0,'2021'!G42/'2020'!G42-1)) -> -0.15 | I42: ='2021'!H42-'2020'!H42 -> 0 | J42: =IF(I42=0,0,'2021'!H42/'2020'!H42-1) -> 0 | K42: ='2021'!J42-'2020'!J42 -> 2 | L42: ='2021'!I42-'2020'!I42 -> 0.16176471 | M42: ='2021'!L42-'2020'!L42 -> 1 | N42: ='2021'!K42-'2020'!K42 -> 0.085294118 | O42: =IF('2020'!N42="-",0,'2021'!N42-'2020'!N42) -> 0.01 | P42: ='2021'!M42-'2020'!M42 -> -0.08 | U42: - | V42: - | W42: - | X42: -
D43: Sous-total | G43: =SUM(G33:G42) -> 39 | H43: =G43/SUM('2020'!G33:G42) -> 0.24528302 | I43: =SUM(I33:I42) -> 33 | J43: =I43/SUM('2020'!H33:H42) -> 0.34736842 | K43: =SUM(K33:K42) -> 49.03 | L43: =K43/SUM('2020'!J33:J42) -> 1.0902824 | M43: =SUM(M33:M42) -> 26.98 | N43: =M43/SUM('2020'!L33:L42) -> 1.4185068 | O43: =SUM(O33:O42) -> 16.04 | P43: =O43/SUM('2020'!N33:N42) -> 1.2376543
B44: Sous-total périmètre "arrière-pays" | D44: =SUM(D5:D42) -> 11 | E44: =COUNT(A5:A43) -> 28 | F44: =COUNT(K5:K42) -> 30 | G44: =G5+G32+G43 -> 149 | H44: =G44/'2020'!G44 -> 0.37817259 | I44: =I5+I32+I43 -> 146 | J44: =I44/'2020'!H44 -> 0.6212766 | K44: =K5+K32+K43 -> 71.03 | L44: =K44/'2020'!J44 -> 0.798359 | M44: =M5+M32+M43 -> 51.98 | N44: =M44/'2020'!L44 -> 0.58391373 | O44: =O5+O32+O43 -> 16.04 | P44: =O44/'2020'!N44 -> 1.0721925
A45: 19 | B45: EVAV (En Ville A Vélo) | C45: NON | D45: ='2021'!D45-'2020'!D45 -> -25 | E45: AMBILLY_Voie verte Pont Noir | F45: France
A46: 20 | E46: ANNEMASSE_Voie verte Jura | F46: France
A47: 21 | E47: ANNEMASSE_Devant l'agglo | F47: France | G47: ='2021'!G47-'2020'!G47 -> 6 | H47: =IF('2021'!G47=0,0,IF('2020'!G47=0,0,'2021'!G47/'2020'!G47-1)) -> 0.027027027 | I47: ='2021'!H47-'2020'!H47 -> 59 | J47: =IF(I47=0,0,'2021'!H47/'2020'!H47-1) -> 0.89393939 | K47: ='2021'!J47-'2020'!J47 -> -47 | L47: =IF('2021'!J47=0,0,IF('2020'!J47=0,0,'2021'!J47/'2020'!J47-1)) -> -0.34306569 | M47: ='2021'!L47-'2020'!L47 -> 3 | N47: =IF('2021'!L47=0,0,IF('2020'!L47=0,0,'2021'!L47/'2020'!L47-1)) -> 0.034090909 | O47: =IF('2020'!N47="-",0,'2021'!N47-'2020'!N47) -> 0 | P47: =IF('2021'!N47=0,0,IF('2020'!N47="-",0,'2021'!N47/'2020'!N47-1)) -> 0 | U47: - | V47: - | W47: - | X47: -
A48: 22 | E48: GAILLARD_Douane de Fossard | F48: Frontière | G48: ='2021'!G48-'2020'!G48 -> 35 | H48: =IF('2021'!G48=0,0,IF('2020'!G48=0,0,'2021'!G48/'2020'!G48-1)) -> 0.33018868 | I48: ='2021'!H48-'2020'!H48 -> 45 | J48: =IF(I48=0,0,'2021'!H48/'2020'!H48-1) -> 1.2857143 | K48: ='2021'!J48-'2020'!J48 -> 26 | L48: =IF('2021'!J48=0,0,IF('2020'!J48=0,0,'2021'!J48/'2020'!J48-1)) -> 0.66666667 | M48: ='2021'!L48-'2020'!L48 -> 14 | N48: =IF('2021'!L48=0,0,IF('2020'!L48=0,0,'2021'!L48/'2020'!L48-1)) -> 0.29166667 | O48: =IF('2020'!N48="-",0,'2021'!N48-'2020'!N48) -> 0 | P48: =IF('2021'!N48=0,0,IF('2020'!N48="-",0,'2021'!N48/'2020'!N48-1)) -> 0
A49: 23 | E49: ANNEMASSE_Clos Fleury | F49: France | G49: ='2021'!G49-'2020'!G49 -> 28 | H49: =IF('2021'!G49=0,0,IF('2020'!G49=0,0,'2021'!G49/'2020'!G49-1)) -> 0.13592233 | I49: ='2021'!H49-'2020'!H49 -> 57 | J49: =IF(I49=0,0,'2021'!H49/'2020'!H49-1) -> 0.81428571 | K49: ='2021'!J49-'2020'!J49 -> 12 | L49: =IF('2021'!J49=0,0,IF('2020'!J49=0,0,'2021'!J49/'2020'!J49-1)) -> 0.13793103 | M49: ='2021'!L49-'2020'!L49 -> 29 | N49: =IF('2021'!L49=0,0,IF('2020'!L49=0,0,'2021'!L49/'2020'!L49-1)) -> 0.34939759 | O49: =IF('2020'!N49="-",0,'2021'!N49-'2020'!N49) -> 0 | P49: =IF('2021'!N49=0,0,IF('2020'!N49="-",0,'2021'!N49/'2020'!N49-1)) -> 0 | U49: - | V49: - | W49: - | X49: -
A52: 24 | E52: GAILLARD_Douane de Moïllesullaz | F52: Frontière | G52: ='2021'!G52-'2020'!G52 -> -16 | H52: =IF('2021'!G52=0,0,IF('2020'!G52=0,0,'2021'!G52/'2020'!G52-1)) -> -0.092485549 | I52: ='2021'!H52-'2020'!H52 -> 20 | J52: =IF(I52=0,0,'2021'!H52/'2020'!H52-1) -> 0.32258065 | K52: ='2021'!J52-'2020'!J52 -> -3 | L52: =IF('2021'!J52=0,0,IF('2020'!J52=0,0,'2021'!J52/'2020'!J52-1)) -> -0.076923077 | M52: ='2021'!L52-'2020'!L52 -> -26 | N52: =IF('2021'!L52=0,0,IF('2020'!L52=0,0,'2021'!L52/'2020'!L52-1)) -> -0.34666667 | O52: =IF('2020'!N52="-",0,'2021'!N52-'2020'!N52) -> 0 | P52: =IF('2021'!N52=0,0,IF('2020'!N52="-",0,'2021'!N52/'2020'!N52-1)) -> 0
D53: Sous-total | G53: =SUM(G45:G52) -> 53 | H53: =G53/SUM('2020'!G47:G52) -> 0.074964639 | I53: =SUM(I45:I52) -> 181 | J53: =I53/SUM('2020'!H47:H52) -> 0.77682403 | K53: =SUM(K45:K52) -> -12 | L53: =K53/SUM('2020'!J47:J52) -> -0.039735099 | M53: =SUM(M45:M52) -> 20 | N53: =M53/SUM('2020'!L47:L52) -> 0.068027211 | O53: =SUM(O45:O52) -> 0 | P53: =O53/SUM('2020'!N47:N52) -> #DIV/0!
A54: 25 | B54: Le Préau | C54: NON | D54: ='2021'!D46-'2020'!D54 -> -12 | E54: COMMUNE_Carrefour | F54: Frontière | G54: ='2021'!G46-'2020'!G54 -> 0 | H54: =IF('2021'!G46=0,0,IF('2020'!G54=0,0,'2021'!G46/'2020'!G54-1)) -> 0 | I54: ='2021'!H46-'2020'!H54 -> 0 | J54: =IF(I54=0,0,'2021'!H46/'2020'!H54-1) -> 0 | K54: ='2021'!J46-'2020'!J54 -> 0 | L54: =IF('2021'!J46=0,0,IF('2020'!J54=0,0,'2021'!J46/'2020'!J54-1)) -> 0 | M54: ='2021'!L46-'2020'!L54 -> 0 | N54: =IF('2021'!L46=0,0,IF('2020'!L54=0,0,'2021'!L46/'2020'!L54-1)) -> 0 | O54: =IF('2020'!N54="-",0,'2021'!N46-'2020'!N54) -> #VALUE! | P54: =IF('2021'!N46=0,0,IF('2020'!N54="-",0,'2021'!N46/'2020'!N54-1)) -> #VALUE! | U54: ='2021'!S46-'2020'!S54 -> 0 | V54: =IF('2021'!S46=0,0,IF('2020'!S54=0,0,'2021'!S46/'2020'!S54-1)) -> 0 | W54: ='2021'!U46-'2020'!U54 -> 0 | X54: =IF('2021'!U46=0,0,IF('2020'!U54=0,0,'2021'!U46/'2020'!U54-1)) -> 0
A55: 26 | E55: COMMUNE_Carrefour | F55: Frontière | G55: ='2021'!G47-'2020'!G55 -> 228 | H55: =IF('2021'!G47=0,0,IF('2020'!G55=0,0,'2021'!G47/'2020'!G55-1)) -> 0 | I55: ='2021'!H47-'2020'!H55 -> 125 | J55: =IF(I55=0,0,'2021'!H47/'2020'!H55-1) -> #DIV/0! | K55: ='2021'!J47-'2020'!J55 -> 90 | L55: =IF('2021'!J47=0,0,IF('2020'!J55=0,0,'2021'!J47/'2020'!J55-1)) -> 0 | M55: ='2021'!L47-'2020'!L55 -> 91 | N55: =IF('2021'!L47=0,0,IF('2020'!L55=0,0,'2021'!L47/'2020'!L55-1)) -> 0 | O55: =IF('2020'!N55="-",0,'2021'!N47-'2020'!N55) -> #VALUE! | P55: =IF('2021'!N47=0,0,IF('2020'!N55="-",0,'2021'!N47/'2020'!N55-1)) -> #VALUE! | U55: ='2021'!S47-'2020'!S55 -> #VALUE! | V55: =IF('2021'!S47=0,0,IF('2020'!S55=0,0,'2021'!S47/'2020'!S55-1)) -> 0 | W55: ='2021'!U47-'2020'!U55 -> #VALUE! | X55: =IF('2021'!U47=0,0,IF('2020'!U55=0,0,'2021'!U47/'2020'!U55-1)) -> 0
A56: 27 | E56: COMMUNE_Carrefour | F56: Frontière | G56: ='2021'!G48-'2020'!G56 -> 141 | H56: =IF('2021'!G48=0,0,IF('2020'!G56=0,0,'2021'!G48/'2020'!G56-1)) -> 0 | I56: ='2021'!H48-'2020'!H56 -> 80 | J56: =IF(I56=0,0,'2021'!H48/'2020'!H56-1) -> #DIV/0! | K56: ='2021'!J48-'2020'!J56 -> 65 | L56: =IF('2021'!J48=0,0,IF('2020'!J56=0,0,'2021'!J48/'2020'!J56-1)) -> 0 | M56: ='2021'!L48-'2020'!L56 -> 62 | N56: =IF('2021'!L48=0,0,IF('2020'!L56=0,0,'2021'!L48/'2020'!L56-1)) -> 0 | O56: =IF('2020'!N56="-",0,'2021'!N48-'2020'!N56) -> #VALUE! | P56: =IF('2021'!N48=0,0,IF('2020'!N56="-",0,'2021'!N48/'2020'!N56-1)) -> #VALUE! | U56: ='2021'!S48-'2020'!S56 -> 0 | V56: =IF('2021'!S48=0,0,IF('2020'!S56=0,0,'2021'!S48/'2020'!S56-1)) -> 0 | W56: ='2021'!U48-'2020'!U56 -> 0 | X56: =IF('2021'!U48=0,0,IF('2020'!U56=0,0,'2021'!U48/'2020'!U56-1)) -> 0
A57: 28 | E57: COMMUNE_Carrefour | F57: Frontière | G57: ='2021'!G49-'2020'!G57 -> 234 | H57: =IF('2021'!G49=0,0,IF('2020'!G57=0,0,'2021'!G49/'2020'!G57-1)) -> 0 | I57: ='2021'!H49-'2020'!H57 -> 127 | J57: =IF(I57=0,0,'2021'!H49/'2020'!H57-1) -> #DIV/0! | K57: ='2021'!J49-'2020'!J57 -> 99 | L57: =IF('2021'!J49=0,0,IF('2020'!J57=0,0,'2021'!J49/'2020'!J57-1)) -> 0 | M57: ='2021'!L49-'2020'!L57 -> 112 | N57: =IF('2021'!L49=0,0,IF('2020'!L57=0,0,'2021'!L49/'2020'!L57-1)) -> 0 | O57: =IF('2020'!N57="-",0,'2021'!N49-'2020'!N57) -> #VALUE! | P57: =IF('2021'!N49=0,0,IF('2020'!N57="-",0,'2021'!N49/'2020'!N57-1)) -> #VALUE! | U57: ='2021'!S49-'2020'!S57 -> #VALUE! | V57: =IF('2021'!S49=0,0,IF('2020'!S57=0,0,'2021'!S49/'2020'!S57-1)) -> 0 | W57: ='2021'!U49-'2020'!U57 -> #VALUE! | X57: =IF('2021'!U49=0,0,IF('2020'!U57=0,0,'2021'!U49/'2020'!U57-1)) -> 0
E58: COMMUNE_Carrefour | G58: ='2021'!G50-'2020'!G58 -> 0 | H58: =IF('2021'!G50=0,0,IF('2020'!G58=0,0,'2021'!G50/'2020'!G58-1)) -> 0 | I58: ='2021'!H50-'2020'!H58 -> 0 | J58: =IF(I58=0,0,'2021'!H50/'2020'!H58-1) -> 0 | K58: ='2021'!J50-'2020'!J58 -> 0 | L58: =IF('2021'!J50=0,0,IF('2020'!J58=0,0,'2021'!J50/'2020'!J58-1)) -> 0 | M58: ='2021'!L50-'2020'!L58 -> 0 | N58: =IF('2021'!L50=0,0,IF('2020'!L58=0,0,'2021'!L50/'2020'!L58-1)) -> 0 | O58: =IF('2020'!N58="-",0,'2021'!N50-'2020'!N58) -> 0 | P58: =IF('2021'!N50=0,0,IF('2020'!N58="-",0,'2021'!N50/'2020'!N58-1)) -> 0 | U58: ='2021'!S50-'2020'!S58 -> 0 | V58: =IF('2021'!S50=0,0,IF('2020'!S58=0,0,'2021'!S50/'2020'!S58-1)) -> 0 | W58: ='2021'!U50-'2020'!U58 -> 0 | X58: =IF('2021'!U50=0,0,IF('2020'!U58=0,0,'2021'!U50/'2020'!U58-1)) -> 0
E59: COMMUNE_Carrefour | G59: ='2021'!G51-'2020'!G59 -> 0 | H59: =IF('2021'!G51=0,0,IF('2020'!G59=0,0,'2021'!G51/'2020'!G59-1)) -> 0 | I59: ='2021'!H51-'2020'!H59 -> 0 | J59: =IF(I59=0,0,'2021'!H51/'2020'!H59-1) -> 0 | K59: ='2021'!J51-'2020'!J59 -> 0 | L59: =IF('2021'!J51=0,0,IF('2020'!J59=0,0,'2021'!J51/'2020'!J59-1)) -> 0 | M59: ='2021'!L51-'2020'!L59 -> 0 | N59: =IF('2021'!L51=0,0,IF('2020'!L59=0,0,'2021'!L51/'2020'!L59-1)) -> 0 | O59: =IF('2020'!N59="-",0,'2021'!N51-'2020'!N59) -> 0 | P59: =IF('2021'!N51=0,0,IF('2020'!N59="-",0,'2021'!N51/'2020'!N59-1)) -> 0 | U59: ='2021'!S51-'2020'!S59 -> 0 | V59: =IF('2021'!S51=0,0,IF('2020'!S59=0,0,'2021'!S51/'2020'!S59-1)) -> 0 | W59: ='2021'!U51-'2020'!U59 -> 0 | X59: =IF('2021'!U51=0,0,IF('2020'!U59=0,0,'2021'!U51/'2020'!U59-1)) -> 0
A60: 29 | E60: COMMUNE_Carrefour | F60: Frontière | G60: ='2021'!G52-'2020'!G60 -> 157 | H60: =IF('2021'!G52=0,0,IF('2020'!G60=0,0,'2021'!G52/'2020'!G60-1)) -> 0 | I60: ='2021'!H52-'2020'!H60 -> 82 | J60: =IF(I60=0,0,'2021'!H52/'2020'!H60-1) -> #DIV/0! | K60: ='2021'!J52-'2020'!J60 -> 36 | L60: =IF('2021'!J52=0,0,IF('2020'!J60=0,0,'2021'!J52/'2020'!J60-1)) -> 0 | M60: ='2021'!L52-'2020'!L60 -> 49 | N60: =IF('2021'!L52=0,0,IF('2020'!L60=0,0,'2021'!L52/'2020'!L60-1)) -> 0 | O60: =IF('2020'!N60="-",0,'2021'!N52-'2020'!N60) -> #VALUE! | P60: =IF('2021'!N52=0,0,IF('2020'!N60="-",0,'2021'!N52/'2020'!N60-1)) -> #VALUE! | U60: ='2021'!S52-'2020'!S60 -> 0 | V60: =IF('2021'!S52=0,0,IF('2020'!S60=0,0,'2021'!S52/'2020'!S60-1)) -> 0 | W60: ='2021'!U52-'2020'!U60 -> 0 | X60: =IF('2021'!U52=0,0,IF('2020'!U60=0,0,'2021'!U52/'2020'!U60-1)) -> 0 | Y60: Compté par ProVélo en 2021 (Salève Vivant en 2020)
D61: Sous-total | G61: =SUM(G54:G60) -> 760 | H61: =G61/SUM('2020'!G54:G60) -> #DIV/0! | I61: =SUM(I54:I60) -> 414 | J61: =I61/SUM('2020'!H54:H60) -> #DIV/0! | K61: =SUM(K54:K60) -> 290 | L61: =K61/SUM('2020'!J54:J60) -> #DIV/0! | M61: =SUM(M54:M60) -> 314 | N61: =M61/SUM('2020'!L54:L60) -> #DIV/0! | O61: =SUM(O54:O60) -> #VALUE! | P61: =O61/SUM('2020'!N54:N60) -> #VALUE! | U61: =SUM(U54:U60) -> #VALUE! | V61: =IF('2021'!S53=0,0,IF('2020'!S61=0,0,'2021'!S53/'2020'!S61-1)) -> 0 | W61: =SUM(W54:W60) -> #VALUE! | X61: =IF('2021'!U53=0,0,IF('2020'!U61=0,0,'2021'!U53/'2020'!U61-1)) -> 0
A62: 25 | B62: Salève Vivant | C62: NON | D62: ='2021'!D62-'2020'!D62 -> -1 | E62: ARCHAMPS_Douane de Landecy | F62: Frontière | G62: ='2021'!G62-'2020'!G62 -> 20 | H62: =IF('2021'!G62=0,0,IF('2020'!G62=0,0,'2021'!G62/'2020'!G62-1)) -> 0.60606061 | I62: ='2021'!H62-'2020'!H62 -> 5 | J62: =IF(I62=0,0,'2021'!H62/'2020'!H62-1) -> 0.15151515 | K62: ='2021'!J62-'2020'!J62 -> 11 | L62: =IF('2021'!J62=0,0,IF('2020'!J62=0,0,'2021'!J62/'2020'!J62-1)) -> 0.52380952 | M62: ='2021'!L62-'2020'!L62 -> 4 | N62: =IF('2021'!L62=0,0,IF('2020'!L62=0,0,'2021'!L62/'2020'!L62-1)) -> 0.5 | O62: =IF('2020'!N62="-",0,'2021'!N62-'2020'!N62) -> 3 | P62: =IF('2021'!N62=0,0,IF('2020'!N62="-",0,'2021'!N62/'2020'!N62-1)) -> 0.42857143 | U62: ='2021'!S62-'2020'!S62 -> 18 | V62: =IF('2021'!S62=0,0,IF('2020'!S62=0,0,'2021'!S62/'2020'!S62-1)) -> 0.54545455 | W62: ='2021'!U62-'2020'!U62 -> 2 | X62: =IF('2021'!U62=0,0,IF('2020'!U62=0,0,'2021'!U62/'2020'!U62-1)) -> 0
A63: 26 | E63: COLLONGES_Douane de Croix de Rozon | F63: Frontière | G63: ='2021'!G63-'2020'!G63 -> 29 | H63: =IF('2021'!G63=0,0,IF('2020'!G63=0,0,'2021'!G63/'2020'!G63-1)) -> 0.32954545 | I63: ='2021'!H63-'2020'!H63 -> -2 | J63: =IF(I63=0,0,'2021'!H63/'2020'!H63-1) -> -0.022727273 | K63: ='2021'!J63-'2020'!J63 -> 28 | L63: =IF('2021'!J63=0,0,IF('2020'!J63=0,0,'2021'!J63/'2020'!J63-1)) -> 0.52830189 | M63: ='2021'!L63-'2020'!L63 -> 15 | N63: =IF('2021'!L63=0,0,IF('2020'!L63=0,0,'2021'!L63/'2020'!L63-1)) -> 0.46875 | O63: =IF('2020'!N63="-",0,'2021'!N63-'2020'!N63) -> 6 | P63: =IF('2021'!N63=0,0,IF('2020'!N63="-",0,'2021'!N63/'2020'!N63-1)) -> 0.22222222 | U63: ='2021'!S63-'2020'!S63 -> 34 | V63: =IF('2021'!S63=0,0,IF('2020'!S63=0,0,'2021'!S63/'2020'!S63-1)) -> 0.43589744 | W63: ='2021'!U63-'2020'!U63 -> -5 | X63: =IF('2021'!U63=0,0,IF('2020'!U63=0,0,'2021'!U63/'2020'!U63-1)) -> -0.5
A64: 27 | E64: BOSSEY_Douane de Pierre-Grand | F64: Frontière | G64: ='2021'!G64-'2020'!G64 -> 8 | H64: =IF('2021'!G64=0,0,IF('2020'!G64=0,0,'2021'!G64/'2020'!G64-1)) -> 0.57142857 | I64: ='2021'!H64-'2020'!H64 -> 6 | J64: =IF(I64=0,0,'2021'!H64/'2020'!H64-1) -> 0.42857143 | K64: ='2021'!J64-'2020'!J64 -> 7 | L64: =IF('2021'!J64=0,0,IF('2020'!J64=0,0,'2021'!J64/'2020'!J64-1)) -> 0.77777778 | M64: ='2021'!L64-'2020'!L64 -> 5 | N64: =IF('2021'!L64=0,0,IF('2020'!L64=0,0,'2021'!L64/'2020'!L64-1)) -> 0.71428571 | O64: =IF('2020'!N64="-",0,'2021'!N64-'2020'!N64) -> 5 | P64: =IF('2021'!N64=0,0,IF('2020'!N64="-",0,'2021'!N64/'2020'!N64-1)) -> 1.25 | U64: ='2021'!S64-'2020'!S64 -> 8 | V64: =IF('2021'!S64=0,0,IF('2020'!S64=0,0,'2021'!S64/'2020'!S64-1)) -> 0.57142857 | W64: ='2021'!U64-'2020'!U64 -> 0 | X64: =IF('2021'!U64=0,0,IF('2020'!U64=0,0,'2021'!U64/'2020'!U64-1)) -> 0
A65: 28 | E65: BOSSEY_Douane de Troinex/Bossey | F65: Frontière | G65: ='2021'!G65-'2020'!G65 -> 26 | H65: =IF('2021'!G65=0,0,IF('2020'!G65=0,0,'2021'!G65/'2020'!G65-1)) -> 1.1304348 | I65: ='2021'!H65-'2020'!H65 -> 10 | J65: =IF(I65=0,0,'2021'!H65/'2020'!H65-1) -> 0.43478261 | K65: ='2021'!J65-'2020'!J65 -> 20 | L65: =IF('2021'!J65=0,0,IF('2020'!J65=0,0,'2021'!J65/'2020'!J65-1)) -> 1.3333333 | M65: ='2021'!L65-'2020'!L65 -> 9 | N65: =IF('2021'!L65=0,0,IF('2020'!L65=0,0,'2021'!L65/'2020'!L65-1)) -> 0.81818182 | O65: =IF('2020'!N65="-",0,'2021'!N65-'2020'!N65) -> 9 | P65: =IF('2021'!N65=0,0,IF('2020'!N65="-",0,'2021'!N65/'2020'!N65-1)) -> 1.125 | U65: ='2021'!S65-'2020'!S65 -> 26 | V65: =IF('2021'!S65=0,0,IF('2020'!S65=0,0,'2021'!S65/'2020'!S65-1)) -> 1.3 | W65: ='2021'!U65-'2020'!U65 -> 0 | X65: =IF('2021'!U65=0,0,IF('2020'!U65=0,0,'2021'!U65/'2020'!U65-1)) -> 0
A68: 29 | E68: VEYRIER_Douane du Pas de l'Echelle | F68: Frontière | G68: ='2021'!G68-'2020'!G68 -> 8 | H68: =IF('2021'!G68=0,0,IF('2020'!G68=0,0,'2021'!G68/'2020'!G68-1)) -> 0.22222222 | I68: ='2021'!H68-'2020'!H68 -> 8 | J68: =IF(I68=0,0,'2021'!H68/'2020'!H68-1) -> 0.22222222 | K68: ='2021'!J68-'2020'!J68 -> 10 | L68: =IF('2021'!J68=0,0,IF('2020'!J68=0,0,'2021'!J68/'2020'!J68-1)) -> 0.55555556 | M68: ='2021'!L68-'2020'!L68 -> -1 | N68: =IF('2021'!L68=0,0,IF('2020'!L68=0,0,'2021'!L68/'2020'!L68-1)) -> -0.058823529 | O68: =IF('2020'!N68="-",0,'2021'!N68-'2020'!N68) -> 2 | P68: =IF('2021'!N68=0,0,IF('2020'!N68="-",0,'2021'!N68/'2020'!N68-1)) -> 0.15384615 | U68: ='2021'!S68-'2020'!S68 -> 4 | V68: =IF('2021'!S68=0,0,IF('2020'!S68=0,0,'2021'!S68/'2020'!S68-1)) -> 0.11111111 | W68: ='2021'!U68-'2020'!U68 -> 4 | X68: =IF('2021'!U68=0,0,IF('2020'!U68=0,0,'2021'!U68/'2020'!U68-1)) -> 0 | Y68: Compté par ProVélo en 2021 (Salève Vivant en 2020)
D69: Sous-total | G69: =SUM(G62:G68) -> 91 | H69: =G69/SUM('2020'!G62:G68) -> 0.46907216 | I69: =SUM(I62:I68) -> 27 | J69: =I69/SUM('2020'!H62:H68) -> 0.13917526 | K69: =SUM(K62:K68) -> 76 | L69: =K69/SUM('2020'!J62:J68) -> 0.65517241 | M69: =SUM(M62:M68) -> 32 | N69: =M69/SUM('2020'!L62:L68) -> 0.42666667 | O69: =SUM(O62:O68) -> 25 | P69: =O69/SUM('2020'!N62:N68) -> 0.42372881 | U69: =SUM(U62:U68) -> 90 | V69: =IF('2021'!S69=0,0,IF('2020'!S69=0,0,'2021'!S69/'2020'!S69-1)) -> 0.49723757 | W69: =SUM(W62:W68) -> 1 | X69: =IF('2021'!U69=0,0,IF('2020'!U69=0,0,'2021'!U69/'2020'!U69-1)) -> 0.076923077
A70: 30 | B70: Groupe St-Julien | C70: NON | D70: ='2021'!D70-'2020'!D70 -> 7 | E70: ST-JULIEN_Douane de Perly | F70: Frontière | G70: ='2021'!G70-'2020'!G70 -> 17 | H70: =IF('2021'!G70=0,0,IF('2020'!G70=0,0,'2021'!G70/'2020'!G70-1)) -> 0.28813559 | I70: ='2021'!H70-'2020'!H70 -> 17 | J70: =IF(I70=0,0,'2021'!H70/'2020'!H70-1) -> 0.28813559 | K70: ='2021'!J70-'2020'!J70 -> 7.91 | L70: =IF('2021'!J70=0,0,IF('2020'!J70=0,0,'2021'!J70/'2020'!J70-1)) -> 0.26287803 | M70: ='2021'!L70-'2020'!L70 -> 3.04 | N70: =IF('2021'!L70=0,0,IF('2020'!L70=0,0,'2021'!L70/'2020'!L70-1)) -> 0.11710324 | O70: =IF('2020'!N70="-",0,'2021'!N70-'2020'!N70) -> 4.9048 | P70: =IF('2021'!N70=0,0,IF('2020'!N70="-",0,'2021'!N70/'2020'!N70-1)) -> 0.30473682 | U70: ='2021'!S70-'2020'!S70 -> 75 | V70: =IF('2021'!S70=0,0,IF('2020'!S70=0,0,'2021'!S70/'2020'!S70-1)) -> 0 | W70: ='2021'!U70-'2020'!U70 -> 1 | X70: =IF('2021'!U70=0,0,IF('2020'!U70=0,0,'2021'!U70/'2020'!U70-1)) -> 0
A71: 31 | E71: ST-JULIEN_Passage douanier des Crottes | F71: Frontière | G71: ='2021'!G71-'2020'!G71 -> 35 | H71: =IF('2021'!G71=0,0,IF('2020'!G71=0,0,'2021'!G71/'2020'!G71-1)) -> 0.77777778 | I71: ='2021'!H71-'2020'!H71 -> 35 | J71: =IF(I71=0,0,'2021'!H71/'2020'!H71-1) -> 0.77777778 | K71: ='2021'!J71-'2020'!J71 -> 24.9 | L71: =IF('2021'!J71=0,0,IF('2020'!J71=0,0,'2021'!J71/'2020'!J71-1)) -> 0.95402299 | M71: ='2021'!L71-'2020'!L71 -> 20.2 | N71: =IF('2021'!L71=0,0,IF('2020'!L71=0,0,'2021'!L71/'2020'!L71-1)) -> 1.020202 | O71: =IF('2020'!N71="-",0,'2021'!N71-'2020'!N71) -> 13.13 | P71: =IF('2021'!N71=0,0,IF('2020'!N71="-",0,'2021'!N71/'2020'!N71-1)) -> 1.020202 | U71: ='2021'!S71-'2020'!S71 -> 74 | V71: =IF('2021'!S71=0,0,IF('2020'!S71=0,0,'2021'!S71/'2020'!S71-1)) -> 0 | W71: ='2021'!U71-'2020'!U71 -> 6 | X71: =IF('2021'!U71=0,0,IF('2020'!U71=0,0,'2021'!U71/'2020'!U71-1)) -> 0
A72: 32 | E72: ST-JULIEN_Paguette (chemin de l'Aire) | F72: Frontière | G72: ='2021'!G72-'2020'!G72 -> 15 | H72: =IF('2021'!G72=0,0,IF('2020'!G72=0,0,'2021'!G72/'2020'!G72-1)) -> 0.9375 | I72: ='2021'!H72-'2020'!H72 -> 15 | J72: =IF(I72=0,0,'2021'!H72/'2020'!H72-1) -> 0.9375 | K72: ='2021'!J72-'2020'!J72 -> 2.96 | L72: =IF('2021'!J72=0,0,IF('2020'!J72=0,0,'2021'!J72/'2020'!J72-1)) -> 0.42045455 | M72: ='2021'!L72-'2020'!L72 -> 6.04 | N72: =IF('2021'!L72=0,0,IF('2020'!L72=0,0,'2021'!L72/'2020'!L72-1)) -> 1.2177419 | O72: =IF('2020'!N72="-",0,'2021'!N72-'2020'!N72) -> 3.016 | P72: =IF('2021'!N72=0,0,IF('2020'!N72="-",0,'2021'!N72/'2020'!N72-1)) -> 1.5201613 | U72: ='2021'!S72-'2020'!S72 -> 31 | V72: =IF('2021'!S72=0,0,IF('2020'!S72=0,0,'2021'!S72/'2020'!S72-1)) -> 0 | W72: ='2021'!U72-'2020'!U72 -> 0 | X72: =IF('2021'!U72=0,0,IF('2020'!U72=0,0,'2021'!U72/'2020'!U72-1)) -> 0
A73: 33 | E73: ST-JULIEN_Douane de Certoux (rte Thérens) | F73: Frontière | G73: ='2021'!G73-'2020'!G73 -> -16 | H73: =IF('2021'!G73=0,0,IF('2020'!G73=0,0,'2021'!G73/'2020'!G73-1)) -> -0.51612903 | I73: ='2021'!H73-'2020'!H73 -> -16 | J73: =IF(I73=0,0,'2021'!H73/'2020'!H73-1) -> -0.51612903 | K73: ='2021'!J73-'2020'!J73 -> -3.99 | L73: =IF('2021'!J73=0,0,IF('2020'!J73=0,0,'2021'!J73/'2020'!J73-1)) -> -0.44382647 | M73: ='2021'!L73-'2020'!L73 -> -9.92 | N73: =IF('2021'!L73=0,0,IF('2020'!L73=0,0,'2021'!L73/'2020'!L73-1)) -> 0 | O73: =IF('2020'!N73="-",0,'2021'!N73-'2020'!N73) -> -2.976 | P73: =IF('2021'!N73=0,0,IF('2020'!N73="-",0,'2021'!N73/'2020'!N73-1)) -> 0 | U73: ='2021'!S73-'2020'!S73 -> 15 | V73: =IF('2021'!S73=0,0,IF('2020'!S73=0,0,'2021'!S73/'2020'!S73-1)) -> 0 | W73: ='2021'!U73-'2020'!U73 -> 0 | X73: =IF('2021'!U73=0,0,IF('2020'!U73=0,0,'2021'!U73/'2020'!U73-1)) -> 0
A74: 34 | E74: ST-JULIEN_Douane de Soral 1 | F74: Frontière | G74: ='2021'!G74-'2020'!G74 -> -1 | H74: =IF('2021'!G74=0,0,IF('2020'!G74=0,0,'2021'!G74/'2020'!G74-1)) -> -0.33333333 | I74: ='2021'!H74-'2020'!H74 -> -1 | J74: =IF(I74=0,0,'2021'!H74/'2020'!H74-1) -> -0.33333333 | K74: ='2021'!J74-'2020'!J74 -> 1 | L74: =IF('2021'!J74=0,0,IF('2020'!J74=0,0,'2021'!J74/'2020'!J74-1)) -> 0 | M74: ='2021'!L74-'2020'!L74 -> 1 | N74: =IF('2021'!L74=0,0,IF('2020'!L74=0,0,'2021'!L74/'2020'!L74-1)) -> 0 | O74: =IF('2020'!N74="-",0,'2021'!N74-'2020'!N74) -> 0 | P74: =IF('2021'!N74=0,0,IF('2020'!N74="-",0,'2021'!N74/'2020'!N74-1)) -> 0 | U74: ='2021'!S74-'2020'!S74 -> 1 | V74: =IF('2021'!S74=0,0,IF('2020'!S74=0,0,'2021'!S74/'2020'!S74-1)) -> 0 | W74: ='2021'!U74-'2020'!U74 -> 1 | X74: =IF('2021'!U74=0,0,IF('2020'!U74=0,0,'2021'!U74/'2020'!U74-1)) -> 0
A75: 35 | E75: VIRY_Douane de Soral 2 | F75: Frontière | G75: ='2021'!G75-'2020'!G75 -> 2 | H75: =IF('2021'!G75=0,0,IF('2020'!G75=0,0,'2021'!G75/'2020'!G75-1)) -> 0.15384615 | I75: ='2021'!H75-'2020'!H75 -> 2 | J75: =IF(I75=0,0,'2021'!H75/'2020'!H75-1) -> 0.15384615 | K75: ='2021'!J75-'2020'!J75 -> 5.01 | L75: =IF('2021'!J75=0,0,IF('2020'!J75=0,0,'2021'!J75/'2020'!J75-1)) -> 1.6755853 | M75: ='2021'!L75-'2020'!L75 -> 2.05 | N75: =IF('2021'!L75=0,0,IF('2020'!L75=0,0,'2021'!L75/'2020'!L75-1)) -> 1.0512821 | O75: =IF('2020'!N75="-",0,'2021'!N75-'2020'!N75) -> 1.025 | P75: =IF('2021'!N75=0,0,IF('2020'!N75="-",0,'2021'!N75/'2020'!N75-1)) -> 1.0512821 | U75: ='2021'!S75-'2020'!S75 -> 13 | V75: =IF('2021'!S75=0,0,IF('2020'!S75=0,0,'2021'!S75/'2020'!S75-1)) -> 0 | W75: ='2021'!U75-'2020'!U75 -> 2 | X75: =IF('2021'!U75=0,0,IF('2020'!U75=0,0,'2021'!U75/'2020'!U75-1)) -> 0
A76: 36 | E76: VIRY_Malagny
A79: 37 | E79: VALLEIRY_La Joux
D80: Sous-total | G80: =SUM(G70:G79) -> 52 | H80: =G80/SUM('2020'!G70:G75) -> 0.31137725 | I80: =SUM(I70:I79) -> 52 | J80: =I80/SUM('2020'!H70:H75) -> 0.31137725 | K80: =SUM(K70:K79) -> 37.79 | L80: =K80/SUM('2020'!J70:J75) -> 0.50245978 | M80: =SUM(M70:M79) -> 22.41 | N80: =M80/SUM('2020'!L70:L75) -> 0.35804442 | O80: =SUM(O70:O79) -> 19.0998 | P80: =O80/SUM('2020'!N70:N75) -> 0.54726907 | U80: =SUM(U70:U79) -> 209 | V80: =IF('2021'!S80=0,0,IF('2020'!S80=0,0,'2021'!S80/'2020'!S80-1)) -> 0 | W80: =SUM(W70:W79) -> 10 | X80: =IF('2021'!U80=0,0,IF('2020'!U80=0,0,'2021'!U80/'2020'!U80-1)) -> 0
B81: APiCy (Association des Piétons et Cyclistes du Pays de Gex) | C81: NON | D81: ='2021'!D81-'2020'!D81 -> 3 | E81: STJEAN_Douane de Dardagny
E82: CHALLEX_Douane de La Plaine
E83: POUGNY_Douane de Chancy
A84: 38 | E84: ST-GENIS_Giratoire Porte de France | F84: France | G84: ='2021'!G84-'2020'!G84 -> 129 | H84: =IF('2021'!G84=0,0,IF('2020'!G84=0,0,'2021'!G84/'2020'!G84-1)) -> 0.59447005 | I84: ='2021'!H84-'2020'!H84 -> 72 | J84: =IF(I84=0,0,'2021'!H84/'2020'!H84-1) -> 0.70588235 | K84: ='2021'!J84-'2020'!J84 -> 46.07 | L84: =IF('2021'!J84=0,0,IF('2020'!J84=0,0,'2021'!J84/'2020'!J84-1)) -> 0.73208327 | M84: ='2021'!L84-'2020'!L84 -> 13 | N84: =IF('2021'!L84=0,0,IF('2020'!L84=0,0,'2021'!L84/'2020'!L84-1)) -> 0.1884058 | O84: =IF('2020'!N84="-",0,'2021'!N84-'2020'!N84) -> 0 | P84: =IF('2021'!N84=0,0,IF('2020'!N84="-",0,'2021'!N84/'2020'!N84-1)) -> 0 | Q84: 27 | R84: 8 | S84: 33 | T84: 14 | U84: ='2021'!S84-'2020'!S84 -> 133 | V84: =IF('2021'!S84=0,0,IF('2020'!S84=0,0,'2021'!S84/'2020'!S84-1)) -> 0.55186722 | W84: ='2021'!U84-'2020'!U84 -> 13 | X84: =IF('2021'!U84=0,0,IF('2020'!U84=0,0,'2021'!U84/'2020'!U84-1)) -> 1.4444444
A85: 39 | E85: FERNEY_Douane du GdSaconnex | F85: Frontière | G85: ='2021'!G85-'2020'!G85 -> 74 | H85: =IF('2021'!G85=0,0,IF('2020'!G85=0,0,'2021'!G85/'2020'!G85-1)) -> 0.47435897 | I85: ='2021'!H85-'2020'!H85 -> 29 | J85: =IF(I85=0,0,'2021'!H85/'2020'!H85-1) -> 0.33333333 | K85: ='2021'!J85-'2020'!J85 -> 29.6 | L85: =IF('2021'!J85=0,0,IF('2020'!J85=0,0,'2021'!J85/'2020'!J85-1)) -> 0.47435897 | M85: ='2021'!L85-'2020'!L85 -> 16 | N85: =IF('2021'!L85=0,0,IF('2020'!L85=0,0,'2021'!L85/'2020'!L85-1)) -> 0.26229508 | O85: =IF('2020'!N85="-",0,'2021'!N85-'2020'!N85) -> 0 | P85: =IF('2021'!N85=0,0,IF('2020'!N85="-",0,'2021'!N85/'2020'!N85-1)) -> 0 | Q85: 7 | R85: 5 | S85: 4 | T85: 1 | U85: ='2021'!S85-'2020'!S85 -> 70 | V85: =IF('2021'!S85=0,0,IF('2020'!S85=0,0,'2021'!S85/'2020'!S85-1)) -> 0.47945205 | W85: ='2021'!U85-'2020'!U85 -> 4 | X85: =IF('2021'!U85=0,0,IF('2020'!U85=0,0,'2021'!U85/'2020'!U85-1)) -> 0.28571429
A86: 40 | E86: FERNEY_Douane de Mategnin | F86: Frontière | G86: ='2021'!G86-'2020'!G86 -> 72 | H86: =IF('2021'!G86=0,0,IF('2020'!G86=0,0,'2021'!G86/'2020'!G86-1)) -> 0.43113772 | I86: ='2021'!H86-'2020'!H86 -> 34 | J86: =IF(I86=0,0,'2021'!H86/'2020'!H86-1) -> 0.425 | K86: ='2021'!J86-'2020'!J86 -> 41.58 | L86: =IF('2021'!J86=0,0,IF('2020'!J86=0,0,'2021'!J86/'2020'!J86-1)) -> 0.95762322 | M86: ='2021'!L86-'2020'!L86 -> 15 | N86: =IF('2021'!L86=0,0,IF('2020'!L86=0,0,'2021'!L86/'2020'!L86-1)) -> 0.24193548 | O86: =IF('2020'!N86="-",0,'2021'!N86-'2020'!N86) -> 0 | P86: =IF('2021'!N86=0,0,IF('2020'!N86="-",0,'2021'!N86/'2020'!N86-1)) -> 0 | Q86: 7 | R86: 3 | S86: 33 | T86: 14 | U86: ='2021'!S86-'2020'!S86 -> 75 | V86: =IF('2021'!S86=0,0,IF('2020'!S86=0,0,'2021'!S86/'2020'!S86-1)) -> 0.49019608 | W86: ='2021'!U86-'2020'!U86 -> 0 | X86: =IF('2021'!U86=0,0,IF('2020'!U86=0,0,'2021'!U86/'2020'!U86-1)) -> 0
E87: FERNEY_Douane de Vireloup
A88: 41 | E88: VERSONNEX_Douane de Collex-Bossy
A89: 42 | E89: SAUVERNY_Douane de Sauverny
A92: 43 | E92: GRILLY_Douane du Pont
D93: Sous-total | G93: =SUM(G84:G92) -> 275 | H93: =G93/SUM('2020'!G84:G86) -> 0.50925926 | I93: =SUM(I84:I92) -> 135 | J93: =I93/SUM('2020'!H84:H86) -> 0.50185874 | K93: =SUM(K84:K92) -> 117.25 | L93: =K93/SUM('2020'!J84:J86) -> 0.69481481 | M93: =SUM(M84:M92) -> 44 | N93: =M93/SUM('2020'!L84:L86) -> 0.22916667 | O93: =SUM(O84:O92) -> 0 | P93: =O93/SUM('2020'!N84:N86) -> #DIV/0! | Q93: =SUM(Q84:Q92) -> 41 | R93: =SUM(R84:R92) -> 16 | S93: =SUM(S84:S92) -> 70 | T93: =SUM(T84:T92) -> 29 | U93: =SUM(U79:U92) -> 487 | V93: =IF('2021'!S93=0,0,IF('2020'!S93=0,0,'2021'!S93/'2020'!S93-1)) -> 0.63148148 | W93: =SUM(W79:W92) -> 27 | X93: =IF('2021'!U93=0,0,IF('2020'!U93=0,0,'2021'!U93/'2020'!U93-1)) -> 0.44285714
A94: 44 | B94: ATE Vaud / ProVélo La Côte | C94: NON | D94: ='2021'!D94-'2020'!D94 -> 3 | E94: DIVONNE_Douane de Chavanne | F94: Frontière | G94: ='2021'!G94-'2020'!G94 -> 26 | H94: =IF('2021'!G94=0,0,IF('2020'!G94=0,0,'2021'!G94/'2020'!G94-1)) -> 1.2380952 | I94: ='2021'!H94-'2020'!H94 -> 30 | J94: =IF(I94=0,0,'2021'!H94/'2020'!H94-1) -> 3.75 | K94: ='2021'!J94-'2020'!J94 -> 2.91 | L94: =IF('2021'!J94=0,0,IF('2020'!J94=0,0,'2021'!J94/'2020'!J94-1)) -> 0.47783251 | M94: ='2021'!L94-'2020'!L94 -> 4.28 | N94: =IF('2021'!L94=0,0,IF('2020'!L94=0,0,'2021'!L94/'2020'!L94-1)) -> 0.63690476 | O94: =IF('2020'!N94="-",0,'2021'!N94-'2020'!N94) -> 6 | P94: =IF('2021'!N94=0,0,IF('2020'!N94="-",0,'2021'!N94/'2020'!N94-1)) -> #DIV/0! | Q94: 1 | R94: 0 | S94: 7 | T94: 5 | U94: ='2021'!S94-'2020'!S94 -> 26 | V94: =IF('2021'!S94=0,0,IF('2020'!S94=0,0,'2021'!S94/'2020'!S94-1)) -> 1.3684211 | W94: ='2021'!U94-'2020'!U94 -> -6 | X94: =IF('2021'!U94=0,0,IF('2020'!U94=0,0,'2021'!U94/'2020'!U94-1)) -> -0.66666667
A95: 45 | E95: DIVONNE-CRASSIER_Voie verte
A98: 46 | E98: DIVONNE_Douane de Crassy / Crassier
D99: Sous-total | G99: =SUM(G94:G98) -> 26 | H99: =G99/'2020'!G94 -> 1.2380952 | I99: =SUM(I94:I98) -> 30 | J99: =I99/'2020'!H94 -> 3.75 | K99: =SUM(K94:K98) -> 2.91 | L99: =K99/'2020'!J94 -> 0.47783251 | M99: =SUM(M94:M98) -> 4.28 | N99: =M99/'2020'!L94 -> 0.63690476 | O99: =SUM(O94:O98) -> 6 | P99: =O99/'2020'!N94 -> #DIV/0! | Q99: =SUM(Q94:Q98) -> 1 | R99: =SUM(R94:R98) -> 0 | S99: =SUM(S94:S98) -> 7 | T99: =SUM(T94:T98) -> 5 | U99: =SUM(U86:U98) -> 588 | V99: =IF('2021'!S99=0,0,IF('2020'!S99=0,0,'2021'!S99/'2020'!S99-1)) -> 3.1052632 | W99: =SUM(W86:W98) -> 21 | X99: =IF('2021'!U99=0,0,IF('2020'!U99=0,0,'2021'!U99/'2020'!U99-1)) -> 0.77777778
A100: 47 | B100: ProVélo GE | C100: NON | D100: ='2021'!D100-'2020'!D100 -> -3 | E100: GENEVE_Rue du XXXI Décembre | F100: Suisse
A101: 48 | E101: GENEVE_Bd Georges Favon | F101: Suisse
A102: 49 | E102: GENEVE_Arquebuse | F102: Suisse
A103: 50 | E103: GENEVE_Rue Ferdinand Hodler | F103: Suisse
A104: 51 | E104: GENEVE_Av. Pictet de Rochemont | F104: Suisse
A105: 52 | E105: CHÊNE-BOURG_Ecole de Haller
A106: 53 | E106: THÔNEX_Ch. de la Mousse/Rte de Jussy
A107: 54 | E107: GENEVE_Voie Verte / Av. Bel-Air | F107: Suisse | G107: ='2021'!G107-'2020'!G107 -> 122 | H107: =IF('2021'!G107=0,0,IF('2020'!G107=0,0,'2021'!G107/'2020'!G107-1)) -> 0.18740399 | I107: ='2021'!H107-'2020'!H107 -> 122 | J107: =IF(I107=0,0,'2021'!H107/'2020'!H107-1) -> 0.18740399 | K107: ='2021'!J107-'2020'!J107 -> 304 | L107: =IF('2021'!J107=0,0,IF('2020'!J107=0,0,'2021'!J107/'2020'!J107-1)) -> 0 | M107: ='2021'!L107-'2020'!L107 -> 83 | N107: =IF('2021'!L107=0,0,IF('2020'!L107=0,0,'2021'!L107/'2020'!L107-1)) -> 0.332 | O107: =IF('2020'!N107="-",0,'2021'!N107-'2020'!N107) -> 192 | P107: =IF('2021'!N107=0,0,IF('2020'!N107="",0,'2021'!N107/'2020'!N107-1)) -> 0
A108: 55 | E108: GENEVE_Voie Verte / Av. Frank Thomas | F108: Suisse | G108: ='2021'!G108-'2020'!G108 -> 14 | H108: =IF('2021'!G108=0,0,IF('2020'!G108=0,0,'2021'!G108/'2020'!G108-1)) -> 0.022764228 | I108: ='2021'!H108-'2020'!H108 -> 14 | J108: =IF(I108=0,0,'2021'!H108/'2020'!H108-1) -> 0.022764228 | K108: ='2021'!J108-'2020'!J108 -> 296 | L108: =IF('2021'!J108=0,0,IF('2020'!J108=0,0,'2021'!J108/'2020'!J108-1)) -> 0 | M108: ='2021'!L108-'2020'!L108 -> 70 | N108: =IF('2021'!L108=0,0,IF('2020'!L108=0,0,'2021'!L108/'2020'!L108-1)) -> 0.29045643 | O108: =IF('2020'!N108="-",0,'2021'!N108-'2020'!N108) -> 182 | P108: =IF('2021'!N108=0,0,IF('2020'!N108="",0,'2021'!N108/'2020'!N108-1)) -> 0
A111: 56 | E111: GENEVE_Bd des Tranchées | F111: Suisse
D112: Sous-total | G112: =SUM(G100:G111) -> 136 | H112: =G112/SUM('2020'!G107:G108) -> 0.10742496 | I112: =SUM(I100:I111) -> 136 | J112: =I112/SUM('2020'!H107:H108) -> 0.10742496 | K112: =SUM(K100:K111) -> 600 | L112: =K112/SUM('2020'!J107:J108) -> #DIV/0! | M112: =SUM(M100:M111) -> 153 | N112: =M112/SUM('2020'!L107:L108) -> 0.31160896 | O112: =SUM(O100:O111) -> 374 | P112: =O112/SUM('2020'!N107:N108) -> #DIV/0!
B113: Sous-total périmètre urbain | D113: =SUM(D45:D111) -> -28 | E113: =COUNT(A45:A112) -> 43 | F113: =COUNT(K45:K111) -> 34 | G113: =G53+G69+G80+G93+G94+G112 -> 633 | H113: =G113/'2020'!G113 -> 0.13195747 | I113: =I53+I69+I80+I93+I94+I112 -> 561 | J113: =I113/'2020'!H113 -> 0.16706373 | K113: =K53+K69+K80+K93+K94+K112 -> 821.95 | L113: =K113/'2020'!J113 -> 0.61428945 | M113: =M53+M69+M80+M93+M94+M112 -> 275.69 | N113: =M113/'2020'!L113 -> 0.14379 | O113: =O53+O69+O80+O93+O99+O112 -> 424.0998 | P113: =IF('2021'!N113=0,0,IF('2020'!N113="-",0,'2021'!N113/'2020'!N113-1)) -> 6.3375776
B114: TOTAL | D114: =D113+D44 -> -17 | E114: =E44+E113 -> 71 | F114: =F113+F44 -> 64 | G114: =G44+G113 -> 782 | H114: =G114/'2020'!G114 -> 0.15064535 | I114: =I44+I113 -> 707 | J114: =I114/'2020'!H114 -> 0.1967715 | K114: =K44+K113 -> 892.98 | L114: =K114/'2020'!J114 -> 0.62576558 | M114: =M44+M113 -> 327.67 | N114: =M114/'2020'!L114 -> 0.1633181 | O114: =O44+O113 -> 440.1398 | P114: =IF('2021'!N114=0,0,IF('2020'!N114="-",0,'2021'!N114/'2020'!N114-1)) -> 3.2892836
O115: données partielles
E116: Localisation des postes de comptage : | G116: =SUM('2021'!G107:G108)-SUM('2020'!G107:G108) -> 136
E117: France | F117: =COUNTIF(F$5:F$111,E117) -> 31
E118: Suisse | F118: =COUNTIF(F$5:F$111,E118) -> 8
E119: Frontière | F119: =COUNTIF(F$5:F$111,E119) -> 21
