Workbook

Sheet Index
C3: Eléments à renseigner par chaque association dans l'onglet "2023"
D5: Colonne | F5: Ce qu'il faut renseigner
D7: Toutes les cellules blanches ne sont pas à renseigner (formule de calcul ou NC)
D9: Eléments obligatoires >> cellules en vert dans l'onglet "2023"
D10: DONNEES GENERALES | E10: D | F10: nombre de bénévoles par poste de comptage
E11: E | F11: nom/localisation du poste de comptage
E12: F | F12: implantation : France / Suisse / Frontière
E13: G | F13: nombre total de cyclistes comptés sur toute la période
E14: H | F14: nombre de cyclistes comptés sur l'heure de pointe (7h30 - 8h30) uniquement
E15: I | F15: calcul automatique (du nombre de VAE dans le total)
E16: J | F16: nombre de VAE dans le total (référence à la colonne G)
E17: K | F17: calcul automatique (du nombre de femmes dans le total)
E18: L | F18: nombre de femmes dans le total (référence à la colonne G)
D20: Eléments obligatoires pour les postes frontières et carrefours proches frontière
D21: >> cellules en bleu dans l'onglet "2023"
D22: FRONTIERE | E22: S | F22: nombre total de cyclistes comptés sur toute la période - Direction Suisse
E23: T | F23: nombre de cyclistes comptés sur l'heure de pointe (7h30 - 8h30) uniquement - Direction Suisse
E24: U | F24: nombre total de cyclistes comptés sur toute la période - Direction France
E25: V | F25: nombre de cyclistes comptés sur l'heure de pointe (7h30 - 8h30) uniquement - Direction France
D27: Eléments facultatifs >> cellules en rose dans l'onglet "2023"
D28: AUTRES DONNEES | E28: M | F28: calcul automatique (du nombre total de VAE chez les femmes)
E29: N | F29: nombre total de VAE chez les femmes (valeur spécifique à relever)
E30: O | F30: nombre total de personnes comptées sur toute la période en "autre mode" (trottinette, gyropode…)
E31: P | F31: nombre total de personnes comptées en HPM (7h30 - 8h30) en "autre mode" (trottinette, gyropode…)
E32: Q | F32: nombre total de piétons comptés sur toute la période
E33: R | F33: nombre total de piétons comptés en HPM (7h30 - 8h30)

Sheet 2020
E1: 7
A2: S | B2: Association(s) | C2: Arrière-pays | D2: Nombre de bénévoles | E2: Postes de comptage | F2: France / Suisse / Frontière | G2: Nombre de vélos | I2: % VAE dans le total | J2: NB VAE dans le total | K2: % femmes dans le total | L2: NB de femmes dans le total | M2: % de VAE chez les femmes | N2: NB de VAE chez les femmes | O2: Autres modes | Q2: Piétons | S2: > Suisse | U2: > France
A3: S
A4: S | G4: total | H4: HP | O4: total | P4: HP | Q4: total | R4: HP | S4: total | T4: HP | U4: total | V4: HP | AB4: 2020
A5: =IF(D5="Sous-total","S",IF(G5="","","X")) -> X | B5: UP Cluses | C5: OUI | D5: 2 | E5: CLUSES_Passerelle de Messy | F5: France | G5: =27+11+2+15+8 -> 63 | H5: 29 | I5: =2/G5 -> 0.031746032 | J5: =I5*G5 -> 2 | K5: =(2+15)/G5 -> 0.26984127 | L5: =K5*G5 -> 17 | M5: =2/17 -> 0.11764706 | N5: =IF(M5="-","-",M5*L5) -> 2 | AB5: =IF(G5>0,$F5,"") -> France
A6: =IF(D6="Sous-total","S",IF(G6="","","X")) | E6: COMMUNE_Carrefour
A7: =IF(D7="Sous-total","S",IF(G7="","","X")) | E7: COMMUNE_Carrefour
A8: =IF(D8="Sous-total","S",IF(G8="","","X")) -> S | D8: Sous-total | G8: =SUM(G5:G7) -> 63 | H8: =SUM(H5:H7) -> 29 | I8: =J8/G8 -> 0.031746032 | J8: =SUM(J5:J7) -> 2 | K8: =L8/G8 -> 0.26984127 | L8: =SUM(L5:L7) -> 17 | M8: =N8/L8 -> 0.11764706 | N8: =SUM(N5:N7) -> 2 | O8: =SUM(O5:O7) -> 0 | P8: =SUM(P5:P7) -> 0 | Q8: =SUM(Q5:Q7) -> 0 | R8: =SUM(R5:R7) -> 0 | S8: =SUM(S5:S7) -> 0 | T8: =SUM(T5:T7) -> 0 | U8: =SUM(U5:U7) -> 0 | V8: =SUM(V5:V7) -> 0
A9: =IF(D9="Sous-total","S",IF(G9="","","X")) | B9: L'Abeille (Contamine) | C9: OUI | E9: BONNE_Loëx (sous voie rapide) | F9: France | I9: =2/G9 -> #DIV/0! | K9: =(2+15)/G9 -> #DIV/0! | M9: =2/17 -> 0.11764706 | AB9: =IF(G9>0,$F9,"")
A10: =IF(D10="Sous-total","S",IF(G10="","","X"))
A11: =IF(D11="Sous-total","S",IF(G11="","","X"))
A12: =IF(D12="Sous-total","S",IF(G12="","","X")) -> S | D12: Sous-total | G12: =SUM(G9:G11) -> 0 | H12: =SUM(H9:H11) -> 0 | I12: =J12/G12 -> #DIV/0! | J12: =SUM(J9:J11) -> 0 | K12: =L12/G12 -> #DIV/0! | L12: =SUM(L9:L11) -> 0 | M12: =N12/L12 -> #DIV/0! | N12: =SUM(N9:N11) -> 0 | O12: =SUM(O9:O11) -> 0 | P12: =SUM(P9:P11) -> 0 | Q12: =SUM(Q9:Q11) -> 0 | R12: =SUM(R9:R11) -> 0 | S12: =SUM(S9:S11) -> 0 | T12: =SUM(T9:T11) -> 0 | U12: =SUM(U9:U11) -> 0 | V12: =SUM(V9:V11) -> 0
A13: =IF(D13="Sous-total","S",IF(G13="","","X")) | B13: AMDC (Chablais) | C13: OUI | E13: ALLINGES_Rond point des Fleysets | F13: France | I13: 0.32258065 | K13: 0.32258065 | M13: - | N13: - | O13: - | P13: - | Q13: - | R13: - | AB13: =IF(G13>0,$F13,"")
A14: =IF(D14="Sous-total","S",IF(G14="","","X")) | E14: BONS_Gare | F14: France | I14: 0.48 | K14: 0.36 | M14: - | N14: - | O14: - | P14: - | Q14: - | R14: - | AB14: =IF(G14>0,$F14,"")
A15: =IF(D15="Sous-total","S",IF(G15="","","X")) | E15: DOUVAINE_Mairie | F15: France | I15: 0.48 | K15: 0.36 | M15: - | N15: - | O15: - | P15: - | Q15: - | R15: - | AB15: =IF(G15>0,$F15,"")
A16: =IF(D16="Sous-total","S",IF(G16="","","X")) | E16: EVIAN_Gare | F16: France | I16: 0.48 | K16: 0.36 | M16: - | N16: - | O16: - | P16: - | Q16: - | R16: - | AB16: =IF(G16>0,$F16,"")
A17: =IF(D17="Sous-total","S",IF(G17="","","X")) | E17: PERRIGNIER_Gare | F17: France | I17: 0.48 | K17: 0.36 | M17: - | N17: - | O17: - | P17: - | Q17: - | R17: - | AB17: =IF(G17>0,$F17,"")
A18: =IF(D18="Sous-total","S",IF(G18="","","X")) | E18: THONON_Embarcadère CGN | F18: Frontière | I18: 0.48 | K18: 0.36 | M18: - | N18: - | O18: - | P18: - | Q18: - | R18: - | AB18: =IF(G18>0,$F18,"")
A19: =IF(D19="Sous-total","S",IF(G19="","","X")) | E19: THONON_Entrée côté place de Crête | F19: France | I19: 0.48 | K19: 0.36 | M19: - | N19: - | O19: - | P19: - | Q19: - | R19: - | AB19: =IF(G19>0,$F19,"")
A20: =IF(D20="Sous-total","S",IF(G20="","","X")) | E20: THONON_Parvis de la gare | F20: France | I20: 0.48 | K20: 0.36 | M20: - | N20: - | O20: - | P20: - | Q20: - | R20: - | AB20: =IF(G20>0,$F20,"")
A21: =IF(D21="Sous-total","S",IF(G21="","","X")) | E21: THONON_Avenue d’Evian | F21: France | I21: 0.48 | K21: 0.36 | M21: - | N21: - | O21: - | P21: - | Q21: - | R21: - | AB21: =IF(G21>0,$F21,"")
A22: =IF(D22="Sous-total","S",IF(G22="","","X")) | E22: THONON_Carrefour Libération | F22: France | I22: 0.48 | K22: 0.36 | M22: - | N22: - | O22: - | P22: - | Q22: - | R22: - | AB22: =IF(G22>0,$F22,"")
A23: =IF(D23="Sous-total","S",IF(G23="","","X")) | E23: THONON_Collège Champagne | F23: France | I23: 0.48 | K23: 0.36 | M23: - | N23: - | O23: - | P23: - | Q23: - | R23: - | AB23: =IF(G23>0,$F23,"")
A24: =IF(D24="Sous-total","S",IF(G24="","","X")) | E24: THONON_Ecole Jule Ferry | F24: France | I24: 0.48 | K24: 0.36 | M24: - | N24: - | O24: - | P24: - | Q24: - | R24: - | AB24: =IF(G24>0,$F24,"")
A25: =IF(D25="Sous-total","S",IF(G25="","","X")) | E25: THONON_Rond point J. Ferry G Andrier Pl des Arts Bld du Canal | F25: France | I25: 0.48 | K25: 0.36 | M25: - | N25: - | O25: - | P25: - | Q25: - | R25: - | AB25: =IF(G25>0,$F25,"")
... A28: =IF(D28="Sous-total","S",IF(G28="","","X")) | E28: VEIGY_Douane | F28: Frontière | I28: 0.5 | K28: 0 | M28: - | N28: - | O28: - | P28: - | Q28: - | R28: - | AB28: =IF(G28>0,$F28,"")
A29: =IF(D29="Sous-total","S",IF(G29="","","X")) | E29: COMMUNE_Carrefour
A30: =IF(D30="Sous-total","S",IF(G30="","","X")) | E30: COMMUNE_Carrefour
A31: =IF(D31="Sous-total","S",IF(G31="","","X")) | E31: COMMUNE_Carrefour
A32: =IF(D32="Sous-total","S",IF(G32="","","X")) | E32: COMMUNE_Carrefour
A33: =IF(D33="Sous-total","S",IF(G33="","","X")) | E33: COMMUNE_Carrefour
A34: =IF(D34="Sous-total","S",IF(G34="","","X")) -> S | D34: Sous-total | G34: =SUM(G13:G33) -> 0 | H34: =SUM(H13:H33) -> 0 | I34: =J34/G34 -> #DIV/0! | J34: =SUM(J13:J33) -> 0 | K34: =L34/G34 -> #DIV/0! | L34: =SUM(L13:L33) -> 0 | M34: =N34/L34 -> #DIV/0! | N34: =SUM(N13:N33) -> 0 | O34: =SUM(O13:O33) -> 0 | P34: =SUM(P13:P33) -> 0 | Q34: =SUM(Q13:Q33) -> 0 | R34: =SUM(R13:R33) -> 0 | S34: =SUM(S13:S33) -> 0 | T34: =SUM(T13:T33) -> 0 | U34: =SUM(U13:U33) -> 0 | V34: =SUM(V13:V33) -> 0 | AB34: =IF(G34>0,$F34,"")
A35: =IF(D35="Sous-total","S",IF(G35="","","X")) -> X | B35: NatEnv & Fabrique à Biclou | C35: OUI | D35: 8 | E35: LA ROCHE_Carrefour Biocoop | F35: France | G35: 31 | H35: 23 | I35: 0.32258065 | J35: =I35*G35 -> 10 | K35: 0.32258065 | L35: =K35*G35 -> 10 | M35: - | N35: - | O35: - | P35: - | Q35: - | R35: - | AB35: =IF(G35>0,$F35,"") -> France
A36: =IF(D36="Sous-total","S",IF(G36="","","X")) -> X | E36: LA ROCHE_Giratoire La Poste | F36: France | G36: 25 | H36: 13 | I36: 0.48 | J36: =I36*G36 -> 12 | K36: 0.36 | L36: =K36*G36 -> 9 | M36: - | N36: - | O36: - | P36: - | Q36: - | R36: - | AB36: =IF(G36>0,$F36,"") -> France
A37: =IF(D37="Sous-total","S",IF(G37="","","X")) -> X | E37: LA ROCHE_Giratoire ENILV | F37: France | G37: 18 | H37: 10 | I37: 0.5 | J37: =I37*G37 -> 9 | K37: 0.16666667 | L37: =K37*G37 -> 3 | M37: - | N37: - | O37: - | P37: - | Q37: - | R37: - | AB37: =IF(G37>0,$F37,"") -> France
A38: =IF(D38="Sous-total","S",IF(G38="","","X")) | E38: LA ROCHE_Gare Passage à niveau (new 2021) | F38: France | I38: 0.5 | K38: 0.16666667 | M38: - | N38: - | O38: - | P38: - | Q38: - | R38: - | AB38: =IF(G38>0,$F38,"")
A39: =IF(D39="Sous-total","S",IF(G39="","","X")) -> X | E39: ARENTHON_La Papeterie | F39: France | G39: 14 | H39: 9 | I39: 0.071428571 | J39: =I39*G39 -> 1 | K39: 0.071428571 | L39: =K39*G39 -> 1 | M39: - | N39: - | O39: - | P39: - | Q39: - | R39: - | AB39: =IF(G39>0,$F39,"") -> France
A40: =IF(D40="Sous-total","S",IF(G40="","","X")) -> X | E40: ST-PIERRE_Franchissement Borne-Dessy | F40: France | G40: 24 | H40: 16 | I40: 0.041666667 | J40: =I40*G40 -> 1 | K40: 0.20833333 | L40: =K40*G40 -> 5 | M40: - | N40: - | O40: - | P40: - | Q40: - | R40: - | AB40: =IF(G40>0,$F40,"") -> France
A41: =IF(D41="Sous-total","S",IF(G41="","","X")) -> X | E41: BONNEVILLE_Franchissement Borne-Tucinge | F41: France | G41: 29 | H41: 21 | I41: 0 | J41: =I41*G41 -> 0 | K41: 0.4137931 | L41: =K41*G41 -> 12 | M41: - | N41: - | O41: - | P41: - | Q41: - | R41: - | AB41: =IF(G41>0,$F41,"") -> France
A42: =IF(D42="Sous-total","S",IF(G42="","","X")) -> X | E42: ST-PIERRE_Pont principal sur le Borne | F42: France | G42: 27 | H42: 17 | I42: 0.25925926 | J42: =I42*G42 -> 7 | K42: 0.48148148 | L42: =K42*G42 -> 13 | M42: - | N42: - | O42: - | P42: - | Q42: - | R42: - | AB42: =IF(G42>0,$F42,"") -> France
A43: =IF(D43="Sous-total","S",IF(G43="","","X")) | E43: AMANCY Sous-terrain Vozerier (new 2022) | F43: France | I43: 0.25925926 | K43: 0.48148148 | M43: - | N43: - | O43: - | P43: - | Q43: - | R43: - | AB43: =IF(G43>0,$F43,"")
A44: =IF(D44="Sous-total","S",IF(G44="","","X")) | E44: ST-PIERRE M. Bricolage | F44: France | I44: 0.25925926 | K44: 0.48148148 | M44: - | N44: - | O44: - | P44: - | Q44: - | R44: - | AB44: =IF(G44>0,$F44,"")
A45: =IF(D45="Sous-total","S",IF(G45="","","X")) -> X | E45: AMANCY_Giratoire Coriandre | F45: France | G45: 4 | H45: 2 | I45: 0.5 | J45: =I45*G45 -> 2 | K45: 0 | L45: =K45*G45 -> 0 | M45: - | N45: - | O45: - | P45: - | Q45: - | R45: - | AB45: =IF(G45>0,$F45,"") -> France
A46: =IF(D46="Sous-total","S",IF(G46="","","X")) | E46: COMMUNE_Carrefour
A47: =IF(D47="Sous-total","S",IF(G47="","","X")) | E47: COMMUNE_Carrefour
A48: =IF(D48="Sous-total","S",IF(G48="","","X")) | E48: COMMUNE_Carrefour
A49: =IF(D49="Sous-total","S",IF(G49="","","X")) -> S | D49: Sous-total | G49: =SUM(G35:G48) -> 172 | H49: =SUM(H35:H48) -> 111 | I49: =J49/G49 -> 0.24418605 | J49: =SUM(J35:J48) -> 42 | K49: =L49/G49 -> 0.30813953 | L49: =SUM(L35:L48) -> 53 | M49: =N49/L49 -> 0 | N49: =SUM(N35:N48) -> 0 | O49: =SUM(O35:O48) -> 0 | P49: =SUM(P35:P48) -> 0 | Q49: =SUM(Q35:Q48) -> 0 | R49: =SUM(R35:R48) -> 0 | S49: =SUM(S35:S48) -> 0 | T49: =SUM(T35:T48) -> 0 | U49: =SUM(U35:U48) -> 0 | V49: =SUM(V35:V48) -> 0 | AB49: =IF(G49>0,$F49,"") -> 0
A50: =IF(D50="Sous-total","S",IF(G50="","","X")) -> X | B50: AERE | C50: OUI | D50: 9 | E50: ETREMBIERES_Giratoire ex PN93 | F50: France | G50: 37 | H50: 23 | I50: 0.38 | J50: =I50*G50 -> 14.06 | K50: 0.16 | L50: =K50*G50 -> 5.92 | M50: 1 | N50: =IF(M50="-","-",M50*L50) -> 5.92 | S50: - | T50: - | U50: - | V50: - | AB50: =IF(G50>0,$F50,"") -> France
A51: =IF(D51="Sous-total","S",IF(G51="","","X")) -> X | E51: ETREMBIERES_Carrefour sous Château | F51: France | G51: 33 | H51: 15 | I51: 0.3 | J51: =I51*G51 -> 9.9 | K51: 0.09 | L51: =K51*G51 -> 2.97 | M51: 1 | N51: =IF(M51="-","-",M51*L51) -> 2.97 | S51: - | T51: - | U51: - | V51: - | AB51: =IF(G51>0,$F51,"") -> France
A52: =IF(D52="Sous-total","S",IF(G52="","","X")) -> X | E52: SCIENTRIER_Carrefour Tour de Bellecombe | F52: France | G52: 6 | H52: 5 | I52: 0 | J52: =I52*G52 -> 0 | K52: 0 | L52: =K52*G52 -> 0 | M52: 0 | N52: =IF(M52="-","-",M52*L52) -> 0 | S52: - | T52: - | U52: - | V52: - | AB52: =IF(G52>0,$F52,"") -> France
A53: =IF(D53="Sous-total","S",IF(G53="","","X")) -> X | E53: REIGNIER_Giratoire église | F53: France | G53: 25 | H53: 15 | I53: 0.28 | J53: =I53*G53 -> 7 | K53: 0.16 | L53: =K53*G53 -> 4 | M53: 0.25 | N53: =IF(M53="-","-",M53*L53) -> 1 | S53: - | T53: - | U53: - | V53: - | AB53: =IF(G53>0,$F53,"") -> France
A54: =IF(D54="Sous-total","S",IF(G54="","","X")) -> X | E54: REIGNIER_Giratoire Foron | F54: France | G54: 15 | H54: 9 | I54: 0.13 | J54: =I54*G54 -> 1.95 | K54: 0.07 | L54: =K54*G54 -> 1.05 | M54: 0 | N54: =IF(M54="-","-",M54*L54) -> 0 | S54: - | T54: - | U54: - | V54: - | AB54: =IF(G54>0,$F54,"") -> France
A55: =IF(D55="Sous-total","S",IF(G55="","","X")) -> X | E55: REIGNIER_Giratoire La Forge | F55: France | G55: 16 | H55: 14 | I55: 0.38 | J55: =I55*G55 -> 6.08 | K55: 0.13 | L55: =K55*G55 -> 2.08 | M55: 1 | N55: =IF(M55="-","-",M55*L55) -> 2.08 | S55: - | T55: - | U55: - | V55: - | AB55: =IF(G55>0,$F55,"") -> France
A56: =IF(D56="Sous-total","S",IF(G56="","","X")) -> X | E56: PERS-JUSSY_Giratoire Casino | F56: France | G56: 7 | H56: 5 | I56: 0.14 | J56: =I56*G56 -> 0.98 | K56: 0 | L56: =K56*G56 -> 0 | M56: 0 | N56: =IF(M56="-","-",M56*L56) -> 0 | S56: - | T56: - | U56: - | V56: - | AB56: =IF(G56>0,$F56,"") -> France
A57: =IF(D57="Sous-total","S",IF(G57="","","X")) | E57: REIGNIER_Giratoire ex gendarmerie | F57: France | I57: 0.14 | K57: 0 | M57: 0 | S57: - | T57: - | U57: - | V57: - | AB57: =IF(G57>0,$F57,"")
A58: =IF(D58="Sous-total","S",IF(G58="","","X")) | E58: REIGNIER_Carrefour Gare - Tour d'Ivoire | F58: France | I58: 0.14 | K58: 0 | M58: 0 | S58: - | T58: - | U58: - | V58: - | AB58: =IF(G58>0,$F58,"")
A59: =IF(D59="Sous-total","S",IF(G59="","","X")) | E59: REIGNIER_Carrefour Marsinge / Viaison | F59: France | I59: 0.14 | K59: 0 | M59: 0 | S59: - | T59: - | U59: - | V59: - | AB59: =IF(G59>0,$F59,"")
A60: =IF(D60="Sous-total","S",IF(G60="","","X")) -> X | E60: ARTHAZ_Giratoire lavage auto | F60: France | G60: 20 | H60: 9 | I60: 0.25 | J60: =I60*G60 -> 5 | K60: 0.15 | L60: =K60*G60 -> 3 | M60: 0.33 | N60: =IF(M60="-","-",M60*L60) -> 0.99 | S60: - | T60: - | U60: - | V60: - | AB60: =IF(G60>0,$F60,"") -> France
A61: =IF(D61="Sous-total","S",IF(G61="","","X")) | E61: COMMUNE_Carrefour | S61: - | T61: - | U61: - | V61: -
A62: =IF(D62="Sous-total","S",IF(G62="","","X")) | E62: COMMUNE_Carrefour | S62: - | T62: - | U62: - | V62: -
A63: =IF(D63="Sous-total","S",IF(G63="","","X")) | E63: COMMUNE_Carrefour | S63: - | T63: - | U63: - | V63: -
A64: =IF(D64="Sous-total","S",IF(G64="","","X")) -> S | D64: Sous-total | G64: =SUM(G50:G63) -> 159 | H64: =SUM(H50:H63) -> 95 | I64: =J64/G64 -> 0.28283019 | J64: =SUM(J50:J63) -> 44.97 | K64: =L64/G64 -> 0.11962264 | L64: =SUM(L50:L63) -> 19.02 | M64: =N64/L64 -> 0.68138801 | N64: =SUM(N50:N63) -> 12.96 | O64: =SUM(O50:O63) -> 0 | P64: =SUM(P50:P63) -> 0 | Q64: =SUM(Q50:Q63) -> 0 | R64: =SUM(R50:R63) -> 0 | S64: =SUM(S50:S63) -> 0 | T64: =SUM(T50:T63) -> 0 | U64: =SUM(U50:U63) -> 0 | V64: =SUM(V50:V63) -> 0 | AB64: =IF(G64>0,$F64,"") -> 0
A65: =IF(D65="Sous-total","S",IF(G65="","","X")) -> X | B65: Sous-total périmètre "arrière-pays" | D65: =SUM(D5:D60) -> 19 | E65: Postes de comptage | G65: =G8+G12+G34+G49+G64 -> 394 | H65: =H8+H12+H34+H49+H64 -> 235 | I65: =J65/G65 -> 0.22581218 | J65: =J8+J12+J34+J49+J64 -> 88.97 | K65: =L65/G65 -> 0.22593909 | L65: =L8+L12+L34+L49+L64 -> 89.02 | M65: =N65/(L5+L50+L51+L53+L55+L60) -> 0.42779525 | N65: =N8+N12+N34+N49+N64 -> 14.96 | O65: =O8+O12+O34+O49+O64 -> 0 | P65: =P8+P12+P34+P49+P64 -> 0 | Q65: =Q8+Q12+Q34+Q49+Q64 -> 0 | R65: =R8+R12+R34+R49+R64 -> 0 | S65: =S8+S12+S34+S49+S64 -> 0 | T65: =T8+T12+T34+T49+T64 -> 0 | U65: =U8+U12+U34+U49+U64 -> 0 | V65: =V8+V12+V34+V49+V64 -> 0 | AB65: =IF(G65>0,$F65,"") -> 0
A66: =IF(D66="Sous-total","S",IF(G66="","","X")) -> X | B66: EVAV | C66: NON | D66: 31 | E66: AMBILLY_Voie verte Pont Noir | F66: France | G66: 603 | H66: 173 | I66: 0.43 | J66: 261 | K66: 0.38 | L66: 242 | M66: - | N66: =IF(M66="-","-",M66*L66) -> - | AB66: =IF(G66>0,$F66,"") -> France
A67: =IF(D67="Sous-total","S",IF(G67="","","X")) -> X | E67: ANNEMASSE_Voie verte Jura | F67: France | G67: 354 | H67: 103 | I67: 0.4 | J67: 142 | K67: 0.42 | L67: 161 | M67: - | N67: =IF(M67="-","-",M67*L67) -> - | AB67: =IF(G67>0,$F67,"") -> France
A68: =IF(D68="Sous-total","S",IF(G68="","","X")) -> X | E68: ANNEMASSE_Devant l'agglo | F68: France | G68: 222 | H68: 66 | I68: 0.36 | J68: 137 | K68: 0.38 | L68: 88 | M68: - | N68: =IF(M68="-","-",M68*L68) -> - | AB68: =IF(G68>0,$F68,"") -> France
A69: =IF(D69="Sous-total","S",IF(G69="","","X")) -> X | E69: GAILLARD_Douane de Fossard | F69: Frontière | G69: 106 | H69: 35 | I69: 0.38 | J69: 39 | K69: 0.44 | L69: 48 | M69: - | N69: =IF(M69="-","-",M69*L69) -> - | AB69: =IF(G69>0,$F69,"") -> Frontière
A70: =IF(D70="Sous-total","S",IF(G70="","","X")) -> X | E70: ANNEMASSE_Clos Fleury | F70: France | G70: 206 | H70: 70 | I70: 0.43 | J70: 87 | K70: 0.39 | L70: 83 | M70: - | N70: =IF(M70="-","-",M70*L70) -> - | AB70: =IF(G70>0,$F70,"") -> France
A71: =IF(D71="Sous-total","S",IF(G71="","","X")) | E71: COMMUNE_Carrefour | I71: 0.43 | K71: 0.39 | M71: - | AB71: =IF(G71>0,$F71,"")
A72: =IF(D72="Sous-total","S",IF(G72="","","X")) | E72: COMMUNE_Carrefour | I72: 0.43 | K72: 0.39 | M72: - | AB72: =IF(G72>0,$F72,"")
A73: =IF(D73="Sous-total","S",IF(G73="","","X")) -> X | E73: GAILLARD_Douane de Moïllesullaz | F73: Frontière | G73: 173 | H73: 62 | I73: 0.23 | J73: 39 | K73: 0.39 | L73: 75 | M73: - | N73: =IF(M73="-","-",M73*L73) -> - | AB73: =IF(G73>0,$F73,"") -> Frontière
A74: =IF(D74="Sous-total","S",IF(G74="","","X")) | E74: COMMUNE_Carrefour
A75: =IF(D75="Sous-total","S",IF(G75="","","X")) | E75: COMMUNE_Carrefour
A76: =IF(D76="Sous-total","S",IF(G76="","","X")) | E76: COMMUNE_Carrefour
A77: =IF(D77="Sous-total","S",IF(G77="","","X")) -> S | D77: Sous-total | G77: =SUM(G66:G76) -> 1664 | H77: =SUM(H66:H76) -> 509 | I77: =J77/G77 -> 0.42367788 | J77: =SUM(J66:J76) -> 705 | K77: =L77/G77 -> 0.41887019 | L77: =SUM(L66:L76) -> 697 | M77: =N77/L77 -> 0 | N77: =SUM(N66:N76) -> 0 | O77: =SUM(O66:O76) -> 0 | P77: =SUM(P66:P76) -> 0 | Q77: =SUM(Q66:Q76) -> 0 | R77: =SUM(R66:R76) -> 0 | S77: =SUM(S66:S76) -> 0 | T77: =SUM(T66:T76) -> 0 | U77: =SUM(U66:U76) -> 0 | V77: =SUM(V66:V76) -> 0 | AB77: =IF(G77>0,$F77,"") -> 0
A78: =IF(D78="Sous-total","S",IF(G78="","","X")) | B78: Le Préau | C78: NON | E78: ST-JULIEN_Douane piét. (chemin de Chécande) | F78: Frontière | I78: 0.63636364 | K78: 0.24242424 | M78: 0.875 | X78: Compté par Salève Vivant en 2021 sous le nom Charrot | AB78: =IF(G78>0,$F78,"")
A79: =IF(D79="Sous-total","S",IF(G79="","","X")) | E79: ST-JULIEN_Douane piét. (chemin de Lathoy) | F79: Frontière | I79: 0.60227273 | K79: 0.36363636 | M79: 0.84375 | AB79: =IF(G79>0,$F79,"")
A80: =IF(D80="Sous-total","S",IF(G80="","","X")) | E80: COMMUNE_Carrefour | I80: 0.64285714 | K80: 0.5 | M80: 0.57142857 | AB80: =IF(G80>0,$F80,"")
A81: =IF(D81="Sous-total","S",IF(G81="","","X")) | E81: COMMUNE_Carrefour | I81: 0.65217391 | K81: 0.47826087 | M81: 0.72727273 | AB81: =IF(G81>0,$F81,"")
A82: =IF(D82="Sous-total","S",IF(G82="","","X")) | E82: COMMUNE_Carrefour | I82: 0.65217391 | K82: 0.47826087 | M82: 0.72727273 | AB82: =IF(G82>0,$F82,"")
A83: =IF(D83="Sous-total","S",IF(G83="","","X")) | E83: COMMUNE_Carrefour | I83: 0.65217391 | K83: 0.47826087 | M83: 0.72727273 | AB83: =IF(G83>0,$F83,"")
A84: =IF(D84="Sous-total","S",IF(G84="","","X")) | E84: COMMUNE_Carrefour | I84: 0.5 | K84: 0.47222222 | M84: 0.76470588 | AB84: =IF(G84>0,$F84,"")
A85: =IF(D85="Sous-total","S",IF(G85="","","X")) -> S | D85: Sous-total | G85: =SUM(G78:G84) -> 0 | H85: =SUM(H78:H84) -> 0 | I85: =J85/G85 -> #DIV/0! | J85: =SUM(J78:J84) -> 0 | K85: =L85/G85 -> #DIV/0! | L85: =SUM(L78:L84) -> 0 | M85: =N85/L85 -> #DIV/0! | N85: =SUM(N78:N84) -> 0 | S85: =SUM(S78:S84) -> 0 | T85: =SUM(T78:T84) -> 0 | U85: =SUM(U78:U84) -> 0 | V85: =SUM(V78:V84) -> 0 | AB85: =IF(G85>0,$F85,"")
A86: =IF(D86="Sous-total","S",IF(G86="","","X")) -> X | B86: Salève Vivant | C86: NON | D86: 12 | E86: ARCHAMPS_Douane de Landecy | F86: Frontière | G86: 33 | H86: 33 | I86: 0.63636364 | J86: =I86*G86 -> 21 | K86: 0.24242424 | L86: =K86*G86 -> 8 | M86: 0.875 | N86: =IF(M86="-","-",M86*L86) -> 7 | S86: 33 | T86: 33 | U86: 0 | V86: 0 | AB86: =IF(G86>0,$F86,"") -> Frontière
A87: =IF(D87="Sous-total","S",IF(G87="","","X")) -> X | E87: COLLONGES_Douane de Croix de Rozon | F87: Frontière | G87: 88 | H87: 88 | I87: 0.60227273 | J87: =I87*G87 -> 53 | K87: 0.36363636 | L87: =K87*G87 -> 32 | M87: 0.84375 | N87: =IF(M87="-","-",M87*L87) -> 27 | S87: 78 | T87: 78 | U87: 10 | V87: 10 | AB87: =IF(G87>0,$F87,"") -> Frontière
A88: =IF(D88="Sous-total","S",IF(G88="","","X")) -> X | E88: BOSSEY_Douane de Pierre-Grand | F88: Frontière | G88: 14 | H88: 14 | I88: 0.64285714 | J88: =I88*G88 -> 9 | K88: 0.5 | L88: =K88*G88 -> 7 | M88: 0.57142857 | N88: =IF(M88="-","-",M88*L88) -> 4 | S88: 14 | T88: 14 | U88: 0 | V88: 0 | AB88: =IF(G88>0,$F88,"") -> Frontière
A89: =IF(D89="Sous-total","S",IF(G89="","","X")) -> X | E89: BOSSEY_Douane de Troinex/Bossey | F89: Frontière | G89: 23 | H89: 23 | I89: 0.65217391 | J89: =I89*G89 -> 15 | K89: 0.47826087 | L89: =K89*G89 -> 11 | M89: 0.72727273 | N89: =IF(M89="-","-",M89*L89) -> 8 | S89: 20 | T89: 20 | U89: 3 | V89: 3 | AB89: =IF(G89>0,$F89,"") -> Frontière
A90: =IF(D90="Sous-total","S",IF(G90="","","X")) | E90: COLLONGES_Passage parking du Marché | F90: Frontière | I90: 0.65217391 | K90: 0.47826087 | M90: 0.72727273 | AB90: =IF(G90>0,$F90,"")
A91: =IF(D91="Sous-total","S",IF(G91="","","X")) | E91: COMMUNE_Carrefour | I91: 0.65217391 | K91: 0.47826087 | M91: 0.72727273 | AB91: =IF(G91>0,$F91,"")
A92: =IF(D92="Sous-total","S",IF(G92="","","X")) | E92: COMMUNE_Carrefour
A93: =IF(D93="Sous-total","S",IF(G93="","","X")) | E93: COMMUNE_Carrefour
A94: =IF(D94="Sous-total","S",IF(G94="","","X")) | E94: COMMUNE_Carrefour
A95: =IF(D95="Sous-total","S",IF(G95="","","X")) -> S | D95: Sous-total | G95: =SUM(G86:G94) -> 158 | H95: =SUM(H86:H94) -> 158 | I95: =J95/G95 -> 0.62025316 | J95: =SUM(J86:J94) -> 98 | K95: =L95/G95 -> 0.36708861 | L95: =SUM(L86:L94) -> 58 | M95: =N95/L95 -> 0.79310345 | N95: =SUM(N86:N94) -> 46 | O95: =SUM(O86:O94) -> 0 | P95: =SUM(P86:P94) -> 0 | Q95: =SUM(Q86:Q94) -> 0 | R95: =SUM(R86:R94) -> 0 | S95: =SUM(S86:S94) -> 145 | T95: =SUM(T86:T94) -> 145 | U95: =SUM(U86:U94) -> 13 | V95: =SUM(V86:V94) -> 13 | AB95: =IF(G95>0,$F95,"") -> 0
A96: =IF(D96="Sous-total","S",IF(G96="","","X")) -> X | B96: Groupe St-Julien | C96: NON | D96: 10 | E96: ST-JULIEN_Douane de Perly | F96: Frontière | G96: 59 | H96: =G96 -> 59 | I96: 0.51 | J96: =I96*G96 -> 30.09 | K96: 0.44 | L96: =K96*G96 -> 25.96 | M96: 0.62 | N96: =IF(M96="-","-",M96*L96) -> 16.0952 | AB96: =IF(G96>0,$F96,"") -> Frontière
A97: =IF(D97="Sous-total","S",IF(G97="","","X")) -> X | E97: ST-JULIEN_Passage douanier des Crottes | F97: Frontière | G97: 45 | H97: =G97 -> 45 | I97: 0.58 | J97: =I97*G97 -> 26.1 | K97: 0.44 | L97: =K97*G97 -> 19.8 | M97: 0.65 | N97: =IF(M97="-","-",M97*L97) -> 12.87 | AB97: =IF(G97>0,$F97,"") -> Frontière
A98: =IF(D98="Sous-total","S",IF(G98="","","X")) -> X | E98: ST-JULIEN_Paguette (chemin de l'Aire) | F98: Frontière | G98: 16 | H98: =G98 -> 16 | I98: 0.44 | J98: =I98*G98 -> 7.04 | K98: 0.31 | L98: =K98*G98 -> 4.96 | M98: 0.4 | N98: =IF(M98="-","-",M98*L98) -> 1.984 | AB98: =IF(G98>0,$F98,"") -> Frontière
A99: =IF(D99="Sous-total","S",IF(G99="","","X")) -> X | E99: ST-JULIEN_Douane de Certoux (rte Thérens) | F99: Frontière | G99: 31 | H99: =G99 -> 31 | I99: 0.29 | J99: =I99*G99 -> 8.99 | K99: 0.32 | L99: =K99*G99 -> 9.92 | M99: 0.3 | N99: =IF(M99="-","-",M99*L99) -> 2.976 | AB99: =IF(G99>0,$F99,"") -> Frontière
A100: =IF(D100="Sous-total","S",IF(G100="","","X")) -> X | E100: ST-JULIEN_Douane de Soral 1 | F100: Frontière | G100: 3 | H100: =G100 -> 3 | I100: 0 | J100: =I100*G100 -> 0 | K100: 0 | L100: =K100*G100 -> 0 | M100: - | N100: =IF(M100="-","-",M100*L100) -> - | AB100: =IF(G100>0,$F100,"") -> Frontière
A101: =IF(D101="Sous-total","S",IF(G101="","","X")) -> X | E101: VIRY_Douane de Soral 2 | F101: Frontière | G101: 13 | H101: =G101 -> 13 | I101: 0.23 | J101: =I101*G101 -> 2.99 | K101: 0.15 | L101: =K101*G101 -> 1.95 | M101: 0.5 | N101: =IF(M101="-","-",M101*L101) -> 0.975 | AB101: =IF(G101>0,$F101,"") -> Frontière
A102: =IF(D102="Sous-total","S",IF(G102="","","X")) | E102: VIRY_Malagny | F102: Frontière | AB102: =IF(G102>0,$F102,"")
...

Sheet 2021
E1: 7
A2: S | B2: Association(s) | C2: Arrière-pays | D2: Nombre de bénévoles | E2: Postes de comptage | F2: France / Suisse / Frontière | G2: Nombre de vélos | I2: % VAE dans le total | J2: NB VAE dans le total | K2: % femmes dans le total | L2: NB de femmes dans le total | M2: % de VAE chez les femmes | N2: NB de VAE chez les femmes | O2: Autres modes | Q2: Piétons | S2: > Suisse | U2: > France
A3: S
A4: S | G4: total | H4: HP | O4: total | P4: HP | Q4: total | R4: HP | S4: total | T4: HP | U4: total | V4: HP | AB4: 2020
A5: =IF(D5="Sous-total","S",IF(G5="","","X")) -> X | B5: UP Cluses | C5: OUI | D5: 2 | E5: CLUSES_Passerelle de Messy | F5: France | G5: 102 | H5: 94 | I5: =J5/G5 -> 0.019607843 | J5: 2 | K5: =L5/G5 -> 0.17647059 | L5: 18 | M5: =IF(N5="-","-",N5/L5) -> 0.11111111 | N5: 2 | AB5: =IF(G5>0,$F5,"") -> France
A6: =IF(D6="Sous-total","S",IF(G6="","","X")) | E6: COMMUNE_Carrefour
A7: =IF(D7="Sous-total","S",IF(G7="","","X")) | E7: COMMUNE_Carrefour
A8: =IF(D8="Sous-total","S",IF(G8="","","X")) -> S | D8: Sous-total | G8: =SUM(G5:G7) -> 102 | H8: =SUM(H5:H7) -> 94 | I8: =J8/G8 -> 0.019607843 | J8: =SUM(J5:J7) -> 2 | K8: =L8/G8 -> 0.17647059 | L8: =SUM(L5:L7) -> 18 | M8: =N8/L8 -> 0.11111111 | N8: =SUM(N5:N7) -> 2 | O8: =SUM(O5:O7) -> 0 | P8: =SUM(P5:P7) -> 0 | Q8: =SUM(Q5:Q7) -> 0 | R8: =SUM(R5:R7) -> 0 | S8: =SUM(S5:S7) -> 0 | T8: =SUM(T5:T7) -> 0 | U8: =SUM(U5:U7) -> 0 | V8: =SUM(V5:V7) -> 0
A9: =IF(D9="Sous-total","S",IF(G9="","","X")) | B9: L'Abeille (Contamine) | C9: OUI | E9: BONNE_Loëx (sous voie rapide) | F9: France | I9: =J9/G9 -> #DIV/0! | K9: =L9/G9 -> #DIV/0! | M9: =IF(N9="-","-",N9/L9) -> #DIV/0! | AB9: =IF(G9>0,$F9,"")
A10: =IF(D10="Sous-total","S",IF(G10="","","X"))
A11: =IF(D11="Sous-total","S",IF(G11="","","X"))
A12: =IF(D12="Sous-total","S",IF(G12="","","X")) -> S | D12: Sous-total | G12: =SUM(G9:G11) -> 0 | H12: =SUM(H9:H11) -> 0 | I12: =J12/G12 -> #DIV/0! | J12: =SUM(J9:J11) -> 0 | K12: =L12/G12 -> #DIV/0! | L12: =SUM(L9:L11) -> 0 | M12: =N12/L12 -> #DIV/0! | N12: =SUM(N9:N11) -> 0 | O12: =SUM(O9:O11) -> 0 | P12: =SUM(P9:P11) -> 0 | Q12: =SUM(Q9:Q11) -> 0 | R12: =SUM(R9:R11) -> 0 | S12: =SUM(S9:S11) -> 0 | T12: =SUM(T9:T11) -> 0 | U12: =SUM(U9:U11) -> 0 | V12: =SUM(V9:V11) -> 0
A13: =IF(D13="Sous-total","S",IF(G13="","","X")) | B13: AMDC (Chablais) | C13: OUI | E13: ALLINGES_Rond point des Fleysets | F13: France | I13: =J13/G13 -> #DIV/0! | K13: =L13/G13 -> #DIV/0! | M13: =IF(N13="-","-",N13/L13) -> - | N13: - | O13: - | P13: - | Q13: - | R13: - | S13: - | T13: - | U13: - | V13: - | AB13: =IF(G13>0,$F13,"")
A14: =IF(D14="Sous-total","S",IF(G14="","","X")) | E14: BONS_Gare | F14: France | I14: =J14/G14 -> #DIV/0! | K14: =L14/G14 -> #DIV/0! | M14: =IF(N14="-","-",N14/L14) -> - | N14: - | O14: - | P14: - | Q14: - | R14: - | S14: - | T14: - | U14: - | V14: - | AB14: =IF(G14>0,$F14,"")
A15: =IF(D15="Sous-total","S",IF(G15="","","X")) | E15: DOUVAINE_Mairie | F15: France | I15: =J15/G15 -> #DIV/0! | K15: =L15/G15 -> #DIV/0! | M15: =IF(N15="-","-",N15/L15) -> - | N15: - | O15: - | P15: - | Q15: - | R15: - | S15: - | T15: - | U15: - | V15: - | AB15: =IF(G15>0,$F15,"")
A16: =IF(D16="Sous-total","S",IF(G16="","","X")) | E16: EVIAN_Gare | F16: France | I16: =J16/G16 -> #DIV/0! | K16: =L16/G16 -> #DIV/0! | M16: =IF(N16="-","-",N16/L16) -> - | N16: - | O16: - | P16: - | Q16: - | R16: - | S16: - | T16: - | U16: - | V16: - | AB16: =IF(G16>0,$F16,"")
A17: =IF(D17="Sous-total","S",IF(G17="","","X")) | E17: PERRIGNIER_Gare | F17: France | I17: =J17/G17 -> #DIV/0! | K17: =L17/G17 -> #DIV/0! | M17: =IF(N17="-","-",N17/L17) -> - | N17: - | O17: - | P17: - | Q17: - | R17: - | S17: - | T17: - | U17: - | V17: - | AB17: =IF(G17>0,$F17,"")
A18: =IF(D18="Sous-total","S",IF(G18="","","X")) | E18: THONON_Embarcadère CGN | F18: Frontière | I18: =J18/G18 -> #DIV/0! | K18: =L18/G18 -> #DIV/0! | M18: =IF(N18="-","-",N18/L18) -> - | N18: - | O18: - | P18: - | Q18: - | R18: - | S18: - | T18: - | U18: - | V18: - | AB18: =IF(G18>0,$F18,"")
A19: =IF(D19="Sous-total","S",IF(G19="","","X")) | E19: THONON_Entrée côté place de Crête | F19: France | I19: =J19/G19 -> #DIV/0! | K19: =L19/G19 -> #DIV/0! | M19: =IF(N19="-","-",N19/L19) -> - | N19: - | O19: - | P19: - | Q19: - | R19: - | S19: - | T19: - | U19: - | V19: - | AB19: =IF(G19>0,$F19,"")
A20: =IF(D20="Sous-total","S",IF(G20="","","X")) | E20: THONON_Parvis de la gare | F20: France | I20: =J20/G20 -> #DIV/0! | K20: =L20/G20 -> #DIV/0! | M20: =IF(N20="-","-",N20/L20) -> - | N20: - | O20: - | P20: - | Q20: - | R20: - | S20: - | T20: - | U20: - | V20: - | AB20: =IF(G20>0,$F20,"")
A21: =IF(D21="Sous-total","S",IF(G21="","","X")) | E21: THONON_Avenue d’Evian | F21: France | I21: =J21/G21 -> #DIV/0! | K21: =L21/G21 -> #DIV/0! | M21: =IF(N21="-","-",N21/L21) -> - | N21: - | O21: - | P21: - | Q21: - | R21: - | S21: - | T21: - | U21: - | V21: - | AB21: =IF(G21>0,$F21,"")
A22: =IF(D22="Sous-total","S",IF(G22="","","X")) | E22: THONON_Carrefour Libération | F22: France | I22: =J22/G22 -> #DIV/0! | K22: =L22/G22 -> #DIV/0! | M22: =IF(N22="-","-",N22/L22) -> - | N22: - | O22: - | P22: - | Q22: - | R22: - | S22: - | T22: - | U22: - | V22: - | AB22: =IF(G22>0,$F22,"")
A23: =IF(D23="Sous-total","S",IF(G23="","","X")) | E23: THONON_Collège Champagne | F23: France | I23: =J23/G23 -> #DIV/0! | K23: =L23/G23 -> #DIV/0! | M23: =IF(N23="-","-",N23/L23) -> - | N23: - | O23: - | P23: - | Q23: - | R23: - | S23: - | T23: - | U23: - | V23: - | AB23: =IF(G23>0,$F23,"")
A24: =IF(D24="Sous-total","S",IF(G24="","","X")) | E24: THONON_Ecole Jule Ferry | F24: France | I24: =J24/G24 -> #DIV/0! | K24: =L24/G24 -> #DIV/0! | M24: =IF(N24="-","-",N24/L24) -> - | N24: - | O24: - | P24: - | Q24: - | R24: - | S24: - | T24: - | U24: - | V24: - | AB24: =IF(G24>0,$F24,"")
A25: =IF(D25="Sous-total","S",IF(G25="","","X")) | E25: THONON_Rond point J. Ferry G Andrier Pl des Arts Bld du Canal | F25: France | I25: =J25/G25 -> #DIV/0! | K25: =L25/G25 -> #DIV/0! | M25: =IF(N25="-","-",N25/L25) -> - | N25: - | O25: - | P25: - | Q25: - | R25: - | S25: - | T25: - | U25: - | V25: - | AB25: =IF(G25>0,$F25,"")
... A28: =IF(D28="Sous-total","S",IF(G28="","","X")) | E28: VEIGY_Douane | F28: Frontière | I28: =J28/G28 -> #DIV/0! | K28: =L28/G28 -> #DIV/0! | M28: =IF(N28="-","-",N28/L28) -> - | N28: - | O28: - | P28: - | Q28: - | R28: - | S28: - | T28: - | U28: - | V28: - | AB28: =IF(G28>0,$F28,"")
A29: =IF(D29="Sous-total","S",IF(G29="","","X")) | E29: COMMUNE_Carrefour
A30: =IF(D30="Sous-total","S",IF(G30="","","X")) | E30: COMMUNE_Carrefour
A31: =IF(D31="Sous-total","S",IF(G31="","","X")) | E31: COMMUNE_Carrefour
A32: =IF(D32="Sous-total","S",IF(G32="","","X")) | E32: COMMUNE_Carrefour
A33: =IF(D33="Sous-total","S",IF(G33="","","X")) | E33: COMMUNE_Carrefour
A34: =IF(D34="Sous-total","S",IF(G34="","","X")) -> S | D34: Sous-total | G34: =SUM(G13:G33) -> 0 | H34: =SUM(H13:H33) -> 0 | I34: =J34/G34 -> #DIV/0! | J34: =SUM(J13:J33) -> 0 | K34: =L34/G34 -> #DIV/0! | L34: =SUM(L13:L33) -> 0 | M34: =N34/L34 -> #DIV/0! | N34: =SUM(N13:N33) -> 0 | O34: =SUM(O13:O33) -> 0 | P34: =SUM(P13:P33) -> 0 | Q34: =SUM(Q13:Q33) -> 0 | R34: =SUM(R13:R33) -> 0 | S34: =SUM(S13:S33) -> 0 | T34: =SUM(T13:T33) -> 0 | U34: =SUM(U13:U33) -> 0 | V34: =SUM(V13:V33) -> 0 | AB34: =IF(G34>0,$F34,"")
A35: =IF(D35="Sous-total","S",IF(G35="","","X")) -> X | B35: NatEnv (Nature Environnement en Pays rochois) Fabrique à Biclou Pays rochois en Transition | C35: OUI | D35: 9 | E35: LA ROCHE_Carrefour Biocoop | F35: France | G35: 76 | H35: 50 | I35: =J35/G35 -> 0.22368421 | J35: 17 | K35: =L35/G35 -> 0.36842105 | L35: 28 | M35: =IF(N35="-","-",N35/L35) -> - | N35: - | O35: - | P35: - | Q35: - | R35: - | S35: - | T35: - | U35: - | V35: - | AB35: =IF(G35>0,$F35,"") -> France
A36: =IF(D36="Sous-total","S",IF(G36="","","X")) -> X | E36: LA ROCHE_Giratoire La Poste | F36: France | G36: 45 | H36: 27 | I36: =J36/G36 -> 0.46666667 | J36: 21 | K36: =L36/G36 -> 0.31111111 | L36: 14 | M36: =IF(N36="-","-",N36/L36) -> - | N36: - | O36: - | P36: - | Q36: - | R36: - | S36: - | T36: - | U36: - | V36: - | AB36: =IF(G36>0,$F36,"") -> France
A37: =IF(D37="Sous-total","S",IF(G37="","","X")) -> X | E37: LA ROCHE_Giratoire ENILV | F37: France | G37: 16 | H37: 10 | I37: =J37/G37 -> 0.3125 | J37: 5 | K37: =L37/G37 -> 0.1875 | L37: 3 | M37: =IF(N37="-","-",N37/L37) -> - | N37: - | O37: - | P37: - | Q37: - | R37: - | S37: - | T37: - | U37: - | V37: - | AB37: =IF(G37>0,$F37,"") -> France
A38: =IF(D38="Sous-total","S",IF(G38="","","X")) -> X | E38: LA ROCHE_Gare Passage à niveau (new 2021) | F38: France | G38: 56 | H38: 36 | I38: =J38/G38 -> 0.21428571 | J38: 12 | K38: =L38/G38 -> 0.17857143 | L38: 10 | M38: =IF(N38="-","-",N38/L38) -> - | N38: - | O38: - | P38: - | Q38: - | R38: - | AB38: =IF(G38>0,$F38,"") -> France
A39: =IF(D39="Sous-total","S",IF(G39="","","X")) -> X | E39: ARENTHON_La Papeterie | F39: France | G39: 13 | H39: 8 | I39: =J39/G39 -> 0.53846154 | J39: 7 | K39: =L39/G39 -> 0.46153846 | L39: 6 | M39: =IF(N39="-","-",N39/L39) -> - | N39: - | O39: - | P39: - | Q39: - | R39: - | S39: - | T39: - | U39: - | V39: - | AB39: =IF(G39>0,$F39,"") -> France
A40: =IF(D40="Sous-total","S",IF(G40="","","X")) -> X | E40: ST-PIERRE_Franchissement Borne-Dessy | F40: France | G40: 24 | H40: 20 | I40: =J40/G40 -> 0.29166667 | J40: 7 | K40: =L40/G40 -> 0.29166667 | L40: 7 | M40: =IF(N40="-","-",N40/L40) -> - | N40: - | O40: - | P40: - | Q40: - | R40: - | S40: - | T40: - | U40: - | V40: - | AB40: =IF(G40>0,$F40,"") -> France
A41: =IF(D41="Sous-total","S",IF(G41="","","X")) -> X | E41: BONNEVILLE_Franchissement Borne-Tucinge | F41: France | G41: 33 | H41: 25 | I41: =J41/G41 -> 0 | J41: 0 | K41: =L41/G41 -> 0.21212121 | L41: 7 | M41: =IF(N41="-","-",N41/L41) -> - | N41: - | O41: - | P41: - | Q41: - | R41: - | S41: - | T41: - | U41: - | V41: - | AB41: =IF(G41>0,$F41,"") -> France
A42: =IF(D42="Sous-total","S",IF(G42="","","X")) -> X | E42: ST-PIERRE_Pont principal sur le Borne | F42: France | G42: 32 | H42: 17 | I42: =J42/G42 -> 0.15625 | J42: 5 | K42: =L42/G42 -> 0.375 | L42: 12 | M42: =IF(N42="-","-",N42/L42) -> - | N42: - | O42: - | P42: - | Q42: - | R42: - | S42: - | T42: - | U42: - | V42: - | AB42: =IF(G42>0,$F42,"") -> France
A43: =IF(D43="Sous-total","S",IF(G43="","","X")) | E43: AMANCY Sous-terrain Vozerier (new 2022) | F43: France | I43: =J43/G43 -> #DIV/0! | K43: =L43/G43 -> #DIV/0! | M43: =IF(N43="-","-",N43/L43) -> - | N43: - | O43: - | P43: - | Q43: - | R43: - | AB43: =IF(G43>0,$F43,"")
A44: =IF(D44="Sous-total","S",IF(G44="","","X")) | E44: ST-PIERRE M. Bricolage | F44: France | I44: =J44/G44 -> #DIV/0! | K44: =L44/G44 -> #DIV/0! | M44: =IF(N44="-","-",N44/L44) -> - | N44: - | O44: - | P44: - | Q44: - | R44: - | AB44: =IF(G44>0,$F44,"")
A45: =IF(D45="Sous-total","S",IF(G45="","","X")) | E45: AMANCY_Giratoire Coriandre | F45: France | I45: =J45/G45 -> #DIV/0! | K45: =L45/G45 -> #DIV/0! | M45: =IF(N45="-","-",N45/L45) -> - | N45: - | O45: - | P45: - | Q45: - | R45: - | S45: - | T45: - | U45: - | V45: - | AB45: =IF(G45>0,$F45,"")
A46: =IF(D46="Sous-total","S",IF(G46="","","X")) | E46: COMMUNE_Carrefour
A47: =IF(D47="Sous-total","S",IF(G47="","","X")) | E47: COMMUNE_Carrefour
A48: =IF(D48="Sous-total","S",IF(G48="","","X")) | E48: COMMUNE_Carrefour
A49: =IF(D49="Sous-total","S",IF(G49="","","X")) -> S | D49: Sous-total | G49: =SUM(G35:G48) -> 295 | H49: =SUM(H35:H48) -> 193 | I49: =J49/G49 -> 0.25084746 | J49: =SUM(J35:J48) -> 74 | K49: =L49/G49 -> 0.29491525 | L49: =SUM(L35:L48) -> 87 | M49: =N49/L49 -> 0 | N49: =SUM(N35:N48) -> 0 | O49: =SUM(O35:O48) -> 0 | P49: =SUM(P35:P48) -> 0 | Q49: =SUM(Q35:Q48) -> 0 | R49: =SUM(R35:R48) -> 0 | S49: =SUM(S35:S48) -> 0 | T49: =SUM(T35:T48) -> 0 | U49: =SUM(U35:U48) -> 0 | V49: =SUM(V35:V48) -> 0 | AB49: =IF(G49>0,$F49,"") -> 0
A50: =IF(D50="Sous-total","S",IF(G50="","","X")) -> X | B50: AERE (Association Environnement Reignier-Esery) | C50: OUI | D50: 9 | E50: ETREMBIERES_Giratoire ex PN93 | F50: France | G50: 46 | H50: 32 | I50: =J50/G50 -> 0.65217391 | J50: 30 | K50: =L50/G50 -> 0.19565217 | L50: 9 | M50: =IF(N50="-","-",N50/L50) -> 1 | N50: 9 | O50: - | P50: - | Q50: - | R50: - | S50: - | T50: - | U50: - | V50: - | AB50: =IF(G50>0,$F50,"") -> France
A51: =IF(D51="Sous-total","S",IF(G51="","","X")) -> X | E51: ETREMBIERES_Carrefour sous Château | F51: France | G51: 28 | H51: 17 | I51: =J51/G51 -> 0.64285714 | J51: 18 | K51: =L51/G51 -> 0.32142857 | L51: 9 | M51: =IF(N51="-","-",N51/L51) -> 0.77777778 | N51: 7 | O51: - | P51: - | Q51: - | R51: - | S51: - | T51: - | U51: - | V51: - | AB51: =IF(G51>0,$F51,"") -> France
A52: =IF(D52="Sous-total","S",IF(G52="","","X")) -> X | E52: SCIENTRIER_Carrefour Tour de Bellecombe | F52: France | G52: 5 | H52: 5 | I52: =J52/G52 -> 0.6 | J52: 3 | K52: =L52/G52 -> 0.2 | L52: 1 | M52: =IF(N52="-","-",N52/L52) -> 1 | N52: 1 | O52: - | P52: - | Q52: - | R52: - | S52: - | T52: - | U52: - | V52: - | AB52: =IF(G52>0,$F52,"") -> France
A53: =IF(D53="Sous-total","S",IF(G53="","","X")) -> X | E53: REIGNIER_Giratoire église | F53: France | G53: 45 | H53: 26 | I53: =J53/G53 -> 0.26666667 | J53: 12 | K53: =L53/G53 -> 0.26666667 | L53: 12 | M53: =IF(N53="-","-",N53/L53) -> 0.25 | N53: 3 | O53: - | P53: - | Q53: - | R53: - | S53: - | T53: - | U53: - | V53: - | AB53: =IF(G53>0,$F53,"") -> France
A54: =IF(D54="Sous-total","S",IF(G54="","","X")) -> X | E54: REIGNIER_Giratoire Foron | F54: France | G54: 14 | H54: 9 | I54: =J54/G54 -> 0.21428571 | J54: 3 | K54: =L54/G54 -> 0.14285714 | L54: 2 | M54: =IF(N54="-","-",N54/L54) -> 0.5 | N54: 1 | O54: - | P54: - | Q54: - | R54: - | S54: - | T54: - | U54: - | V54: - | AB54: =IF(G54>0,$F54,"") -> France
A55: =IF(D55="Sous-total","S",IF(G55="","","X")) -> X | E55: REIGNIER_Giratoire La Forge | F55: France | G55: 31 | H55: 23 | I55: =J55/G55 -> 0.5483871 | J55: 17 | K55: =L55/G55 -> 0.16129032 | L55: 5 | M55: =IF(N55="-","-",N55/L55) -> 1 | N55: 5 | O55: - | P55: - | Q55: - | R55: - | S55: - | T55: - | U55: - | V55: - | AB55: =IF(G55>0,$F55,"") -> France
A56: =IF(D56="Sous-total","S",IF(G56="","","X")) -> X | E56: PERS-JUSSY_Giratoire Casino | F56: France | G56: 12 | H56: 7 | I56: =J56/G56 -> 0.33333333 | J56: 4 | K56: =L56/G56 -> 0.33333333 | L56: 4 | M56: =IF(N56="-","-",N56/L56) -> 0.5 | N56: 2 | O56: - | P56: - | Q56: - | R56: - | S56: - | T56: - | U56: - | V56: - | AB56: =IF(G56>0,$F56,"") -> France
A57: =IF(D57="Sous-total","S",IF(G57="","","X")) | E57: REIGNIER_Giratoire ex gendarmerie | F57: France | I57: =J57/G57 -> #DIV/0! | K57: =L57/G57 -> #DIV/0! | M57: =IF(N57="-","-",N57/L57) -> #DIV/0! | S57: - | T57: - | U57: - | V57: - | AB57: =IF(G57>0,$F57,"")
A58: =IF(D58="Sous-total","S",IF(G58="","","X")) | E58: REIGNIER_Carrefour Gare - Tour d'Ivoire | F58: France | I58: =J58/G58 -> #DIV/0! | K58: =L58/G58 -> #DIV/0! | M58: =IF(N58="-","-",N58/L58) -> #DIV/0! | S58: - | T58: - | U58: - | V58: - | AB58: =IF(G58>0,$F58,"")
A59: =IF(D59="Sous-total","S",IF(G59="","","X")) | E59: REIGNIER_Carrefour Marsinge / Viaison | F59: France | I59: =J59/G59 -> #DIV/0! | K59: =L59/G59 -> #DIV/0! | M59: =IF(N59="-","-",N59/L59) -> #DIV/0! | O59: - | P59: - | Q59: - | R59: - | S59: - | T59: - | U59: - | V59: - | AB59: =IF(G59>0,$F59,"")
A60: =IF(D60="Sous-total","S",IF(G60="","","X")) -> X | E60: ARTHAZ_Giratoire lavage auto | F60: France | G60: 17 | H60: 9 | I60: =J60/G60 -> 0.41176471 | J60: 7 | K60: =L60/G60 -> 0.23529412 | L60: 4 | M60: =IF(N60="-","-",N60/L60) -> 0.25 | N60: 1 | O60: - | P60: - | Q60: - | R60: - | S60: - | T60: - | U60: - | V60: - | AB60: =IF(G60>0,$F60,"") -> France
A61: =IF(D61="Sous-total","S",IF(G61="","","X")) | E61: COMMUNE_Carrefour | S61: - | T61: - | U61: - | V61: -
A62: =IF(D62="Sous-total","S",IF(G62="","","X")) | E62: COMMUNE_Carrefour | S62: - | T62: - | U62: - | V62: -
A63: =IF(D63="Sous-total","S",IF(G63="","","X")) | E63: COMMUNE_Carrefour | S63: - | T63: - | U63: - | V63: -
A64: =IF(D64="Sous-total","S",IF(G64="","","X")) -> S | D64: Sous-total | G64: =SUM(G50:G63) -> 198 | H64: =SUM(H50:H63) -> 128 | I64: =J64/G64 -> 0.47474747 | J64: =SUM(J50:J63) -> 94 | K64: =L64/G64 -> 0.23232323 | L64: =SUM(L50:L63) -> 46 | M64: =N64/L64 -> 0.63043478 | N64: =SUM(N50:N63) -> 29 | O64: =SUM(O50:O63) -> 0 | P64: =SUM(P50:P63) -> 0 | Q64: =SUM(Q50:Q63) -> 0 | R64: =SUM(R50:R63) -> 0 | S64: =SUM(S50:S63) -> 0 | T64: =SUM(T50:T63) -> 0 | U64: =SUM(U50:U63) -> 0 | V64: =SUM(V50:V63) -> 0 | AB64: =IF(G64>0,$F64,"") -> 0
A65: =IF(D65="Sous-total","S",IF(G65="","","X")) -> X | B65: Sous-total périmètre "arrière-pays" | D65: =SUM(D5:D60) -> 20 | E65: Postes de comptage | G65: =G8+G12+G34+G49+G64 -> 595 | H65: =H8+H12+H34+H49+H64 -> 415 | I65: =J65/G65 -> 0.28571429 | J65: =J8+J12+J34+J49+J64 -> 170 | K65: =L65/G65 -> 0.25378151 | L65: =L8+L12+L34+L49+L64 -> 151 | M65: =N65/(L5+SUM(L50:L60)) -> 0.484375 | N65: =N8+N12+N34+N49+N64 -> 31 | O65: =O8+O12+O34+O49+O64 -> 0 | P65: =P8+P12+P34+P49+P64 -> 0 | Q65: =Q8+Q12+Q34+Q49+Q64 -> 0 | R65: =R8+R12+R34+R49+R64 -> 0 | S65: =S8+S12+S34+S49+S64 -> 0 | T65: =T8+T12+T34+T49+T64 -> 0 | U65: =U8+U12+U34+U49+U64 -> 0 | V65: =V8+V12+V34+V49+V64 -> 0 | AB65: =IF(G65>0,$F65,"") -> 0
A66: =IF(D66="Sous-total","S",IF(G66="","","X")) | B66: EVAV (En Ville A Vélo) | C66: NON | D66: 6 | E66: AMBILLY_Voie verte Pont Noir | F66: France | I66: =J66/G66 -> #DIV/0! | K66: =L66/G66 -> #DIV/0! | M66: =IF(N66="-","-",N66/L66) -> - | N66: - | O66: - | P66: - | Q66: - | R66: - | AB66: =IF(G66>0,$F66,"")
A67: =IF(D67="Sous-total","S",IF(G67="","","X")) | E67: ANNEMASSE_Voie verte Jura | F67: France | I67: =J67/G67 -> #DIV/0! | K67: =L67/G67 -> #DIV/0! | M67: =IF(N67="-","-",N67/L67) -> - | N67: - | O67: - | P67: - | Q67: - | R67: - | AB67: =IF(G67>0,$F67,"")
A68: =IF(D68="Sous-total","S",IF(G68="","","X")) -> X | E68: ANNEMASSE_Devant l'agglo | F68: France | G68: 228 | H68: 125 | I68: =J68/G68 -> 0.39473684 | J68: 90 | K68: =L68/G68 -> 0.39912281 | L68: 91 | M68: =IF(N68="-","-",N68/L68) -> - | N68: - | O68: - | P68: - | Q68: - | R68: - | S68: - | T68: - | U68: - | V68: - | AB68: =IF(G68>0,$F68,"") -> France
A69: =IF(D69="Sous-total","S",IF(G69="","","X")) -> X | E69: GAILLARD_Douane de Fossard | F69: Frontière | G69: 141 | H69: 80 | I69: =J69/G69 -> 0.46099291 | J69: 65 | K69: =L69/G69 -> 0.43971631 | L69: 62 | M69: =IF(N69="-","-",N69/L69) -> - | N69: - | O69: - | P69: - | Q69: - | R69: - | AB69: =IF(G69>0,$F69,"") -> Frontière
A70: =IF(D70="Sous-total","S",IF(G70="","","X")) -> X | E70: ANNEMASSE_Clos Fleury | F70: France | G70: 234 | H70: 127 | I70: =J70/G70 -> 0.42307692 | J70: 99 | K70: =L70/G70 -> 0.47863248 | L70: 112 | M70: =IF(N70="-","-",N70/L70) -> - | N70: - | O70: - | P70: - | Q70: - | R70: - | S70: - | T70: - | U70: - | V70: - | AB70: =IF(G70>0,$F70,"") -> France
A71: =IF(D71="Sous-total","S",IF(G71="","","X")) | E71: COMMUNE_Carrefour | I71: =J71/G71 -> #DIV/0! | K71: =L71/G71 -> #DIV/0! | M71: =IF(N71="-","-",N71/L71) -> #DIV/0! | AB71: =IF(G71>0,$F71,"")
A72: =IF(D72="Sous-total","S",IF(G72="","","X")) | E72: COMMUNE_Carrefour | I72: =J72/G72 -> #DIV/0! | K72: =L72/G72 -> #DIV/0! | M72: =IF(N72="-","-",N72/L72) -> #DIV/0! | AB72: =IF(G72>0,$F72,"")
A73: =IF(D73="Sous-total","S",IF(G73="","","X")) -> X | E73: GAILLARD_Douane de Moïllesullaz | F73: Frontière | G73: 157 | H73: 82 | I73: =J73/G73 -> 0.22929936 | J73: 36 | K73: =L73/G73 -> 0.31210191 | L73: 49 | M73: =IF(N73="-","-",N73/L73) -> - | N73: - | O73: - | P73: - | Q73: - | R73: - | AB73: =IF(G73>0,$F73,"") -> Frontière
A74: =IF(D74="Sous-total","S",IF(G74="","","X")) | E74: COMMUNE_Carrefour
A75: =IF(D75="Sous-total","S",IF(G75="","","X")) | E75: COMMUNE_Carrefour
A76: =IF(D76="Sous-total","S",IF(G76="","","X")) | E76: COMMUNE_Carrefour
A77: =IF(D77="Sous-total","S",IF(G77="","","X")) -> S | D77: Sous-total | G77: =SUM(G66:G76) -> 760 | H77: =SUM(H66:H76) -> 414 | I77: =J77/G77 -> 0.38157895 | J77: =SUM(J66:J76) -> 290 | K77: =L77/G77 -> 0.41315789 | L77: =SUM(L66:L76) -> 314 | M77: =N77/L77 -> 0 | N77: =SUM(N66:N76) -> 0 | O77: =SUM(O66:O76) -> 0 | P77: =SUM(P66:P76) -> 0 | Q77: =SUM(Q66:Q76) -> 0 | R77: =SUM(R66:R76) -> 0 | S77: =SUM(S66:S76) -> 0 | T77: =SUM(T66:T76) -> 0 | U77: =SUM(U66:U76) -> 0 | V77: =SUM(V66:V76) -> 0 | AB77: =IF(G77>0,$F77,"") -> 0
A78: =IF(D78="Sous-total","S",IF(G78="","","X")) -> X | B78: Le Préau | C78: NON | E78: ST-JULIEN_Douane piét. (chemin de Chécande) | F78: Frontière | G78: 5 | H78: 4 | I78: =IF(J78="","",J78/G78) -> 0.4 | J78: 2 | K78: =IF(L78="","",L78/G78) -> 0.2 | L78: 1 | M78: =IF(N78="","",N78/L78) -> 0 | N78: 0 | O78: - | P78: - | Q78: - | R78: - | S78: 5 | T78: 4 | U78: 0 | V78: 0 | X78: Compté par Salève Vivant en 2021 sous le nom Charrot | AB78: =IF(G78>0,$F78,"") -> Frontière
A79: =IF(D79="Sous-total","S",IF(G79="","","X")) | E79: ST-JULIEN_Douane piét. (chemin de Lathoy) | F79: Frontière | I79: =J79/G79 -> #DIV/0! | K79: =L79/G79 -> #DIV/0! | M79: =IF(N79="-","-",N79/L79) -> #DIV/0! | O79: - | P79: - | Q79: - | R79: - | AB79: =IF(G79>0,$F79,"")
A80: =IF(D80="Sous-total","S",IF(G80="","","X")) | E80: COMMUNE_Carrefour | I80: =J80/G80 -> #DIV/0! | K80: =L80/G80 -> #DIV/0! | M80: =IF(N80="-","-",N80/L80) -> #DIV/0! | O80: - | P80: - | Q80: - | R80: - | AB80: =IF(G80>0,$F80,"")
A81: =IF(D81="Sous-total","S",IF(G81="","","X")) | E81: COMMUNE_Carrefour | I81: =J81/G81 -> #DIV/0! | K81: =L81/G81 -> #DIV/0! | M81: =IF(N81="-","-",N81/L81) -> #DIV/0! | O81: - | P81: - | Q81: - | R81: - | AB81: =IF(G81>0,$F81,"")
A82: =IF(D82="Sous-total","S",IF(G82="","","X")) | E82: COMMUNE_Carrefour | I82: =J82/G82 -> #DIV/0! | K82: =L82/G82 -> #DIV/0! | M82: =IF(N82="-","-",N82/L82) -> #DIV/0! | AB82: =IF(G82>0,$F82,"")
A83: =IF(D83="Sous-total","S",IF(G83="","","X")) | E83: COMMUNE_Carrefour | I83: =J83/G83 -> #DIV/0! | K83: =L83/G83 -> #DIV/0! | M83: =IF(N83="-","-",N83/L83) -> #DIV/0! | AB83: =IF(G83>0,$F83,"")
A84: =IF(D84="Sous-total","S",IF(G84="","","X")) | E84: COMMUNE_Carrefour | I84: =J84/G84 -> #DIV/0! | K84: =L84/G84 -> #DIV/0! | M84: =IF(N84="-","-",N84/L84) -> #DIV/0! | O84: - | P84: - | Q84: - | R84: - | AB84: =IF(G84>0,$F84,"")
A85: =IF(D85="Sous-total","S",IF(G85="","","X")) -> S | D85: Sous-total | G85: =SUM(G78:G84) -> 5 | H85: =SUM(H78:H84) -> 4 | I85: =J85/G85 -> 0.4 | J85: =SUM(J78:J84) -> 2 | K85: =L85/G85 -> 0.2 | L85: =SUM(L78:L84) -> 1 | M85: =N85/L85 -> 0 | N85: =SUM(N78:N84) -> 0 | O85: =SUM(O78:O84) -> 0 | P85: =SUM(P78:P84) -> 0 | Q85: =SUM(Q78:Q84) -> 0 | R85: =SUM(R78:R84) -> 0 | S85: =SUM(S78:S84) -> 5 | T85: =SUM(T78:T84) -> 4 | U85: =SUM(U78:U84) -> 0 | V85: =SUM(V78:V84) -> 0 | AB85: =IF(G85>0,$F85,"") -> 0
A86: =IF(D86="Sous-total","S",IF(G86="","","X")) -> X | B86: Salève Vivant | C86: NON | D86: 11 | E86: ARCHAMPS_Douane de Landecy | F86: Frontière | G86: 53 | H86: 38 | I86: =J86/G86 -> 0.60377358 | J86: 32 | K86: =L86/G86 -> 0.22641509 | L86: 12 | M86: =IF(N86="-","-",N86/L86) -> 0.83333333 | N86: 10 | O86: - | P86: - | Q86: - | R86: - | S86: 51 | T86: 36 | U86: 2 | V86: 2 | AB86: =IF(G86>0,$F86,"") -> Frontière
A87: =IF(D87="Sous-total","S",IF(G87="","","X")) -> X | E87: COLLONGES_Douane de Croix de Rozon | F87: Frontière | G87: 117 | H87: 86 | I87: =J87/G87 -> 0.69230769 | J87: 81 | K87: =L87/G87 -> 0.4017094 | L87: 47 | M87: =IF(N87="-","-",N87/L87) -> 0.70212766 | N87: 33 | O87: - | P87: - | Q87: - | R87: - | S87: 112 | T87: 82 | U87: 5 | V87: 4 | AB87: =IF(G87>0,$F87,"") -> Frontière
A88: =IF(D88="Sous-total","S",IF(G88="","","X")) -> X | E88: BOSSEY_Douane de Pierre-Grand | F88: Frontière | G88: 22 | H88: 20 | I88: =J88/G88 -> 0.72727273 | J88: 16 | K88: =L88/G88 -> 0.54545455 | L88: 12 | M88: =IF(N88="-","-",N88/L88) -> 0.75 | N88: 9 | O88: - | P88: - | Q88: - | R88: - | S88: 22 | T88: 20 | U88: 0 | V88: 0 | AB88: =IF(G88>0,$F88,"") -> Frontière
A89: =IF(D89="Sous-total","S",IF(G89="","","X")) -> X | E89: BOSSEY_Douane de Troinex/Bossey | F89: Frontière | G89: 49 | H89: 33 | I89: =J89/G89 -> 0.71428571 | J89: 35 | K89: =L89/G89 -> 0.40816327 | L89: 20 | M89: =IF(N89="-","-",N89/L89) -> 0.85 | N89: 17 | O89: - | P89: - | Q89: - | R89: - | S89: 46 | T89: 31 | U89: 3 | V89: 2 | AB89: =IF(G89>0,$F89,"") -> Frontière
A90: =IF(D90="Sous-total","S",IF(G90="","","X")) | E90: COLLONGES_Passage parking du Marché | F90: Frontière | I90: =J90/G90 -> #DIV/0! | K90: =L90/G90 -> #DIV/0! | M90: =IF(N90="-","-",N90/L90) -> #DIV/0! | AB90: =IF(G90>0,$F90,"")
A91: =IF(D91="Sous-total","S",IF(G91="","","X")) | E91: COMMUNE_Carrefour | I91: =J91/G91 -> #DIV/0! | K91: =L91/G91 -> #DIV/0! | M91: =IF(N91="-","-",N91/L91) -> #DIV/0! | AB91: =IF(G91>0,$F91,"")
A92: =IF(D92="Sous-total","S",IF(G92="","","X")) | E92: COMMUNE_Carrefour
A93: =IF(D93="Sous-total","S",IF(G93="","","X")) | E93: COMMUNE_Carrefour
A94: =IF(D94="Sous-total","S",IF(G94="","","X")) | E94: COMMUNE_Carrefour
A95: =IF(D95="Sous-total","S",IF(G95="","","X")) -> S | D95: Sous-total | G95: =SUM(G86:G94) -> 241 | H95: =SUM(H86:H94) -> 177 | I95: =J95/G95 -> 0.68049793 | J95: =SUM(J86:J94) -> 164 | K95: =L95/G95 -> 0.37759336 | L95: =SUM(L86:L94) -> 91 | M95: =N95/L95 -> 0.75824176 | N95: =SUM(N86:N94) -> 69 | O95: =SUM(O86:O94) -> 0 | P95: =SUM(P86:P94) -> 0 | Q95: =SUM(Q86:Q94) -> 0 | R95: =SUM(R86:R94) -> 0 | S95: =SUM(S86:S94) -> 231 | T95: =SUM(T86:T94) -> 169 | U95: =SUM(U86:U94) -> 10 | V95: =SUM(V86:V94) -> 8 | AB95: =IF(G95>0,$F95,"") -> 0
A96: =IF(D96="Sous-total","S",IF(G96="","","X")) -> X | B96: Groupe St-Julien | C96: NON | D96: 17 | E96: ST-JULIEN_Douane de Perly | F96: Frontière | G96: 76 | H96: =G96 -> 76 | I96: =J96/G96 -> 0.5 | J96: =17+21 -> 38 | K96: =L96/G96 -> 0.38157895 | L96: 29 | M96: =IF(N96="-","-",N96/L96) -> 0.72413793 | N96: 21 | O96: - | P96: - | Q96: - | R96: - | S96: 75 | T96: 75 | U96: 1 | V96: 1 | AB96: =IF(G96>0,$F96,"") -> Frontière
A97: =IF(D97="Sous-total","S",IF(G97="","","X")) -> X | E97: ST-JULIEN_Passage douanier des Crottes | F97: Frontière | G97: 80 | H97: =G97 -> 80 | I97: =J97/G97 -> 0.6375 | J97: =25+26 -> 51 | K97: =L97/G97 -> 0.5 | L97: 40 | M97: =IF(N97="-","-",N97/L97) -> 0.65 | N97: 26 | O97: - | P97: - | Q97: - | R97: - | S97: 74 | T97: 74 | U97: 6 | V97: 6 | AB97: =IF(G97>0,$F97,"") -> Frontière
A98: =IF(D98="Sous-total","S",IF(G98="","","X")) -> X | E98: ST-JULIEN_Paguette (chemin de l'Aire) | F98: Frontière | G98: 31 | H98: =G98 -> 31 | I98: =J98/G98 -> 0.32258065 | J98: =5+5 -> 10 | K98: =L98/G98 -> 0.35483871 | L98: 11 | M98: =IF(N98="-","-",N98/L98) -> 0.45454545 | N98: 5 | O98: - | P98: - | Q98: - | R98: - | S98: 31 | T98: 31 | U98: 0 | V98: 0 | AB98: =IF(G98>0,$F98,"") -> Frontière
A99: =IF(D99="Sous-total","S",IF(G99="","","X")) -> X | E99: ST-JULIEN_Douane de Certoux (rte Thérens) | F99: Frontière | G99: 15 | H99: =G99 -> 15 | I99: =J99/G99 -> 0.33333333 | J99: =5+0 -> 5 | K99: =L99/G99 -> 0 | L99: 0 | M99: =IF(N99=0,"-",N99/L99) -> - | N99: 0 | O99: - | P99: - | Q99: - | R99: - | S99: 15 | T99: 15 | U99: 0 | V99: 0 | AB99: =IF(G99>0,$F99,"") -> Frontière
A100: =IF(D100="Sous-total","S",IF(G100="","","X")) -> X | E100: ST-JULIEN_Douane de Soral 1 | F100: Frontière | G100: 2 | H100: =G100 -> 2 | I100: =J100/G100 -> 0.5 | J100: =0+1 -> 1 | K100: =L100/G100 -> 0.5 | L100: 1 | M100: =IF(N100="-","-",N100/L100) -> 1 | N100: 1 | O100: - | P100: - | Q100: - | R100: - | S100: 1 | T100: 1 | U100: 1 | V100: 1 | AB100: =IF(G100>0,$F100,"") -> Frontière
A101: =IF(D101="Sous-total","S",IF(G101="","","X")) -> X | E101: VIRY_Douane de Soral 2 | F101: Frontière | G101: 15 | H101: =G101 -> 15 | I101: =J101/G101 -> 0.53333333 | J101: =6+2 -> 8 | K101: =L101/G101 -> 0.26666667 | L101: 4 | M101: =IF(N101="-","-",N101/L101) -> 0.5 | N101: 2 | O101: - | P101: - | Q101: - | R101: - | S101: 13 | T101: 13 | U101: 2 | V101: 2 | AB101: =IF(G101>0,$F101,"") -> Frontière
A102: =IF(D102="Sous-total","S",IF(G102="","","X")) -> X | E102: VIRY_Malagny | F102: Frontière | G102: 12 | H102: =G102 -> 12 | I102: =J102/G102 -> 0.83333333 | J102: =3+7 -> 10 | K102: =L102/G102 -> 0.58333333 | L102: 7 | M102: =IF(N102="-","-",N102/L102) -> 1 | N102: 7 | O102: - | P102: - | Q102: - | R102: - | S102: 12 | T102: 12 | U102: 0 | V102: 0 | AB102: =IF(G102>0,$F102,"") -> Frontière
...

Sheet 2022
E1: 7
A2: S | B2: Association(s) | C2: Arrière-pays | D2: Nombre de bénévoles | E2: Postes de comptage | F2: France / Suisse / Frontière | G2: Nombre de vélos | I2: % VAE dans le total | J2: NB VAE dans le total | K2: % femmes dans le total | L2: NB de femmes dans le total | M2: % de VAE chez les femmes | N2: NB de VAE chez les femmes | O2: Autres modes | Q2: Piétons | S2: > Suisse | U2: > France
A3: S
A4: S | G4: total | H4: HP | O4: total | P4: HP | Q4: total | R4: HP | S4: total | T4: HP | U4: total | V4: HP | AB4: 2020
A5: =IF(D5="Sous-total","S",IF(G5="","","X")) -> X | B5: UP Cluses | C5: OUI | D5: 2 | E5: CLUSES_Passerelle de Messy | F5: France | G5: 72 | H5: 72 | I5: =IF(J5="","",J5/G5) | K5: =IF(L5="","",L5/G5) | M5: =IF(N5="","",N5/L5) | S5: - | T5: - | U5: - | V5: - | AB5: =IF(G5<>"",$F5,"") -> France
A6: =IF(D6="Sous-total","S",IF(G6="","","X")) | E6: COMMUNE_Carrefour | S6: - | T6: - | U6: - | V6: -
A7: =IF(D7="Sous-total","S",IF(G7="","","X")) | E7: COMMUNE_Carrefour | S7: - | T7: - | U7: - | V7: -
A8: =IF(D8="Sous-total","S",IF(G8="","","X")) -> S | D8: Sous-total | G8: =SUM(G5:G7) -> 72 | H8: =SUM(H5:H7) -> 72 | I8: =IF(J8="","",J8/G8) -> 0 | J8: =SUM(J5:J7) -> 0 | K8: =IF(L8="","",L8/G8) -> 0 | L8: =SUM(L5:L7) -> 0 | M8: =IF(N8="","",N8/L8) -> #DIV/0! | N8: =SUM(N5:N7) -> 0 | O8: =SUM(O5:O7) -> 0 | P8: =SUM(P5:P7) -> 0 | Q8: =SUM(Q5:Q7) -> 0 | R8: =SUM(R5:R7) -> 0 | S8: =SUM(S5:S7) -> 0 | T8: =SUM(T5:T7) -> 0 | U8: =SUM(U5:U7) -> 0 | V8: =SUM(V5:V7) -> 0
A9: =IF(D9="Sous-total","S",IF(G9="","","X")) -> X | B9: L'Abeille (Contamine) | C9: OUI | E9: BONNE_Loëx (sous voie rapide) | F9: France | G9: 20 | H9: 9 | I9: =IF(J9="","",J9/G9) -> 0.4 | J9: 8 | K9: =IF(L9="","",L9/G9) -> 0.2 | L9: 4 | M9: =IF(N9="","",N9/L9) -> 0.5 | N9: 2 | S9: - | T9: - | U9: - | V9: - | W9: OK | AB9: =IF(G9<>"",$F9,"") -> France
A10: =IF(D10="Sous-total","S",IF(G10="","","X")) | S10: - | T10: - | U10: - | V10: -
A11: =IF(D11="Sous-total","S",IF(G11="","","X")) | S11: - | T11: - | U11: - | V11: -
A12: =IF(D12="Sous-total","S",IF(G12="","","X")) -> S | D12: Sous-total | G12: =SUM(G9:G11) -> 20 | H12: =SUM(H9:H11) -> 9 | I12: =IF(J12="","",J12/G12) -> 0.4 | J12: =SUM(J9:J11) -> 8 | K12: =IF(L12="","",L12/G12) -> 0.2 | L12: =SUM(L9:L11) -> 4 | M12: =IF(N12="","",N12/L12) -> 0.5 | N12: =SUM(N9:N11) -> 2 | O12: =SUM(O9:O11) -> 0 | P12: =SUM(P9:P11) -> 0 | Q12: =SUM(Q9:Q11) -> 0 | R12: =SUM(R9:R11) -> 0 | S12: =SUM(S9:S11) -> 0 | T12: =SUM(T9:T11) -> 0 | U12: =SUM(U9:U11) -> 0 | V12: =SUM(V9:V11) -> 0 | W12: OK
A13: =IF(D13="Sous-total","S",IF(G13="","","X")) -> X | B13: AMDC (Chablais) | C13: OUI | D13: 18 | E13: ALLINGES_Rond point des Fleysets | F13: France | G13: 23 | H13: =G13 -> 23 | I13: =IF(J13="","",J13/G13) -> 0.47826087 | J13: 11 | K13: =IF(L13="","",L13/G13) -> 0.47826087 | L13: 11 | M13: =IF(N13="","",N13/L13) -> 0.90909091 | N13: 10 | O13: 0 | W13: OK | AB13: =IF(G13<>"",$F13,"") -> France
A14: =IF(D14="Sous-total","S",IF(G14="","","X")) -> X | E14: BONS_Gare | F14: France | G14: 25 | H14: =G14-12 -> 13 | I14: =IF(J14="","",J14/G14) -> 0.4 | J14: 10 | K14: =IF(L14="","",L14/G14) -> 0.44 | L14: 11 | M14: =IF(N14="","",N14/L14) -> 0.63636364 | N14: 7 | O14: 22 | W14: OK | AB14: =IF(G14<>"",$F14,"") -> France
A15: =IF(D15="Sous-total","S",IF(G15="","","X")) -> X | E15: DOUVAINE_Mairie | F15: France | G15: 20 | H15: =G15 -> 20 | I15: =IF(J15="","",J15/G15) -> 0.45 | J15: 9 | K15: =IF(L15="","",L15/G15) -> 0.4 | L15: 8 | M15: =IF(N15="","",N15/L15) -> 0.375 | N15: 3 | O15: 6 | W15: OK | AB15: =IF(G15<>"",$F15,"") -> France
A16: =IF(D16="Sous-total","S",IF(G16="","","X")) -> X | E16: EVIAN_Gare | F16: France | G16: 13 | H16: =G16-1 -> 12 | I16: =IF(J16="","",J16/G16) -> 0.15384615 | J16: 2 | K16: =IF(L16="","",L16/G16) -> 0.30769231 | L16: 4 | M16: =IF(N16="","",N16/L16) -> 0.5 | N16: 2 | O16: 7 | W16: OK | AB16: =IF(G16<>"",$F16,"") -> France
A17: =IF(D17="Sous-total","S",IF(G17="","","X")) -> X | E17: PERRIGNIER_Gare | F17: France | G17: 7 | H17: =G17-1 -> 6 | I17: =IF(J17="","",J17/G17) -> 0.28571429 | J17: 2 | K17: =IF(L17="","",L17/G17) -> 0 | L17: 0 | M17: =IF(N17="","",N17/L17) | O17: 6 | W17: OK | AB17: =IF(G17<>"",$F17,"") -> France
A18: =IF(D18="Sous-total","S",IF(G18="","","X")) -> X | E18: THONON_Embarcadère CGN | F18: Frontière | G18: 74 | H18: =G18-44 -> 30 | I18: =IF(J18="","",J18/G18) -> 0.2972973 | J18: 22 | K18: =IF(L18="","",L18/G18) -> 0.36486486 | L18: 27 | M18: =IF(N18="","",N18/L18) -> 0.48148148 | N18: 13 | O18: 101 | S18: 74 | T18: 30 | U18: 0 | V18: 0 | W18: OK | AB18: =IF(G18<>"",$F18,"") -> Frontière
A19: =IF(D19="Sous-total","S",IF(G19="","","X")) -> X | E19: THONON_Entrée côté place de Crête | F19: France | G19: 34 | H19: =G19 -> 34 | I19: =IF(J19="","",J19/G19) -> 0.17647059 | J19: 6 | K19: =IF(L19="","",L19/G19) -> 0.38235294 | L19: 13 | M19: =IF(N19="","",N19/L19) -> 0.15384615 | N19: 2 | O19: 12 | W19: OK | AB19: =IF(G19<>"",$F19,"") -> France
A20: =IF(D20="Sous-total","S",IF(G20="","","X")) -> X | E20: THONON_Parvis de la gare | F20: France | G20: 47 | H20: =G20 -> 47 | I20: =IF(J20="","",J20/G20) -> 0.063829787 | J20: 3 | K20: =IF(L20="","",L20/G20) -> 0.31914894 | L20: 15 | M20: =IF(N20="","",N20/L20) -> 0.2 | N20: 3 | O20: 37 | W20: OK | AB20: =IF(G20<>"",$F20,"") -> France
A21: =IF(D21="Sous-total","S",IF(G21="","","X")) -> X | E21: THONON_Avenue d’Evian | F21: France | G21: 92 | H21: =G21 -> 92 | I21: =IF(J21="","",J21/G21) -> 0.097826087 | J21: 9 | K21: =IF(L21="","",L21/G21) -> 0.45652174 | L21: 42 | M21: =IF(N21="","",N21/L21) -> 0.14285714 | N21: 6 | O21: 19 | W21: OK | AB21: =IF(G21<>"",$F21,"") -> France
A22: =IF(D22="Sous-total","S",IF(G22="","","X")) -> X | E22: THONON_Carrefour Libération | F22: France | G22: 77 | H22: =G22 -> 77 | I22: =IF(J22="","",J22/G22) -> 0.14285714 | J22: 11 | K22: =IF(L22="","",L22/G22) -> 0.4025974 | L22: 31 | M22: =IF(N22="","",N22/L22) -> 0.16129032 | N22: 5 | O22: 20 | W22: OK | AB22: =IF(G22<>"",$F22,"") -> France
A23: =IF(D23="Sous-total","S",IF(G23="","","X")) -> X | E23: THONON_Collège Champagne | F23: France | G23: 19 | H23: =G23 -> 19 | I23: =IF(J23="","",J23/G23) -> 0.21052632 | J23: 4 | K23: =IF(L23="","",L23/G23) -> 0.31578947 | L23: 6 | M23: =IF(N23="","",N23/L23) -> 0.16666667 | N23: 1 | O23: 3 | W23: OK | AB23: =IF(G23<>"",$F23,"") -> France
A24: =IF(D24="Sous-total","S",IF(G24="","","X")) -> X | E24: THONON_Ecole Jule Ferry | F24: France | G24: 24 | H24: =G24 -> 24 | I24: =IF(J24="","",J24/G24) -> 0.29166667 | J24: 7 | K24: =IF(L24="","",L24/G24) -> 0.54166667 | L24: 13 | M24: =IF(N24="","",N24/L24) -> 0.46153846 | N24: 6 | O24: 11 | W24: OK | AB24: =IF(G24<>"",$F24,"") -> France
A25: =IF(D25="Sous-total","S",IF(G25="","","X")) -> X | E25: THONON_Rond point J. Ferry G Andrier Pl des Arts Bld du Canal | F25: France | G25: 101 | H25: =G25 -> 101 | I25: =IF(J25="","",J25/G25) -> 0.14851485 | J25: 15 | K25: =IF(L25="","",L25/G25) -> 0.3960396 | L25: 40 | M25: =IF(N25="","",N25/L25) -> 0.225 | N25: 9 | O25: 34 | W25: OK | AB25: =IF(G25<>"",$F25,"") -> France
A26: =IF(D26="Sous-total","S",IF(G26="","","X")) -> X | E26: THONON/ANTHY_Pont de Marclaz | F26: France | G26: 25 | H26: =G26 -> 25 | I26: =IF(J26="","",J26/G26) -> 0.28 | J26: 7 | K26: =IF(L26="","",L26/G26) -> 0.24 | L26: 6 | M26: =IF(N26="","",N26/L26) -> 0.66666667 | N26: 4 | O26: 4 | W26: OK | AB26: =IF(G26<>"",$F26,"") -> France
A27: =IF(D27="Sous-total","S",IF(G27="","","X")) -> X | E27: THONON/MARIN_Pont de Dranse | F27: France | G27: 45 | H27: =G27 -> 45 | I27: =IF(J27="","",J27/G27) -> 0.4 | J27: 18 | K27: =IF(L27="","",L27/G27) -> 0.22222222 | L27: 10 | M27: =IF(N27="","",N27/L27) -> 0.6 | N27: 6 | O27: 4 | W27: OK | AB27: =IF(G27<>"",$F27,"") -> France
A28: =IF(D28="Sous-total","S",IF(G28="","","X")) -> X | E28: VEIGY_Douane | F28: Frontière | G28: 68 | H28: =G28-25 -> 43 | I28: =IF(J28="","",J28/G28) -> 0.51470588 | J28: 35 | K28: =IF(L28="","",L28/G28) -> 0.44117647 | L28: 30 | M28: =IF(N28="","",N28/L28) -> 0.53333333 | N28: 16 | O28: 1 | Q28: 16 | S28: 61 | T28: 38 | U28: 7 | V28: 5 | W28: OK | AB28: =IF(G28<>"",$F28,"") -> Frontière
A29: =IF(D29="Sous-total","S",IF(G29="","","X")) | E29: COMMUNE_Carrefour
A30: =IF(D30="Sous-total","S",IF(G30="","","X")) | E30: COMMUNE_Carrefour
A31: =IF(D31="Sous-total","S",IF(G31="","","X")) | E31: COMMUNE_Carrefour
A32: =IF(D32="Sous-total","S",IF(G32="","","X")) | E32: COMMUNE_Carrefour
A33: =IF(D33="Sous-total","S",IF(G33="","","X")) | E33: COMMUNE_Carrefour
A34: =IF(D34="Sous-total","S",IF(G34="","","X")) -> S | D34: Sous-total | G34: =SUM(G13:G33) -> 694 | H34: =SUM(H13:H33) -> 611 | I34: =IF(J34="","",J34/G34) -> 0.24639769 | J34: =SUM(J13:J33) -> 171 | K34: =IF(L34="","",L34/G34) -> 0.38472622 | L34: =SUM(L13:L33) -> 267 | M34: =IF(N34="","",N34/L34) -> 0.34831461 | N34: =SUM(N13:N33) -> 93 | O34: =SUM(O13:O33) -> 287 | P34: =SUM(P13:P33) -> 0 | Q34: =SUM(Q13:Q33) -> 16 | R34: =SUM(R13:R33) -> 0 | S34: =SUM(S13:S33) -> 135 | T34: =SUM(T13:T33) -> 68 | U34: =SUM(U13:U33) -> 7 | V34: =SUM(V13:V33) -> 5 | W34: OK | AB34: =IF(G34<>"",$F34,"") -> 0
A35: =IF(D35="Sous-total","S",IF(G35="","","X")) -> X | B35: NatEnv (Nature Environnement en Pays rochois) Fabrique à Biclou Pays rochois en Transition | C35: OUI | D35: 11 | E35: LA ROCHE_Carrefour Biocoop | F35: France | G35: 59 | H35: 21 | I35: =IF(J35="","",J35/G35) -> 0.47457627 | J35: 28 | K35: =IF(L35="","",L35/G35) -> 0.33898305 | L35: 20 | M35: =IF(N35="","",N35/L35) | O35: 14 | S35: - | T35: - | U35: - | V35: - | W35: OK | AB35: =IF(G35<>"",$F35,"") -> France
A36: =IF(D36="Sous-total","S",IF(G36="","","X")) -> X | E36: LA ROCHE_Giratoire La Poste | F36: France | G36: 32 | H36: 16 | I36: =IF(J36="","",J36/G36) -> 0.34375 | J36: 11 | K36: =IF(L36="","",L36/G36) -> 0.1875 | L36: 6 | M36: =IF(N36="","",N36/L36) | O36: 15 | S36: - | T36: - | U36: - | V36: - | W36: OK | AB36: =IF(G36<>"",$F36,"") -> France
A37: =IF(D37="Sous-total","S",IF(G37="","","X")) -> X | E37: LA ROCHE_Giratoire ENILV | F37: France | G37: 21 | H37: 8 | I37: =IF(J37="","",J37/G37) -> 0.19047619 | J37: 4 | K37: =IF(L37="","",L37/G37) -> 0.23809524 | L37: 5 | M37: =IF(N37="","",N37/L37) | O37: 4 | S37: - | T37: - | U37: - | V37: - | W37: OK | AB37: =IF(G37<>"",$F37,"") -> France
A38: =IF(D38="Sous-total","S",IF(G38="","","X")) -> X | E38: LA ROCHE_Gare Passage à niveau (new 2021) | F38: France | G38: 55 | H38: 21 | I38: =IF(J38="","",J38/G38) -> 0.32727273 | J38: 18 | K38: =IF(L38="","",L38/G38) -> 0.32727273 | L38: 18 | M38: =IF(N38="","",N38/L38) | O38: 20 | S38: - | T38: - | U38: - | V38: - | W38: OK | AB38: =IF(G38<>"",$F38,"") -> France
A39: =IF(D39="Sous-total","S",IF(G39="","","X")) -> X | E39: ARENTHON_La Papeterie | F39: France | G39: 6 | H39: 2 | I39: =IF(J39="","",J39/G39) -> 0.33333333 | J39: 2 | K39: =IF(L39="","",L39/G39) -> 0.16666667 | L39: 1 | M39: =IF(N39="","",N39/L39) | S39: - | T39: - | U39: - | V39: - | W39: OK | AB39: =IF(G39<>"",$F39,"") -> France
A40: =IF(D40="Sous-total","S",IF(G40="","","X")) -> X | E40: ST-PIERRE_Franchissement Borne-Dessy | F40: France | G40: 20 | H40: 6 | I40: =IF(J40="","",J40/G40) -> 0.25 | J40: 5 | K40: =IF(L40="","",L40/G40) -> 0.2 | L40: 4 | M40: =IF(N40="","",N40/L40) | O40: 2 | S40: - | T40: - | U40: - | V40: - | W40: OK | AB40: =IF(G40<>"",$F40,"") -> France
A41: =IF(D41="Sous-total","S",IF(G41="","","X")) -> X | E41: BONNEVILLE_Franchissement Borne-Tucinge | F41: France | G41: 20 | H41: 9 | I41: =IF(J41="","",J41/G41) -> 0.25 | J41: 5 | K41: =IF(L41="","",L41/G41) -> 0.25 | L41: 5 | M41: =IF(N41="","",N41/L41) | O41: 1 | S41: - | T41: - | U41: - | V41: - | W41: OK | AB41: =IF(G41<>"",$F41,"") -> France
A42: =IF(D42="Sous-total","S",IF(G42="","","X")) -> X | E42: ST-PIERRE_Pont principal sur le Borne | F42: France | G42: 35 | H42: 9 | I42: =IF(J42="","",J42/G42) -> 0.31428571 | J42: 11 | K42: =IF(L42="","",L42/G42) -> 0.22857143 | L42: 8 | M42: =IF(N42="","",N42/L42) | O42: 2 | S42: - | T42: - | U42: - | V42: - | W42: OK | AB42: =IF(G42<>"",$F42,"") -> France
A43: =IF(D43="Sous-total","S",IF(G43="","","X")) -> X | E43: AMANCY Sous-terrain Vozerier (new 2022) | F43: France | G43: 15 | H43: 7 | I43: =IF(J43="","",J43/G43) -> 0.2 | J43: 3 | K43: =IF(L43="","",L43/G43) | M43: =IF(N43="","",N43/L43) | S43: - | T43: - | U43: - | V43: - | W43: OK | AB43: =IF(G43<>"",$F43,"") -> France
A44: =IF(D44="Sous-total","S",IF(G44="","","X")) -> X | E44: ST-PIERRE M. Bricolage | F44: France | G44: 22 | H44: 7 | I44: =IF(J44="","",J44/G44) -> 0.090909091 | J44: 2 | K44: =IF(L44="","",L44/G44) -> 0.22727273 | L44: 5 | M44: =IF(N44="","",N44/L44) | S44: - | T44: - | U44: - | V44: - | W44: OK | AB44: =IF(G44<>"",$F44,"") -> France
A45: =IF(D45="Sous-total","S",IF(G45="","","X")) | E45: AMANCY_Giratoire Coriandre | F45: France | I45: =IF(J45="","",J45/G45) | K45: =IF(L45="","",L45/G45) | M45: =IF(N45="","",N45/L45) | S45: - | T45: - | U45: - | V45: - | W45: OK | AB45: =IF(G45<>"",$F45,"")
A46: =IF(D46="Sous-total","S",IF(G46="","","X")) | E46: COMMUNE_Carrefour | S46: - | T46: - | U46: - | V46: -
A47: =IF(D47="Sous-total","S",IF(G47="","","X")) | E47: COMMUNE_Carrefour | S47: - | T47: - | U47: - | V47: -
A48: =IF(D48="Sous-total","S",IF(G48="","","X")) | E48: COMMUNE_Carrefour | S48: - | T48: - | U48: - | V48: -
A49: =IF(D49="Sous-total","S",IF(G49="","","X")) -> S | D49: Sous-total | G49: =SUM(G35:G48) -> 285 | H49: =SUM(H35:H48) -> 106 | I49: =J49/G49 -> 0.3122807 | J49: =SUM(J35:J48) -> 89 | K49: =IF(L49="","",L49/G49) -> 0.25263158 | L49: =SUM(L35:L48) -> 72 | M49: =IF(N49="","",N49/L49) -> 0 | N49: =SUM(N35:N48) -> 0 | O49: =SUM(O35:O48) -> 58 | P49: =SUM(P35:P48) -> 0 | Q49: =SUM(Q35:Q48) -> 0 | R49: =SUM(R35:R48) -> 0 | S49: =SUM(S35:S48) -> 0 | T49: =SUM(T35:T48) -> 0 | U49: =SUM(U35:U48) -> 0 | V49: =SUM(V35:V48) -> 0 | W49: OK | AB49: =IF(G49<>"",$F49,"") -> 0
A50: =IF(D50="Sous-total","S",IF(G50="","","X")) -> X | B50: AERE (Association Environnement Reignier-Esery) | C50: OUI | D50: 6 | E50: ETREMBIERES_Giratoire ex PN93 | F50: France | G50: 50 | H50: 37 | I50: =IF(J50="","",J50/G50) -> 0.68 | J50: 34 | K50: =IF(L50="","",L50/G50) -> 0.22 | L50: 11 | M50: =IF(N50="","",N50/L50) -> 0.81818182 | N50: 9 | O50: 3 | P50: 3 | Q50: 2 | R50: 2 | S50: - | T50: - | U50: - | V50: - | W50: OK | AB50: =IF(G50<>"",$F50,"") -> France
A51: =IF(D51="Sous-total","S",IF(G51="","","X")) -> X | E51: ETREMBIERES_Carrefour sous Château | F51: France | G51: 26 | H51: 17 | I51: =IF(J51="","",J51/G51) -> 0.42307692 | J51: 11 | K51: =IF(L51="","",L51/G51) -> 0.23076923 | L51: 6 | M51: =IF(N51="","",N51/L51) -> 0.66666667 | N51: 4 | Q51: 1 | R51: 1 | S51: - | T51: - | U51: - | V51: - | W51: OK | AB51: =IF(G51<>"",$F51,"") -> France
A52: =IF(D52="Sous-total","S",IF(G52="","","X")) | E52: SCIENTRIER_Carrefour Tour de Bellecombe | F52: France | I52: =IF(J52="","",J52/G52) | K52: =IF(L52="","",L52/G52) | M52: =IF(N52="","",N52/L52) | S52: - | T52: - | U52: - | V52: - | W52: OK | AB52: =IF(G52<>"",$F52,"")
A53: =IF(D53="Sous-total","S",IF(G53="","","X")) -> X | E53: REIGNIER_Giratoire église | F53: France | G53: 29 | H53: 16 | I53: =IF(J53="","",J53/G53) -> 0.37931034 | J53: 11 | K53: =IF(L53="","",L53/G53) -> 0.31034483 | L53: 9 | M53: =IF(N53="","",N53/L53) -> 0.55555556 | N53: 5 | O53: 4 | P53: 3 | Q53: 49 | R53: 36 | S53: - | T53: - | U53: - | V53: - | W53: OK | AB53: =IF(G53<>"",$F53,"") -> France
A54: =IF(D54="Sous-total","S",IF(G54="","","X")) -> X | E54: REIGNIER_Giratoire Foron | F54: France | G54: 18 | H54: 9 | I54: =IF(J54="","",J54/G54) -> 0.33333333 | J54: 6 | K54: =IF(L54="","",L54/G54) -> 0.16666667 | L54: 3 | M54: =IF(N54="","",N54/L54) -> 1 | N54: 3 | S54: - | T54: - | U54: - | V54: - | W54: OK | AB54: =IF(G54<>"",$F54,"") -> France
A55: =IF(D55="Sous-total","S",IF(G55="","","X")) | E55: REIGNIER_Giratoire La Forge | F55: France | I55: =IF(J55="","",J55/G55) | K55: =IF(L55="","",L55/G55) | M55: =IF(N55="","",N55/L55) | S55: - | T55: - | U55: - | V55: - | W55: OK | AB55: =IF(G55<>"",$F55,"")
A56: =IF(D56="Sous-total","S",IF(G56="","","X")) -> X | E56: PERS-JUSSY_Giratoire Casino | F56: France | G56: 14 | H56: 10 | I56: =IF(J56="","",J56/G56) -> 0.28571429 | J56: 4 | K56: =IF(L56="","",L56/G56) -> 0.21428571 | L56: 3 | M56: =IF(N56="","",N56/L56) -> 0.66666667 | N56: 2 | O56: 1 | P56: 1 | S56: - | T56: - | U56: - | V56: - | W56: OK | AB56: =IF(G56<>"",$F56,"") -> France
A57: =IF(D57="Sous-total","S",IF(G57="","","X")) | E57: REIGNIER_Giratoire ex gendarmerie | F57: France | I57: =IF(J57="","",J57/G57) | K57: =IF(L57="","",L57/G57) | M57: =IF(N57="","",N57/L57) | S57: - | T57: - | U57: - | V57: - | W57: OK | AB57: =IF(G57<>"",$F57,"")
A58: =IF(D58="Sous-total","S",IF(G58="","","X")) | E58: REIGNIER_Carrefour Gare - Tour d'Ivoire | F58: France | I58: =IF(J58="","",J58/G58) | K58: =IF(L58="","",L58/G58) | M58: =IF(N58="","",N58/L58) | S58: - | T58: - | U58: - | V58: - | W58: OK | AB58: =IF(G58<>"",$F58,"")
A59: =IF(D59="Sous-total","S",IF(G59="","","X")) -> X | E59: REIGNIER_Carrefour Marsinge / Viaison | F59: France | G59: 11 | H59: 7 | I59: =IF(J59="","",J59/G59) -> 0.63636364 | J59: 7 | K59: =IF(L59="","",L59/G59) -> 0.090909091 | L59: 1 | M59: =IF(N59="","",N59/L59) -> 1 | N59: 1 | S59: - | T59: - | U59: - | V59: - | W59: OK | AB59: =IF(G59<>"",$F59,"") -> France
A60: =IF(D60="Sous-total","S",IF(G60="","","X")) | E60: ARTHAZ_Giratoire lavage auto | F60: France | I60: =IF(J60="","",J60/G60) | K60: =IF(L60="","",L60/G60) | M60: =IF(N60="","",N60/L60) | S60: - | T60: - | U60: - | V60: - | W60: OK | AB60: =IF(G60<>"",$F60,"")
A61: =IF(D61="Sous-total","S",IF(G61="","","X")) | E61: COMMUNE_Carrefour | S61: - | T61: - | U61: - | V61: -
A62: =IF(D62="Sous-total","S",IF(G62="","","X")) | E62: COMMUNE_Carrefour | S62: - | T62: - | U62: - | V62: -
A63: =IF(D63="Sous-total","S",IF(G63="","","X")) | E63: COMMUNE_Carrefour | S63: - | T63: - | U63: - | V63: -
A64: =IF(D64="Sous-total","S",IF(G64="","","X")) -> S | D64: Sous-total | G64: =SUM(G50:G63) -> 148 | H64: =SUM(H50:H63) -> 96 | I64: =IF(J64="","",J64/G64) -> 0.49324324 | J64: =SUM(J50:J63) -> 73 | K64: =IF(L64="","",L64/G64) -> 0.22297297 | L64: =SUM(L50:L63) -> 33 | M64: =IF(N64="","",N64/L64) -> 0.72727273 | N64: =SUM(N50:N63) -> 24 | O64: =SUM(O50:O63) -> 8 | P64: =SUM(P50:P63) -> 7 | Q64: =SUM(Q50:Q63) -> 52 | R64: =SUM(R50:R63) -> 39 | S64: =SUM(S50:S63) -> 0 | T64: =SUM(T50:T63) -> 0 | U64: =SUM(U50:U63) -> 0 | V64: =SUM(V50:V63) -> 0 | W64: OK | AB64: =IF(G64<>"",$F64,"") -> 0
A65: =IF(D65="Sous-total","S",IF(G65="","","X")) -> X | B65: Sous-total périmètre "arrière-pays" | D65: =SUM(D5:D60) -> 37 | E65: Postes de comptage | G65: =G8+G12+G34+G49+G64 -> 1219 | H65: =H8+H12+H34+H49+H64 -> 894 | I65: =IF(J65="","",J65/G65) -> 0.27973749 | J65: =J8+J12+J34+J49+J64 -> 341 | K65: =IF(L65="","",L65/G65) -> 0.30844955 | L65: =L8+L12+L34+L49+L64 -> 376 | M65: =IF(N65="","",N65/L65) -> 0.31648936 | N65: =N8+N12+N34+N49+N64 -> 119 | O65: =O8+O12+O34+O49+O64 -> 353 | P65: =P8+P12+P34+P49+P64 -> 7 | Q65: =Q8+Q12+Q34+Q49+Q64 -> 68 | R65: =R8+R12+R34+R49+R64 -> 39 | S65: =S8+S12+S34+S49+S64 -> 135 | T65: =T8+T12+T34+T49+T64 -> 68 | U65: =U8+U12+U34+U49+U64 -> 7 | V65: =V8+V12+V34+V49+V64 -> 5 | W65: OK | AB65: =IF(G65<>"",$F65,"") -> 0
A66: =IF(D66="Sous-total","S",IF(G66="","","X")) | B66: EVAV (En Ville A Vélo) | C66: NON | D66: 10 | E66: AMBILLY_Voie verte Pont Noir | F66: France | I66: =IF(J66="","",J66/G66) | K66: =IF(L66="","",L66/G66) | M66: =IF(N66="","",N66/L66) | W66: OK | AB66: =IF(G66<>"",$F66,"")
A67: =IF(D67="Sous-total","S",IF(G67="","","X")) -> X | E67: ANNEMASSE_Voie verte Jura | F67: France | G67: 620 | H67: 331 | I67: =IF(J67="","",J67/G67) -> 0.43870968 | J67: 272 | K67: =IF(L67="","",L67/G67) -> 0.36774194 | L67: 228 | M67: =IF(N67="","",N67/L67) | W67: OK | AB67: =IF(G67<>"",$F67,"") -> France
A68: =IF(D68="Sous-total","S",IF(G68="","","X")) -> X | E68: ANNEMASSE_Devant l'agglo | F68: France | G68: 325 | H68: 227 | I68: =IF(J68="","",J68/G68) -> 0.51692308 | J68: 168 | K68: =IF(L68="","",L68/G68) -> 0.4 | L68: 130 | M68: =IF(N68="","",N68/L68) | S68: - | T68: - | U68: - | V68: - | W68: OK | AB68: =IF(G68<>"",$F68,"") -> France
A69: =IF(D69="Sous-total","S",IF(G69="","","X")) -> X | E69: GAILLARD_Douane de Fossard | F69: Frontière | G69: 180 | H69: 92 | I69: =IF(J69="","",J69/G69) -> 0.43888889 | J69: 79 | K69: =IF(L69="","",L69/G69) -> 0.40555556 | L69: 73 | M69: =IF(N69="","",N69/L69) | W69: OK | AB69: =IF(G69<>"",$F69,"") -> Frontière
A70: =IF(D70="Sous-total","S",IF(G70="","","X")) -> X | E70: ANNEMASSE_Clos Fleury | F70: France | G70: 366 | H70: 180 | I70: =IF(J70="","",J70/G70) -> 0.43169399 | J70: 158 | K70: =IF(L70="","",L70/G70) -> 0.39071038 | L70: 143 | M70: =IF(N70="","",N70/L70) | S70: - | T70: - | U70: - | V70: - | W70: OK | AB70: =IF(G70<>"",$F70,"") -> France
A71: =IF(D71="Sous-total","S",IF(G71="","","X")) | E71: COMMUNE_Carrefour | I71: =IF(J71="","",J71/G71) | K71: =IF(L71="","",L71/G71) | M71: =IF(N71="","",N71/L71) | W71: OK | AB71: =IF(G71<>"",$F71,"")
A72: =IF(D72="Sous-total","S",IF(G72="","","X")) | E72: COMMUNE_Carrefour | I72: =IF(J72="","",J72/G72) | K72: =IF(L72="","",L72/G72) | M72: =IF(N72="","",N72/L72) | W72: OK | AB72: =IF(G72<>"",$F72,"")
A73: =IF(D73="Sous-total","S",IF(G73="","","X")) -> X | E73: GAILLARD_Douane de Moïllesullaz | F73: Frontière | G73: 123 | H73: 90 | I73: =IF(J73="","",J73/G73) -> 0.32520325 | J73: 40 | K73: =IF(L73="","",L73/G73) -> 0.3495935 | L73: 43 | M73: =IF(N73="","",N73/L73) | W73: OK | AB73: =IF(G73<>"",$F73,"") -> Frontière
A74: =IF(D74="Sous-total","S",IF(G74="","","X")) | E74: COMMUNE_Carrefour
A75: =IF(D75="Sous-total","S",IF(G75="","","X")) | E75: COMMUNE_Carrefour
A76: =IF(D76="Sous-total","S",IF(G76="","","X")) | E76: COMMUNE_Carrefour
A77: =IF(D77="Sous-total","S",IF(G77="","","X")) -> S | D77: Sous-total | G77: =SUM(G66:G76) -> 1614 | H77: =SUM(H66:H76) -> 920 | I77: =IF(J77="","",J77/G77) -> 0.44423792 | J77: =SUM(J66:J76) -> 717 | K77: =IF(L77="","",L77/G77) -> 0.38228005 | L77: =SUM(L66:L76) -> 617 | M77: =IF(N77="","",N77/L77) -> 0 | N77: =SUM(N66:N76) -> 0 | O77: =SUM(O66:O76) -> 0 | P77: =SUM(P66:P76) -> 0 | Q77: =SUM(Q66:Q76) -> 0 | R77: =SUM(R66:R76) -> 0 | S77: =SUM(S66:S76) -> 0 | T77: =SUM(T66:T76) -> 0 | U77: =SUM(U66:U76) -> 0 | V77: =SUM(V66:V76) -> 0 | W77: OK | AB77: =IF(G77<>"",$F77,"") -> 0
A78: =IF(D78="Sous-total","S",IF(G78="","","X")) -> X | B78: Le Préau | C78: NON | D78: 4 | E78: ST-JULIEN_Douane piét. (chemin de Chécande) | F78: Frontière | G78: 20 | H78: 8 | I78: =IF(J78="","",J78/G78) -> 0.65 | J78: 13 | K78: =IF(L78="","",L78/G78) -> 0.25 | L78: 5 | M78: =IF(N78="","",N78/L78) -> 0.8 | N78: 4 | O78: 0 | P78: 0 | Q78: 5 | S78: 18 | T78: 7 | U78: 2 | V78: 1 | W78: OK | X78: Compté par Salève Vivant en 2021 sous le nom Charrot | AB78: =IF(G78<>"",$F78,"") -> Frontière
A79: =IF(D79="Sous-total","S",IF(G79="","","X")) -> X | E79: ST-JULIEN_Douane piét. (chemin de Lathoy) | F79: Frontière | G79: 11 | H79: 4 | I79: =IF(J79="","",J79/G79) -> 0.54545455 | J79: 6 | K79: =IF(L79="","",L79/G79) -> 0.18181818 | L79: 2 | M79: =IF(N79="","",N79/L79) -> 0.5 | N79: 1 | O79: 0 | P79: 0 | Q79: 0 | R79: 0 | S79: 3 | T79: 1 | U79: 0 | V79: 0 | W79: OK | X79: Y compris comptage France-France carrefour Sous Lathoy | AB79: =IF(G79<>"",$F79,"") -> Frontière
A80: =IF(D80="Sous-total","S",IF(G80="","","X")) | E80: COMMUNE_Carrefour | I80: =IF(J80="","",J80/G80) | K80: =IF(L80="","",L80/G80) | M80: =IF(N80="","",N80/L80) | W80: OK | AB80: =IF(G80<>"",$F80,"")
A81: =IF(D81="Sous-total","S",IF(G81="","","X")) | E81: COMMUNE_Carrefour | I81: =IF(J81="","",J81/G81) | K81: =IF(L81="","",L81/G81) | M81: =IF(N81="","",N81/L81) | W81: OK | AB81: =IF(G81<>"",$F81,"")
A82: =IF(D82="Sous-total","S",IF(G82="","","X")) | E82: COMMUNE_Carrefour | I82: =IF(J82="","",J82/G82) | K82: =IF(L82="","",L82/G82) | M82: =IF(N82="","",N82/L82) | W82: OK | AB82: =IF(G82<>"",$F82,"")
A83: =IF(D83="Sous-total","S",IF(G83="","","X")) | E83: COMMUNE_Carrefour | I83: =IF(J83="","",J83/G83) | K83: =IF(L83="","",L83/G83) | M83: =IF(N83="","",N83/L83) | W83: OK | AB83: =IF(G83<>"",$F83,"")
A84: =IF(D84="Sous-total","S",IF(G84="","","X")) | E84: COMMUNE_Carrefour | I84: =IF(J84="","",J84/G84) | K84: =IF(L84="","",L84/G84) | M84: =IF(N84="","",N84/L84) | W84: OK | AB84: =IF(G84<>"",$F84,"")
A85: =IF(D85="Sous-total","S",IF(G85="","","X")) -> S | D85: Sous-total | G85: =SUM(G78:G84) -> 31 | H85: =SUM(H78:H84) -> 12 | I85: =IF(J85="","",J85/G85) -> 0.61290323 | J85: =SUM(J78:J84) -> 19 | K85: =IF(L85="","",L85/G85) -> 0.22580645 | L85: =SUM(L78:L84) -> 7 | M85: =IF(N85="","",N85/L85) -> 0.71428571 | N85: =SUM(N78:N84) -> 5 | O85: =SUM(O78:O84) -> 0 | P85: =SUM(P78:P84) -> 0 | Q85: =SUM(Q78:Q84) -> 5 | R85: =SUM(R78:R84) -> 0 | S85: =SUM(S78:S84) -> 21 | T85: =SUM(T78:T84) -> 8 | U85: =SUM(U78:U84) -> 2 | V85: =SUM(V78:V84) -> 1 | W85: OK | AB85: =IF(G85<>"",$F85,"") -> 0
A86: =IF(D86="Sous-total","S",IF(G86="","","X")) -> X | B86: Salève Vivant | C86: NON | D86: 10 | E86: ARCHAMPS_Douane de Landecy | F86: Frontière | G86: 35 | H86: 35 | I86: =IF(J86="","",J86/G86) -> 0.77142857 | J86: 27 | K86: =IF(L86="","",L86/G86) -> 0.4 | L86: 14 | M86: =IF(N86="","",N86/L86) -> 0.71428571 | N86: 10 | O86: 1 | P86: 1 | S86: 34 | T86: 34 | U86: 1 | V86: 1 | W86: OK | AB86: =IF(G86<>"",$F86,"") -> Frontière
A87: =IF(D87="Sous-total","S",IF(G87="","","X")) -> X | E87: COLLONGES_Douane de Croix de Rozon | F87: Frontière | G87: 93 | H87: 93 | I87: =IF(J87="","",J87/G87) -> 0.78494624 | J87: 73 | K87: =IF(L87="","",L87/G87) -> 0.37634409 | L87: 35 | M87: =IF(N87="","",N87/L87) -> 0.94285714 | N87: 33 | O87: 5 | P87: 5 | S87: 90 | T87: 90 | U87: 3 | V87: 3 | W87: OK | AB87: =IF(G87<>"",$F87,"") -> Frontière
A88: =IF(D88="Sous-total","S",IF(G88="","","X")) -> X | E88: BOSSEY_Douane de Pierre-Grand | F88: Frontière | G88: 25 | H88: 25 | I88: =IF(J88="","",J88/G88) -> 0.76 | J88: 19 | K88: =IF(L88="","",L88/G88) -> 0.44 | L88: 11 | M88: =IF(N88="","",N88/L88) -> 0.81818182 | N88: 9 | O88: 0 | P88: 0 | S88: 25 | T88: 25 | U88: 0 | V88: 0 | W88: OK | AB88: =IF(G88<>"",$F88,"") -> Frontière
A89: =IF(D89="Sous-total","S",IF(G89="","","X")) -> X | E89: BOSSEY_Douane de Troinex/Bossey | F89: Frontière | G89: 37 | H89: 37 | I89: =IF(J89="","",J89/G89) -> 0.64864865 | J89: 24 | K89: =IF(L89="","",L89/G89) -> 0.40540541 | L89: 15 | M89: =IF(N89="","",N89/L89) -> 0.73333333 | N89: 11 | O89: 4 | P89: 4 | S89: 36 | T89: 36 | U89: 1 | V89: 1 | W89: OK | AB89: =IF(G89<>"",$F89,"") -> Frontière
A90: =IF(D90="Sous-total","S",IF(G90="","","X")) -> X | E90: COLLONGES_Passage parking du Marché | F90: Frontière | G90: 11 | H90: 11 | I90: =IF(J90="","",J90/G90) -> 0.81818182 | J90: 9 | K90: =IF(L90="","",L90/G90) -> 0.36363636 | L90: 4 | M90: =IF(N90="","",N90/L90) -> 1 | N90: 4 | O90: 1 | P90: 1 | S90: 11 | T90: 11 | U90: 0 | V90: 0 | W90: OK | AB90: =IF(G90<>"",$F90,"") -> Frontière
A91: =IF(D91="Sous-total","S",IF(G91="","","X")) | E91: COMMUNE_Carrefour | I91: =IF(J91="","",J91/G91) | K91: =IF(L91="","",L91/G91) | M91: =IF(N91="","",N91/L91) | W91: OK | AB91: =IF(G91<>"",$F91,"")
A92: =IF(D92="Sous-total","S",IF(G92="","","X")) | E92: COMMUNE_Carrefour
A93: =IF(D93="Sous-total","S",IF(G93="","","X")) | E93: COMMUNE_Carrefour
A94: =IF(D94="Sous-total","S",IF(G94="","","X")) | E94: COMMUNE_Carrefour
A95: =IF(D95="Sous-total","S",IF(G95="","","X")) -> S | D95: Sous-total | G95: =SUM(G86:G94) -> 201 | H95: =SUM(H86:H94) -> 201 | I95: =IF(J95="","",J95/G95) -> 0.75621891 | J95: =SUM(J86:J94) -> 152 | K95: =IF(L95="","",L95/G95) -> 0.39303483 | L95: =SUM(L86:L94) -> 79 | M95: =IF(N95="","",N95/L95) -> 0.84810127 | N95: =SUM(N86:N94) -> 67 | O95: =SUM(O86:O94) -> 11 | P95: =SUM(P86:P94) -> 11 | Q95: =SUM(Q86:Q94) -> 0 | R95: =SUM(R86:R94) -> 0 | S95: =SUM(S86:S94) -> 196 | T95: =SUM(T86:T94) -> 196 | U95: =SUM(U86:U94) -> 5 | V95: =SUM(V86:V94) -> 5 | W95: OK | AB95: =IF(G95<>"",$F95,"") -> 0
A96: =IF(D96="Sous-total","S",IF(G96="","","X")) -> X | B96: Groupe St-Julien | C96: NON | D96: 12 | E96: ST-JULIEN_Douane de Perly | F96: Frontière | G96: 94 | H96: 82 | I96: =IF(J96="","",J96/G96) -> 0.4787234 | J96: 45 | K96: =IF(L96="","",L96/G96) -> 0.34042553 | L96: =18+13+1 -> 32 | M96: =IF(N96="","",N96/L96) -> 0.59375 | N96: 19 | O96: 9 | P96: 7 | S96: 92 | T96: 80 | U96: 2 | V96: 2 | W96: OK | AB96: =IF(G96<>"",$F96,"") -> Frontière
A97: =IF(D97="Sous-total","S",IF(G97="","","X")) -> X | E97: ST-JULIEN_Passage douanier des Crottes | F97: Frontière | G97: 100 | H97: 70 | I97: =IF(J97="","",J97/G97) -> 0.61 | J97: 61 | K97: =IF(L97="","",L97/G97) -> 0.32 | L97: =20+12 -> 32 | M97: =IF(N97="","",N97/L97) -> 0.625 | N97: 20 | O97: 4 | P97: 4 | S97: 100 | T97: 70 | U97: 0 | V97: 0 | W97: OK | AB97: =IF(G97<>"",$F97,"") -> Frontière
A98: =IF(D98="Sous-total","S",IF(G98="","","X")) -> X | E98: ST-JULIEN_Paguette (chemin de l'Aire) | F98: Frontière | G98: 32 | H98: 28 | I98: =IF(J98="","",J98/G98) -> 0.59375 | J98: 19 | K98: =IF(L98="","",L98/G98) -> 0.28125 | L98: =4+2+2+1 -> 9 | M98: =IF(N98="","",N98/L98) -> 0.66666667 | N98: 6 | O98: 4 | P98: 3 | S98: 27 | T98: 24 | U98: 5 | V98: 5 | W98: OK | AB98: =IF(G98<>"",$F98,"") -> Frontière
A99: =IF(D99="Sous-total","S",IF(G99="","","X")) -> X | E99: ST-JULIEN_Douane de Certoux (rte Thérens) | F99: Frontière | G99: 42 | H99: 16 | I99: =IF(J99="","",J99/G99) -> 0.69047619 | J99: 29 | K99: =IF(L99="","",L99/G99) -> 0.47619048 | L99: =15+4+1 -> 20 | M99: =IF(N99="","",N99/L99) -> 0.75 | N99: 15 | O99: 1 | P99: 0 | S99: 36 | T99: 16 | U99: 6 | V99: 0 | W99: OK | AB99: =IF(G99<>"",$F99,"") -> Frontière
A100: =IF(D100="Sous-total","S",IF(G100="","","X")) | E100: ST-JULIEN_Douane de Soral 1 | F100: Frontière | I100: =IF(J100="","",J100/G100) | K100: =IF(L100="","",L100/G100) | M100: =IF(N100="","",N100/L100) | W100: OK | AB100: =IF(G100<>"",$F100,"")
...

Sheet 2023
E1: 7
A2: S | B2: Association(s) | C2: Arrière-pays | D2: Nombre de bénévoles | E2: Postes de comptage | F2: France / Suisse / Frontière | G2: Nombre de vélos | I2: % VAE dans le total | J2: NB VAE dans le total | K2: % femmes dans le total | L2: NB de femmes dans le total | M2: % de VAE chez les femmes | N2: NB de VAE chez les femmes | O2: Autres modes | Q2: Piétons | S2: > Suisse | U2: > France
A3: S
A4: S | G4: total | H4: HP | O4: total | P4: HP | Q4: total | R4: HP | S4: total | T4: HP | U4: total | V4: HP | AB4: 2020
A5: =IF(D5="Sous-total","S",IF(G5="","","X")) -> X | B5: UP Cluses | C5: OUI | D5: 2 | E5: CLUSES_Passerelle de Messy | F5: France | G5: 176 | I5: =IF(J5="","",J5/G5) -> 0.25568182 | J5: =16+29 -> 45 | K5: =IF(L5="","",L5/G5) -> 0.34090909 | L5: =22+16+22 -> 60 | M5: =IF(N5="","",N5/L5) -> 0.26666667 | N5: 16 | S5: - | T5: - | U5: - | V5: - | AB5: =IF(G5<>"",$F5,"") -> France
A6: =IF(D6="Sous-total","S",IF(G6="","","X")) | E6: COMMUNE_Carrefour | S6: - | T6: - | U6: - | V6: -
A7: =IF(D7="Sous-total","S",IF(G7="","","X")) | E7: COMMUNE_Carrefour | S7: - | T7: - | U7: - | V7: -
A8: =IF(D8="Sous-total","S",IF(G8="","","X")) -> S | D8: Sous-total | G8: =SUM(G5:G7) -> 176 | H8: =SUM(H5:H7) -> 0 | I8: =IF(J8="","",J8/G8) -> 0.25568182 | J8: =SUM(J5:J7) -> 45 | K8: =IF(L8="","",L8/G8) -> 0.34090909 | L8: =SUM(L5:L7) -> 60 | M8: =IF(N8="","",N8/L8) -> 0.26666667 | N8: =SUM(N5:N7) -> 16 | O8: =SUM(O5:O7) -> 0 | P8: =SUM(P5:P7) -> 0 | Q8: =SUM(Q5:Q7) -> 0 | R8: =SUM(R5:R7) -> 0 | S8: =SUM(S5:S7) -> 0 | T8: =SUM(T5:T7) -> 0 | U8: =SUM(U5:U7) -> 0 | V8: =SUM(V5:V7) -> 0
A9: =IF(D9="Sous-total","S",IF(G9="","","X")) | B9: L'Abeille (Contamine) | C9: OUI | E9: BONNE_Loëx (sous voie rapide) | F9: France | I9: =IF(J9="","",J9/G9) | K9: =IF(L9="","",L9/G9) | M9: =IF(N9="","",N9/L9) | S9: - | T9: - | U9: - | V9: - | W9: OK | AB9: =IF(G9<>"",$F9,"")
A10: =IF(D10="Sous-total","S",IF(G10="","","X")) | S10: - | T10: - | U10: - | V10: -
A11: =IF(D11="Sous-total","S",IF(G11="","","X")) | S11: - | T11: - | U11: - | V11: -
A12: =IF(D12="Sous-total","S",IF(G12="","","X")) -> S | D12: Sous-total | G12: =SUM(G9:G11) -> 0 | H12: =SUM(H9:H11) -> 0 | I12: =IF(J12="","",J12/G12) -> #DIV/0! | J12: =SUM(J9:J11) -> 0 | K12: =IF(L12="","",L12/G12) -> #DIV/0! | L12: =SUM(L9:L11) -> 0 | M12: =IF(N12="","",N12/L12) -> #DIV/0! | N12: =SUM(N9:N11) -> 0 | O12: =SUM(O9:O11) -> 0 | P12: =SUM(P9:P11) -> 0 | Q12: =SUM(Q9:Q11) -> 0 | R12: =SUM(R9:R11) -> 0 | S12: =SUM(S9:S11) -> 0 | T12: =SUM(T9:T11) -> 0 | U12: =SUM(U9:U11) -> 0 | V12: =SUM(V9:V11) -> 0 | W12: OK
A13: =IF(D13="Sous-total","S",IF(G13="","","X")) | B13: AMDC (Chablais) | C13: OUI | D13: 18 | E13: ALLINGES_Rond point des Fleysets | F13: France | I13: =IF(J13="","",J13/G13) | K13: =IF(L13="","",L13/G13) | M13: =IF(N13="","",N13/L13) | W13: OK | AB13: =IF(G13<>"",$F13,"")
A14: =IF(D14="Sous-total","S",IF(G14="","","X")) | E14: BONS_Gare | F14: France | I14: =IF(J14="","",J14/G14) | K14: =IF(L14="","",L14/G14) | M14: =IF(N14="","",N14/L14) | W14: OK | AB14: =IF(G14<>"",$F14,"")
A15: =IF(D15="Sous-total","S",IF(G15="","","X")) | E15: DOUVAINE_Mairie | F15: France | I15: =IF(J15="","",J15/G15) | K15: =IF(L15="","",L15/G15) | M15: =IF(N15="","",N15/L15) | W15: OK | AB15: =IF(G15<>"",$F15,"")
A16: =IF(D16="Sous-total","S",IF(G16="","","X")) | E16: EVIAN_Gare | F16: France | I16: =IF(J16="","",J16/G16) | K16: =IF(L16="","",L16/G16) | M16: =IF(N16="","",N16/L16) | W16: OK | AB16: =IF(G16<>"",$F16,"")
A17: =IF(D17="Sous-total","S",IF(G17="","","X")) | E17: PERRIGNIER_Gare | F17: France | I17: =IF(J17="","",J17/G17) | K17: =IF(L17="","",L17/G17) | M17: =IF(N17="","",N17/L17) | W17: OK | AB17: =IF(G17<>"",$F17,"")
A18: =IF(D18="Sous-total","S",IF(G18="","","X")) | E18: THONON_Embarcadère CGN | F18: Frontière | I18: =IF(J18="","",J18/G18) | K18: =IF(L18="","",L18/G18) | M18: =IF(N18="","",N18/L18) | W18: OK | AB18: =IF(G18<>"",$F18,"")
A19: =IF(D19="Sous-total","S",IF(G19="","","X")) | E19: THONON_Entrée côté place de Crête | F19: France | I19: =IF(J19="","",J19/G19) | K19: =IF(L19="","",L19/G19) | M19: =IF(N19="","",N19/L19) | W19: OK | AB19: =IF(G19<>"",$F19,"")
A20: =IF(D20="Sous-total","S",IF(G20="","","X")) | E20: THONON_Parvis de la gare | F20: France | I20: =IF(J20="","",J20/G20) | K20: =IF(L20="","",L20/G20) | M20: =IF(N20="","",N20/L20) | W20: OK | AB20: =IF(G20<>"",$F20,"")
A21: =IF(D21="Sous-total","S",IF(G21="","","X")) | E21: THONON_Avenue d’Evian | F21: France | I21: =IF(J21="","",J21/G21) | K21: =IF(L21="","",L21/G21) | M21: =IF(N21="","",N21/L21) | W21: OK | AB21: =IF(G21<>"",$F21,"")
A22: =IF(D22="Sous-total","S",IF(G22="","","X")) | E22: THONON_Carrefour Libération | F22: France | I22: =IF(J22="","",J22/G22) | K22: =IF(L22="","",L22/G22) | M22: =IF(N22="","",N22/L22) | W22: OK | AB22: =IF(G22<>"",$F22,"")
A23: =IF(D23="Sous-total","S",IF(G23="","","X")) | E23: THONON_Collège Champagne | F23: France | I23: =IF(J23="","",J23/G23) | K23: =IF(L23="","",L23/G23) | M23: =IF(N23="","",N23/L23) | W23: OK | AB23: =IF(G23<>"",$F23,"")
A24: =IF(D24="Sous-total","S",IF(G24="","","X")) | E24: THONON_Ecole Jule Ferry | F24: France | I24: =IF(J24="","",J24/G24) | K24: =IF(L24="","",L24/G24) | M24: =IF(N24="","",N24/L24) | W24: OK | AB24: =IF(G24<>"",$F24,"")
A25: =IF(D25="Sous-total","S",IF(G25="","","X")) | E25: THONON_Rond point J. Ferry G Andrier Pl des Arts Bld du Canal | F25: France | I25: =IF(J25="","",J25/G25) | K25: =IF(L25="","",L25/G25) | M25: =IF(N25="","",N25/L25) | W25: OK | AB25: =IF(G25<>"",$F25,"")
... A28: =IF(D28="Sous-total","S",IF(G28="","","X")) | E28: VEIGY_Douane | F28: Frontière | I28: =IF(J28="","",J28/G28) | K28: =IF(L28="","",L28/G28) | M28: =IF(N28="","",N28/L28) | W28: OK | AB28: =IF(G28<>"",$F28,"")
A29: =IF(D29="Sous-total","S",IF(G29="","","X")) | E29: COMMUNE_Carrefour
A30: =IF(D30="Sous-total","S",IF(G30="","","X")) | E30: COMMUNE_Carrefour
A31: =IF(D31="Sous-total","S",IF(G31="","","X")) | E31: COMMUNE_Carrefour
A32: =IF(D32="Sous-total","S",IF(G32="","","X")) | E32: COMMUNE_Carrefour
A33: =IF(D33="Sous-total","S",IF(G33="","","X")) | E33: COMMUNE_Carrefour
A34: =IF(D34="Sous-total","S",IF(G34="","","X")) -> S | D34: Sous-total | G34: =SUM(G13:G33) -> 0 | H34: =SUM(H13:H33) -> 0 | I34: =IF(J34="","",J34/G34) -> #DIV/0! | J34: =SUM(J13:J33) -> 0 | K34: =IF(L34="","",L34/G34) -> #DIV/0! | L34: =SUM(L13:L33) -> 0 | M34: =IF(N34="","",N34/L34) -> #DIV/0! | N34: =SUM(N13:N33) -> 0 | O34: =SUM(O13:O33) -> 0 | P34: =SUM(P13:P33) -> 0 | Q34: =SUM(Q13:Q33) -> 0 | R34: =SUM(R13:R33) -> 0 | S34: =SUM(S13:S33) -> 0 | T34: =SUM(T13:T33) -> 0 | U34: =SUM(U13:U33) -> 0 | V34: =SUM(V13:V33) -> 0 | W34: OK | AB34: =IF(G34<>"",$F34,"") -> 0
A35: =IF(D35="Sous-total","S",IF(G35="","","X")) | B35: NatEnv (Nature Environnement en Pays rochois) Fabrique à Biclou Pays rochois en Transition | C35: OUI | D35: 11 | E35: LA ROCHE_Carrefour Biocoop | F35: France | I35: =IF(J35="","",J35/G35) | K35: =IF(L35="","",L35/G35) | M35: =IF(N35="","",N35/L35) | S35: - | T35: - | U35: - | V35: - | W35: OK | AB35: =IF(G35<>"",$F35,"")
A36: =IF(D36="Sous-total","S",IF(G36="","","X")) | E36: LA ROCHE_Giratoire La Poste | F36: France | I36: =IF(J36="","",J36/G36) | K36: =IF(L36="","",L36/G36) | M36: =IF(N36="","",N36/L36) | S36: - | T36: - | U36: - | V36: - | W36: OK | AB36: =IF(G36<>"",$F36,"")
A37: =IF(D37="Sous-total","S",IF(G37="","","X")) | E37: LA ROCHE_Giratoire ENILV | F37: France | I37: =IF(J37="","",J37/G37) | K37: =IF(L37="","",L37/G37) | M37: =IF(N37="","",N37/L37) | S37: - | T37: - | U37: - | V37: - | W37: OK | AB37: =IF(G37<>"",$F37,"")
A38: =IF(D38="Sous-total","S",IF(G38="","","X")) | E38: LA ROCHE_Gare Passage à niveau (new 2021) | F38: France | I38: =IF(J38="","",J38/G38) | K38: =IF(L38="","",L38/G38) | M38: =IF(N38="","",N38/L38) | S38: - | T38: - | U38: - | V38: - | W38: OK | AB38: =IF(G38<>"",$F38,"")
A39: =IF(D39="Sous-total","S",IF(G39="","","X")) | E39: ARENTHON_La Papeterie | F39: France | I39: =IF(J39="","",J39/G39) | K39: =IF(L39="","",L39/G39) | M39: =IF(N39="","",N39/L39) | S39: - | T39: - | U39: - | V39: - | W39: OK | AB39: =IF(G39<>"",$F39,"")
A40: =IF(D40="Sous-total","S",IF(G40="","","X")) | E40: ST-PIERRE_Franchissement Borne-Dessy | F40: France | I40: =IF(J40="","",J40/G40) | K40: =IF(L40="","",L40/G40) | M40: =IF(N40="","",N40/L40) | S40: - | T40: - | U40: - | V40: - | W40: OK | AB40: =IF(G40<>"",$F40,"")
A41: =IF(D41="Sous-total","S",IF(G41="","","X")) | E41: BONNEVILLE_Franchissement Borne-Tucinge | F41: France | I41: =IF(J41="","",J41/G41) | K41: =IF(L41="","",L41/G41) | M41: =IF(N41="","",N41/L41) | S41: - | T41: - | U41: - | V41: - | W41: OK | AB41: =IF(G41<>"",$F41,"")
A42: =IF(D42="Sous-total","S",IF(G42="","","X")) | E42: ST-PIERRE_Pont principal sur le Borne | F42: France | I42: =IF(J42="","",J42/G42) | K42: =IF(L42="","",L42/G42) | M42: =IF(N42="","",N42/L42) | S42: - | T42: - | U42: - | V42: - | W42: OK | AB42: =IF(G42<>"",$F42,"")
A43: =IF(D43="Sous-total","S",IF(G43="","","X")) | E43: AMANCY Sous-terrain Vozerier (new 2022) | F43: France | I43: =IF(J43="","",J43/G43) | K43: =IF(L43="","",L43/G43) | M43: =IF(N43="","",N43/L43) | S43: - | T43: - | U43: - | V43: - | W43: OK | AB43: =IF(G43<>"",$F43,"")
A44: =IF(D44="Sous-total","S",IF(G44="","","X")) | E44: ST-PIERRE M. Bricolage | F44: France | I44: =IF(J44="","",J44/G44) | K44: =IF(L44="","",L44/G44) | M44: =IF(N44="","",N44/L44) | S44: - | T44: - | U44: - | V44: - | W44: OK | AB44: =IF(G44<>"",$F44,"")
A45: =IF(D45="Sous-total","S",IF(G45="","","X")) | E45: AMANCY_Giratoire Coriandre | F45: France | I45: =IF(J45="","",J45/G45) | K45: =IF(L45="","",L45/G45) | M45: =IF(N45="","",N45/L45) | S45: - | T45: - | U45: - | V45: - | W45: OK | AB45: =IF(G45<>"",$F45,"")
A46: =IF(D46="Sous-total","S",IF(G46="","","X")) | E46: COMMUNE_Carrefour | S46: - | T46: - | U46: - | V46: -
A47: =IF(D47="Sous-total","S",IF(G47="","","X")) | E47: COMMUNE_Carrefour | S47: - | T47: - | U47: - | V47: -
A48: =IF(D48="Sous-total","S",IF(G48="","","X")) | E48: COMMUNE_Carrefour | S48: - | T48: - | U48: - | V48: -
A49: =IF(D49="Sous-total","S",IF(G49="","","X")) -> S | D49: Sous-total | G49: =SUM(G35:G48) -> 0 | H49: =SUM(H35:H48) -> 0 | I49: =J49/G49 -> #DIV/0! | J49: =SUM(J35:J48) -> 0 | K49: =IF(L49="","",L49/G49) -> #DIV/0! | L49: =SUM(L35:L48) -> 0 | M49: =IF(N49="","",N49/L49) -> #DIV/0! | N49: =SUM(N35:N48) -> 0 | O49: =SUM(O35:O48) -> 0 | P49: =SUM(P35:P48) -> 0 | Q49: =SUM(Q35:Q48) -> 0 | R49: =SUM(R35:R48) -> 0 | S49: =SUM(S35:S48) -> 0 | T49: =SUM(T35:T48) -> 0 | U49: =SUM(U35:U48) -> 0 | V49: =SUM(V35:V48) -> 0 | W49: OK | AB49: =IF(G49<>"",$F49,"") -> 0
A50: =IF(D50="Sous-total","S",IF(G50="","","X")) -> X | B50: AERE (Association Environnement Reignier-Esery) | C50: OUI | D50: 9 | E50: ETREMBIERES_Giratoire ex PN93 | F50: France | G50: 81 | H50: 54 | I50: =IF(J50="","",J50/G50) -> 0.59259259 | J50: 48 | K50: =IF(L50="","",L50/G50) -> 0.30864198 | L50: 25 | M50: =IF(N50="","",N50/L50) -> 0.8 | N50: 20 | O50: 0 | P50: 0 | Q50: 3 | R50: 2 | S50: - | T50: - | U50: - | V50: - | W50: OK | AB50: =IF(G50<>"",$F50,"") -> France
A51: =IF(D51="Sous-total","S",IF(G51="","","X")) -> X | E51: ETREMBIERES_Carrefour sous Château | F51: France | G51: 50 | H51: 29 | I51: =IF(J51="","",J51/G51) -> 0.5 | J51: 25 | K51: =IF(L51="","",L51/G51) -> 0.28 | L51: 14 | M51: =IF(N51="","",N51/L51) -> 0.85714286 | N51: 12 | O51: 0 | P51: 0 | Q51: - | R51: - | S51: - | T51: - | U51: - | V51: - | W51: OK | AB51: =IF(G51<>"",$F51,"") -> France
A52: =IF(D52="Sous-total","S",IF(G52="","","X")) | E52: SCIENTRIER_Carrefour Tour de Bellecombe | F52: France | I52: =IF(J52="","",J52/G52) | K52: =IF(L52="","",L52/G52) | M52: =IF(N52="","",N52/L52) | S52: - | T52: - | U52: - | V52: - | W52: OK | AB52: =IF(G52<>"",$F52,"")
A53: =IF(D53="Sous-total","S",IF(G53="","","X")) | E53: REIGNIER_Giratoire église | F53: France | I53: =IF(J53="","",J53/G53) | K53: =IF(L53="","",L53/G53) | M53: =IF(N53="","",N53/L53) | S53: - | T53: - | U53: - | V53: - | W53: OK | AB53: =IF(G53<>"",$F53,"")
A54: =IF(D54="Sous-total","S",IF(G54="","","X")) -> X | E54: REIGNIER_Giratoire Foron | F54: France | G54: 26 | H54: 13 | I54: =IF(J54="","",J54/G54) -> 0.61538462 | J54: 16 | K54: =IF(L54="","",L54/G54) -> 0.15384615 | L54: 4 | M54: =IF(N54="","",N54/L54) -> 1 | N54: 4 | S54: - | T54: - | U54: - | V54: - | W54: OK | AB54: =IF(G54<>"",$F54,"") -> France
A55: =IF(D55="Sous-total","S",IF(G55="","","X")) | E55: REIGNIER_Giratoire La Forge | F55: France | I55: =IF(J55="","",J55/G55) | K55: =IF(L55="","",L55/G55) | M55: =IF(N55="","",N55/L55) | S55: - | T55: - | U55: - | V55: - | W55: OK | AB55: =IF(G55<>"",$F55,"")
A56: =IF(D56="Sous-total","S",IF(G56="","","X")) -> X | E56: PERS-JUSSY_Giratoire Casino | F56: France | G56: 27 | H56: 17 | I56: =IF(J56="","",J56/G56) -> 0.44444444 | J56: 12 | K56: =IF(L56="","",L56/G56) -> 0.48148148 | L56: 13 | M56: =IF(N56="","",N56/L56) -> 0.61538462 | N56: 8 | O56: 0 | P56: 0 | Q56: 2 | R56: 2 | S56: - | T56: - | U56: - | V56: - | W56: OK | AB56: =IF(G56<>"",$F56,"") -> France
A57: =IF(D57="Sous-total","S",IF(G57="","","X")) -> X | E57: REIGNIER_Giratoire ex gendarmerie | F57: France | G57: 65 | H57: 30 | I57: =IF(J57="","",J57/G57) -> 0.53846154 | J57: 35 | K57: =IF(L57="","",L57/G57) -> 0.38461538 | L57: 25 | M57: =IF(N57="","",N57/L57) -> 0.76 | N57: 19 | O57: 7 | P57: 5 | Q57: - | R57: - | S57: - | T57: - | U57: - | V57: - | W57: OK | AB57: =IF(G57<>"",$F57,"") -> France
A58: =IF(D58="Sous-total","S",IF(G58="","","X")) -> X | E58: REIGNIER_Carrefour Gare - Tour d'Ivoire | F58: France | G58: 36 | H58: 25 | I58: =IF(J58="","",J58/G58) -> 0.66666667 | J58: 24 | K58: =IF(L58="","",L58/G58) -> 0.33333333 | L58: 12 | M58: =IF(N58="","",N58/L58) -> 0.75 | N58: 9 | O58: 5 | P58: 5 | Q58: - | R58: - | S58: - | T58: - | U58: - | V58: - | W58: OK | AB58: =IF(G58<>"",$F58,"") -> France
A59: =IF(D59="Sous-total","S",IF(G59="","","X")) -> X | E59: REIGNIER_Carrefour Marsinge / Viaison | F59: France | G59: 28 | H59: 20 | I59: =IF(J59="","",J59/G59) -> 0.53571429 | J59: 15 | K59: =IF(L59="","",L59/G59) -> 0.21428571 | L59: 6 | M59: =IF(N59="","",N59/L59) -> 1 | N59: 6 | S59: - | T59: - | U59: - | V59: - | W59: OK | AB59: =IF(G59<>"",$F59,"") -> France
A60: =IF(D60="Sous-total","S",IF(G60="","","X")) -> X | E60: ARTHAZ_Giratoire lavage auto | F60: France | G60: 43 | H60: 28 | I60: =IF(J60="","",J60/G60) -> 0.34883721 | J60: 15 | K60: =IF(L60="","",L60/G60) -> 0.39534884 | L60: 17 | M60: =IF(N60="","",N60/L60) -> 0.17647059 | N60: 3 | O60: 5 | P60: 5 | Q60: 19 | R60: 15 | S60: - | T60: - | U60: - | V60: - | W60: OK | AB60: =IF(G60<>"",$F60,"") -> France
A61: =IF(D61="Sous-total","S",IF(G61="","","X")) | E61: COMMUNE_Carrefour | S61: - | T61: - | U61: - | V61: - | W61: OK
A62: =IF(D62="Sous-total","S",IF(G62="","","X")) | E62: COMMUNE_Carrefour | S62: - | T62: - | U62: - | V62: - | W62: OK
A63: =IF(D63="Sous-total","S",IF(G63="","","X")) | E63: COMMUNE_Carrefour | S63: - | T63: - | U63: - | V63: - | W63: OK
A64: =IF(D64="Sous-total","S",IF(G64="","","X")) -> S | D64: Sous-total | G64: =SUM(G50:G63) -> 356 | H64: =SUM(H50:H63) -> 216 | I64: =IF(J64="","",J64/G64) -> 0.53370787 | J64: =SUM(J50:J63) -> 190 | K64: =IF(L64="","",L64/G64) -> 0.3258427 | L64: =SUM(L50:L63) -> 116 | M64: =IF(N64="","",N64/L64) -> 0.69827586 | N64: =SUM(N50:N63) -> 81 | O64: =SUM(O50:O63) -> 17 | P64: =SUM(P50:P63) -> 15 | Q64: =SUM(Q50:Q63) -> 24 | R64: =SUM(R50:R63) -> 19 | S64: =SUM(S50:S63) -> 0 | T64: =SUM(T50:T63) -> 0 | U64: =SUM(U50:U63) -> 0 | V64: =SUM(V50:V63) -> 0 | W64: OK | AB64: =IF(G64<>"",$F64,"") -> 0
A65: =IF(D65="Sous-total","S",IF(G65="","","X")) -> X | B65: Sous-total périmètre "arrière-pays" | D65: =SUM(D5:D60) -> 40 | E65: Postes de comptage | G65: =G8+G12+G34+G49+G64 -> 532 | H65: =H8+H12+H34+H49+H64 -> 216 | I65: =IF(J65="","",J65/G65) -> 0.44172932 | J65: =J8+J12+J34+J49+J64 -> 235 | K65: =IF(L65="","",L65/G65) -> 0.33082707 | L65: =L8+L12+L34+L49+L64 -> 176 | M65: =IF(N65="","",N65/L65) -> 0.55113636 | N65: =N8+N12+N34+N49+N64 -> 97 | O65: =O8+O12+O34+O49+O64 -> 17 | P65: =P8+P12+P34+P49+P64 -> 15 | Q65: =Q8+Q12+Q34+Q49+Q64 -> 24 | R65: =R8+R12+R34+R49+R64 -> 19 | S65: =S8+S12+S34+S49+S64 -> 0 | T65: =T8+T12+T34+T49+T64 -> 0 | U65: =U8+U12+U34+U49+U64 -> 0 | V65: =V8+V12+V34+V49+V64 -> 0 | W65: OK | AB65: =IF(G65<>"",$F65,"") -> 0
A66: =IF(D66="Sous-total","S",IF(G66="","","X")) | B66: EVAV (En Ville A Vélo) | C66: NON | D66: 10 | E66: AMBILLY_Voie verte Pont Noir | F66: France | I66: =IF(J66="","",J66/G66) | K66: =IF(L66="","",L66/G66) | M66: =IF(N66="","",N66/L66) | W66: OK | AB66: =IF(G66<>"",$F66,"")
A67: =IF(D67="Sous-total","S",IF(G67="","","X")) | E67: ANNEMASSE_Voie verte Jura | F67: France | I67: =IF(J67="","",J67/G67) | K67: =IF(L67="","",L67/G67) | M67: =IF(N67="","",N67/L67) | W67: OK | AB67: =IF(G67<>"",$F67,"")
A68: =IF(D68="Sous-total","S",IF(G68="","","X")) | E68: ANNEMASSE_Devant l'agglo | F68: France | I68: =IF(J68="","",J68/G68) | K68: =IF(L68="","",L68/G68) | M68: =IF(N68="","",N68/L68) | S68: - | T68: - | U68: - | V68: - | W68: OK | AB68: =IF(G68<>"",$F68,"")
A69: =IF(D69="Sous-total","S",IF(G69="","","X")) | E69: GAILLARD_Douane de Fossard | F69: Frontière | I69: =IF(J69="","",J69/G69) | K69: =IF(L69="","",L69/G69) | M69: =IF(N69="","",N69/L69) | W69: OK | AB69: =IF(G69<>"",$F69,"")
A70: =IF(D70="Sous-total","S",IF(G70="","","X")) | E70: ANNEMASSE_Clos Fleury | F70: France | I70: =IF(J70="","",J70/G70) | K70: =IF(L70="","",L70/G70) | M70: =IF(N70="","",N70/L70) | S70: - | T70: - | U70: - | V70: - | W70: OK | AB70: =IF(G70<>"",$F70,"")
A71: =IF(D71="Sous-total","S",IF(G71="","","X")) | E71: COMMUNE_Carrefour | I71: =IF(J71="","",J71/G71) | K71: =IF(L71="","",L71/G71) | M71: =IF(N71="","",N71/L71) | W71: OK | AB71: =IF(G71<>"",$F71,"")
A72: =IF(D72="Sous-total","S",IF(G72="","","X")) | E72: COMMUNE_Carrefour | I72: =IF(J72="","",J72/G72) | K72: =IF(L72="","",L72/G72) | M72: =IF(N72="","",N72/L72) | W72: OK | AB72: =IF(G72<>"",$F72,"")
A73: =IF(D73="Sous-total","S",IF(G73="","","X")) | E73: GAILLARD_Douane de Moïllesullaz | F73: Frontière | I73: =IF(J73="","",J73/G73) | K73: =IF(L73="","",L73/G73) | M73: =IF(N73="","",N73/L73) | W73: OK | AB73: =IF(G73<>"",$F73,"")
A74: =IF(D74="Sous-total","S",IF(G74="","","X")) | E74: COMMUNE_Carrefour
A75: =IF(D75="Sous-total","S",IF(G75="","","X")) | E75: COMMUNE_Carrefour
A76: =IF(D76="Sous-total","S",IF(G76="","","X")) | E76: COMMUNE_Carrefour
A77: =IF(D77="Sous-total","S",IF(G77="","","X")) -> S | D77: Sous-total | G77: =SUM(G66:G76) -> 0 | H77: =SUM(H66:H76) -> 0 | I77: =IF(J77="","",J77/G77) -> #DIV/0! | J77: =SUM(J66:J76) -> 0 | K77: =IF(L77="","",L77/G77) -> #DIV/0! | L77: =SUM(L66:L76) -> 0 | M77: =IF(N77="","",N77/L77) -> #DIV/0! | N77: =SUM(N66:N76) -> 0 | O77: =SUM(O66:O76) -> 0 | P77: =SUM(P66:P76) -> 0 | Q77: =SUM(Q66:Q76) -> 0 | R77: =SUM(R66:R76) -> 0 | S77: =SUM(S66:S76) -> 0 | T77: =SUM(T66:T76) -> 0 | U77: =SUM(U66:U76) -> 0 | V77: =SUM(V66:V76) -> 0 | W77: OK | AB77: =IF(G77<>"",$F77,"") -> 0
A78: =IF(D78="Sous-total","S",IF(G78="","","X")) | B78: Le Préau | C78: NON | D78: 4 | E78: ST-JULIEN_Douane piét. (chemin de Chécande) | F78: Frontière | I78: =IF(J78="","",J78/G78) | K78: =IF(L78="","",L78/G78) | M78: =IF(N78="","",N78/L78) | W78: OK | X78: Compté par Salève Vivant en 2021 sous le nom Charrot | AB78: =IF(G78<>"",$F78,"")
A79: =IF(D79="Sous-total","S",IF(G79="","","X")) | E79: ST-JULIEN_Douane piét. (chemin de Lathoy) | F79: Frontière | I79: =IF(J79="","",J79/G79) | K79: =IF(L79="","",L79/G79) | M79: =IF(N79="","",N79/L79) | W79: OK | X79: Y compris comptage France-France carrefour Sous Lathoy | AB79: =IF(G79<>"",$F79,"")
A80: =IF(D80="Sous-total","S",IF(G80="","","X")) | E80: COMMUNE_Carrefour | I80: =IF(J80="","",J80/G80) | K80: =IF(L80="","",L80/G80) | M80: =IF(N80="","",N80/L80) | W80: OK | AB80: =IF(G80<>"",$F80,"")
A81: =IF(D81="Sous-total","S",IF(G81="","","X")) | E81: COMMUNE_Carrefour | I81: =IF(J81="","",J81/G81) | K81: =IF(L81="","",L81/G81) | M81: =IF(N81="","",N81/L81) | W81: OK | AB81: =IF(G81<>"",$F81,"")
A82: =IF(D82="Sous-total","S",IF(G82="","","X")) | E82: COMMUNE_Carrefour | I82: =IF(J82="","",J82/G82) | K82: =IF(L82="","",L82/G82) | M82: =IF(N82="","",N82/L82) | W82: OK | AB82: =IF(G82<>"",$F82,"")
A83: =IF(D83="Sous-total","S",IF(G83="","","X")) | E83: COMMUNE_Carrefour | I83: =IF(J83="","",J83/G83) | K83: =IF(L83="","",L83/G83) | M83: =IF(N83="","",N83/L83) | W83: OK | AB83: =IF(G83<>"",$F83,"")
A84: =IF(D84="Sous-total","S",IF(G84="","","X")) | E84: COMMUNE_Carrefour | I84: =IF(J84="","",J84/G84) | K84: =IF(L84="","",L84/G84) | M84: =IF(N84="","",N84/L84) | W84: OK | AB84: =IF(G84<>"",$F84,"")
A85: =IF(D85="Sous-total","S",IF(G85="","","X")) -> S | D85: Sous-total | G85: =SUM(G78:G84) -> 0 | H85: =SUM(H78:H84) -> 0 | I85: =IF(J85="","",J85/G85) -> #DIV/0! | J85: =SUM(J78:J84) -> 0 | K85: =IF(L85="","",L85/G85) -> #DIV/0! | L85: =SUM(L78:L84) -> 0 | M85: =IF(N85="","",N85/L85) -> #DIV/0! | N85: =SUM(N78:N84) -> 0 | O85: =SUM(O78:O84) -> 0 | P85: =SUM(P78:P84) -> 0 | Q85: =SUM(Q78:Q84) -> 0 | R85: =SUM(R78:R84) -> 0 | S85: =SUM(S78:S84) -> 0 | T85: =SUM(T78:T84) -> 0 | U85: =SUM(U78:U84) -> 0 | V85: =SUM(V78:V84) -> 0 | W85: OK | AB85: =IF(G85<>"",$F85,"") -> 0
A86: =IF(D86="Sous-total","S",IF(G86="","","X")) | B86: Salève Vivant | C86: NON | D86: 10 | E86: ARCHAMPS_Douane de Landecy | F86: Frontière | I86: =IF(J86="","",J86/G86) | K86: =IF(L86="","",L86/G86) | M86: =IF(N86="","",N86/L86) | W86: OK | AB86: =IF(G86<>"",$F86,"")
A87: =IF(D87="Sous-total","S",IF(G87="","","X")) | E87: COLLONGES_Douane de Croix de Rozon | F87: Frontière | I87: =IF(J87="","",J87/G87) | K87: =IF(L87="","",L87/G87) | M87: =IF(N87="","",N87/L87) | W87: OK | AB87: =IF(G87<>"",$F87,"")
A88: =IF(D88="Sous-total","S",IF(G88="","","X")) | E88: BOSSEY_Douane de Pierre-Grand | F88: Frontière | I88: =IF(J88="","",J88/G88) | K88: =IF(L88="","",L88/G88) | M88: =IF(N88="","",N88/L88) | W88: OK | AB88: =IF(G88<>"",$F88,"")
A89: =IF(D89="Sous-total","S",IF(G89="","","X")) | E89: BOSSEY_Douane de Troinex/Bossey | F89: Frontière | I89: =IF(J89="","",J89/G89) | K89: =IF(L89="","",L89/G89) | M89: =IF(N89="","",N89/L89) | W89: OK | AB89: =IF(G89<>"",$F89,"")
A90: =IF(D90="Sous-total","S",IF(G90="","","X")) | E90: COLLONGES_Passage parking du Marché | F90: Frontière | I90: =IF(J90="","",J90/G90) | K90: =IF(L90="","",L90/G90) | M90: =IF(N90="","",N90/L90) | W90: OK | AB90: =IF(G90<>"",$F90,"")
A91: =IF(D91="Sous-total","S",IF(G91="","","X")) | E91: COMMUNE_Carrefour | I91: =IF(J91="","",J91/G91) | K91: =IF(L91="","",L91/G91) | M91: =IF(N91="","",N91/L91) | W91: OK | AB91: =IF(G91<>"",$F91,"")
A92: =IF(D92="Sous-total","S",IF(G92="","","X")) | E92: COMMUNE_Carrefour
A93: =IF(D93="Sous-total","S",IF(G93="","","X")) | E93: COMMUNE_Carrefour
A94: =IF(D94="Sous-total","S",IF(G94="","","X")) | E94: COMMUNE_Carrefour
A95: =IF(D95="Sous-total","S",IF(G95="","","X")) -> S | D95: Sous-total | G95: =SUM(G86:G94) -> 0 | H95: =SUM(H86:H94) -> 0 | I95: =IF(J95="","",J95/G95) -> #DIV/0! | J95: =SUM(J86:J94) -> 0 | K95: =IF(L95="","",L95/G95) -> #DIV/0! | L95: =SUM(L86:L94) -> 0 | M95: =IF(N95="","",N95/L95) -> #DIV/0! | N95: =SUM(N86:N94) -> 0 | O95: =SUM(O86:O94) -> 0 | P95: =SUM(P86:P94) -> 0 | Q95: =SUM(Q86:Q94) -> 0 | R95: =SUM(R86:R94) -> 0 | S95: =SUM(S86:S94) -> 0 | T95: =SUM(T86:T94) -> 0 | U95: =SUM(U86:U94) -> 0 | V95: =SUM(V86:V94) -> 0 | W95: OK | AB95: =IF(G95<>"",$F95,"") -> 0
A96: =IF(D96="Sous-total","S",IF(G96="","","X")) | B96: Groupe St-Julien | C96: NON | D96: 12 | E96: ST-JULIEN_Douane de Perly | F96: Frontière | I96: =IF(J96="","",J96/G96) | K96: =IF(L96="","",L96/G96) | M96: =IF(N96="","",N96/L96) | W96: OK | AB96: =IF(G96<>"",$F96,"")
A97: =IF(D97="Sous-total","S",IF(G97="","","X")) | E97: ST-JULIEN_Passage douanier des Crottes | F97: Frontière | I97: =IF(J97="","",J97/G97) | K97: =IF(L97="","",L97/G97) | M97: =IF(N97="","",N97/L97) | W97: OK | AB97: =IF(G97<>"",$F97,"")
A98: =IF(D98="Sous-total","S",IF(G98="","","X")) | E98: ST-JULIEN_Paguette (chemin de l'Aire) | F98: Frontière | I98: =IF(J98="","",J98/G98) | K98: =IF(L98="","",L98/G98) | M98: =IF(N98="","",N98/L98) | W98: OK | AB98: =IF(G98<>"",$F98,"")
A99: =IF(D99="Sous-total","S",IF(G99="","","X")) | E99: ST-JULIEN_Douane de Certoux (rte Thérens) | F99: Frontière | I99: =IF(J99="","",J99/G99) | K99: =IF(L99="","",L99/G99) | M99: =IF(N99="","",N99/L99) | W99: OK | AB99: =IF(G99<>"",$F99,"")
A100: =IF(D100="Sous-total","S",IF(G100="","","X")) | E100: ST-JULIEN_Douane de Soral 1 | F100: Frontière | I100: =IF(J100="","",J100/G100) | K100: =IF(L100="","",L100/G100) | M100: =IF(N100="","",N100/L100) | W100: OK | AB100: =IF(G100<>"",$F100,"")
A101: =IF(D101="Sous-total","S",IF(G101="","","X")) | E101: VIRY_Douane de Soral 2 | F101: Frontière | I101: =IF(J101="","",J101/G101) | K101: =IF(L101="","",L101/G101) | M101: =IF(N101="","",N101/L101) | W101: OK | AB101: =IF(G101<>"",$F101,"")
A102: =IF(D102="Sous-total","S",IF(G102="","","X")) | E102: VIRY_Malagny | F102: Frontière | I102: =IF(J102="","",J102/G102) | K102: =IF(L102="","",L102/G102) | M102: =IF(N102="","",N102/L102) | W102: OK | AB102: =IF(G102<>"",$F102,"")
...

Sheet 2024
E1: 7
A2: S | B2: Association(s) | C2: Arrière-pays | D2: Nombre de bénévoles | E2: Postes de comptage | F2: France / Suisse / Frontière | G2: Nombre de vélos | I2: % VAE dans le total | J2: NB VAE dans le total | K2: % femmes dans le total | L2: NB de femmes dans le total | M2: % de VAE chez les femmes | N2: NB de VAE chez les femmes | O2: Autres modes | Q2: Piétons | S2: > Suisse | U2: > France
A3: S
A4: S | G4: total | H4: HP | O4: total | P4: HP | Q4: total | R4: HP | S4: total | T4: HP | U4: total | V4: HP | AB4: 2020
A5: =IF(D5="Sous-total","S",IF(G5="","","X")) | B5: UP Cluses | C5: OUI | D5: 2 | E5: CLUSES_Passerelle de Messy | F5: France | I5: =IF(J5="","",J5/G5) | K5: =IF(L5="","",L5/G5) | M5: =IF(N5="","",N5/L5) | S5: - | T5: - | U5: - | V5: - | AB5: =IF(G5<>"",$F5,"")
A6: =IF(D6="Sous-total","S",IF(G6="","","X")) | E6: COMMUNE_Carrefour | S6: - | T6: - | U6: - | V6: -
A7: =IF(D7="Sous-total","S",IF(G7="","","X")) | E7: COMMUNE_Carrefour | S7: - | T7: - | U7: - | V7: -
A8: =IF(D8="Sous-total","S",IF(G8="","","X")) -> S | D8: Sous-total | G8: =SUM(G5:G7) -> 0 | H8: =SUM(H5:H7) -> 0 | I8: =IF(J8="","",J8/G8) -> #DIV/0! | J8: =SUM(J5:J7) -> 0 | K8: =IF(L8="","",L8/G8) -> #DIV/0! | L8: =SUM(L5:L7) -> 0 | M8: =IF(N8="","",N8/L8) -> #DIV/0! | N8: =SUM(N5:N7) -> 0 | O8: =SUM(O5:O7) -> 0 | P8: =SUM(P5:P7) -> 0 | Q8: =SUM(Q5:Q7) -> 0 | R8: =SUM(R5:R7) -> 0 | S8: =SUM(S5:S7) -> 0 | T8: =SUM(T5:T7) -> 0 | U8: =SUM(U5:U7) -> 0 | V8: =SUM(V5:V7) -> 0
A9: =IF(D9="Sous-total","S",IF(G9="","","X")) | B9: L'Abeille (Contamine) | C9: OUI | E9: BONNE_Loëx (sous voie rapide) | F9: France | I9: =IF(J9="","",J9/G9) | K9: =IF(L9="","",L9/G9) | M9: =IF(N9="","",N9/L9) | S9: - | T9: - | U9: - | V9: - | W9: OK | AB9: =IF(G9<>"",$F9,"")
A10: =IF(D10="Sous-total","S",IF(G10="","","X")) | S10: - | T10: - | U10: - | V10: -
A11: =IF(D11="Sous-total","S",IF(G11="","","X")) | S11: - | T11: - | U11: - | V11: -
A12: =IF(D12="Sous-total","S",IF(G12="","","X")) -> S | D12: Sous-total | G12: =SUM(G9:G11) -> 0 | H12: =SUM(H9:H11) -> 0 | I12: =IF(J12="","",J12/G12) -> #DIV/0! | J12: =SUM(J9:J11) -> 0 | K12: =IF(L12="","",L12/G12) -> #DIV/0! | L12: =SUM(L9:L11) -> 0 | M12: =IF(N12="","",N12/L12) -> #DIV/0! | N12: =SUM(N9:N11) -> 0 | O12: =SUM(O9:O11) -> 0 | P12: =SUM(P9:P11) -> 0 | Q12: =SUM(Q9:Q11) -> 0 | R12: =SUM(R9:R11) -> 0 | S12: =SUM(S9:S11) -> 0 | T12: =SUM(T9:T11) -> 0 | U12: =SUM(U9:U11) -> 0 | V12: =SUM(V9:V11) -> 0 | W12: OK
A13: =IF(D13="Sous-total","S",IF(G13="","","X")) | B13: AMDC (Chablais) | C13: OUI | D13: 18 | E13: ALLINGES_Rond point des Fleysets | F13: France | I13: =IF(J13="","",J13/G13) | K13: =IF(L13="","",L13/G13) | M13: =IF(N13="","",N13/L13) | W13: OK | AB13: =IF(G13<>"",$F13,"")
A14: =IF(D14="Sous-total","S",IF(G14="","","X")) | E14: BONS_Gare | F14: France | I14: =IF(J14="","",J14/G14) | K14: =IF(L14="","",L14/G14) | M14: =IF(N14="","",N14/L14) | W14: OK | AB14: =IF(G14<>"",$F14,"")
A15: =IF(D15="Sous-total","S",IF(G15="","","X")) | E15: DOUVAINE_Mairie | F15: France | I15: =IF(J15="","",J15/G15) | K15: =IF(L15="","",L15/G15) | M15: =IF(N15="","",N15/L15) | W15: OK | AB15: =IF(G15<>"",$F15,"")
A16: =IF(D16="Sous-total","S",IF(G16="","","X")) | E16: EVIAN_Gare | F16: France | I16: =IF(J16="","",J16/G16) | K16: =IF(L16="","",L16/G16) | M16: =IF(N16="","",N16/L16) | W16: OK | AB16: =IF(G16<>"",$F16,"")
A17: =IF(D17="Sous-total","S",IF(G17="","","X")) | E17: PERRIGNIER_Gare | F17: France | I17: =IF(J17="","",J17/G17) | K17: =IF(L17="","",L17/G17) | M17: =IF(N17="","",N17/L17) | W17: OK | AB17: =IF(G17<>"",$F17,"")
A18: =IF(D18="Sous-total","S",IF(G18="","","X")) | E18: THONON_Embarcadère CGN | F18: Frontière | I18: =IF(J18="","",J18/G18) | K18: =IF(L18="","",L18/G18) | M18: =IF(N18="","",N18/L18) | W18: OK | AB18: =IF(G18<>"",$F18,"")
A19: =IF(D19="Sous-total","S",IF(G19="","","X")) | E19: THONON_Entrée côté place de Crête | F19: France | I19: =IF(J19="","",J19/G19) | K19: =IF(L19="","",L19/G19) | M19: =IF(N19="","",N19/L19) | W19: OK | AB19: =IF(G19<>"",$F19,"")
A20: =IF(D20="Sous-total","S",IF(G20="","","X")) | E20: THONON_Parvis de la gare | F20: France | I20: =IF(J20="","",J20/G20) | K20: =IF(L20="","",L20/G20) | M20: =IF(N20="","",N20/L20) | W20: OK | AB20: =IF(G20<>"",$F20,"")
A21: =IF(D21="Sous-total","S",IF(G21="","","X")) | E21: THONON_Avenue d’Evian | F21: France | I21: =IF(J21="","",J21/G21) | K21: =IF(L21="","",L21/G21) | M21: =IF(N21="","",N21/L21) | W21: OK | AB21: =IF(G21<>"",$F21,"")
A22: =IF(D22="Sous-total","S",IF(G22="","","X")) | E22: THONON_Carrefour Libération | F22: France | I22: =IF(J22="","",J22/G22) | K22: =IF(L22="","",L22/G22) | M22: =IF(N22="","",N22/L22) | W22: OK | AB22: =IF(G22<>"",$F22,"")
A23: =IF(D23="Sous-total","S",IF(G23="","","X")) | E23: THONON_Collège Champagne | F23: France | I23: =IF(J23="","",J23/G23) | K23: =IF(L23="","",L23/G23) | M23: =IF(N23="","",N23/L23) | W23: OK | AB23: =IF(G23<>"",$F23,"")
A24: =IF(D24="Sous-total","S",IF(G24="","","X")) | E24: THONON_Ecole Jule Ferry | F24: France | I24: =IF(J24="","",J24/G24) | K24: =IF(L24="","",L24/G24) | M24: =IF(N24="","",N24/L24) | W24: OK | AB24: =IF(G24<>"",$F24,"")
A25: =IF(D25="Sous-total","S",IF(G25="","","X")) | E25: THONON_Rond point J. Ferry G Andrier Pl des Arts Bld du Canal | F25: France | I25: =IF(J25="","",J25/G25) | K25: =IF(L25="","",L25/G25) | M25: =IF(N25="","",N25/L25) | W25: OK | AB25: =IF(G25<>"",$F25,"")
... A28: =IF(D28="Sous-total","S",IF(G28="","","X")) | E28: VEIGY_Douane | F28: Frontière | I28: =IF(J28="","",J28/G28) | K28: =IF(L28="","",L28/G28) | M28: =IF(N28="","",N28/L28) | W28: OK | AB28: =IF(G28<>"",$F28,"")
A29: =IF(D29="Sous-total","S",IF(G29="","","X")) | E29: COMMUNE_Carrefour
A30: =IF(D30="Sous-total","S",IF(G30="","","X")) | E30: COMMUNE_Carrefour
A31: =IF(D31="Sous-total","S",IF(G31="","","X")) | E31: COMMUNE_Carrefour
A32: =IF(D32="Sous-total","S",IF(G32="","","X")) | E32: COMMUNE_Carrefour
A33: =IF(D33="Sous-total","S",IF(G33="","","X")) | E33: COMMUNE_Carrefour
A34: =IF(D34="Sous-total","S",IF(G34="","","X")) -> S | D34: Sous-total | G34: =SUM(G13:G33) -> 0 | H34: =SUM(H13:H33) -> 0 | I34: =IF(J34="","",J34/G34) -> #DIV/0! | J34: =SUM(J13:J33) -> 0 | K34: =IF(L34="","",L34/G34) -> #DIV/0! | L34: =SUM(L13:L33) -> 0 | M34: =IF(N34="","",N34/L34) -> #DIV/0! | N34: =SUM(N13:N33) -> 0 | O34: =SUM(O13:O33) -> 0 | P34: =SUM(P13:P33) -> 0 | Q34: =SUM(Q13:Q33) -> 0 | R34: =SUM(R13:R33) -> 0 | S34: =SUM(S13:S33) -> 0 | T34: =SUM(T13:T33) -> 0 | U34: =SUM(U13:U33) -> 0 | V34: =SUM(V13:V33) -> 0 | W34: OK | AB34: =IF(G34<>"",$F34,"") -> 0
A35: =IF(D35="Sous-total","S",IF(G35="","","X")) | B35: NatEnv (Nature Environnement en Pays rochois) Fabrique à Biclou Pays rochois en Transition | C35: OUI | D35: 11 | E35: LA ROCHE_Carrefour Biocoop | F35: France | I35: =IF(J35="","",J35/G35) | K35: =IF(L35="","",L35/G35) | M35: =IF(N35="","",N35/L35) | S35: - | T35: - | U35: - | V35: - | W35: OK | AB35: =IF(G35<>"",$F35,"")
A36: =IF(D36="Sous-total","S",IF(G36="","","X")) | E36: LA ROCHE_Giratoire La Poste | F36: France | I36: =IF(J36="","",J36/G36) | K36: =IF(L36="","",L36/G36) | M36: =IF(N36="","",N36/L36) | S36: - | T36: - | U36: - | V36: - | W36: OK | AB36: =IF(G36<>"",$F36,"")
A37: =IF(D37="Sous-total","S",IF(G37="","","X")) | E37: LA ROCHE_Giratoire ENILV | F37: France | I37: =IF(J37="","",J37/G37) | K37: =IF(L37="","",L37/G37) | M37: =IF(N37="","",N37/L37) | S37: - | T37: - | U37: - | V37: - | W37: OK | AB37: =IF(G37<>"",$F37,"")
A38: =IF(D38="Sous-total","S",IF(G38="","","X")) | E38: LA ROCHE_Gare Passage à niveau (new 2021) | F38: France | I38: =IF(J38="","",J38/G38) | K38: =IF(L38="","",L38/G38) | M38: =IF(N38="","",N38/L38) | S38: - | T38: - | U38: - | V38: - | W38: OK | AB38: =IF(G38<>"",$F38,"")
A39: =IF(D39="Sous-total","S",IF(G39="","","X")) | E39: ARENTHON_La Papeterie | F39: France | I39: =IF(J39="","",J39/G39) | K39: =IF(L39="","",L39/G39) | M39: =IF(N39="","",N39/L39) | S39: - | T39: - | U39: - | V39: - | W39: OK | AB39: =IF(G39<>"",$F39,"")
A40: =IF(D40="Sous-total","S",IF(G40="","","X")) | E40: ST-PIERRE_Franchissement Borne-Dessy | F40: France | I40: =IF(J40="","",J40/G40) | K40: =IF(L40="","",L40/G40) | M40: =IF(N40="","",N40/L40) | S40: - | T40: - | U40: - | V40: - | W40: OK | AB40: =IF(G40<>"",$F40,"")
A41: =IF(D41="Sous-total","S",IF(G41="","","X")) | E41: BONNEVILLE_Franchissement Borne-Tucinge | F41: France | I41: =IF(J41="","",J41/G41) | K41: =IF(L41="","",L41/G41) | M41: =IF(N41="","",N41/L41) | S41: - | T41: - | U41: - | V41: - | W41: OK | AB41: =IF(G41<>"",$F41,"")
A42: =IF(D42="Sous-total","S",IF(G42="","","X")) | E42: ST-PIERRE_Pont principal sur le Borne | F42: France | I42: =IF(J42="","",J42/G42) | K42: =IF(L42="","",L42/G42) | M42: =IF(N42="","",N42/L42) | S42: - | T42: - | U42: - | V42: - | W42: OK | AB42: =IF(G42<>"",$F42,"")
A43: =IF(D43="Sous-total","S",IF(G43="","","X")) | E43: AMANCY Sous-terrain Vozerier (new 2022) | F43: France | I43: =IF(J43="","",J43/G43) | K43: =IF(L43="","",L43/G43) | M43: =IF(N43="","",N43/L43) | S43: - | T43: - | U43: - | V43: - | W43: OK | AB43: =IF(G43<>"",$F43,"")
A44: =IF(D44="Sous-total","S",IF(G44="","","X")) | E44: ST-PIERRE M. Bricolage | F44: France | I44: =IF(J44="","",J44/G44) | K44: =IF(L44="","",L44/G44) | M44: =IF(N44="","",N44/L44) | S44: - | T44: - | U44: - | V44: - | W44: OK | AB44: =IF(G44<>"",$F44,"")
A45: =IF(D45="Sous-total","S",IF(G45="","","X")) | E45: AMANCY_Giratoire Coriandre | F45: France | I45: =IF(J45="","",J45/G45) | K45: =IF(L45="","",L45/G45) | M45: =IF(N45="","",N45/L45) | S45: - | T45: - | U45: - | V45: - | W45: OK | AB45: =IF(G45<>"",$F45,"")
A46: =IF(D46="Sous-total","S",IF(G46="","","X")) | E46: COMMUNE_Carrefour | S46: - | T46: - | U46: - | V46: -
A47: =IF(D47="Sous-total","S",IF(G47="","","X")) | E47: COMMUNE_Carrefour | S47: - | T47: - | U47: - | V47: -
A48: =IF(D48="Sous-total","S",IF(G48="","","X")) | E48: COMMUNE_Carrefour | S48: - | T48: - | U48: - | V48: -
A49: =IF(D49="Sous-total","S",IF(G49="","","X")) -> S | D49: Sous-total | G49: =SUM(G35:G48) -> 0 | H49: =SUM(H35:H48) -> 0 | I49: =J49/G49 -> #DIV/0! | J49: =SUM(J35:J48) -> 0 | K49: =IF(L49="","",L49/G49) -> #DIV/0! | L49: =SUM(L35:L48) -> 0 | M49: =IF(N49="","",N49/L49) -> #DIV/0! | N49: =SUM(N35:N48) -> 0 | O49: =SUM(O35:O48) -> 0 | P49: =SUM(P35:P48) -> 0 | Q49: =SUM(Q35:Q48) -> 0 | R49: =SUM(R35:R48) -> 0 | S49: =SUM(S35:S48) -> 0 | T49: =SUM(T35:T48) -> 0 | U49: =SUM(U35:U48) -> 0 | V49: =SUM(V35:V48) -> 0 | W49: OK | AB49: =IF(G49<>"",$F49,"") -> 0
A50: =IF(D50="Sous-total","S",IF(G50="","","X")) | B50: AERE (Association Environnement Reignier-Esery) | C50: OUI | D50: 9 | E50: ETREMBIERES_Giratoire ex PN93 | F50: France | I50: =IF(J50="","",J50/G50) | K50: =IF(L50="","",L50/G50) | M50: =IF(N50="","",N50/L50) | S50: - | T50: - | U50: - | V50: - | W50: OK | AB50: =IF(G50<>"",$F50,"")
A51: =IF(D51="Sous-total","S",IF(G51="","","X")) | E51: ETREMBIERES_Carrefour sous Château | F51: France | I51: =IF(J51="","",J51/G51) | K51: =IF(L51="","",L51/G51) | M51: =IF(N51="","",N51/L51) | S51: - | T51: - | U51: - | V51: - | W51: OK | AB51: =IF(G51<>"",$F51,"")
A52: =IF(D52="Sous-total","S",IF(G52="","","X")) | E52: SCIENTRIER_Carrefour Tour de Bellecombe | F52: France | I52: =IF(J52="","",J52/G52) | K52: =IF(L52="","",L52/G52) | M52: =IF(N52="","",N52/L52) | S52: - | T52: - | U52: - | V52: - | W52: OK | AB52: =IF(G52<>"",$F52,"")
A53: =IF(D53="Sous-total","S",IF(G53="","","X")) | E53: REIGNIER_Giratoire église | F53: France | I53: =IF(J53="","",J53/G53) | K53: =IF(L53="","",L53/G53) | M53: =IF(N53="","",N53/L53) | S53: - | T53: - | U53: - | V53: - | W53: OK | AB53: =IF(G53<>"",$F53,"")
A54: =IF(D54="Sous-total","S",IF(G54="","","X")) | E54: REIGNIER_Giratoire Foron | F54: France | I54: =IF(J54="","",J54/G54) | K54: =IF(L54="","",L54/G54) | M54: =IF(N54="","",N54/L54) | S54: - | T54: - | U54: - | V54: - | W54: OK | AB54: =IF(G54<>"",$F54,"")
A55: =IF(D55="Sous-total","S",IF(G55="","","X")) | E55: REIGNIER_Giratoire La Forge | F55: France | I55: =IF(J55="","",J55/G55) | K55: =IF(L55="","",L55/G55) | M55: =IF(N55="","",N55/L55) | S55: - | T55: - | U55: - | V55: - | W55: OK | AB55: =IF(G55<>"",$F55,"")
A56: =IF(D56="Sous-total","S",IF(G56="","","X")) | E56: PERS-JUSSY_Giratoire Casino | F56: France | I56: =IF(J56="","",J56/G56) | K56: =IF(L56="","",L56/G56) | M56: =IF(N56="","",N56/L56) | S56: - | T56: - | U56: - | V56: - | W56: OK | AB56: =IF(G56<>"",$F56,"")
A57: =IF(D57="Sous-total","S",IF(G57="","","X")) | E57: REIGNIER_Giratoire ex gendarmerie | F57: France | I57: =IF(J57="","",J57/G57) | K57: =IF(L57="","",L57/G57) | M57: =IF(N57="","",N57/L57) | S57: - | T57: - | U57: - | V57: - | W57: OK | AB57: =IF(G57<>"",$F57,"")
A58: =IF(D58="Sous-total","S",IF(G58="","","X")) | E58: REIGNIER_Carrefour Gare - Tour d'Ivoire | F58: France | I58: =IF(J58="","",J58/G58) | K58: =IF(L58="","",L58/G58) | M58: =IF(N58="","",N58/L58) | S58: - | T58: - | U58: - | V58: - | W58: OK | AB58: =IF(G58<>"",$F58,"")
A59: =IF(D59="Sous-total","S",IF(G59="","","X")) | E59: REIGNIER_Carrefour Marsinge / Viaison | F59: France | I59: =IF(J59="","",J59/G59) | K59: =IF(L59="","",L59/G59) | M59: =IF(N59="","",N59/L59) | S59: - | T59: - | U59: - | V59: - | W59: OK | AB59: =IF(G59<>"",$F59,"")
A60: =IF(D60="Sous-total","S",IF(G60="","","X")) | E60: ARTHAZ_Giratoire lavage auto | F60: France | I60: =IF(J60="","",J60/G60) | K60: =IF(L60="","",L60/G60) | M60: =IF(N60="","",N60/L60) | S60: - | T60: - | U60: - | V60: - | W60: OK | AB60: =IF(G60<>"",$F60,"")
A61: =IF(D61="Sous-total","S",IF(G61="","","X")) | E61: COMMUNE_Carrefour | S61: - | T61: - | U61: - | V61: -
A62: =IF(D62="Sous-total","S",IF(G62="","","X")) | E62: COMMUNE_Carrefour | S62: - | T62: - | U62: - | V62: -
A63: =IF(D63="Sous-total","S",IF(G63="","","X")) | E63: COMMUNE_Carrefour | S63: - | T63: - | U63: - | V63: -
A64: =IF(D64="Sous-total","S",IF(G64="","","X")) -> S | D64: Sous-total | G64: =SUM(G50:G63) -> 0 | H64: =SUM(H50:H63) -> 0 | I64: =IF(J64="","",J64/G64) -> #DIV/0! | J64: =SUM(J50:J63) -> 0 | K64: =IF(L64="","",L64/G64) -> #DIV/0! | L64: =SUM(L50:L63) -> 0 | M64: =IF(N64="","",N64/L64) -> #DIV/0! | N64: =SUM(N50:N63) -> 0 | O64: =SUM(O50:O63) -> 0 | P64: =SUM(P50:P63) -> 0 | Q64: =SUM(Q50:Q63) -> 0 | R64: =SUM(R50:R63) -> 0 | S64: =SUM(S50:S63) -> 0 | T64: =SUM(T50:T63) -> 0 | U64: =SUM(U50:U63) -> 0 | V64: =SUM(V50:V63) -> 0 | W64: OK | AB64: =IF(G64<>"",$F64,"") -> 0
A65: =IF(D65="Sous-total","S",IF(G65="","","X")) -> X | B65: Sous-total périmètre "arrière-pays" | D65: =SUM(D5:D60) -> 40 | E65: Postes de comptage | G65: =G8+G12+G34+G49+G64 -> 0 | H65: =H8+H12+H34+H49+H64 -> 0 | I65: =IF(J65="","",J65/G65) -> #DIV/0! | J65: =J8+J12+J34+J49+J64 -> 0 | K65: =IF(L65="","",L65/G65) -> #DIV/0! | L65: =L8+L12+L34+L49+L64 -> 0 | M65: =IF(N65="","",N65/L65) -> #DIV/0! | N65: =N8+N12+N34+N49+N64 -> 0 | O65: =O8+O12+O34+O49+O64 -> 0 | P65: =P8+P12+P34+P49+P64 -> 0 | Q65: =Q8+Q12+Q34+Q49+Q64 -> 0 | R65: =R8+R12+R34+R49+R64 -> 0 | S65: =S8+S12+S34+S49+S64 -> 0 | T65: =T8+T12+T34+T49+T64 -> 0 | U65: =U8+U12+U34+U49+U64 -> 0 | V65: =V8+V12+V34+V49+V64 -> 0 | W65: OK | AB65: =IF(G65<>"",$F65,"") -> 0
A66: =IF(D66="Sous-total","S",IF(G66="","","X")) | B66: EVAV (En Ville A Vélo) | C66: NON | D66: 10 | E66: AMBILLY_Voie verte Pont Noir | F66: France | I66: =IF(J66="","",J66/G66) | K66: =IF(L66="","",L66/G66) | M66: =IF(N66="","",N66/L66) | W66: OK | AB66: =IF(G66<>"",$F66,"")
A67: =IF(D67="Sous-total","S",IF(G67="","","X")) | E67: ANNEMASSE_Voie verte Jura | F67: France | I67: =IF(J67="","",J67/G67) | K67: =IF(L67="","",L67/G67) | M67: =IF(N67="","",N67/L67) | W67: OK | AB67: =IF(G67<>"",$F67,"")
A68: =IF(D68="Sous-total","S",IF(G68="","","X")) | E68: ANNEMASSE_Devant l'agglo | F68: France | I68: =IF(J68="","",J68/G68) | K68: =IF(L68="","",L68/G68) | M68: =IF(N68="","",N68/L68) | S68: - | T68: - | U68: - | V68: - | W68: OK | AB68: =IF(G68<>"",$F68,"")
A69: =IF(D69="Sous-total","S",IF(G69="","","X")) | E69: GAILLARD_Douane de Fossard | F69: Frontière | I69: =IF(J69="","",J69/G69) | K69: =IF(L69="","",L69/G69) | M69: =IF(N69="","",N69/L69) | W69: OK | AB69: =IF(G69<>"",$F69,"")
A70: =IF(D70="Sous-total","S",IF(G70="","","X")) | E70: ANNEMASSE_Clos Fleury | F70: France | I70: =IF(J70="","",J70/G70) | K70: =IF(L70="","",L70/G70) | M70: =IF(N70="","",N70/L70) | S70: - | T70: - | U70: - | V70: - | W70: OK | AB70: =IF(G70<>"",$F70,"")
A71: =IF(D71="Sous-total","S",IF(G71="","","X")) | E71: COMMUNE_Carrefour | I71: =IF(J71="","",J71/G71) | K71: =IF(L71="","",L71/G71) | M71: =IF(N71="","",N71/L71) | W71: OK | AB71: =IF(G71<>"",$F71,"")
A72: =IF(D72="Sous-total","S",IF(G72="","","X")) | E72: COMMUNE_Carrefour | I72: =IF(J72="","",J72/G72) | K72: =IF(L72="","",L72/G72) | M72: =IF(N72="","",N72/L72) | W72: OK | AB72: =IF(G72<>"",$F72,"")
A73: =IF(D73="Sous-total","S",IF(G73="","","X")) | E73: GAILLARD_Douane de Moïllesullaz | F73: Frontière | I73: =IF(J73="","",J73/G73) | K73: =IF(L73="","",L73/G73) | M73: =IF(N73="","",N73/L73) | W73: OK | AB73: =IF(G73<>"",$F73,"")
A74: =IF(D74="Sous-total","S",IF(G74="","","X")) | E74: COMMUNE_Carrefour
A75: =IF(D75="Sous-total","S",IF(G75="","","X")) | E75: COMMUNE_Carrefour
A76: =IF(D76="Sous-total","S",IF(G76="","","X")) | E76: COMMUNE_Carrefour
A77: =IF(D77="Sous-total","S",IF(G77="","","X")) -> S | D77: Sous-total | G77: =SUM(G66:G76) -> 0 | H77: =SUM(H66:H76) -> 0 | I77: =IF(J77="","",J77/G77) -> #DIV/0! | J77: =SUM(J66:J76) -> 0 | K77: =IF(L77="","",L77/G77) -> #DIV/0! | L77: =SUM(L66:L76) -> 0 | M77: =IF(N77="","",N77/L77) -> #DIV/0! | N77: =SUM(N66:N76) -> 0 | O77: =SUM(O66:O76) -> 0 | P77: =SUM(P66:P76) -> 0 | Q77: =SUM(Q66:Q76) -> 0 | R77: =SUM(R66:R76) -> 0 | S77: =SUM(S66:S76) -> 0 | T77: =SUM(T66:T76) -> 0 | U77: =SUM(U66:U76) -> 0 | V77: =SUM(V66:V76) -> 0 | W77: OK | AB77: =IF(G77<>"",$F77,"") -> 0
A78: =IF(D78="Sous-total","S",IF(G78="","","X")) | B78: Le Préau | C78: NON | D78: 4 | E78: ST-JULIEN_Douane piét. (chemin de Chécande) | F78: Frontière | I78: =IF(J78="","",J78/G78) | K78: =IF(L78="","",L78/G78) | M78: =IF(N78="","",N78/L78) | W78: OK | X78: Compté par Salève Vivant en 2021 sous le nom Charrot | AB78: =IF(G78<>"",$F78,"")
A79: =IF(D79="Sous-total","S",IF(G79="","","X")) | E79: ST-JULIEN_Douane piét. (chemin de Lathoy) | F79: Frontière | I79: =IF(J79="","",J79/G79) | K79: =IF(L79="","",L79/G79) | M79: =IF(N79="","",N79/L79) | W79: OK | X79: Y compris comptage France-France carrefour Sous Lathoy | AB79: =IF(G79<>"",$F79,"")
A80: =IF(D80="Sous-total","S",IF(G80="","","X")) | E80: COMMUNE_Carrefour | I80: =IF(J80="","",J80/G80) | K80: =IF(L80="","",L80/G80) | M80: =IF(N80="","",N80/L80) | W80: OK | AB80: =IF(G80<>"",$F80,"")
A81: =IF(D81="Sous-total","S",IF(G81="","","X")) | E81: COMMUNE_Carrefour | I81: =IF(J81="","",J81/G81) | K81: =IF(L81="","",L81/G81) | M81: =IF(N81="","",N81/L81) | W81: OK | AB81: =IF(G81<>"",$F81,"")
A82: =IF(D82="Sous-total","S",IF(G82="","","X")) | E82: COMMUNE_Carrefour | I82: =IF(J82="","",J82/G82) | K82: =IF(L82="","",L82/G82) | M82: =IF(N82="","",N82/L82) | W82: OK | AB82: =IF(G82<>"",$F82,"")
A83: =IF(D83="Sous-total","S",IF(G83="","","X")) | E83: COMMUNE_Carrefour | I83: =IF(J83="","",J83/G83) | K83: =IF(L83="","",L83/G83) | M83: =IF(N83="","",N83/L83) | W83: OK | AB83: =IF(G83<>"",$F83,"")
A84: =IF(D84="Sous-total","S",IF(G84="","","X")) | E84: COMMUNE_Carrefour | I84: =IF(J84="","",J84/G84) | K84: =IF(L84="","",L84/G84) | M84: =IF(N84="","",N84/L84) | W84: OK | AB84: =IF(G84<>"",$F84,"")
A85: =IF(D85="Sous-total","S",IF(G85="","","X")) -> S | D85: Sous-total | G85: =SUM(G78:G84) -> 0 | H85: =SUM(H78:H84) -> 0 | I85: =IF(J85="","",J85/G85) -> #DIV/0! | J85: =SUM(J78:J84) -> 0 | K85: =IF(L85="","",L85/G85) -> #DIV/0! | L85: =SUM(L78:L84) -> 0 | M85: =IF(N85="","",N85/L85) -> #DIV/0! | N85: =SUM(N78:N84) -> 0 | O85: =SUM(O78:O84) -> 0 | P85: =SUM(P78:P84) -> 0 | Q85: =SUM(Q78:Q84) -> 0 | R85: =SUM(R78:R84) -> 0 | S85: =SUM(S78:S84) -> 0 | T85: =SUM(T78:T84) -> 0 | U85: =SUM(U78:U84) -> 0 | V85: =SUM(V78:V84) -> 0 | W85: OK | AB85: =IF(G85<>"",$F85,"") -> 0
A86: =IF(D86="Sous-total","S",IF(G86="","","X")) | B86: Salève Vivant | C86: NON | D86: 10 | E86: ARCHAMPS_Douane de Landecy | F86: Frontière | I86: =IF(J86="","",J86/G86) | K86: =IF(L86="","",L86/G86) | M86: =IF(N86="","",N86/L86) | W86: OK | AB86: =IF(G86<>"",$F86,"")
A87: =IF(D87="Sous-total","S",IF(G87="","","X")) | E87: COLLONGES_Douane de Croix de Rozon | F87: Frontière | I87: =IF(J87="","",J87/G87) | K87: =IF(L87="","",L87/G87) | M87: =IF(N87="","",N87/L87) | W87: OK | AB87: =IF(G87<>"",$F87,"")
A88: =IF(D88="Sous-total","S",IF(G88="","","X")) | E88: BOSSEY_Douane de Pierre-Grand | F88: Frontière | I88: =IF(J88="","",J88/G88) | K88: =IF(L88="","",L88/G88) | M88: =IF(N88="","",N88/L88) | W88: OK | AB88: =IF(G88<>"",$F88,"")
A89: =IF(D89="Sous-total","S",IF(G89="","","X")) | E89: BOSSEY_Douane de Troinex/Bossey | F89: Frontière | I89: =IF(J89="","",J89/G89) | K89: =IF(L89="","",L89/G89) | M89: =IF(N89="","",N89/L89) | W89: OK | AB89: =IF(G89<>"",$F89,"")
A90: =IF(D90="Sous-total","S",IF(G90="","","X")) | E90: COLLONGES_Passage parking du Marché | F90: Frontière | I90: =IF(J90="","",J90/G90) | K90: =IF(L90="","",L90/G90) | M90: =IF(N90="","",N90/L90) | W90: OK | AB90: =IF(G90<>"",$F90,"")
A91: =IF(D91="Sous-total","S",IF(G91="","","X")) | E91: COMMUNE_Carrefour | I91: =IF(J91="","",J91/G91) | K91: =IF(L91="","",L91/G91) | M91: =IF(N91="","",N91/L91) | W91: OK | AB91: =IF(G91<>"",$F91,"")
A92: =IF(D92="Sous-total","S",IF(G92="","","X")) | E92: COMMUNE_Carrefour
A93: =IF(D93="Sous-total","S",IF(G93="","","X")) | E93: COMMUNE_Carrefour
A94: =IF(D94="Sous-total","S",IF(G94="","","X")) | E94: COMMUNE_Carrefour
A95: =IF(D95="Sous-total","S",IF(G95="","","X")) -> S | D95: Sous-total | G95: =SUM(G86:G94) -> 0 | H95: =SUM(H86:H94) -> 0 | I95: =IF(J95="","",J95/G95) -> #DIV/0! | J95: =SUM(J86:J94) -> 0 | K95: =IF(L95="","",L95/G95) -> #DIV/0! | L95: =SUM(L86:L94) -> 0 | M95: =IF(N95="","",N95/L95) -> #DIV/0! | N95: =SUM(N86:N94) -> 0 | O95: =SUM(O86:O94) -> 0 | P95: =SUM(P86:P94) -> 0 | Q95: =SUM(Q86:Q94) -> 0 | R95: =SUM(R86:R94) -> 0 | S95: =SUM(S86:S94) -> 0 | T95: =SUM(T86:T94) -> 0 | U95: =SUM(U86:U94) -> 0 | V95: =SUM(V86:V94) -> 0 | W95: OK | AB95: =IF(G95<>"",$F95,"") -> 0
A96: =IF(D96="Sous-total","S",IF(G96="","","X")) | B96: Groupe St-Julien | C96: NON | D96: 12 | E96: ST-JULIEN_Douane de Perly | F96: Frontière | I96: =IF(J96="","",J96/G96) | K96: =IF(L96="","",L96/G96) | M96: =IF(N96="","",N96/L96) | W96: OK | AB96: =IF(G96<>"",$F96,"")
A97: =IF(D97="Sous-total","S",IF(G97="","","X")) | E97: ST-JULIEN_Passage douanier des Crottes | F97: Frontière | I97: =IF(J97="","",J97/G97) | K97: =IF(L97="","",L97/G97) | M97: =IF(N97="","",N97/L97) | W97: OK | AB97: =IF(G97<>"",$F97,"")
A98: =IF(D98="Sous-total","S",IF(G98="","","X")) | E98: ST-JULIEN_Paguette (chemin de l'Aire) | F98: Frontière | I98: =IF(J98="","",J98/G98) | K98: =IF(L98="","",L98/G98) | M98: =IF(N98="","",N98/L98) | W98: OK | AB98: =IF(G98<>"",$F98,"")
A99: =IF(D99="Sous-total","S",IF(G99="","","X")) | E99: ST-JULIEN_Douane de Certoux (rte Thérens) | F99: Frontière | I99: =IF(J99="","",J99/G99) | K99: =IF(L99="","",L99/G99) | M99: =IF(N99="","",N99/L99) | W99: OK | AB99: =IF(G99<>"",$F99,"")
A100: =IF(D100="Sous-total","S",IF(G100="","","X")) | E100: ST-JULIEN_Douane de Soral 1 | F100: Frontière | I100: =IF(J100="","",J100/G100) | K100: =IF(L100="","",L100/G100) | M100: =IF(N100="","",N100/L100) | W100: OK | AB100: =IF(G100<>"",$F100,"")
A101: =IF(D101="Sous-total","S",IF(G101="","","X")) | E101: VIRY_Douane de Soral 2 | F101: Frontière | I101: =IF(J101="","",J101/G101) | K101: =IF(L101="","",L101/G101) | M101: =IF(N101="","",N101/L101) | W101: OK | AB101: =IF(G101<>"",$F101,"")
A102: =IF(D102="Sous-total","S",IF(G102="","","X")) | E102: VIRY_Malagny | F102: Frontière | I102: =IF(J102="","",J102/G102) | K102: =IF(L102="","",L102/G102) | M102: =IF(N102="","",N102/L102) | W102: OK | AB102: =IF(G102<>"",$F102,"")
...

Sheet 2025
E1: 7
A2: S | B2: Association(s) | C2: Arrière-pays | D2: Nombre de bénévoles | E2: Postes de comptage | F2: France / Suisse / Frontière | G2: Nombre de vélos | I2: % VAE dans le total | J2: NB VAE dans le total | K2: % femmes dans le total | L2: NB de femmes dans le total | M2: % de VAE chez les femmes | N2: NB de VAE chez les femmes | O2: Autres modes | Q2: Piétons | S2: > Suisse | U2: > France
A3: S
A4: S | G4: total | H4: HP | O4: total | P4: HP | Q4: total | R4: HP | S4: total | T4: HP | U4: total | V4: HP | AB4: 2020
A5: =IF(D5="Sous-total","S",IF(G5="","","X")) | B5: UP Cluses | C5: OUI | D5: 2 | E5: CLUSES_Passerelle de Messy | F5: France | I5: =IF(J5="","",J5/G5) | K5: =IF(L5="","",L5/G5) | M5: =IF(N5="","",N5/L5) | S5: - | T5: - | U5: - | V5: - | AB5: =IF(G5<>"",$F5,"")
A6: =IF(D6="Sous-total","S",IF(G6="","","X")) | E6: COMMUNE_Carrefour | S6: - | T6: - | U6: - | V6: -
A7: =IF(D7="Sous-total","S",IF(G7="","","X")) | E7: COMMUNE_Carrefour | S7: - | T7: - | U7: - | V7: -
A8: =IF(D8="Sous-total","S",IF(G8="","","X")) -> S | D8: Sous-total | G8: =SUM(G5:G7) -> 0 | H8: =SUM(H5:H7) -> 0 | I8: =IF(J8="","",J8/G8) -> #DIV/0! | J8: =SUM(J5:J7) -> 0 | K8: =IF(L8="","",L8/G8) -> #DIV/0! | L8: =SUM(L5:L7) -> 0 | M8: =IF(N8="","",N8/L8) -> #DIV/0! | N8: =SUM(N5:N7) -> 0 | O8: =SUM(O5:O7) -> 0 | P8: =SUM(P5:P7) -> 0 | Q8: =SUM(Q5:Q7) -> 0 | R8: =SUM(R5:R7) -> 0 | S8: =SUM(S5:S7) -> 0 | T8: =SUM(T5:T7) -> 0 | U8: =SUM(U5:U7) -> 0 | V8: =SUM(V5:V7) -> 0
A9: =IF(D9="Sous-total","S",IF(G9="","","X")) | B9: L'Abeille (Contamine) | C9: OUI | E9: BONNE_Loëx (sous voie rapide) | F9: France | I9: =IF(J9="","",J9/G9) | K9: =IF(L9="","",L9/G9) | M9: =IF(N9="","",N9/L9) | S9: - | T9: - | U9: - | V9: - | W9: OK | AB9: =IF(G9<>"",$F9,"")
A10: =IF(D10="Sous-total","S",IF(G10="","","X")) | S10: - | T10: - | U10: - | V10: -
A11: =IF(D11="Sous-total","S",IF(G11="","","X")) | S11: - | T11: - | U11: - | V11: -
A12: =IF(D12="Sous-total","S",IF(G12="","","X")) -> S | D12: Sous-total | G12: =SUM(G9:G11) -> 0 | H12: =SUM(H9:H11) -> 0 | I12: =IF(J12="","",J12/G12) -> #DIV/0! | J12: =SUM(J9:J11) -> 0 | K12: =IF(L12="","",L12/G12) -> #DIV/0! | L12: =SUM(L9:L11) -> 0 | M12: =IF(N12="","",N12/L12) -> #DIV/0! | N12: =SUM(N9:N11) -> 0 | O12: =SUM(O9:O11) -> 0 | P12: =SUM(P9:P11) -> 0 | Q12: =SUM(Q9:Q11) -> 0 | R12: =SUM(R9:R11) -> 0 | S12: =SUM(S9:S11) -> 0 | T12: =SUM(T9:T11) -> 0 | U12: =SUM(U9:U11) -> 0 | V12: =SUM(V9:V11) -> 0 | W12: OK
A13: =IF(D13="Sous-total","S",IF(G13="","","X")) | B13: AMDC (Chablais) | C13: OUI | D13: 18 | E13: ALLINGES_Rond point des Fleysets | F13: France | I13: =IF(J13="","",J13/G13) | K13: =IF(L13="","",L13/G13) | M13: =IF(N13="","",N13/L13) | W13: OK | AB13: =IF(G13<>"",$F13,"")
A14: =IF(D14="Sous-total","S",IF(G14="","","X")) | E14: BONS_Gare | F14: France | I14: =IF(J14="","",J14/G14) | K14: =IF(L14="","",L14/G14) | M14: =IF(N14="","",N14/L14) | W14: OK | AB14: =IF(G14<>"",$F14,"")
A15: =IF(D15="Sous-total","S",IF(G15="","","X")) | E15: DOUVAINE_Mairie | F15: France | I15: =IF(J15="","",J15/G15) | K15: =IF(L15="","",L15/G15) | M15: =IF(N15="","",N15/L15) | W15: OK | AB15: =IF(G15<>"",$F15,"")
A16: =IF(D16="Sous-total","S",IF(G16="","","X")) | E16: EVIAN_Gare | F16: France | I16: =IF(J16="","",J16/G16) | K16: =IF(L16="","",L16/G16) | M16: =IF(N16="","",N16/L16) | W16: OK | AB16: =IF(G16<>"",$F16,"")
A17: =IF(D17="Sous-total","S",IF(G17="","","X")) | E17: PERRIGNIER_Gare | F17: France | I17: =IF(J17="","",J17/G17) | K17: =IF(L17="","",L17/G17) | M17: =IF(N17="","",N17/L17) | W17: OK | AB17: =IF(G17<>"",$F17,"")
A18: =IF(D18="Sous-total","S",IF(G18="","","X")) | E18: THONON_Embarcadère CGN | F18: Frontière | I18: =IF(J18="","",J18/G18) | K18: =IF(L18="","",L18/G18) | M18: =IF(N18="","",N18/L18) | W18: OK | AB18: =IF(G18<>"",$F18,"")
A19: =IF(D19="Sous-total","S",IF(G19="","","X")) | E19: THONON_Entrée côté place de Crête | F19: France | I19: =IF(J19="","",J19/G19) | K19: =IF(L19="","",L19/G19) | M19: =IF(N19="","",N19/L19) | W19: OK | AB19: =IF(G19<>"",$F19,"")
A20: =IF(D20="Sous-total","S",IF(G20="","","X")) | E20: THONON_Parvis de la gare | F20: France | I20: =IF(J20="","",J20/G20) | K20: =IF(L20="","",L20/G20) | M20: =IF(N20="","",N20/L20) | W20: OK | AB20: =IF(G20<>"",$F20,"")
A21: =IF(D21="Sous-total","S",IF(G21="","","X")) | E21: THONON_Avenue d’Evian | F21: France | I21: =IF(J21="","",J21/G21) | K21: =IF(L21="","",L21/G21) | M21: =IF(N21="","",N21/L21) | W21: OK | AB21: =IF(G21<>"",$F21,"")
A22: =IF(D22="Sous-total","S",IF(G22="","","X")) | E22: THONON_Carrefour Libération | F22: France | I22: =IF(J22="","",J22/G22) | K22: =IF(L22="","",L22/G22) | M22: =IF(N22="","",N22/L22) | W22: OK | AB22: =IF(G22<>"",$F22,"")
A23: =IF(D23="Sous-total","S",IF(G23="","","X")) | E23: THONON_Collège Champagne | F23: France | I23: =IF(J23="","",J23/G23) | K23: =IF(L23="","",L23/G23) | M23: =IF(N23="","",N23/L23) | W23: OK | AB23: =IF(G23<>"",$F23,"")
A24: =IF(D24="Sous-total","S",IF(G24="","","X")) | E24: THONON_Ecole Jule Ferry | F24: France | I24: =IF(J24="","",J24/G24) | K24: =IF(L24="","",L24/G24) | M24: =IF(N24="","",N24/L24) | W24: OK | AB24: =IF(G24<>"",$F24,"")
A25: =IF(D25="Sous-total","S",IF(G25="","","X")) | E25: THONON_Rond point J. Ferry G Andrier Pl des Arts Bld du Canal | F25: France | I25: =IF(J25="","",J25/G25) | K25: =IF(L25="","",L25/G25) | M25: =IF(N25="","",N25/L25) | W25: OK | AB25: =IF(G25<>"",$F25,"")
... A28: =IF(D28="Sous-total","S",IF(G28="","","X")) | E28: VEIGY_Douane | F28: Frontière | I28: =IF(J28="","",J28/G28) | K28: =IF(L28="","",L28/G28) | M28: =IF(N28="","",N28/L28) | W28: OK | AB28: =IF(G28<>"",$F28,"")
A29: =IF(D29="Sous-total","S",IF(G29="","","X")) | E29: COMMUNE_Carrefour
A30: =IF(D30="Sous-total","S",IF(G30="","","X")) | E30: COMMUNE_Carrefour
A31: =IF(D31="Sous-total","S",IF(G31="","","X")) | E31: COMMUNE_Carrefour
A32: =IF(D32="Sous-total","S",IF(G32="","","X")) | E32: COMMUNE_Carrefour
A33: =IF(D33="Sous-total","S",IF(G33="","","X")) | E33: COMMUNE_Carrefour
A34: =IF(D34="Sous-total","S",IF(G34="","","X")) -> S | D34: Sous-total | G34: =SUM(G13:G33) -> 0 | H34: =SUM(H13:H33) -> 0 | I34: =IF(J34="","",J34/G34) -> #DIV/0! | J34: =SUM(J13:J33) -> 0 | K34: =IF(L34="","",L34/G34) -> #DIV/0! | L34: =SUM(L13:L33) -> 0 | M34: =IF(N34="","",N34/L34) -> #DIV/0! | N34: =SUM(N13:N33) -> 0 | O34: =SUM(O13:O33) -> 0 | P34: =SUM(P13:P33) -> 0 | Q34: =SUM(Q13:Q33) -> 0 | R34: =SUM(R13:R33) -> 0 | S34: =SUM(S13:S33) -> 0 | T34: =SUM(T13:T33) -> 0 | U34: =SUM(U13:U33) -> 0 | V34: =SUM(V13:V33) -> 0 | W34: OK | AB34: =IF(G34<>"",$F34,"") -> 0
A35: =IF(D35="Sous-total","S",IF(G35="","","X")) | B35: NatEnv (Nature Environnement en Pays rochois) Fabrique à Biclou Pays rochois en Transition | C35: OUI | D35: 11 | E35: LA ROCHE_Carrefour Biocoop | F35: France | I35: =IF(J35="","",J35/G35) | K35: =IF(L35="","",L35/G35) | M35: =IF(N35="","",N35/L35) | S35: - | T35: - | U35: - | V35: - | W35: OK | AB35: =IF(G35<>"",$F35,"")
A36: =IF(D36="Sous-total","S",IF(G36="","","X")) | E36: LA ROCHE_Giratoire La Poste | F36: France | I36: =IF(J36="","",J36/G36) | K36: =IF(L36="","",L36/G36) | M36: =IF(N36="","",N36/L36) | S36: - | T36: - | U36: - | V36: - | W36: OK | AB36: =IF(G36<>"",$F36,"")
A37: =IF(D37="Sous-total","S",IF(G37="","","X")) | E37: LA ROCHE_Giratoire ENILV | F37: France | I37: =IF(J37="","",J37/G37) | K37: =IF(L37="","",L37/G37) | M37: =IF(N37="","",N37/L37) | S37: - | T37: - | U37: - | V37: - | W37: OK | AB37: =IF(G37<>"",$F37,"")
A38: =IF(D38="Sous-total","S",IF(G38="","","X")) | E38: LA ROCHE_Gare Passage à niveau (new 2021) | F38: France | I38: =IF(J38="","",J38/G38) | K38: =IF(L38="","",L38/G38) | M38: =IF(N38="","",N38/L38) | S38: - | T38: - | U38: - | V38: - | W38: OK | AB38: =IF(G38<>"",$F38,"")
A39: =IF(D39="Sous-total","S",IF(G39="","","X")) | E39: ARENTHON_La Papeterie | F39: France | I39: =IF(J39="","",J39/G39) | K39: =IF(L39="","",L39/G39) | M39: =IF(N39="","",N39/L39) | S39: - | T39: - | U39: - | V39: - | W39: OK | AB39: =IF(G39<>"",$F39,"")
A40: =IF(D40="Sous-total","S",IF(G40="","","X")) | E40: ST-PIERRE_Franchissement Borne-Dessy | F40: France | I40: =IF(J40="","",J40/G40) | K40: =IF(L40="","",L40/G40) | M40: =IF(N40="","",N40/L40) | S40: - | T40: - | U40: - | V40: - | W40: OK | AB40: =IF(G40<>"",$F40,"")
A41: =IF(D41="Sous-total","S",IF(G41="","","X")) | E41: BONNEVILLE_Franchissement Borne-Tucinge | F41: France | I41: =IF(J41="","",J41/G41) | K41: =IF(L41="","",L41/G41) | M41: =IF(N41="","",N41/L41) | S41: - | T41: - | U41: - | V41: - | W41: OK | AB41: =IF(G41<>"",$F41,"")
A42: =IF(D42="Sous-total","S",IF(G42="","","X")) | E42: ST-PIERRE_Pont principal sur le Borne | F42: France | I42: =IF(J42="","",J42/G42) | K42: =IF(L42="","",L42/G42) | M42: =IF(N42="","",N42/L42) | S42: - | T42: - | U42: - | V42: - | W42: OK | AB42: =IF(G42<>"",$F42,"")
A43: =IF(D43="Sous-total","S",IF(G43="","","X")) | E43: AMANCY Sous-terrain Vozerier (new 2022) | F43: France | I43: =IF(J43="","",J43/G43) | K43: =IF(L43="","",L43/G43) | M43: =IF(N43="","",N43/L43) | S43: - | T43: - | U43: - | V43: - | W43: OK | AB43: =IF(G43<>"",$F43,"")
A44: =IF(D44="Sous-total","S",IF(G44="","","X")) | E44: ST-PIERRE M. Bricolage | F44: France | I44: =IF(J44="","",J44/G44) | K44: =IF(L44="","",L44/G44) | M44: =IF(N44="","",N44/L44) | S44: - | T44: - | U44: - | V44: - | W44: OK | AB44: =IF(G44<>"",$F44,"")
A45: =IF(D45="Sous-total","S",IF(G45="","","X")) | E45: AMANCY_Giratoire Coriandre | F45: France | I45: =IF(J45="","",J45/G45) | K45: =IF(L45="","",L45/G45) | M45: =IF(N45="","",N45/L45) | S45: - | T45: - | U45: - | V45: - | W45: OK | AB45: =IF(G45<>"",$F45,"")
A46: =IF(D46="Sous-total","S",IF(G46="","","X")) | E46: COMMUNE_Carrefour | S46: - | T46: - | U46: - | V46: -
A47: =IF(D47="Sous-total","S",IF(G47="","","X")) | E47: COMMUNE_Carrefour | S47: - | T47: - | U47: - | V47: -
A48: =IF(D48="Sous-total","S",IF(G48="","","X")) | E48: COMMUNE_Carrefour | S48: - | T48: - | U48: - | V48: -
A49: =IF(D49="Sous-total","S",IF(G49="","","X")) -> S | D49: Sous-total | G49: =SUM(G35:G48) -> 0 | H49: =SUM(H35:H48) -> 0 | I49: =J49/G49 -> #DIV/0! | J49: =SUM(J35:J48) -> 0 | K49: =IF(L49="","",L49/G49) -> #DIV/0! | L49: =SUM(L35:L48) -> 0 | M49: =IF(N49="","",N49/L49) -> #DIV/0! | N49: =SUM(N35:N48) -> 0 | O49: =SUM(O35:O48) -> 0 | P49: =SUM(P35:P48) -> 0 | Q49: =SUM(Q35:Q48) -> 0 | R49: =SUM(R35:R48) -> 0 | S49: =SUM(S35:S48) -> 0 | T49: =SUM(T35:T48) -> 0 | U49: =SUM(U35:U48) -> 0 | V49: =SUM(V35:V48) -> 0 | W49: OK | AB49: =IF(G49<>"",$F49,"") -> 0
A50: =IF(D50="Sous-total","S",IF(G50="","","X")) | B50: AERE (Association Environnement Reignier-Esery) | C50: OUI | D50: 9 | E50: ETREMBIERES_Giratoire ex PN93 | F50: France | I50: =IF(J50="","",J50/G50) | K50: =IF(L50="","",L50/G50) | M50: =IF(N50="","",N50/L50) | S50: - | T50: - | U50: - | V50: - | W50: OK | AB50: =IF(G50<>"",$F50,"")
A51: =IF(D51="Sous-total","S",IF(G51="","","X")) | E51: ETREMBIERES_Carrefour sous Château | F51: France | I51: =IF(J51="","",J51/G51) | K51: =IF(L51="","",L51/G51) | M51: =IF(N51="","",N51/L51) | S51: - | T51: - | U51: - | V51: - | W51: OK | AB51: =IF(G51<>"",$F51,"")
A52: =IF(D52="Sous-total","S",IF(G52="","","X")) | E52: SCIENTRIER_Carrefour Tour de Bellecombe | F52: France | I52: =IF(J52="","",J52/G52) | K52: =IF(L52="","",L52/G52) | M52: =IF(N52="","",N52/L52) | S52: - | T52: - | U52: - | V52: - | W52: OK | AB52: =IF(G52<>"",$F52,"")
A53: =IF(D53="Sous-total","S",IF(G53="","","X")) | E53: REIGNIER_Giratoire église | F53: France | I53: =IF(J53="","",J53/G53) | K53: =IF(L53="","",L53/G53) | M53: =IF(N53="","",N53/L53) | S53: - | T53: - | U53: - | V53: - | W53: OK | AB53: =IF(G53<>"",$F53,"")
A54: =IF(D54="Sous-total","S",IF(G54="","","X")) | E54: REIGNIER_Giratoire Foron | F54: France | I54: =IF(J54="","",J54/G54) | K54: =IF(L54="","",L54/G54) | M54: =IF(N54="","",N54/L54) | S54: - | T54: - | U54: - | V54: - | W54: OK | AB54: =IF(G54<>"",$F54,"")
A55: =IF(D55="Sous-total","S",IF(G55="","","X")) | E55: REIGNIER_Giratoire La Forge | F55: France | I55: =IF(J55="","",J55/G55) | K55: =IF(L55="","",L55/G55) | M55: =IF(N55="","",N55/L55) | S55: - | T55: - | U55: - | V55: - | W55: OK | AB55: =IF(G55<>"",$F55,"")
A56: =IF(D56="Sous-total","S",IF(G56="","","X")) | E56: PERS-JUSSY_Giratoire Casino | F56: France | I56: =IF(J56="","",J56/G56) | K56: =IF(L56="","",L56/G56) | M56: =IF(N56="","",N56/L56) | S56: - | T56: - | U56: - | V56: - | W56: OK | AB56: =IF(G56<>"",$F56,"")
A57: =IF(D57="Sous-total","S",IF(G57="","","X")) | E57: REIGNIER_Giratoire ex gendarmerie | F57: France | I57: =IF(J57="","",J57/G57) | K57: =IF(L57="","",L57/G57) | M57: =IF(N57="","",N57/L57) | S57: - | T57: - | U57: - | V57: - | W57: OK | AB57: =IF(G57<>"",$F57,"")
A58: =IF(D58="Sous-total","S",IF(G58="","","X")) | E58: REIGNIER_Carrefour Gare - Tour d'Ivoire | F58: France | I58: =IF(J58="","",J58/G58) | K58: =IF(L58="","",L58/G58) | M58: =IF(N58="","",N58/L58) | S58: - | T58: - | U58: - | V58: - | W58: OK | AB58: =IF(G58<>"",$F58,"")
A59: =IF(D59="Sous-total","S",IF(G59="","","X")) | E59: REIGNIER_Carrefour Marsinge / Viaison | F59: France | I59: =IF(J59="","",J59/G59) | K59: =IF(L59="","",L59/G59) | M59: =IF(N59="","",N59/L59) | S59: - | T59: - | U59: - | V59: - | W59: OK | AB59: =IF(G59<>"",$F59,"")
A60: =IF(D60="Sous-total","S",IF(G60="","","X")) | E60: ARTHAZ_Giratoire lavage auto | F60: France | I60: =IF(J60="","",J60/G60) | K60: =IF(L60="","",L60/G60) | M60: =IF(N60="","",N60/L60) | S60: - | T60: - | U60: - | V60: - | W60: OK | AB60: =IF(G60<>"",$F60,"")
A61: =IF(D61="Sous-total","S",IF(G61="","","X")) | E61: COMMUNE_Carrefour | S61: - | T61: - | U61: - | V61: -
A62: =IF(D62="Sous-total","S",IF(G62="","","X")) | E62: COMMUNE_Carrefour | S62: - | T62: - | U62: - | V62: -
A63: =IF(D63="Sous-total","S",IF(G63="","","X")) | E63: COMMUNE_Carrefour | S63: - | T63: - | U63: - | V63: -
A64: =IF(D64="Sous-total","S",IF(G64="","","X")) -> S | D64: Sous-total | G64: =SUM(G50:G63) -> 0 | H64: =SUM(H50:H63) -> 0 | I64: =IF(J64="","",J64/G64) -> #DIV/0! | J64: =SUM(J50:J63) -> 0 | K64: =IF(L64="","",L64/G64) -> #DIV/0! | L64: =SUM(L50:L63) -> 0 | M64: =IF(N64="","",N64/L64) -> #DIV/0! | N64: =SUM(N50:N63) -> 0 | O64: =SUM(O50:O63) -> 0 | P64: =SUM(P50:P63) -> 0 | Q64: =SUM(Q50:Q63) -> 0 | R64: =SUM(R50:R63) -> 0 | S64: =SUM(S50:S63) -> 0 | T64: =SUM(T50:T63) -> 0 | U64: =SUM(U50:U63) -> 0 | V64: =SUM(V50:V63) -> 0 | W64: OK | AB64: =IF(G64<>"",$F64,"") -> 0
A65: =IF(D65="Sous-total","S",IF(G65="","","X")) -> X | B65: Sous-total périmètre "arrière-pays" | D65: =SUM(D5:D60) -> 40 | E65: Postes de comptage | G65: =G8+G12+G34+G49+G64 -> 0 | H65: =H8+H12+H34+H49+H64 -> 0 | I65: =IF(J65="","",J65/G65) -> #DIV/0! | J65: =J8+J12+J34+J49+J64 -> 0 | K65: =IF(L65="","",L65/G65) -> #DIV/0! | L65: =L8+L12+L34+L49+L64 -> 0 | M65: =IF(N65="","",N65/L65) -> #DIV/0! | N65: =N8+N12+N34+N49+N64 -> 0 | O65: =O8+O12+O34+O49+O64 -> 0 | P65: =P8+P12+P34+P49+P64 -> 0 | Q65: =Q8+Q12+Q34+Q49+Q64 -> 0 | R65: =R8+R12+R34+R49+R64 -> 0 | S65: =S8+S12+S34+S49+S64 -> 0 | T65: =T8+T12+T34+T49+T64 -> 0 | U65: =U8+U12+U34+U49+U64 -> 0 | V65: =V8+V12+V34+V49+V64 -> 0 | W65: OK | AB65: =IF(G65<>"",$F65,"") -> 0
A66: =IF(D66="Sous-total","S",IF(G66="","","X")) | B66: EVAV (En Ville A Vélo) | C66: NON | D66: 10 | E66: AMBILLY_Voie verte Pont Noir | F66: France | I66: =IF(J66="","",J66/G66) | K66: =IF(L66="","",L66/G66) | M66: =IF(N66="","",N66/L66) | W66: OK | AB66: =IF(G66<>"",$F66,"")
A67: =IF(D67="Sous-total","S",IF(G67="","","X")) | E67: ANNEMASSE_Voie verte Jura | F67: France | I67: =IF(J67="","",J67/G67) | K67: =IF(L67="","",L67/G67) | M67: =IF(N67="","",N67/L67) | W67: OK | AB67: =IF(G67<>"",$F67,"")
A68: =IF(D68="Sous-total","S",IF(G68="","","X")) | E68: ANNEMASSE_Devant l'agglo | F68: France | I68: =IF(J68="","",J68/G68) | K68: =IF(L68="","",L68/G68) | M68: =IF(N68="","",N68/L68) | S68: - | T68: - | U68: - | V68: - | W68: OK | AB68: =IF(G68<>"",$F68,"")
A69: =IF(D69="Sous-total","S",IF(G69="","","X")) | E69: GAILLARD_Douane de Fossard | F69: Frontière | I69: =IF(J69="","",J69/G69) | K69: =IF(L69="","",L69/G69) | M69: =IF(N69="","",N69/L69) | W69: OK | AB69: =IF(G69<>"",$F69,"")
A70: =IF(D70="Sous-total","S",IF(G70="","","X")) | E70: ANNEMASSE_Clos Fleury | F70: France | I70: =IF(J70="","",J70/G70) | K70: =IF(L70="","",L70/G70) | M70: =IF(N70="","",N70/L70) | S70: - | T70: - | U70: - | V70: - | W70: OK | AB70: =IF(G70<>"",$F70,"")
A71: =IF(D71="Sous-total","S",IF(G71="","","X")) | E71: COMMUNE_Carrefour | I71: =IF(J71="","",J71/G71) | K71: =IF(L71="","",L71/G71) | M71: =IF(N71="","",N71/L71) | W71: OK | AB71: =IF(G71<>"",$F71,"")
A72: =IF(D72="Sous-total","S",IF(G72="","","X")) | E72: COMMUNE_Carrefour | I72: =IF(J72="","",J72/G72) | K72: =IF(L72="","",L72/G72) | M72: =IF(N72="","",N72/L72) | W72: OK | AB72: =IF(G72<>"",$F72,"")
A73: =IF(D73="Sous-total","S",IF(G73="","","X")) | E73: GAILLARD_Douane de Moïllesullaz | F73: Frontière | I73: =IF(J73="","",J73/G73) | K73: =IF(L73="","",L73/G73) | M73: =IF(N73="","",N73/L73) | W73: OK | AB73: =IF(G73<>"",$F73,"")
A74: =IF(D74="Sous-total","S",IF(G74="","","X")) | E74: COMMUNE_Carrefour
A75: =IF(D75="Sous-total","S",IF(G75="","","X")) | E75: COMMUNE_Carrefour
A76: =IF(D76="Sous-total","S",IF(G76="","","X")) | E76: COMMUNE_Carrefour
A77: =IF(D77="Sous-total","S",IF(G77="","","X")) -> S | D77: Sous-total | G77: =SUM(G66:G76) -> 0 | H77: =SUM(H66:H76) -> 0 | I77: =IF(J77="","",J77/G77) -> #DIV/0! | J77: =SUM(J66:J76) -> 0 | K77: =IF(L77="","",L77/G77) -> #DIV/0! | L77: =SUM(L66:L76) -> 0 | M77: =IF(N77="","",N77/L77) -> #DIV/0! | N77: =SUM(N66:N76) -> 0 | O77: =SUM(O66:O76) -> 0 | P77: =SUM(P66:P76) -> 0 | Q77: =SUM(Q66:Q76) -> 0 | R77: =SUM(R66:R76) -> 0 | S77: =SUM(S66:S76) -> 0 | T77: =SUM(T66:T76) -> 0 | U77: =SUM(U66:U76) -> 0 | V77: =SUM(V66:V76) -> 0 | W77: OK | AB77: =IF(G77<>"",$F77,"") -> 0
A78: =IF(D78="Sous-total","S",IF(G78="","","X")) | B78: Le Préau | C78: NON | D78: 4 | E78: ST-JULIEN_Douane piét. (chemin de Chécande) | F78: Frontière | I78: =IF(J78="","",J78/G78) | K78: =IF(L78="","",L78/G78) | M78: =IF(N78="","",N78/L78) | W78: OK | X78: Compté par Salève Vivant en 2021 sous le nom Charrot | AB78: =IF(G78<>"",$F78,"")
A79: =IF(D79="Sous-total","S",IF(G79="","","X")) | E79: ST-JULIEN_Douane piét. (chemin de Lathoy) | F79: Frontière | I79: =IF(J79="","",J79/G79) | K79: =IF(L79="","",L79/G79) | M79: =IF(N79="","",N79/L79) | W79: OK | X79: Y compris comptage France-France carrefour Sous Lathoy | AB79: =IF(G79<>"",$F79,"")
A80: =IF(D80="Sous-total","S",IF(G80="","","X")) | E80: COMMUNE_Carrefour | I80: =IF(J80="","",J80/G80) | K80: =IF(L80="","",L80/G80) | M80: =IF(N80="","",N80/L80) | W80: OK | AB80: =IF(G80<>"",$F80,"")
A81: =IF(D81="Sous-total","S",IF(G81="","","X")) | E81: COMMUNE_Carrefour | I81: =IF(J81="","",J81/G81) | K81: =IF(L81="","",L81/G81) | M81: =IF(N81="","",N81/L81) | W81: OK | AB81: =IF(G81<>"",$F81,"")
A82: =IF(D82="Sous-total","S",IF(G82="","","X")) | E82: COMMUNE_Carrefour | I82: =IF(J82="","",J82/G82) | K82: =IF(L82="","",L82/G82) | M82: =IF(N82="","",N82/L82) | W82: OK | AB82: =IF(G82<>"",$F82,"")
A83: =IF(D83="Sous-total","S",IF(G83="","","X")) | E83: COMMUNE_Carrefour | I83: =IF(J83="","",J83/G83) | K83: =IF(L83="","",L83/G83) | M83: =IF(N83="","",N83/L83) | W83: OK | AB83: =IF(G83<>"",$F83,"")
A84: =IF(D84="Sous-total","S",IF(G84="","","X")) | E84: COMMUNE_Carrefour | I84: =IF(J84="","",J84/G84) | K84: =IF(L84="","",L84/G84) | M84: =IF(N84="","",N84/L84) | W84: OK | AB84: =IF(G84<>"",$F84,"")
A85: =IF(D85="Sous-total","S",IF(G85="","","X")) -> S | D85: Sous-total | G85: =SUM(G78:G84) -> 0 | H85: =SUM(H78:H84) -> 0 | I85: =IF(J85="","",J85/G85) -> #DIV/0! | J85: =SUM(J78:J84) -> 0 | K85: =IF(L85="","",L85/G85) -> #DIV/0! | L85: =SUM(L78:L84) -> 0 | M85: =IF(N85="","",N85/L85) -> #DIV/0! | N85: =SUM(N78:N84) -> 0 | O85: =SUM(O78:O84) -> 0 | P85: =SUM(P78:P84) -> 0 | Q85: =SUM(Q78:Q84) -> 0 | R85: =SUM(R78:R84) -> 0 | S85: =SUM(S78:S84) -> 0 | T85: =SUM(T78:T84) -> 0 | U85: =SUM(U78:U84) -> 0 | V85: =SUM(V78:V84) -> 0 | W85: OK | AB85: =IF(G85<>"",$F85,"") -> 0
A86: =IF(D86="Sous-total","S",IF(G86="","","X")) | B86: Salève Vivant | C86: NON | D86: 10 | E86: ARCHAMPS_Douane de Landecy | F86: Frontière | I86: =IF(J86="","",J86/G86) | K86: =IF(L86="","",L86/G86) | M86: =IF(N86="","",N86/L86) | W86: OK | AB86: =IF(G86<>"",$F86,"")
A87: =IF(D87="Sous-total","S",IF(G87="","","X")) | E87: COLLONGES_Douane de Croix de Rozon | F87: Frontière | I87: =IF(J87="","",J87/G87) | K87: =IF(L87="","",L87/G87) | M87: =IF(N87="","",N87/L87) | W87: OK | AB87: =IF(G87<>"",$F87,"")
A88: =IF(D88="Sous-total","S",IF(G88="","","X")) | E88: BOSSEY_Douane de Pierre-Grand | F88: Frontière | I88: =IF(J88="","",J88/G88) | K88: =IF(L88="","",L88/G88) | M88: =IF(N88="","",N88/L88) | W88: OK | AB88: =IF(G88<>"",$F88,"")
A89: =IF(D89="Sous-total","S",IF(G89="","","X")) | E89: BOSSEY_Douane de Troinex/Bossey | F89: Frontière | I89: =IF(J89="","",J89/G89) | K89: =IF(L89="","",L89/G89) | M89: =IF(N89="","",N89/L89) | W89: OK | AB89: =IF(G89<>"",$F89,"")
A90: =IF(D90="Sous-total","S",IF(G90="","","X")) | E90: COLLONGES_Passage parking du Marché | F90: Frontière | I90: =IF(J90="","",J90/G90) | K90: =IF(L90="","",L90/G90) | M90: =IF(N90="","",N90/L90) | W90: OK | AB90: =IF(G90<>"",$F90,"")
A91: =IF(D91="Sous-total","S",IF(G91="","","X")) | E91: COMMUNE_Carrefour | I91: =IF(J91="","",J91/G91) | K91: =IF(L91="","",L91/G91) | M91: =IF(N91="","",N91/L91) | W91: OK | AB91: =IF(G91<>"",$F91,"")
A92: =IF(D92="Sous-total","S",IF(G92="","","X")) | E92: COMMUNE_Carrefour
A93: =IF(D93="Sous-total","S",IF(G93="","","X")) | E93: COMMUNE_Carrefour
A94: =IF(D94="Sous-total","S",IF(G94="","","X")) | E94: COMMUNE_Carrefour
A95: =IF(D95="Sous-total","S",IF(G95="","","X")) -> S | D95: Sous-total | G95: =SUM(G86:G94) -> 0 | H95: =SUM(H86:H94) -> 0 | I95: =IF(J95="","",J95/G95) -> #DIV/0! | J95: =SUM(J86:J94) -> 0 | K95: =IF(L95="","",L95/G95) -> #DIV/0! | L95: =SUM(L86:L94) -> 0 | M95: =IF(N95="","",N95/L95) -> #DIV/0! | N95: =SUM(N86:N94) -> 0 | O95: =SUM(O86:O94) -> 0 | P95: =SUM(P86:P94) -> 0 | Q95: =SUM(Q86:Q94) -> 0 | R95: =SUM(R86:R94) -> 0 | S95: =SUM(S86:S94) -> 0 | T95: =SUM(T86:T94) -> 0 | U95: =SUM(U86:U94) -> 0 | V95: =SUM(V86:V94) -> 0 | W95: OK | AB95: =IF(G95<>"",$F95,"") -> 0
A96: =IF(D96="Sous-total","S",IF(G96="","","X")) | B96: Groupe St-Julien | C96: NON | D96: 12 | E96: ST-JULIEN_Douane de Perly | F96: Frontière | I96: =IF(J96="","",J96/G96) | K96: =IF(L96="","",L96/G96) | M96: =IF(N96="","",N96/L96) | W96: OK | AB96: =IF(G96<>"",$F96,"")
A97: =IF(D97="Sous-total","S",IF(G97="","","X")) | E97: ST-JULIEN_Passage douanier des Crottes | F97: Frontière | I97: =IF(J97="","",J97/G97) | K97: =IF(L97="","",L97/G97) | M97: =IF(N97="","",N97/L97) | W97: OK | AB97: =IF(G97<>"",$F97,"")
A98: =IF(D98="Sous-total","S",IF(G98="","","X")) | E98: ST-JULIEN_Paguette (chemin de l'Aire) | F98: Frontière | I98: =IF(J98="","",J98/G98) | K98: =IF(L98="","",L98/G98) | M98: =IF(N98="","",N98/L98) | W98: OK | AB98: =IF(G98<>"",$F98,"")
A99: =IF(D99="Sous-total","S",IF(G99="","","X")) | E99: ST-JULIEN_Douane de Certoux (rte Thérens) | F99: Frontière | I99: =IF(J99="","",J99/G99) | K99: =IF(L99="","",L99/G99) | M99: =IF(N99="","",N99/L99) | W99: OK | AB99: =IF(G99<>"",$F99,"")
A100: =IF(D100="Sous-total","S",IF(G100="","","X")) | E100: ST-JULIEN_Douane de Soral 1 | F100: Frontière | I100: =IF(J100="","",J100/G100) | K100: =IF(L100="","",L100/G100) | M100: =IF(N100="","",N100/L100) | W100: OK | AB100: =IF(G100<>"",$F100,"")
A101: =IF(D101="Sous-total","S",IF(G101="","","X")) | E101: VIRY_Douane de Soral 2 | F101: Frontière | I101: =IF(J101="","",J101/G101) | K101: =IF(L101="","",L101/G101) | M101: =IF(N101="","",N101/L101) | W101: OK | AB101: =IF(G101<>"",$F101,"")
A102: =IF(D102="Sous-total","S",IF(G102="","","X")) | E102: VIRY_Malagny | F102: Frontière | I102: =IF(J102="","",J102/G102) | K102: =IF(L102="","",L102/G102) | M102: =IF(N102="","",N102/L102) | W102: OK | AB102: =IF(G102<>"",$F102,"")
...

Sheet SYNTHESE
B1: 2 | C1: 3 | D1: 4 | E1: 5 | F1: 6 | J1: 7 | K1: 8 | L1: 9 | M1: 10 | Q1: 11 | R1: 12 | S1: 13 | T1: 14 | X1: 15 | Y1: 16 | Z1: 17 | AD1: 18 | AE1: 19 | AF1: 20 | AJ1: 21 | AK1: 22 | AL1: 23 | AP1: 24 | AQ1: 25 | AR1: 26 | AV1: 27 | AW1: 28 | AX1: 29 | BB1: 30 | BC1: 31 | BD1: 32 | BH1: 33 | BI1: 34 | BJ1: 35 | BN1: 36 | BO1: 37 | BP1: 38 | BQ1: 39 | BR1: 40 | BS1: 41 | BT1: 42 | BU1: 43
B2: Association(s) | C2: Arrière-pays | D2: NB de bénévoles | J2: Postes de comptage | Q2: France / Suisse / Frontière | R2: Nombre de vélos | AD2: VAE dans le total | AP2: Femmes dans le total | BB2: VAE chez les femmes | BN2: Autres modes | BP2: Piétons | BR2: > Suisse | BT2: > France
R3: Total | X3: HP | AD3: [en %] | AJ3: [en valeur] | AP3: [en %] | AV3: [en valeur] | BB3: [en %] | BH3: [en valeur]
D4: 2020 | E4: 2021 | F4: 2022 | G4: 2023 | H4: 2024 | I4: 2025 | K4: 2020 | L4: 2021 | M4: 2022 | N4: 2023 | O4: 2024 | P4: 2025 | R4: 2020 | S4: 2021 | T4: 2022 | U4: 2023 | V4: 2024 | W4: 2025 | X4: 2020 | Y4: 2021 | Z4: 2022 | AA4: 2023 | AB4: 2024 | AC4: 2025 | AD4: 2020 | AE4: 2021 | AF4: 2022 | AG4: 2023 | AH4: 2024 | AI4: 2025 | AJ4: 2020 | AK4: 2021 | AL4: 2022 | AM4: 2023 | AN4: 2024 | AO4: 2025 | AP4: 2020 | AQ4: 2021 | AR4: 2022 | AS4: 2023 | AT4: 2024 | AU4: 2025 | AV4: 2020 | AW4: 2021 | AX4: 2022 | AY4: 2023 | AZ4: 2024 | BA4: 2025 | BB4: 2020 | BC4: 2021 | BD4: 2022 | BE4: 2023 | BF4: 2024 | BG4: 2025 | BH4: 2020 | BI4: 2021 | BJ4: 2022 | BK4: 2023 | BL4: 2024 | BM4: 2025 | BN4: total | BO4: HP | BP4: total | BQ4: HP | BR4: total | BS4: HP | BT4: total | BU4: HP | CC4: 2020 | CD4: 2021 | CE4: 2022 | CF4: 2023 | CG4: 2024 | CH4: 2025
B5: UP Cluses | C5: OUI | D5: ='2020'!D5 -> 2 | E5: ='2021'!D5 -> 2 | F5: ='2022'!D5 -> 2 | G5: ='2023'!D5 -> 2 | J5: CLUSES_Passerelle de Messy | K5: =IF(R5=0,"","X") -> X | L5: =IF(S5=0,"","X") -> X | M5: =IF(T5=0,"","X") -> X | N5: =IF(U5=0,"","X") -> X | O5: =IF(V5=0,"","X") | P5: =IF(W5=0,"","X") | Q5: France | R5: ='2020'!G5 -> 63 | S5: ='2021'!G5 -> 102 | T5: ='2022'!G5 -> 72 | U5: ='2023'!G5 -> 176 | V5: ='2024'!G5 -> 0 | W5: ='2025'!G5 -> 0 | X5: ='2020'!H5 -> 29 | Y5: ='2021'!H5 -> 94 | Z5: ='2022'!H5 -> 72 | AA5: ='2023'!H5 -> 0 | AB5: ='2024'!H5 -> 0 | AC5: ='2025'!H5 -> 0 | AD5: =IF(R5="",0,IF(AJ5=0,0,AJ5/R5)) -> 0.031746032 | AE5: =IF(S5="",0,IF(AK5=0,0,AK5/S5)) -> 0.019607843 | AF5: =IF(T5="",0,IF(AL5=0,0,AL5/T5)) -> 0 | AG5: =IF(U5="",0,IF(AM5=0,0,AM5/U5)) -> 0.25568182 | AH5: =IF(V5="",0,IF(AN5=0,0,AN5/V5)) -> 0 | AI5: =IF(W5="",0,IF(AO5=0,0,AO5/W5)) -> 0 | AJ5: ='2020'!J5 -> 2 | AK5: ='2021'!J5 -> 2 | AL5: ='2022'!J5 -> 0 | AM5: ='2023'!J5 -> 45 | AN5: ='2024'!J5 -> 0 | AO5: ='2025'!J5 -> 0 | AP5: =IF(R5=0,"",IF(AV5="","",AV5/R5)) -> 0.26984127 | AQ5: =IF(S5=0,"",IF(AW5="","",AW5/S5)) -> 0.17647059 | AR5: =IF(T5=0,"",IF(AX5="","",AX5/T5)) -> 0 | AS5: =IF(U5=0,"",IF(AY5="","",AY5/U5)) -> 0.34090909 | AT5: =IF(V5=0,"",IF(AZ5="","",AZ5/V5)) | AU5: =IF(W5=0,"",IF(BA5="","",BA5/W5)) | AV5: ='2020'!L5 -> 17 | AW5: ='2021'!L5 -> 18 | AX5: ='2022'!L5 -> 0 | AY5: ='2023'!L5 -> 60 | AZ5: ='2024'!L5 -> 0 | BA5: ='2025'!L5 -> 0 | BB5: =IF(AV5=0,"",IF(BH5="-","",BH5/AV5)) -> 0.11764706 | BC5: =IF(AW5=0,"",IF(BI5="-","",BI5/AW5)) -> 0.11111111 | BD5: =IF(AX5=0,"",IF(BJ5="-","",BJ5/AX5)) | BE5: =IF(AY5=0,"",IF(BK5="-","",BK5/AY5)) -> 0.26666667 | BF5: =IF(AZ5=0,"",IF(BL5="-","",BL5/AZ5)) | BG5: =IF(BA5=0,"",IF(BM5="-","",BM5/BA5)) | BH5: ='2020'!N5 -> 2 | BI5: ='2021'!N5 -> 2 | BJ5: ='2022'!N5 -> 0 | BK5: ='2023'!N5 -> 16 | BL5: ='2024'!N5 -> 0 | BM5: ='2025'!N5 -> 0 | BN5: - | BO5: - | BP5: - | BQ5: - | BR5: - | BS5: - | BT5: - | BU5: - | CC5: =IF(K5<>"",$Q5,"") -> France | CD5: =IF(L5<>"",$Q5,"") -> France | CE5: =IF(M5<>"",$Q5,"") -> France | CF5: =IF(N5<>"",$Q5,"") -> France | CG5: =IF(O5<>"",$Q5,"") | CH5: =IF(P5<>"",$Q5,"")
J6: COMMUNE_Carrefour | K6: =IF(R6=0,"","X") | L6: =IF(S6=0,"","X") | M6: =IF(T6=0,"","X") | N6: =IF(U6=0,"","X") | O6: =IF(V6=0,"","X") | P6: =IF(W6=0,"","X") | R6: ='2020'!G6 -> 0 | S6: ='2021'!G6 -> 0 | T6: ='2022'!G6 -> 0 | U6: ='2023'!G6 -> 0 | V6: ='2024'!G6 -> 0 | W6: ='2025'!G6 -> 0 | X6: ='2020'!H6 -> 0 | Y6: ='2021'!H6 -> 0 | Z6: ='2022'!H6 -> 0 | AA6: ='2023'!H6 -> 0 | AB6: ='2024'!H6 -> 0 | AC6: ='2025'!H6 -> 0 | AD6: =IF(R6="",0,IF(AJ6=0,0,AJ6/R6)) -> 0 | AE6: =IF(S6="",0,IF(AK6=0,0,AK6/S6)) -> 0 | AF6: =IF(T6="",0,IF(AL6=0,0,AL6/T6)) -> 0 | AG6: =IF(U6="",0,IF(AM6=0,0,AM6/U6)) -> 0 | AH6: =IF(V6="",0,IF(AN6=0,0,AN6/V6)) -> 0 | AI6: =IF(W6="",0,IF(AO6=0,0,AO6/W6)) -> 0 | AJ6: ='2020'!J6 -> 0 | AK6: ='2021'!J6 -> 0 | AL6: ='2022'!J6 -> 0 | AM6: ='2023'!J6 -> 0 | AN6: ='2024'!J6 -> 0 | AO6: ='2025'!J6 -> 0 | AP6: =IF(R6=0,"",IF(AV6="","",AV6/R6)) | AQ6: =IF(S6=0,"",IF(AW6="","",AW6/S6)) | AR6: =IF(T6=0,"",IF(AX6="","",AX6/T6)) | AS6: =IF(U6=0,"",IF(AY6="","",AY6/U6)) | AT6: =IF(V6=0,"",IF(AZ6="","",AZ6/V6)) | AU6: =IF(W6=0,"",IF(BA6="","",BA6/W6)) | AV6: ='2020'!L6 -> 0 | AW6: ='2021'!L6 -> 0 | AX6: ='2022'!L6 -> 0 | AY6: ='2023'!L6 -> 0 | AZ6: ='2024'!L6 -> 0 | BA6: ='2025'!L6 -> 0 | BB6: =IF(AV6=0,"",IF(BH6="-","",BH6/AV6)) | BC6: =IF(AW6=0,"",IF(BI6="-","",BI6/AW6)) | BD6: =IF(AX6=0,"",IF(BJ6="-","",BJ6/AX6)) | BE6: =IF(AY6=0,"",IF(BK6="-","",BK6/AY6)) | BF6: =IF(AZ6=0,"",IF(BL6="-","",BL6/AZ6)) | BG6: =IF(BA6=0,"",IF(BM6="-","",BM6/BA6)) | BH6: ='2020'!N6 -> 0 | BI6: ='2021'!N6 -> 0 | BJ6: ='2022'!N6 -> 0 | BK6: ='2023'!N6 -> 0 | BL6: ='2024'!N6 -> 0 | BM6: ='2025'!N6 -> 0 | CC6: =IF(K6<>"",$Q6,"") | CD6: =IF(L6<>"",$Q6,"") | CE6: =IF(M6<>"",$Q6,"") | CF6: =IF(N6<>"",$Q6,"") | CG6: =IF(O6<>"",$Q6,"") | CH6: =IF(P6<>"",$Q6,"")
J7: COMMUNE_Carrefour | K7: =IF(R7=0,"","X") | L7: =IF(S7=0,"","X") | M7: =IF(T7=0,"","X") | N7: =IF(U7=0,"","X") | O7: =IF(V7=0,"","X") | P7: =IF(W7=0,"","X") | R7: ='2020'!G7 -> 0 | S7: ='2021'!G7 -> 0 | T7: ='2022'!G7 -> 0 | U7: ='2023'!G7 -> 0 | V7: ='2024'!G7 -> 0 | W7: ='2025'!G7 -> 0 | X7: ='2020'!H7 -> 0 | Y7: ='2021'!H7 -> 0 | Z7: ='2022'!H7 -> 0 | AA7: ='2023'!H7 -> 0 | AB7: ='2024'!H7 -> 0 | AC7: ='2025'!H7 -> 0 | AD7: =IF(R7="",0,IF(AJ7=0,0,AJ7/R7)) -> 0 | AE7: =IF(S7="",0,IF(AK7=0,0,AK7/S7)) -> 0 | AF7: =IF(T7="",0,IF(AL7=0,0,AL7/T7)) -> 0 | AG7: =IF(U7="",0,IF(AM7=0,0,AM7/U7)) -> 0 | AH7: =IF(V7="",0,IF(AN7=0,0,AN7/V7)) -> 0 | AI7: =IF(W7="",0,IF(AO7=0,0,AO7/W7)) -> 0 | AJ7: ='2020'!J7 -> 0 | AK7: ='2021'!J7 -> 0 | AL7: ='2022'!J7 -> 0 | AM7: ='2023'!J7 -> 0 | AN7: ='2024'!J7 -> 0 | AO7: ='2025'!J7 -> 0 | AP7: =IF(R7=0,"",IF(AV7="","",AV7/R7)) | AQ7: =IF(S7=0,"",IF(AW7="","",AW7/S7)) | AR7: =IF(T7=0,"",IF(AX7="","",AX7/T7)) | AS7: =IF(U7=0,"",IF(AY7="","",AY7/U7)) | AT7: =IF(V7=0,"",IF(AZ7="","",AZ7/V7)) | AU7: =IF(W7=0,"",IF(BA7="","",BA7/W7)) | AV7: ='2020'!L7 -> 0 | AW7: ='2021'!L7 -> 0 | AX7: ='2022'!L7 -> 0 | AY7: ='2023'!L7 -> 0 | AZ7: ='2024'!L7 -> 0 | BA7: ='2025'!L7 -> 0 | BB7: =IF(AV7=0,"",IF(BH7="-","",BH7/AV7)) | BC7: =IF(AW7=0,"",IF(BI7="-","",BI7/AW7)) | BD7: =IF(AX7=0,"",IF(BJ7="-","",BJ7/AX7)) | BE7: =IF(AY7=0,"",IF(BK7="-","",BK7/AY7)) | BF7: =IF(AZ7=0,"",IF(BL7="-","",BL7/AZ7)) | BG7: =IF(BA7=0,"",IF(BM7="-","",BM7/BA7)) | BH7: ='2020'!N7 -> 0 | BI7: ='2021'!N7 -> 0 | BJ7: ='2022'!N7 -> 0 | BK7: ='2023'!N7 -> 0 | BL7: ='2024'!N7 -> 0 | BM7: ='2025'!N7 -> 0 | CC7: =IF(K7<>"",$Q7,"") | CD7: =IF(L7<>"",$Q7,"") | CE7: =IF(M7<>"",$Q7,"") | CF7: =IF(N7<>"",$Q7,"") | CG7: =IF(O7<>"",$Q7,"") | CH7: =IF(P7<>"",$Q7,"")
D8: Sous-total | K8: =COUNTIF(K5:K7,"X") -> 1 | L8: =COUNTIF(L5:L7,"X") -> 1 | M8: =COUNTIF(M5:M7,"X") -> 1 | N8: =COUNTIF(N5:N7,"X") -> 1 | O8: =COUNTIF(O5:O7,"X") -> 0 | P8: =COUNTIF(P5:P7,"X") -> 0 | R8: =SUM(R5:R7) -> 63 | S8: =SUM(S5:S7) -> 102 | T8: =SUM(T5:T7) -> 72 | U8: =SUM(U5:U7) -> 176 | V8: =SUM(V5:V7) -> 0 | W8: =SUM(W5:W7) -> 0 | X8: =SUM(X5:X7) -> 29 | Y8: =SUM(Y5:Y7) -> 94 | ... AC8: =SUM(AC5:AC7) -> 0 | AD8: =IF(R8="",0,IF(AJ8=0,0,AJ8/R8)) -> 0.031746032 | AE8: =IF(S8="",0,IF(AK8=0,0,AK8/S8)) -> 0.019607843 | AF8: =IF(T8="",0,IF(AL8=0,0,AL8/T8)) -> 0 | AG8: =IF(U8="",0,IF(AM8=0,0,AM8/U8)) -> 0.25568182 | AH8: =IF(V8="",0,IF(AN8=0,0,AN8/V8)) -> 0 | AI8: =IF(W8="",0,IF(AO8=0,0,AO8/W8)) -> 0 | AJ8: =SUM(AJ5:AJ7) -> 2 | AK8: =SUM(AK5:AK7) -> 2 | AL8: =SUM(AL5:AL7) -> 0 | AM8: =SUM(AM5:AM7) -> 45 | AN8: =SUM(AN5:AN7) -> 0 | AO8: =SUM(AO5:AO7) -> 0 | AP8: =IF(R8=0,"",IF(AV8="","",AV8/R8)) -> 0.26984127 | AQ8: =IF(S8=0,"",IF(AW8="","",AW8/S8)) -> 0.17647059 | AR8: =IF(T8=0,"",IF(AX8="","",AX8/T8)) -> 0 | AS8: =IF(U8=0,"",IF(AY8="","",AY8/U8)) -> 0.34090909 | AT8: =IF(V8=0,"",IF(AZ8="","",AZ8/V8)) | AU8: =IF(W8=0,"",IF(BA8="","",BA8/W8)) | AV8: =SUM(AV5:AV7) -> 17 | AW8: =SUM(AW5:AW7) -> 18 | AX8: =SUM(AX5:AX7) -> 0 | AY8: =SUM(AY5:AY7) -> 60 | AZ8: =SUM(AZ5:AZ7) -> 0 | BA8: =SUM(BA5:BA7) -> 0 | BB8: =IF(AV8=0,"",IF(BH8="-","",BH8/AV8)) -> 0.11764706 | BC8: =IF(AW8=0,"",IF(BI8="-","",BI8/AW8)) -> 0.11111111 | BD8: =IF(AX8=0,"",IF(BJ8="-","",BJ8/AX8)) | BE8: =IF(AY8=0,"",IF(BK8="-","",BK8/AY8)) -> 0.26666667 | BF8: =IF(AZ8=0,"",IF(BL8="-","",BL8/AZ8)) | BG8: =IF(BA8=0,"",IF(BM8="-","",BM8/BA8)) | BH8: =SUM(BH5:BH7) -> 2 | BI8: =SUM(BI5:BI7) -> 2 | BJ8: =SUM(BJ5:BJ7) -> 0 | BK8: =SUM(BK5:BK7) -> 16 | BL8: =SUM(BL5:BL7) -> 0 | BM8: =SUM(BM5:BM7) -> 0 | CC8: =IF(K8<>"",$Q8,"") -> 0 | CD8: =IF(L8<>"",$Q8,"") -> 0 | CE8: =IF(M8<>"",$Q8,"") -> 0 | CF8: =IF(N8<>"",$Q8,"") -> 0 | CG8: =IF(O8<>"",$Q8,"") -> 0 | CH8: =IF(P8<>"",$Q8,"") -> 0
B9: L'Abeille (Contamine) | C9: OUI | D9: ='2020'!D9 -> 0 | E9: ='2021'!D9 -> 0 | F9: ='2022'!D9 -> 0 | G9: ='2023'!D9 -> 0 | J9: BONNE_Loëx (sous voie rapide) | K9: =IF(R9=0,"","X") | L9: =IF(S9=0,"","X") | M9: =IF(T9=0,"","X") -> X | N9: =IF(U9=0,"","X") | O9: =IF(V9=0,"","X") | P9: =IF(W9=0,"","X") | Q9: France | R9: ='2020'!G9 -> 0 | S9: ='2021'!G9 -> 0 | T9: ='2022'!G9 -> 20 | U9: ='2023'!G9 -> 0 | V9: ='2024'!G9 -> 0 | W9: ='2025'!G9 -> 0 | X9: ='2020'!H9 -> 0 | Y9: ='2021'!H9 -> 0 | Z9: ='2022'!H9 -> 9 | AA9: ='2023'!H9 -> 0 | AB9: ='2024'!H9 -> 0 | AC9: ='2025'!H9 -> 0 | AD9: =IF(R9="",0,IF(AJ9=0,0,AJ9/R9)) -> 0 | AE9: =IF(S9="",0,IF(AK9=0,0,AK9/S9)) -> 0 | AF9: =IF(T9="",0,IF(AL9=0,0,AL9/T9)) -> 0.4 | AG9: =IF(U9="",0,IF(AM9=0,0,AM9/U9)) -> 0 | AH9: =IF(V9="",0,IF(AN9=0,0,AN9/V9)) -> 0 | AI9: =IF(W9="",0,IF(AO9=0,0,AO9/W9)) -> 0 | AJ9: ='2020'!J9 -> 0 | AK9: ='2021'!J9 -> 0 | AL9: ='2022'!J9 -> 8 | AM9: ='2023'!J9 -> 0 | AN9: ='2024'!J9 -> 0 | AO9: ='2025'!J9 -> 0 | AP9: =IF(R9=0,"",IF(AV9="","",AV9/R9)) | AQ9: =IF(S9=0,"",IF(AW9="","",AW9/S9)) | AR9: =IF(T9=0,"",IF(AX9="","",AX9/T9)) -> 0.2 | AS9: =IF(U9=0,"",IF(AY9="","",AY9/U9)) | AT9: =IF(V9=0,"",IF(AZ9="","",AZ9/V9)) | AU9: =IF(W9=0,"",IF(BA9="","",BA9/W9)) | AV9: ='2020'!L9 -> 0 | AW9: ='2021'!L9 -> 0 | AX9: ='2022'!L9 -> 4 | AY9: ='2023'!L9 -> 0 | AZ9: ='2024'!L9 -> 0 | BA9: ='2025'!L9 -> 0 | BB9: =IF(AV9=0,"",IF(BH9="-","",BH9/AV9)) | BC9: =IF(AW9=0,"",IF(BI9="-","",BI9/AW9)) | BD9: =IF(AX9=0,"",IF(BJ9="-","",BJ9/AX9)) -> 0.5 | BE9: =IF(AY9=0,"",IF(BK9="-","",BK9/AY9)) | BF9: =IF(AZ9=0,"",IF(BL9="-","",BL9/AZ9)) | BG9: =IF(BA9=0,"",IF(BM9="-","",BM9/BA9)) | BH9: ='2020'!N9 -> 0 | BI9: ='2021'!N9 -> 0 | BJ9: ='2022'!N9 -> 2 | BK9: ='2023'!N9 -> 0 | BL9: ='2024'!N9 -> 0 | BM9: ='2025'!N9 -> 0 | BN9: - | BO9: - | BP9: - | BQ9: - | BR9: - | BS9: - | BT9: - | BU9: - | CC9: =IF(K9<>"",$Q9,"") | CD9: =IF(L9<>"",$Q9,"") | CE9: =IF(M9<>"",$Q9,"") -> France | CF9: =IF(N9<>"",$Q9,"") | CG9: =IF(O9<>"",$Q9,"") | CH9: =IF(P9<>"",$Q9,"")
J10: COMMUNE_Carrefour | K10: =IF(R10=0,"","X") | L10: =IF(S10=0,"","X") | M10: =IF(T10=0,"","X") | N10: =IF(U10=0,"","X") | O10: =IF(V10=0,"","X") | P10: =IF(W10=0,"","X") | R10: ='2020'!G10 -> 0 | S10: ='2021'!G10 -> 0 | T10: ='2022'!G10 -> 0 | U10: ='2023'!G10 -> 0 | V10: ='2024'!G10 -> 0 | W10: ='2025'!G10 -> 0 | X10: ='2020'!H10 -> 0 | Y10: ='2021'!H10 -> 0 | Z10: ='2022'!H10 -> 0 | AA10: ='2023'!H10 -> 0 | AB10: ='2024'!H10 -> 0 | AC10: ='2025'!H10 -> 0 | AD10: =IF(R10="",0,IF(AJ10=0,0,AJ10/R10)) -> 0 | AE10: =IF(S10="",0,IF(AK10=0,0,AK10/S10)) -> 0 | AF10: =IF(T10="",0,IF(AL10=0,0,AL10/T10)) -> 0 | AG10: =IF(U10="",0,IF(AM10=0,0,AM10/U10)) -> 0 | AH10: =IF(V10="",0,IF(AN10=0,0,AN10/V10)) -> 0 | AI10: =IF(W10="",0,IF(AO10=0,0,AO10/W10)) -> 0 | AJ10: ='2020'!J10 -> 0 | AK10: ='2021'!J10 -> 0 | AL10: ='2022'!J10 -> 0 | AM10: ='2023'!J10 -> 0 | AN10: ='2024'!J10 -> 0 | AO10: ='2025'!J10 -> 0 | AP10: =IF(R10=0,"",IF(AV10="","",AV10/R10)) | AQ10: =IF(S10=0,"",IF(AW10="","",AW10/S10)) | AR10: =IF(T10=0,"",IF(AX10="","",AX10/T10)) | AS10: =IF(U10=0,"",IF(AY10="","",AY10/U10)) | AT10: =IF(V10=0,"",IF(AZ10="","",AZ10/V10)) | AU10: =IF(W10=0,"",IF(BA10="","",BA10/W10)) | AV10: ='2020'!L10 -> 0 | AW10: ='2021'!L10 -> 0 | AX10: ='2022'!L10 -> 0 | AY10: ='2023'!L10 -> 0 | AZ10: ='2024'!L10 -> 0 | BA10: ='2025'!L10 -> 0 | BB10: =IF(AV10=0,"",IF(BH10="-","",BH10/AV10)) | BC10: =IF(AW10=0,"",IF(BI10="-","",BI10/AW10)) | BD10: =IF(AX10=0,"",IF(BJ10="-","",BJ10/AX10)) | BE10: =IF(AY10=0,"",IF(BK10="-","",BK10/AY10)) | BF10: =IF(AZ10=0,"",IF(BL10="-","",BL10/AZ10)) | BG10: =IF(BA10=0,"",IF(BM10="-","",BM10/BA10)) | BH10: ='2020'!N10 -> 0 | BI10: ='2021'!N10 -> 0 | BJ10: ='2022'!N10 -> 0 | BK10: ='2023'!N10 -> 0 | BL10: ='2024'!N10 -> 0 | BM10: ='2025'!N10 -> 0 | CC10: =IF(K10<>"",$Q10,"") | CD10: =IF(L10<>"",$Q10,"") | CE10: =IF(M10<>"",$Q10,"") | CF10: =IF(N10<>"",$Q10,"") | CG10: =IF(O10<>"",$Q10,"") | CH10: =IF(P10<>"",$Q10,"")
J11: COMMUNE_Carrefour | K11: =IF(R11=0,"","X") | L11: =IF(S11=0,"","X") | M11: =IF(T11=0,"","X") | N11: =IF(U11=0,"","X") | O11: =IF(V11=0,"","X") | P11: =IF(W11=0,"","X") | R11: ='2020'!G11 -> 0 | S11: ='2021'!G11 -> 0 | T11: ='2022'!G11 -> 0 | U11: ='2023'!G11 -> 0 | V11: ='2024'!G11 -> 0 | W11: ='2025'!G11 -> 0 | X11: ='2020'!H11 -> 0 | Y11: ='2021'!H11 -> 0 | Z11: ='2022'!H11 -> 0 | AA11: ='2023'!H11 -> 0 | AB11: ='2024'!H11 -> 0 | AC11: ='2025'!H11 -> 0 | AD11: =IF(R11="",0,IF(AJ11=0,0,AJ11/R11)) -> 0 | AE11: =IF(S11="",0,IF(AK11=0,0,AK11/S11)) -> 0 | AF11: =IF(T11="",0,IF(AL11=0,0,AL11/T11)) -> 0 | AG11: =IF(U11="",0,IF(AM11=0,0,AM11/U11)) -> 0 | AH11: =IF(V11="",0,IF(AN11=0,0,AN11/V11)) -> 0 | AI11: =IF(W11="",0,IF(AO11=0,0,AO11/W11)) -> 0 | AJ11: ='2020'!J11 -> 0 | AK11: ='2021'!J11 -> 0 | AL11: ='2022'!J11 -> 0 | AM11: ='2023'!J11 -> 0 | AN11: ='2024'!J11 -> 0 | AO11: ='2025'!J11 -> 0 | AP11: =IF(R11=0,"",IF(AV11="","",AV11/R11)) | AQ11: =IF(S11=0,"",IF(AW11="","",AW11/S11)) | AR11: =IF(T11=0,"",IF(AX11="","",AX11/T11)) | AS11: =IF(U11=0,"",IF(AY11="","",AY11/U11)) | AT11: =IF(V11=0,"",IF(AZ11="","",AZ11/V11)) | AU11: =IF(W11=0,"",IF(BA11="","",BA11/W11)) | AV11: ='2020'!L11 -> 0 | AW11: ='2021'!L11 -> 0 | AX11: ='2022'!L11 -> 0 | AY11: ='2023'!L11 -> 0 | AZ11: ='2024'!L11 -> 0 | BA11: ='2025'!L11 -> 0 | BB11: =IF(AV11=0,"",IF(BH11="-","",BH11/AV11)) | BC11: =IF(AW11=0,"",IF(BI11="-","",BI11/AW11)) | BD11: =IF(AX11=0,"",IF(BJ11="-","",BJ11/AX11)) | BE11: =IF(AY11=0,"",IF(BK11="-","",BK11/AY11)) | BF11: =IF(AZ11=0,"",IF(BL11="-","",BL11/AZ11)) | BG11: =IF(BA11=0,"",IF(BM11="-","",BM11/BA11)) | BH11: ='2020'!N11 -> 0 | BI11: ='2021'!N11 -> 0 | BJ11: ='2022'!N11 -> 0 | BK11: ='2023'!N11 -> 0 | BL11: ='2024'!N11 -> 0 | BM11: ='2025'!N11 -> 0 | CC11: =IF(K11<>"",$Q11,"") | CD11: =IF(L11<>"",$Q11,"") | CE11: =IF(M11<>"",$Q11,"") | CF11: =IF(N11<>"",$Q11,"") | CG11: =IF(O11<>"",$Q11,"") | CH11: =IF(P11<>"",$Q11,"")
D12: Sous-total | K12: =COUNTIF(K9:K11,"X") -> 0 | L12: =COUNTIF(L9:L11,"X") -> 0 | M12: =COUNTIF(M9:M11,"X") -> 1 | N12: =COUNTIF(N9:N11,"X") -> 0 | O12: =COUNTIF(O9:O11,"X") -> 0 | P12: =COUNTIF(P9:P11,"X") -> 0 | R12: =SUM(R9:R11) -> 0 | S12: =SUM(S9:S11) -> 0 | T12: =SUM(T9:T11) -> 20 | U12: =SUM(U9:U11) -> 0 | V12: =SUM(V9:V11) -> 0 | W12: =SUM(W9:W11) -> 0 | X12: =SUM(X9:X11) -> 0 | Y12: =SUM(Y9:Y11) -> 0 | ... AC12: =SUM(AC9:AC11) -> 0 | AD12: =IF(R12="",0,IF(AJ12=0,0,AJ12/R12)) -> 0 | AE12: =IF(S12="",0,IF(AK12=0,0,AK12/S12)) -> 0 | AF12: =IF(T12="",0,IF(AL12=0,0,AL12/T12)) -> 0.4 | AG12: =IF(U12="",0,IF(AM12=0,0,AM12/U12)) -> 0 | AH12: =IF(V12="",0,IF(AN12=0,0,AN12/V12)) -> 0 | AI12: =IF(W12="",0,IF(AO12=0,0,AO12/W12)) -> 0 | AJ12: =SUM(AJ9:AJ11) -> 0 | AK12: =SUM(AK9:AK11) -> 0 | AL12: =SUM(AL9:AL11) -> 8 | AM12: =SUM(AM9:AM11) -> 0 | AN12: =SUM(AN9:AN11) -> 0 | AO12: =SUM(AO9:AO11) -> 0 | AP12: =IF(R12=0,"",IF(AV12="","",AV12/R12)) | AQ12: =IF(S12=0,"",IF(AW12="","",AW12/S12)) | AR12: =IF(T12=0,"",IF(AX12="","",AX12/T12)) -> 0.2 | AS12: =IF(U12=0,"",IF(AY12="","",AY12/U12)) | AT12: =IF(V12=0,"",IF(AZ12="","",AZ12/V12)) | AU12: =IF(W12=0,"",IF(BA12="","",BA12/W12)) | AV12: =SUM(AV9:AV11) -> 0 | AW12: =SUM(AW9:AW11) -> 0 | AX12: =SUM(AX9:AX11) -> 4 | AY12: =SUM(AY9:AY11) -> 0 | AZ12: =SUM(AZ9:AZ11) -> 0 | BA12: =SUM(BA9:BA11) -> 0 | BB12: =IF(AV12=0,"",IF(BH12="-","",BH12/AV12)) | BC12: =IF(AW12=0,"",IF(BI12="-","",BI12/AW12)) | BD12: =IF(AX12=0,"",IF(BJ12="-","",BJ12/AX12)) -> 0.5 | BE12: =IF(AY12=0,"",IF(BK12="-","",BK12/AY12)) | BF12: =IF(AZ12=0,"",IF(BL12="-","",BL12/AZ12)) | BG12: =IF(BA12=0,"",IF(BM12="-","",BM12/BA12)) | BH12: =SUM(BH9:BH11) -> 0 | BI12: =SUM(BI9:BI11) -> 0 | BJ12: =SUM(BJ9:BJ11) -> 2 | BK12: =SUM(BK9:BK11) -> 0 | BL12: =SUM(BL9:BL11) -> 0 | BM12: =SUM(BM9:BM11) -> 0 | CC12: =IF(K12<>"",$Q12,"") -> 0 | CD12: =IF(L12<>"",$Q12,"") -> 0 | CE12: =IF(M12<>"",$Q12,"") -> 0 | CF12: =IF(N12<>"",$Q12,"") -> 0 | CG12: =IF(O12<>"",$Q12,"") -> 0 | CH12: =IF(P12<>"",$Q12,"") -> 0
B13: AMDC (Chablais) | C13: OUI | D13: ='2020'!D13 -> 0 | E13: ='2021'!D13 -> 0 | F13: ='2022'!D13 -> 18 | G13: ='2023'!D13 -> 18 | J13: ALLINGES_Rond point des Fleysets | K13: =IF(R13=0,"","X") | L13: =IF(S13=0,"","X") | M13: =IF(T13=0,"","X") -> X | N13: =IF(U13=0,"","X") | O13: =IF(V13=0,"","X") | P13: =IF(W13=0,"","X") | Q13: France | R13: ='2020'!G13 -> 0 | S13: ='2021'!G13 -> 0 | T13: ='2022'!G13 -> 23 | U13: ='2023'!G13 -> 0 | V13: ='2024'!G13 -> 0 | W13: ='2025'!G13 -> 0 | X13: ='2020'!H13 -> 0 | Y13: ='2021'!H13 -> 0 | Z13: ='2022'!H13 -> 23 | AA13: ='2023'!H13 -> 0 | AB13: ='2024'!H13 -> 0 | AC13: ='2025'!H13 -> 0 | AD13: =IF(R13="",0,IF(AJ13=0,0,AJ13/R13)) -> 0 | AE13: =IF(S13="",0,IF(AK13=0,0,AK13/S13)) -> 0 | AF13: =IF(T13="",0,IF(AL13=0,0,AL13/T13)) -> 0.47826087 | AG13: =IF(U13="",0,IF(AM13=0,0,AM13/U13)) -> 0 | AH13: =IF(V13="",0,IF(AN13=0,0,AN13/V13)) -> 0 | AI13: =IF(W13="",0,IF(AO13=0,0,AO13/W13)) -> 0 | AJ13: ='2020'!J13 -> 0 | AK13: ='2021'!J13 -> 0 | AL13: ='2022'!J13 -> 11 | AM13: ='2023'!J13 -> 0 | AN13: ='2024'!J13 -> 0 | AO13: ='2025'!J13 -> 0 | AP13: =IF(R13=0,"",IF(AV13="","",AV13/R13)) | AQ13: =IF(S13=0,"",IF(AW13="","",AW13/S13)) | AR13: =IF(T13=0,"",IF(AX13="","",AX13/T13)) -> 0.47826087 | AS13: =IF(U13=0,"",IF(AY13="","",AY13/U13)) | AT13: =IF(V13=0,"",IF(AZ13="","",AZ13/V13)) | AU13: =IF(W13=0,"",IF(BA13="","",BA13/W13)) | AV13: ='2020'!L13 -> 0 | AW13: ='2021'!L13 -> 0 | AX13: ='2022'!L13 -> 11 | AY13: ='2023'!L13 -> 0 | AZ13: ='2024'!L13 -> 0 | BA13: ='2025'!L13 -> 0 | BB13: =IF(AV13=0,"",IF(BH13="-","",BH13/AV13)) | BC13: =IF(AW13=0,"",IF(BI13="-","",BI13/AW13)) | BD13: =IF(AX13=0,"",IF(BJ13="-","",BJ13/AX13)) -> 0.90909091 | BE13: =IF(AY13=0,"",IF(BK13="-","",BK13/AY13)) | BF13: =IF(AZ13=0,"",IF(BL13="-","",BL13/AZ13)) | BG13: =IF(BA13=0,"",IF(BM13="-","",BM13/BA13)) | BH13: ='2020'!N13 -> - | BI13: ='2021'!N13 -> - | BJ13: ='2022'!N13 -> 10 | BK13: ='2023'!N13 -> 0 | BL13: ='2024'!N13 -> 0 | BM13: ='2025'!N13 -> 0 | BN13: - | BO13: - | BP13: - | BQ13: - | BR13: - | BS13: - | BT13: - | BU13: - | CC13: =IF(K13<>"",$Q13,"") | CD13: =IF(L13<>"",$Q13,"") | CE13: =IF(M13<>"",$Q13,"") -> France | CF13: =IF(N13<>"",$Q13,"") | CG13: =IF(O13<>"",$Q13,"") | CH13: =IF(P13<>"",$Q13,"")
J14: BONS_Gare | K14: =IF(R14=0,"","X") | L14: =IF(S14=0,"","X") | M14: =IF(T14=0,"","X") -> X | N14: =IF(U14=0,"","X") | O14: =IF(V14=0,"","X") | P14: =IF(W14=0,"","X") | Q14: France | R14: ='2020'!G14 -> 0 | S14: ='2021'!G14 -> 0 | T14: ='2022'!G14 -> 25 | U14: ='2023'!G14 -> 0 | V14: ='2024'!G14 -> 0 | W14: ='2025'!G14 -> 0 | X14: ='2020'!H14 -> 0 | Y14: ='2021'!H14 -> 0 | Z14: ='2022'!H14 -> 13 | AA14: ='2023'!H14 -> 0 | AB14: ='2024'!H14 -> 0 | AC14: ='2025'!H14 -> 0 | AD14: =IF(R14="",0,IF(AJ14=0,0,AJ14/R14)) -> 0 | AE14: =IF(S14="",0,IF(AK14=0,0,AK14/S14)) -> 0 | AF14: =IF(T14="",0,IF(AL14=0,0,AL14/T14)) -> 0.4 | AG14: =IF(U14="",0,IF(AM14=0,0,AM14/U14)) -> 0 | AH14: =IF(V14="",0,IF(AN14=0,0,AN14/V14)) -> 0 | AI14: =IF(W14="",0,IF(AO14=0,0,AO14/W14)) -> 0 | AJ14: ='2020'!J14 -> 0 | AK14: ='2021'!J14 -> 0 | AL14: ='2022'!J14 -> 10 | AM14: ='2023'!J14 -> 0 | AN14: ='2024'!J14 -> 0 | AO14: ='2025'!J14 -> 0 | AP14: =IF(R14=0,"",IF(AV14="","",AV14/R14)) | AQ14: =IF(S14=0,"",IF(AW14="","",AW14/S14)) | AR14: =IF(T14=0,"",IF(AX14="","",AX14/T14)) -> 0.44 | AS14: =IF(U14=0,"",IF(AY14="","",AY14/U14)) | AT14: =IF(V14=0,"",IF(AZ14="","",AZ14/V14)) | AU14: =IF(W14=0,"",IF(BA14="","",BA14/W14)) | AV14: ='2020'!L14 -> 0 | AW14: ='2021'!L14 -> 0 | AX14: ='2022'!L14 -> 11 | AY14: ='2023'!L14 -> 0 | AZ14: ='2024'!L14 -> 0 | BA14: ='2025'!L14 -> 0 | BB14: =IF(AV14=0,"",IF(BH14="-","",BH14/AV14)) | BC14: =IF(AW14=0,"",IF(BI14="-","",BI14/AW14)) | BD14: =IF(AX14=0,"",IF(BJ14="-","",BJ14/AX14)) -> 0.63636364 | BE14: =IF(AY14=0,"",IF(BK14="-","",BK14/AY14)) | BF14: =IF(AZ14=0,"",IF(BL14="-","",BL14/AZ14)) | BG14: =IF(BA14=0,"",IF(BM14="-","",BM14/BA14)) | BH14: ='2020'!N14 -> - | BI14: ='2021'!N14 -> - | BJ14: ='2022'!N14 -> 7 | BK14: ='2023'!N14 -> 0 | BL14: ='2024'!N14 -> 0 | BM14: ='2025'!N14 -> 0 | BN14: - | BO14: - | BP14: - | BQ14: - | BR14: - | BS14: - | BT14: - | BU14: - | CC14: =IF(K14<>"",$Q14,"") | CD14: =IF(L14<>"",$Q14,"") | CE14: =IF(M14<>"",$Q14,"") -> France | CF14: =IF(N14<>"",$Q14,"") | CG14: =IF(O14<>"",$Q14,"") | CH14: =IF(P14<>"",$Q14,"")
J15: DOUVAINE_Mairie | K15: =IF(R15=0,"","X") | L15: =IF(S15=0,"","X") | M15: =IF(T15=0,"","X") -> X | N15: =IF(U15=0,"","X") | O15: =IF(V15=0,"","X") | P15: =IF(W15=0,"","X") | Q15: France | R15: ='2020'!G15 -> 0 | S15: ='2021'!G15 -> 0 | T15: ='2022'!G15 -> 20 | U15: ='2023'!G15 -> 0 | V15: ='2024'!G15 -> 0 | W15: ='2025'!G15 -> 0 | X15: ='2020'!H15 -> 0 | Y15: ='2021'!H15 -> 0 | Z15: ='2022'!H15 -> 20 | AA15: ='2023'!H15 -> 0 | AB15: ='2024'!H15 -> 0 | AC15: ='2025'!H15 -> 0 | AD15: =IF(R15="",0,IF(AJ15=0,0,AJ15/R15)) -> 0 | AE15: =IF(S15="",0,IF(AK15=0,0,AK15/S15)) -> 0 | AF15: =IF(T15="",0,IF(AL15=0,0,AL15/T15)) -> 0.45 | AG15: =IF(U15="",0,IF(AM15=0,0,AM15/U15)) -> 0 | AH15: =IF(V15="",0,IF(AN15=0,0,AN15/V15)) -> 0 | AI15: =IF(W15="",0,IF(AO15=0,0,AO15/W15)) -> 0 | AJ15: ='2020'!J15 -> 0 | AK15: ='2021'!J15 -> 0 | AL15: ='2022'!J15 -> 9 | AM15: ='2023'!J15 -> 0 | AN15: ='2024'!J15 -> 0 | AO15: ='2025'!J15 -> 0 | AP15: =IF(R15=0,"",IF(AV15="","",AV15/R15)) | AQ15: =IF(S15=0,"",IF(AW15="","",AW15/S15)) | AR15: =IF(T15=0,"",IF(AX15="","",AX15/T15)) -> 0.4 | AS15: =IF(U15=0,"",IF(AY15="","",AY15/U15)) | AT15: =IF(V15=0,"",IF(AZ15="","",AZ15/V15)) | AU15: =IF(W15=0,"",IF(BA15="","",BA15/W15)) | AV15: ='2020'!L15 -> 0 | AW15: ='2021'!L15 -> 0 | AX15: ='2022'!L15 -> 8 | AY15: ='2023'!L15 -> 0 | AZ15: ='2024'!L15 -> 0 | BA15: ='2025'!L15 -> 0 | BB15: =IF(AV15=0,"",IF(BH15="-","",BH15/AV15)) | BC15: =IF(AW15=0,"",IF(BI15="-","",BI15/AW15)) | BD15: =IF(AX15=0,"",IF(BJ15="-","",BJ15/AX15)) -> 0.375 | BE15: =IF(AY15=0,"",IF(BK15="-","",BK15/AY15)) | BF15: =IF(AZ15=0,"",IF(BL15="-","",BL15/AZ15)) | BG15: =IF(BA15=0,"",IF(BM15="-","",BM15/BA15)) | BH15: ='2020'!N15 -> - | BI15: ='2021'!N15 -> - | BJ15: ='2022'!N15 -> 3 | BK15: ='2023'!N15 -> 0 | BL15: ='2024'!N15 -> 0 | BM15: ='2025'!N15 -> 0 | BN15: - | BO15: - | BP15: - | BQ15: - | BR15: - | BS15: - | BT15: - | BU15: - | CC15: =IF(K15<>"",$Q15,"") | CD15: =IF(L15<>"",$Q15,"") | CE15: =IF(M15<>"",$Q15,"") -> France | CF15: =IF(N15<>"",$Q15,"") | CG15: =IF(O15<>"",$Q15,"") | CH15: =IF(P15<>"",$Q15,"")
J16: EVIAN_Gare | K16: =IF(R16=0,"","X") | L16: =IF(S16=0,"","X") | M16: =IF(T16=0,"","X") -> X | N16: =IF(U16=0,"","X") | O16: =IF(V16=0,"","X") | P16: =IF(W16=0,"","X") | Q16: France | R16: ='2020'!G16 -> 0 | S16: ='2021'!G16 -> 0 | T16: ='2022'!G16 -> 13 | U16: ='2023'!G16 -> 0 | V16: ='2024'!G16 -> 0 | W16: ='2025'!G16 -> 0 | X16: ='2020'!H16 -> 0 | Y16: ='2021'!H16 -> 0 | Z16: ='2022'!H16 -> 12 | AA16: ='2023'!H16 -> 0 | AB16: ='2024'!H16 -> 0 | AC16: ='2025'!H16 -> 0 | AD16: =IF(R16="",0,IF(AJ16=0,0,AJ16/R16)) -> 0 | AE16: =IF(S16="",0,IF(AK16=0,0,AK16/S16)) -> 0 | AF16: =IF(T16="",0,IF(AL16=0,0,AL16/T16)) -> 0.15384615 | AG16: =IF(U16="",0,IF(AM16=0,0,AM16/U16)) -> 0 | AH16: =IF(V16="",0,IF(AN16=0,0,AN16/V16)) -> 0 | AI16: =IF(W16="",0,IF(AO16=0,0,AO16/W16)) -> 0 | AJ16: ='2020'!J16 -> 0 | AK16: ='2021'!J16 -> 0 | AL16: ='2022'!J16 -> 2 | AM16: ='2023'!J16 -> 0 | AN16: ='2024'!J16 -> 0 | AO16: ='2025'!J16 -> 0 | AP16: =IF(R16=0,"",IF(AV16="","",AV16/R16)) | AQ16: =IF(S16=0,"",IF(AW16="","",AW16/S16)) | AR16: =IF(T16=0,"",IF(AX16="","",AX16/T16)) -> 0.30769231 | AS16: =IF(U16=0,"",IF(AY16="","",AY16/U16)) | AT16: =IF(V16=0,"",IF(AZ16="","",AZ16/V16)) | AU16: =IF(W16=0,"",IF(BA16="","",BA16/W16)) | AV16: ='2020'!L16 -> 0 | AW16: ='2021'!L16 -> 0 | AX16: ='2022'!L16 -> 4 | AY16: ='2023'!L16 -> 0 | AZ16: ='2024'!L16 -> 0 | BA16: ='2025'!L16 -> 0 | BB16: =IF(AV16=0,"",IF(BH16="-","",BH16/AV16)) | BC16: =IF(AW16=0,"",IF(BI16="-","",BI16/AW16)) | BD16: =IF(AX16=0,"",IF(BJ16="-","",BJ16/AX16)) -> 0.5 | BE16: =IF(AY16=0,"",IF(BK16="-","",BK16/AY16)) | BF16: =IF(AZ16=0,"",IF(BL16="-","",BL16/AZ16)) | BG16: =IF(BA16=0,"",IF(BM16="-","",BM16/BA16)) | BH16: ='2020'!N16 -> - | BI16: ='2021'!N16 -> - | BJ16: ='2022'!N16 -> 2 | BK16: ='2023'!N16 -> 0 | BL16: ='2024'!N16 -> 0 | BM16: ='2025'!N16 -> 0 | BN16: - | BO16: - | BP16: - | BQ16: - | BR16: - | BS16: - | BT16: - | BU16: - | CC16: =IF(K16<>"",$Q16,"") | CD16: =IF(L16<>"",$Q16,"") | CE16: =IF(M16<>"",$Q16,"") -> France | CF16: =IF(N16<>"",$Q16,"") | CG16: =IF(O16<>"",$Q16,"") | CH16: =IF(P16<>"",$Q16,"")
J17: PERRIGNIER_Gare | K17: =IF(R17=0,"","X") | L17: =IF(S17=0,"","X") | M17: =IF(T17=0,"","X") -> X | N17: =IF(U17=0,"","X") | O17: =IF(V17=0,"","X") | P17: =IF(W17=0,"","X") | Q17: France | R17: ='2020'!G17 -> 0 | S17: ='2021'!G17 -> 0 | T17: ='2022'!G17 -> 7 | U17: ='2023'!G17 -> 0 | V17: ='2024'!G17 -> 0 | W17: ='2025'!G17 -> 0 | X17: ='2020'!H17 -> 0 | Y17: ='2021'!H17 -> 0 | Z17: ='2022'!H17 -> 6 | AA17: ='2023'!H17 -> 0 | AB17: ='2024'!H17 -> 0 | AC17: ='2025'!H17 -> 0 | AD17: =IF(R17="",0,IF(AJ17=0,0,AJ17/R17)) -> 0 | AE17: =IF(S17="",0,IF(AK17=0,0,AK17/S17)) -> 0 | AF17: =IF(T17="",0,IF(AL17=0,0,AL17/T17)) -> 0.28571429 | AG17: =IF(U17="",0,IF(AM17=0,0,AM17/U17)) -> 0 | AH17: =IF(V17="",0,IF(AN17=0,0,AN17/V17)) -> 0 | AI17: =IF(W17="",0,IF(AO17=0,0,AO17/W17)) -> 0 | AJ17: ='2020'!J17 -> 0 | AK17: ='2021'!J17 -> 0 | AL17: ='2022'!J17 -> 2 | AM17: ='2023'!J17 -> 0 | AN17: ='2024'!J17 -> 0 | AO17: ='2025'!J17 -> 0 | AP17: =IF(R17=0,"",IF(AV17="","",AV17/R17)) | AQ17: =IF(S17=0,"",IF(AW17="","",AW17/S17)) | AR17: =IF(T17=0,"",IF(AX17="","",AX17/T17)) -> 0 | AS17: =IF(U17=0,"",IF(AY17="","",AY17/U17)) | AT17: =IF(V17=0,"",IF(AZ17="","",AZ17/V17)) | AU17: =IF(W17=0,"",IF(BA17="","",BA17/W17)) | AV17: ='2020'!L17 -> 0 | AW17: ='2021'!L17 -> 0 | AX17: ='2022'!L17 -> 0 | AY17: ='2023'!L17 -> 0 | AZ17: ='2024'!L17 -> 0 | BA17: ='2025'!L17 -> 0 | BB17: =IF(AV17=0,"",IF(BH17="-","",BH17/AV17)) | BC17: =IF(AW17=0,"",IF(BI17="-","",BI17/AW17)) | BD17: =IF(AX17=0,"",IF(BJ17="-","",BJ17/AX17)) | BE17: =IF(AY17=0,"",IF(BK17="-","",BK17/AY17)) | BF17: =IF(AZ17=0,"",IF(BL17="-","",BL17/AZ17)) | BG17: =IF(BA17=0,"",IF(BM17="-","",BM17/BA17)) | BH17: ='2020'!N17 -> - | BI17: ='2021'!N17 -> - | BJ17: ='2022'!N17 -> 0 | BK17: ='2023'!N17 -> 0 | BL17: ='2024'!N17 -> 0 | BM17: ='2025'!N17 -> 0 | BN17: - | BO17: - | BP17: - | BQ17: - | BR17: - | BS17: - | BT17: - | BU17: - | CC17: =IF(K17<>"",$Q17,"") | CD17: =IF(L17<>"",$Q17,"") | CE17: =IF(M17<>"",$Q17,"") -> France | CF17: =IF(N17<>"",$Q17,"") | CG17: =IF(O17<>"",$Q17,"") | CH17: =IF(P17<>"",$Q17,"")
J18: THONON_Embarcadère CGN | K18: =IF(R18=0,"","X") | L18: =IF(S18=0,"","X") | M18: =IF(T18=0,"","X") -> X | N18: =IF(U18=0,"","X") | O18: =IF(V18=0,"","X") | P18: =IF(W18=0,"","X") | Q18: Frontière | R18: ='2020'!G18 -> 0 | S18: ='2021'!G18 -> 0 | T18: ='2022'!G18 -> 74 | U18: ='2023'!G18 -> 0 | V18: ='2024'!G18 -> 0 | W18: ='2025'!G18 -> 0 | X18: ='2020'!H18 -> 0 | Y18: ='2021'!H18 -> 0 | Z18: ='2022'!H18 -> 30 | AA18: ='2023'!H18 -> 0 | AB18: ='2024'!H18 -> 0 | AC18: ='2025'!H18 -> 0 | AD18: =IF(R18="",0,IF(AJ18=0,0,AJ18/R18)) -> 0 | AE18: =IF(S18="",0,IF(AK18=0,0,AK18/S18)) -> 0 | AF18: =IF(T18="",0,IF(AL18=0,0,AL18/T18)) -> 0.2972973 | AG18: =IF(U18="",0,IF(AM18=0,0,AM18/U18)) -> 0 | AH18: =IF(V18="",0,IF(AN18=0,0,AN18/V18)) -> 0 | AI18: =IF(W18="",0,IF(AO18=0,0,AO18/W18)) -> 0 | AJ18: ='2020'!J18 -> 0 | AK18: ='2021'!J18 -> 0 | AL18: ='2022'!J18 -> 22 | AM18: ='2023'!J18 -> 0 | AN18: ='2024'!J18 -> 0 | AO18: ='2025'!J18 -> 0 | AP18: =IF(R18=0,"",IF(AV18="","",AV18/R18)) | AQ18: =IF(S18=0,"",IF(AW18="","",AW18/S18)) | AR18: =IF(T18=0,"",IF(AX18="","",AX18/T18)) -> 0.36486486 | AS18: =IF(U18=0,"",IF(AY18="","",AY18/U18)) | AT18: =IF(V18=0,"",IF(AZ18="","",AZ18/V18)) | AU18: =IF(W18=0,"",IF(BA18="","",BA18/W18)) | AV18: ='2020'!L18 -> 0 | AW18: ='2021'!L18 -> 0 | AX18: ='2022'!L18 -> 27 | AY18: ='2023'!L18 -> 0 | AZ18: ='2024'!L18 -> 0 | BA18: ='2025'!L18 -> 0 | BB18: =IF(AV18=0,"",IF(BH18="-","",BH18/AV18)) | BC18: =IF(AW18=0,"",IF(BI18="-","",BI18/AW18)) | BD18: =IF(AX18=0,"",IF(BJ18="-","",BJ18/AX18)) -> 0.48148148 | BE18: =IF(AY18=0,"",IF(BK18="-","",BK18/AY18)) | BF18: =IF(AZ18=0,"",IF(BL18="-","",BL18/AZ18)) | BG18: =IF(BA18=0,"",IF(BM18="-","",BM18/BA18)) | BH18: ='2020'!N18 -> - | BI18: ='2021'!N18 -> - | BJ18: ='2022'!N18 -> 13 | BK18: ='2023'!N18 -> 0 | BL18: ='2024'!N18 -> 0 | BM18: ='2025'!N18 -> 0 | BN18: - | BO18: - | BP18: - | BQ18: - | BR18: - | BS18: - | BT18: - | BU18: - | CC18: =IF(K18<>"",$Q18,"") | CD18: =IF(L18<>"",$Q18,"") | CE18: =IF(M18<>"",$Q18,"") -> Frontière | CF18: =IF(N18<>"",$Q18,"") | CG18: =IF(O18<>"",$Q18,"") | CH18: =IF(P18<>"",$Q18,"")
J19: THONON_Entrée côté place de Crête | K19: =IF(R19=0,"","X") | L19: =IF(S19=0,"","X") | M19: =IF(T19=0,"","X") -> X | N19: =IF(U19=0,"","X") | O19: =IF(V19=0,"","X") | P19: =IF(W19=0,"","X") | Q19: France | R19: ='2020'!G19 -> 0 | S19: ='2021'!G19 -> 0 | T19: ='2022'!G19 -> 34 | U19: ='2023'!G19 -> 0 | V19: ='2024'!G19 -> 0 | W19: ='2025'!G19 -> 0 | X19: ='2020'!H19 -> 0 | Y19: ='2021'!H19 -> 0 | Z19: ='2022'!H19 -> 34 | AA19: ='2023'!H19 -> 0 | AB19: ='2024'!H19 -> 0 | AC19: ='2025'!H19 -> 0 | AD19: =IF(R19="",0,IF(AJ19=0,0,AJ19/R19)) -> 0 | AE19: =IF(S19="",0,IF(AK19=0,0,AK19/S19)) -> 0 | AF19: =IF(T19="",0,IF(AL19=0,0,AL19/T19)) -> 0.17647059 | AG19: =IF(U19="",0,IF(AM19=0,0,AM19/U19)) -> 0 | AH19: =IF(V19="",0,IF(AN19=0,0,AN19/V19)) -> 0 | AI19: =IF(W19="",0,IF(AO19=0,0,AO19/W19)) -> 0 | AJ19: ='2020'!J19 -> 0 | AK19: ='2021'!J19 -> 0 | AL19: ='2022'!J19 -> 6 | AM19: ='2023'!J19 -> 0 | AN19: ='2024'!J19 -> 0 | AO19: ='2025'!J19 -> 0 | AP19: =IF(R19=0,"",IF(AV19="","",AV19/R19)) | AQ19: =IF(S19=0,"",IF(AW19="","",AW19/S19)) | AR19: =IF(T19=0,"",IF(AX19="","",AX19/T19)) -> 0.38235294 | AS19: =IF(U19=0,"",IF(AY19="","",AY19/U19)) | AT19: =IF(V19=0,"",IF(AZ19="","",AZ19/V19)) | AU19: =IF(W19=0,"",IF(BA19="","",BA19/W19)) | AV19: ='2020'!L19 -> 0 | AW19: ='2021'!L19 -> 0 | AX19: ='2022'!L19 -> 13 | AY19: ='2023'!L19 -> 0 | AZ19: ='2024'!L19 -> 0 | BA19: ='2025'!L19 -> 0 | BB19: =IF(AV19=0,"",IF(BH19="-","",BH19/AV19)) | BC19: =IF(AW19=0,"",IF(BI19="-","",BI19/AW19)) | BD19: =IF(AX19=0,"",IF(BJ19="-","",BJ19/AX19)) -> 0.15384615 | BE19: =IF(AY19=0,"",IF(BK19="-","",BK19/AY19)) | BF19: =IF(AZ19=0,"",IF(BL19="-","",BL19/AZ19)) | BG19: =IF(BA19=0,"",IF(BM19="-","",BM19/BA19)) | BH19: ='2020'!N19 -> - | BI19: ='2021'!N19 -> - | BJ19: ='2022'!N19 -> 2 | BK19: ='2023'!N19 -> 0 | BL19: ='2024'!N19 -> 0 | BM19: ='2025'!N19 -> 0 | BN19: - | BO19: - | BP19: - | BQ19: - | BR19: - | BS19: - | BT19: - | BU19: - | CC19: =IF(K19<>"",$Q19,"") | CD19: =IF(L19<>"",$Q19,"") | CE19: =IF(M19<>"",$Q19,"") -> France | CF19: =IF(N19<>"",$Q19,"") | CG19: =IF(O19<>"",$Q19,"") | CH19: =IF(P19<>"",$Q19,"")
J20: THONON_Parvis de la gare | K20: =IF(R20=0,"","X") | L20: =IF(S20=0,"","X") | M20: =IF(T20=0,"","X") -> X | N20: =IF(U20=0,"","X") | O20: =IF(V20=0,"","X") | P20: =IF(W20=0,"","X") | Q20: France | R20: ='2020'!G20 -> 0 | S20: ='2021'!G20 -> 0 | T20: ='2022'!G20 -> 47 | U20: ='2023'!G20 -> 0 | V20: ='2024'!G20 -> 0 | W20: ='2025'!G20 -> 0 | X20: ='2020'!H20 -> 0 | Y20: ='2021'!H20 -> 0 | Z20: ='2022'!H20 -> 47 | AA20: ='2023'!H20 -> 0 | AB20: ='2024'!H20 -> 0 | AC20: ='2025'!H20 -> 0 | AD20: =IF(R20="",0,IF(AJ20=0,0,AJ20/R20)) -> 0 | AE20: =IF(S20="",0,IF(AK20=0,0,AK20/S20)) -> 0 | AF20: =IF(T20="",0,IF(AL20=0,0,AL20/T20)) -> 0.063829787 | AG20: =IF(U20="",0,IF(AM20=0,0,AM20/U20)) -> 0 | AH20: =IF(V20="",0,IF(AN20=0,0,AN20/V20)) -> 0 | AI20: =IF(W20="",0,IF(AO20=0,0,AO20/W20)) -> 0 | AJ20: ='2020'!J20 -> 0 | AK20: ='2021'!J20 -> 0 | AL20: ='2022'!J20 -> 3 | AM20: ='2023'!J20 -> 0 | AN20: ='2024'!J20 -> 0 | AO20: ='2025'!J20 -> 0 | AP20: =IF(R20=0,"",IF(AV20="","",AV20/R20)) | AQ20: =IF(S20=0,"",IF(AW20="","",AW20/S20)) | AR20: =IF(T20=0,"",IF(AX20="","",AX20/T20)) -> 0.31914894 | AS20: =IF(U20=0,"",IF(AY20="","",AY20/U20)) | AT20: =IF(V20=0,"",IF(AZ20="","",AZ20/V20)) | AU20: =IF(W20=0,"",IF(BA20="","",BA20/W20)) | AV20: ='2020'!L20 -> 0 | AW20: ='2021'!L20 -> 0 | AX20: ='2022'!L20 -> 15 | AY20: ='2023'!L20 -> 0 | AZ20: ='2024'!L20 -> 0 | BA20: ='2025'!L20 -> 0 | BB20: =IF(AV20=0,"",IF(BH20="-","",BH20/AV20)) | BC20: =IF(AW20=0,"",IF(BI20="-","",BI20/AW20)) | BD20: =IF(AX20=0,"",IF(BJ20="-","",BJ20/AX20)) -> 0.2 | BE20: =IF(AY20=0,"",IF(BK20="-","",BK20/AY20)) | BF20: =IF(AZ20=0,"",IF(BL20="-","",BL20/AZ20)) | BG20: =IF(BA20=0,"",IF(BM20="-","",BM20/BA20)) | BH20: ='2020'!N20 -> - | BI20: ='2021'!N20 -> - | BJ20: ='2022'!N20 -> 3 | BK20: ='2023'!N20 -> 0 | BL20: ='2024'!N20 -> 0 | BM20: ='2025'!N20 -> 0 | BN20: - | BO20: - | BP20: - | BQ20: - | BR20: - | BS20: - | BT20: - | BU20: - | CC20: =IF(K20<>"",$Q20,"") | CD20: =IF(L20<>"",$Q20,"") | CE20: =IF(M20<>"",$Q20,"") -> France | CF20: =IF(N20<>"",$Q20,"") | CG20: =IF(O20<>"",$Q20,"") | CH20: =IF(P20<>"",$Q20,"")
J21: THONON_Avenue d’Evian | K21: =IF(R21=0,"","X") | L21: =IF(S21=0,"","X") | M21: =IF(T21=0,"","X") -> X | N21: =IF(U21=0,"","X") | O21: =IF(V21=0,"","X") | P21: =IF(W21=0,"","X") | Q21: France | R21: ='2020'!G21 -> 0 | S21: ='2021'!G21 -> 0 | T21: ='2022'!G21 -> 92 | U21: ='2023'!G21 -> 0 | V21: ='2024'!G21 -> 0 | W21: ='2025'!G21 -> 0 | X21: ='2020'!H21 -> 0 | Y21: ='2021'!H21 -> 0 | Z21: ='2022'!H21 -> 92 | AA21: ='2023'!H21 -> 0 | AB21: ='2024'!H21 -> 0 | AC21: ='2025'!H21 -> 0 | AD21: =IF(R21="",0,IF(AJ21=0,0,AJ21/R21)) -> 0 | AE21: =IF(S21="",0,IF(AK21=0,0,AK21/S21)) -> 0 | AF21: =IF(T21="",0,IF(AL21=0,0,AL21/T21)) -> 0.097826087 | AG21: =IF(U21="",0,IF(AM21=0,0,AM21/U21)) -> 0 | AH21: =IF(V21="",0,IF(AN21=0,0,AN21/V21)) -> 0 | AI21: =IF(W21="",0,IF(AO21=0,0,AO21/W21)) -> 0 | AJ21: ='2020'!J21 -> 0 | AK21: ='2021'!J21 -> 0 | AL21: ='2022'!J21 -> 9 | AM21: ='2023'!J21 -> 0 | AN21: ='2024'!J21 -> 0 | AO21: ='2025'!J21 -> 0 | AP21: =IF(R21=0,"",IF(AV21="","",AV21/R21)) | AQ21: =IF(S21=0,"",IF(AW21="","",AW21/S21)) | AR21: =IF(T21=0,"",IF(AX21="","",AX21/T21)) -> 0.45652174 | AS21: =IF(U21=0,"",IF(AY21="","",AY21/U21)) | AT21: =IF(V21=0,"",IF(AZ21="","",AZ21/V21)) | AU21: =IF(W21=0,"",IF(BA21="","",BA21/W21)) | AV21: ='2020'!L21 -> 0 | AW21: ='2021'!L21 -> 0 | AX21: ='2022'!L21 -> 42 | AY21: ='2023'!L21 -> 0 | AZ21: ='2024'!L21 -> 0 | BA21: ='2025'!L21 -> 0 | BB21: =IF(AV21=0,"",IF(BH21="-","",BH21/AV21)) | BC21: =IF(AW21=0,"",IF(BI21="-","",BI21/AW21)) | BD21: =IF(AX21=0,"",IF(BJ21="-","",BJ21/AX21)) -> 0.14285714 | BE21: =IF(AY21=0,"",IF(BK21="-","",BK21/AY21)) | BF21: =IF(AZ21=0,"",IF(BL21="-","",BL21/AZ21)) | BG21: =IF(BA21=0,"",IF(BM21="-","",BM21/BA21)) | BH21: ='2020'!N21 -> - | BI21: ='2021'!N21 -> - | BJ21: ='2022'!N21 -> 6 | BK21: ='2023'!N21 -> 0 | BL21: ='2024'!N21 -> 0 | BM21: ='2025'!N21 -> 0 | BN21: - | BO21: - | BP21: - | BQ21: - | BR21: - | BS21: - | BT21: - | BU21: - | CC21: =IF(K21<>"",$Q21,"") | CD21: =IF(L21<>"",$Q21,"") | CE21: =IF(M21<>"",$Q21,"") -> France | CF21: =IF(N21<>"",$Q21,"") | CG21: =IF(O21<>"",$Q21,"") | CH21: =IF(P21<>"",$Q21,"")
J22: THONON_Carrefour Libération | K22: =IF(R22=0,"","X") | L22: =IF(S22=0,"","X") | M22: =IF(T22=0,"","X") -> X | N22: =IF(U22=0,"","X") | O22: =IF(V22=0,"","X") | P22: =IF(W22=0,"","X") | Q22: France | R22: ='2020'!G22 -> 0 | S22: ='2021'!G22 -> 0 | T22: ='2022'!G22 -> 77 | U22: ='2023'!G22 -> 0 | V22: ='2024'!G22 -> 0 | W22: ='2025'!G22 -> 0 | X22: ='2020'!H22 -> 0 | Y22: ='2021'!H22 -> 0 | Z22: ='2022'!H22 -> 77 | AA22: ='2023'!H22 -> 0 | AB22: ='2024'!H22 -> 0 | AC22: ='2025'!H22 -> 0 | AD22: =IF(R22="",0,IF(AJ22=0,0,AJ22/R22)) -> 0 | AE22: =IF(S22="",0,IF(AK22=0,0,AK22/S22)) -> 0 | AF22: =IF(T22="",0,IF(AL22=0,0,AL22/T22)) -> 0.14285714 | AG22: =IF(U22="",0,IF(AM22=0,0,AM22/U22)) -> 0 | AH22: =IF(V22="",0,IF(AN22=0,0,AN22/V22)) -> 0 | AI22: =IF(W22="",0,IF(AO22=0,0,AO22/W22)) -> 0 | AJ22: ='2020'!J22 -> 0 | AK22: ='2021'!J22 -> 0 | AL22: ='2022'!J22 -> 11 | AM22: ='2023'!J22 -> 0 | AN22: ='2024'!J22 -> 0 | AO22: ='2025'!J22 -> 0 | AP22: =IF(R22=0,"",IF(AV22="","",AV22/R22)) | AQ22: =IF(S22=0,"",IF(AW22="","",AW22/S22)) | AR22: =IF(T22=0,"",IF(AX22="","",AX22/T22)) -> 0.4025974 | AS22: =IF(U22=0,"",IF(AY22="","",AY22/U22)) | AT22: =IF(V22=0,"",IF(AZ22="","",AZ22/V22)) | AU22: =IF(W22=0,"",IF(BA22="","",BA22/W22)) | AV22: ='2020'!L22 -> 0 | AW22: ='2021'!L22 -> 0 | AX22: ='2022'!L22 -> 31 | AY22: ='2023'!L22 -> 0 | AZ22: ='2024'!L22 -> 0 | BA22: ='2025'!L22 -> 0 | BB22: =IF(AV22=0,"",IF(BH22="-","",BH22/AV22)) | BC22: =IF(AW22=0,"",IF(BI22="-","",BI22/AW22)) | BD22: =IF(AX22=0,"",IF(BJ22="-","",BJ22/AX22)) -> 0.16129032 | BE22: =IF(AY22=0,"",IF(BK22="-","",BK22/AY22)) | BF22: =IF(AZ22=0,"",IF(BL22="-","",BL22/AZ22)) | BG22: =IF(BA22=0,"",IF(BM22="-","",BM22/BA22)) | BH22: ='2020'!N22 -> - | BI22: ='2021'!N22 -> - | BJ22: ='2022'!N22 -> 5 | BK22: ='2023'!N22 -> 0 | BL22: ='2024'!N22 -> 0 | BM22: ='2025'!N22 -> 0 | BN22: - | BO22: - | BP22: - | BQ22: - | BR22: - | BS22: - | BT22: - | BU22: - | CC22: =IF(K22<>"",$Q22,"") | CD22: =IF(L22<>"",$Q22,"") | CE22: =IF(M22<>"",$Q22,"") -> France | CF22: =IF(N22<>"",$Q22,"") | CG22: =IF(O22<>"",$Q22,"") | CH22: =IF(P22<>"",$Q22,"")
J23: THONON_Collège Champagne | K23: =IF(R23=0,"","X") | L23: =IF(S23=0,"","X") | M23: =IF(T23=0,"","X") -> X | N23: =IF(U23=0,"","X") | O23: =IF(V23=0,"","X") | P23: =IF(W23=0,"","X") | Q23: France | R23: ='2020'!G23 -> 0 | S23: ='2021'!G23 -> 0 | T23: ='2022'!G23 -> 19 | U23: ='2023'!G23 -> 0 | V23: ='2024'!G23 -> 0 | W23: ='2025'!G23 -> 0 | X23: ='2020'!H23 -> 0 | Y23: ='2021'!H23 -> 0 | Z23: ='2022'!H23 -> 19 | AA23: ='2023'!H23 -> 0 | AB23: ='2024'!H23 -> 0 | AC23: ='2025'!H23 -> 0 | AD23: =IF(R23="",0,IF(AJ23=0,0,AJ23/R23)) -> 0 | AE23: =IF(S23="",0,IF(AK23=0,0,AK23/S23)) -> 0 | AF23: =IF(T23="",0,IF(AL23=0,0,AL23/T23)) -> 0.21052632 | AG23: =IF(U23="",0,IF(AM23=0,0,AM23/U23)) -> 0 | AH23: =IF(V23="",0,IF(AN23=0,0,AN23/V23)) -> 0 | AI23: =IF(W23="",0,IF(AO23=0,0,AO23/W23)) -> 0 | AJ23: ='2020'!J23 -> 0 | AK23: ='2021'!J23 -> 0 | AL23: ='2022'!J23 -> 4 | AM23: ='2023'!J23 -> 0 | AN23: ='2024'!J23 -> 0 | AO23: ='2025'!J23 -> 0 | AP23: =IF(R23=0,"",IF(AV23="","",AV23/R23)) | AQ23: =IF(S23=0,"",IF(AW23="","",AW23/S23)) | AR23: =IF(T23=0,"",IF(AX23="","",AX23/T23)) -> 0.31578947 | AS23: =IF(U23=0,"",IF(AY23="","",AY23/U23)) | AT23: =IF(V23=0,"",IF(AZ23="","",AZ23/V23)) | AU23: =IF(W23=0,"",IF(BA23="","",BA23/W23)) | AV23: ='2020'!L23 -> 0 | AW23: ='2021'!L23 -> 0 | AX23: ='2022'!L23 -> 6 | AY23: ='2023'!L23 -> 0 | AZ23: ='2024'!L23 -> 0 | BA23: ='2025'!L23 -> 0 | BB23: =IF(AV23=0,"",IF(BH23="-","",BH23/AV23)) | BC23: =IF(AW23=0,"",IF(BI23="-","",BI23/AW23)) | BD23: =IF(AX23=0,"",IF(BJ23="-","",BJ23/AX23)) -> 0.16666667 | BE23: =IF(AY23=0,"",IF(BK23="-","",BK23/AY23)) | BF23: =IF(AZ23=0,"",IF(BL23="-","",BL23/AZ23)) | BG23: =IF(BA23=0,"",IF(BM23="-","",BM23/BA23)) | BH23: ='2020'!N23 -> - | BI23: ='2021'!N23 -> - | BJ23: ='2022'!N23 -> 1 | BK23: ='2023'!N23 -> 0 | BL23: ='2024'!N23 -> 0 | BM23: ='2025'!N23 -> 0 | BN23: - | BO23: - | BP23: - | BQ23: - | BR23: - | BS23: - | BT23: - | BU23: - | CC23: =IF(K23<>"",$Q23,"") | CD23: =IF(L23<>"",$Q23,"") | CE23: =IF(M23<>"",$Q23,"") -> France | CF23: =IF(N23<>"",$Q23,"") | CG23: =IF(O23<>"",$Q23,"") | CH23: =IF(P23<>"",$Q23,"")
J24: THONON_Ecole Jule Ferry | K24: =IF(R24=0,"","X") | L24: =IF(S24=0,"","X") | M24: =IF(T24=0,"","X") -> X | N24: =IF(U24=0,"","X") | O24: =IF(V24=0,"","X") | P24: =IF(W24=0,"","X") | Q24: France | R24: ='2020'!G24 -> 0 | S24: ='2021'!G24 -> 0 | T24: ='2022'!G24 -> 24 | U24: ='2023'!G24 -> 0 | V24: ='2024'!G24 -> 0 | W24: ='2025'!G24 -> 0 | X24: ='2020'!H24 -> 0 | Y24: ='2021'!H24 -> 0 | Z24: ='2022'!H24 -> 24 | AA24: ='2023'!H24 -> 0 | AB24: ='2024'!H24 -> 0 | AC24: ='2025'!H24 -> 0 | AD24: =IF(R24="",0,IF(AJ24=0,0,AJ24/R24)) -> 0 | AE24: =IF(S24="",0,IF(AK24=0,0,AK24/S24)) -> 0 | AF24: =IF(T24="",0,IF(AL24=0,0,AL24/T24)) -> 0.29166667 | AG24: =IF(U24="",0,IF(AM24=0,0,AM24/U24)) -> 0 | AH24: =IF(V24="",0,IF(AN24=0,0,AN24/V24)) -> 0 | AI24: =IF(W24="",0,IF(AO24=0,0,AO24/W24)) -> 0 | AJ24: ='2020'!J24 -> 0 | AK24: ='2021'!J24 -> 0 | AL24: ='2022'!J24 -> 7 | AM24: ='2023'!J24 -> 0 | AN24: ='2024'!J24 -> 0 | AO24: ='2025'!J24 -> 0 | AP24: =IF(R24=0,"",IF(AV24="","",AV24/R24)) | AQ24: =IF(S24=0,"",IF(AW24="","",AW24/S24)) | AR24: =IF(T24=0,"",IF(AX24="","",AX24/T24)) -> 0.54166667 | AS24: =IF(U24=0,"",IF(AY24="","",AY24/U24)) | AT24: =IF(V24=0,"",IF(AZ24="","",AZ24/V24)) | AU24: =IF(W24=0,"",IF(BA24="","",BA24/W24)) | AV24: ='2020'!L24 -> 0 | AW24: ='2021'!L24 -> 0 | AX24: ='2022'!L24 -> 13 | AY24: ='2023'!L24 -> 0 | AZ24: ='2024'!L24 -> 0 | BA24: ='2025'!L24 -> 0 | BB24: =IF(AV24=0,"",IF(BH24="-","",BH24/AV24)) | BC24: =IF(AW24=0,"",IF(BI24="-","",BI24/AW24)) | BD24: =IF(AX24=0,"",IF(BJ24="-","",BJ24/AX24)) -> 0.46153846 | BE24: =IF(AY24=0,"",IF(BK24="-","",BK24/AY24)) | BF24: =IF(AZ24=0,"",IF(BL24="-","",BL24/AZ24)) | BG24: =IF(BA24=0,"",IF(BM24="-","",BM24/BA24)) | BH24: ='2020'!N24 -> - | BI24: ='2021'!N24 -> - | BJ24: ='2022'!N24 -> 6 | BK24: ='2023'!N24 -> 0 | BL24: ='2024'!N24 -> 0 | BM24: ='2025'!N24 -> 0 | BN24: - | BO24: - | BP24: - | BQ24: - | BR24: - | BS24: - | BT24: - | BU24: - | CC24: =IF(K24<>"",$Q24,"") | CD24: =IF(L24<>"",$Q24,"") | CE24: =IF(M24<>"",$Q24,"") -> France | CF24: =IF(N24<>"",$Q24,"") | CG24: =IF(O24<>"",$Q24,"") | CH24: =IF(P24<>"",$Q24,"")
